distance_m,time_s,sector,segment,speed_m_s,speed_km_h,longitudinal_acceleration_m_s2,lateral_acceleration_m_s2,drive_force_N,brake_force_N,elevation_m,grade_percent,air_density_kg_m3
0.125,0.216076352718445,1,1,1.15699842604137,4.16519433374893,5.35458143144881,0,4285.14100166609,0,0,0,1.225
0.375,0.374253342462115,1,1,2.00407964439707,7.21468671982947,5.35617802144919,0,4289.3704267406,0,0,0,1.225
0.625,0.48315088057747,1,1,2.58743567136556,9.31476841691603,5.35777450802386,0,4293.60064916627,0,0,0,1.225
0.875,0.571660285199813,1,1,3.06171679018348,11.0221804446605,5.35937089132203,0,4297.8316690055,0,0,0,1.225
1.125,0.648187758114519,1,1,3.47191506506065,12.4988942342183,5.36096717149249,0,4302.06348632043,0,0,0,1.225
1.375,0.716582370496208,1,1,3.83862955350462,13.8190663926166,5.36256334868362,0,4306.29610117296,0,0,0,1.225
1.625,0.778989200539075,1,1,4.17333889613231,15.0240200260763,5.36415942304337,0,4310.52951362472,0,0,0,1.225
1.875,0.836749044815768,1,1,4.48321717591413,16.1395818332909,5.36575539471931,0,4314.76372373712,0,0,0,1.225
2.125,0.890766316322885,1,1,4.77310306939374,17.1831710498175,5.36735126385853,0,4318.99873157126,0,0,0,1.225
2.375,0.9416852720396,1,1,5.04644305275236,18.1671949899085,5.36894703060774,0,4323.23453718804,0,0,0,1.225
2.625,0.989984096981537,1,1,5.30579493724576,19.1008617740848,5.37054269511324,0,4327.4711406481,0,0,0,1.225
2.875,1.03602929546608,1,1,5.55311895733032,19.9912282463891,5.37213825752092,0,4331.70854201181,0,0,0,1.225
3.125,1.08010911929002,1,1,5.78995666202569,20.8438439832925,5.37373371797624,0,4335.94674133931,0,0,0,1.225
3.375,1.12245513566779,1,1,6.01754633108759,21.6631667919153,5.37532907662423,0,4340.18573869046,0,0,0,1.225
3.625,1.16325670532573,1,1,6.23690044808671,22.4528416131121,5.37692433360957,0,4344.42553412493,0,0,0,1.225
3.875,1.2026710268676,1,1,6.44885944605833,23.21589400581,5.37851948907648,0,4348.66612770209,0,0,0,1.225
4.125,1.24083030196557,1,1,6.65413004554893,23.9548681639762,5.3801145431688,0,4352.90751948108,0,0,0,1.225
4.375,1.27784697010437,1,1,6.85331326242108,24.6719277447159,5.38170949602996,0,4357.14970952081,0,0,0,1.225
4.625,1.31381761289203,1,1,7.04692529645625,25.3689310672425,5.38330434780299,0,4361.39269787995,0,0,0,1.225
4.875,1.34882591926308,1,1,7.23541339492384,26.0474882217258,5.38489909863047,0,4365.63648461685,0,0,0,1.225
5.125,1.38294497373394,1,1,7.41916809401597,26.7090051384575,5.38649374865469,0,4369.88106978976,0,0,0,1.225
5.375,1.41623904753304,1,1,7.59853280041171,27.3547180814822,5.38808829801739,0,4374.12645345654,0,0,0,1.225
5.625,1.4487650185625,1,1,7.77381138696791,27.9857209930845,5.38968274686003,0,4378.37263567489,0,0,0,1.225
5.875,1.48057351008364,1,1,7.945274283541,28.6029874207476,5.3912770953236,0,4382.61961650225,0,0,0,1.225
6.125,1.51170981336929,1,1,8.11316341203701,29.2073882833332,5.39287134354873,0,4386.86739599582,0,0,0,1.225
6.375,1.54221464240097,1,1,8.27769622293679,29.7997064025725,5.3944654916757,0,4391.1159742126,0,0,0,1.225
6.625,1.57212475653345,1,1,8.43906902549695,30.380648491789,5.39605953984429,0,4395.36535120929,0,0,0,1.225
6.875,1.60147347830713,1,1,8.59745975705101,30.9508551253836,5.39765348819392,0,4399.61552704235,0,0,0,1.225
7.125,1.63029112721368,1,1,8.75303030272237,31.5109090898005,5.39924733686365,0,4403.86650176804,0,0,0,1.225
7.375,1.65860538551025,1,1,8.90592845166016,32.0613424259766,5.40084108599211,0,4408.11827544235,0,0,0,1.225
7.625,1.68644160865727,1,1,9.05628955707123,32.6026424054564,5.40243473571769,0,4412.37084812118,0,0,0,1.225
7.875,1.71382309029335,1,1,9.20423795308397,33.1352566311023,5.40402828617809,0,4416.6242198599,0,0,0,1.225
8.125,1.74077128962947,1,1,9.34988817061004,33.6595974141962,5.40562173751093,0,4420.87839071395,0,0,0,1.225
8.375,1.76730602757877,1,1,9.49334598599222,34.176045549572,5.4072150898532,0,4425.13336073831,0,0,0,1.225
8.625,1.79344565672055,1,1,9.63470932971272,34.6849535869658,5.40880834334172,0,4429.3891299879,0,0,0,1.225
8.875,1.81920720924271,1,1,9.77406907732992,35.1866486783877,5.41040149811269,0,4433.64569851723,0,0,0,1.225
9.125,1.84460652625274,1,1,9.91150974077717,35.6814350667978,5.41199455430217,0,4437.90306638076,0,0,0,1.225
9.375,1.86965837124736,1,1,10.0471100749473,36.1695962698103,5.41358751204575,0,4442.16123363266,0,0,0,1.225
9.625,1.89437653005007,1,1,10.1809436119148,36.6513970028933,5.4151803714785,0,4446.42020032676,0,0,0,1.225
9.875,1.91877389913835,1,1,10.3130791330738,37.1270848790657,5.41677313273527,0,4450.67996651678,0,0,0,1.225
10.125,1.94286256396779,1,1,10.4435810877885,37.5968919160386,5.41836579595048,0,4454.94053225616,0,0,0,1.225
10.375,1.9666538686439,1,1,10.5725099657799,38.0610358768077,5.41995836125821,0,4459.20189759818,0,0,0,1.225
10.625,1.99015847808188,1,1,10.6999226293478,38.519721465652,5.42155082879211,0,4463.4640625958,0,0,0,1.225
10.875,2.0133864336213,1,1,10.8258726105981,38.9731413981531,5.42314319868544,0,4467.72702730179,0,0,0,1.225
11.125,2.03634720291873,1,1,10.9504103780788,39.4214773610838,5.42473547107124,0,4471.99079176879,0,0,0,1.225
11.375,2.05904972482194,1,1,11.0735835765855,39.864900875708,5.42632764608189,0,4476.25535604897,0,0,0,1.225
11.625,2.08150244982914,1,1,11.1954372433643,40.3035740761114,5.4279197238497,0,4480.52072019455,0,0,0,1.225
11.875,2.10371337665286,1,1,11.3160140034907,40.7376504125664,5.42951170450644,0,4484.78688425739,0,0,0,1.225
12.125,2.12569008533728,1,1,11.4353542468246,41.1672752885686,5.43110358818348,0,4489.05384828906,0,0,0,1.225
12.375,2.14743976731794,1,1,11.5534962886205,41.5925866390339,5.43269537501197,0,4493.32161234109,0,0,0,1.225
12.625,2.16896925276207,1,1,11.6704765156013,42.0137154561648,5.43428706512265,0,4497.59017646469,0,0,0,1.225
12.875,2.19028503548415,1,1,11.7863295190718,42.4307862686586,5.43587865864566,0,4501.85954071072,0,0,0,1.225
13.125,2.21139329569461,1,1,11.9010882164504,42.8439175792213,5.4374701557112,0,4506.1297051301,0,0,0,1.225
13.375,2.23229992080761,1,1,12.0147839624262,43.2532222647343,5.43906155644868,0,4510.40066977325,0,0,0,1.225
13.625,2.25301052450652,1,1,12.1274466508055,43.6588079428996,5.44065286098743,0,4514.67243469056,0,0,0,1.225
13.875,2.2735304642422,1,1,12.239104807981,44.0607773087316,5.44224406945636,0,4518.94499993216,0,0,0,1.225
14.125,2.29386485731875,1,1,12.349785678853,44.4592284438709,5.44383518198396,0,4523.21836554791,0,0,0,1.225
14.375,2.31401859570352,1,1,12.4595153059328,44.8542551013581,5.44542619869827,0,4527.49253158742,0,0,0,1.225
14.625,2.33399635968307,1,1,12.5683186022785,45.2459469682027,5.44701711972726,0,4531.76749810025,0,0,0,1.225
14.875,2.35380263047308,1,1,12.6762194188414,45.634389907829,5.44860794519832,0,4536.04326513561,0,0,0,1.225
15.125,2.37344170187838,1,1,12.7832406067367,46.019666184252,5.45019867523848,0,4540.3198327425,0,0,0,1.225
15.375,2.39291769108936,1,1,12.889404074899,46.4018546696366,5.45178930997446,0,4544.59720096971,0,0,0,1.225
15.625,2.41223454869148,1,1,12.9947308435343,46.7810310367234,5.45337984953267,0,4548.87536986586,0,0,0,1.225
15.875,2.43139606795692,1,1,13.0992410937349,47.1572679374458,5.45497029403919,0,4553.1543394794,0,0,0,1.225
16.125,2.4504058934804,1,1,13.2029542135921,47.5306351689315,5.45656064361947,0,4557.43410985832,0,0,0,1.225
16.375,2.46926752921477,1,1,13.3058888411001,47.9011998279605,5.45815089839908,0,4561.71468105078,0,0,0,1.225
16.625,2.4879843459566,1,1,13.4080629041237,48.2690264548454,5.4597410585028,0,4565.99605310438,0,0,0,1.225
16.875,2.50655958832716,1,1,13.5094936576682,48.6341771676056,5.46133112405539,0,4570.27822606677,0,0,0,1.225
17.125,2.52499638128969,1,1,13.6101977186736,48.9967117872249,5.46292109518095,0,4574.56119998514,0,0,0,1.225
17.375,2.54329773624013,1,1,13.710191098529,49.3566879547044,5.4645109720035,0,4578.84497490669,0,0,0,1.225
17.625,2.56146655670485,1,1,13.8094892334889,49.7141612405601,5.46610075464645,0,4583.12955087821,0,0,0,1.225
17.875,2.57950564367599,1,1,13.908107013153,50.0691852473508,5.46769044323327,0,4587.41492794658,0,0,0,1.225
18.125,2.59741770061226,1,1,14.006058807159,50.4218117057724,5.46928003788668,0,4591.70110615817,0,0,0,1.225
18.375,2.6152053381303,1,1,14.1033584902232,50.7720905648034,5.47086953872923,0,4595.98808555927,0,0,0,1.225
18.625,2.63287107840992,1,1,14.2000194656523,51.1200700763481,5.4724589458832,0,4600.27586619602,0,0,0,1.225
18.875,2.65041735933408,1,1,14.2960546874388,51.4657968747797,5.47404825947029,0,4604.56444811417,0,0,0,1.225
19.125,2.66784653838296,1,1,14.3914766810433,51.8093160517557,5.47563747961209,0,4608.85383135944,0,0,0,1.225
19.375,2.6851608962997,1,1,14.4862975629566,52.1506712266438,5.47722660642972,0,4613.14401597726,0,0,0,1.225
19.625,2.70236264054407,1,1,14.5805290591302,52.4899046128688,5.4788156400441,0,4617.43500201295,0,0,0,1.225
19.875,2.71945390854868,1,1,14.6741825223518,52.8270570804666,5.48040458057562,0,4621.72678951147,0,0,0,1.225
20.125,2.73643677079157,1,1,14.7672689486403,53.1621682151051,5.48199342814451,0,4626.01937851773,0,0,0,1.225
20.375,2.75331323369754,1,1,14.8597989927263,53.4952763738147,5.48358218287058,0,4630.31276907637,0,0,0,1.225
20.625,2.77008524237976,1,1,14.9517829826802,53.8264187376488,5.48517084487321,0,4634.60696123175,0,0,0,1.225
20.875,2.7867546832324,1,1,15.043230933744,54.1556313614783,5.48675941427166,0,4638.90195502819,0,0,0,1.225
21.125,2.80332338638381,1,1,15.1341525614193,54.4829492211097,5.48834789118467,0,4643.19775050967,0,0,0,1.225
21.375,2.81979312801962,1,1,15.2245572938606,54.8084062578982,5.48993627573077,0,4647.49434772005,0,0,0,1.225
21.625,2.83616563258383,1,1,15.3144542836166,55.1320354210199,5.49152456802807,0,4651.79174670295,0,0,0,1.225
21.875,2.85244257486578,1,1,15.4038524187633,55.4538687075479,5.49311276819446,0,4656.08994750186,0,0,0,1.225
22.125,2.86862558198008,1,1,15.4927603334646,55.7739372004727,5.49470087634739,0,4660.38895015998,0,0,0,1.225
22.375,2.8847162352462,1,1,15.5811864179983,56.0922711047937,5.49628889260396,0,4664.6887547203,0,0,0,1.225
22.625,2.90071607197381,1,1,15.6691388282775,56.4088997817991,5.49787681708108,0,4668.98936122573,0,0,0,1.225
22.875,2.91662658715955,1,1,15.7566254949015,56.7238517816453,5.49946464989534,0,4673.29076971898,0,0,0,1.225
23.125,2.93244923510072,1,1,15.8436541317602,57.0371548743368,5.50105239116277,0,4677.59298024236,0,0,0,1.225
23.375,2.94818543093052,1,1,15.930232244223,57.348836079203,5.50264004099921,0,4681.89599283813,0,0,0,1.225
23.625,2.96383655207977,1,1,16.0163671369326,57.6589216929573,5.50422759952033,0,4686.19980754844,0,0,0,1.225
23.875,2.97940393966908,1,1,16.102065921229,57.9674373164244,5.50581506684125,0,4690.50442441509,0,0,0,1.225
24.125,2.99488889983573,1,1,16.1873355222249,58.2744078800096,5.50740244307701,0,4694.80984347987,0,0,0,1.225
24.375,3.0102927049987,1,1,16.2721826855508,58.5798576679828,5.50898972834182,0,4699.11606478397,0,0,0,1.225
24.625,3.02561659506562,1,1,16.3566139837899,58.8838103416437,5.51057692275049,0,4703.42308836911,0,0,0,1.225
24.875,3.0408617785846,1,1,16.4406358226196,59.1862889614306,5.51216402641637,0,4707.73091427593,0,0,0,1.225
25.125,3.05602943384423,1,1,16.5242544466754,59.4873160080313,5.5137510394535,0,4712.03954254566,0,0,0,1.225
25.375,3.07112070992431,1,1,16.6074759451528,59.7869134025499,5.51533796197486,0,4716.34897321877,0,0,0,1.225
25.625,3.08613672770027,1,1,16.6903062571615,60.0851025257815,5.51692479409371,0,4720.65920633599,0,0,0,1.225
25.875,3.10107858080348,1,1,16.7727511768448,60.3819042366413,5.51851153592236,0,4724.97024193737,0,0,0,1.225
26.125,3.11594733654004,1,1,16.8548163582764,60.6773388897952,5.52009818757358,0,4729.28208006339,0,0,0,1.225
26.375,3.13074403676994,1,1,16.9365073201474,60.9714263525306,5.52168474915902,0,4733.59472075368,0,0,0,1.225
26.625,3.14546969874901,1,1,17.0178294502529,61.2641860209103,5.52327122079066,0,4737.90816404821,0,0,0,1.225
26.875,3.16012531593524,1,1,17.0987880097899,61.5556368352438,5.52485760257991,0,4742.22240998655,0,0,0,1.225
27.125,3.17471185876149,1,1,17.1793881374757,61.8457972949125,5.52644389463774,0,4746.53745860798,0,0,0,1.225
27.375,3.1892302753762,1,1,17.2596348534947,62.1346854725809,5.52803009707475,0,4750.85330995155,0,0,0,1.225
27.625,3.2036814923538,1,1,17.3395330632845,62.4223190278243,5.5296162100019,0,4755.16996405667,0,0,0,1.225
27.875,3.21806641537619,1,1,17.4190875611675,62.708715220203,5.5312022335288,0,4759.48742096168,0,0,0,1.225
28.125,3.23238592988682,1,1,17.4983030338357,62.9938909218085,5.53278816776572,0,4763.80568070557,0,0,0,1.225
28.375,3.24664090171863,1,1,17.5771840636972,63.2778626293099,5.53437401282224,0,4768.12474332682,0,0,0,1.225
28.625,3.26083217769725,1,1,17.6557351320895,63.5606464755221,5.53595976880729,0,4772.44460886341,0,0,0,1.225
28.875,3.27496058622041,1,1,17.7339606223668,63.8422582405206,5.53754543583022,0,4776.76527735379,0,0,0,1.225
29.125,3.28902693781497,1,1,17.8118648228678,64.122713362324,5.53913101399894,0,4781.08674883525,0,0,0,1.225
29.375,3.30303202567236,1,1,17.8894519297677,64.4020269471638,5.5407165034228,0,4785.40902334633,0,0,0,1.225
29.625,3.31697662616368,1,1,17.9667260498227,64.6802137793618,5.5423019042089,0,4789.73210092381,0,0,0,1.225
29.875,3.33086149933517,1,1,18.0436912030091,64.9572883308327,5.54388721646581,0,4794.05598160572,0,0,0,1.225
30.125,3.34468738938515,1,1,18.1203513250637,65.2332647702294,5.54547244030005,0,4798.38066542851,0,0,0,1.225
30.375,3.35845502512315,1,1,18.1967102699298,65.5081569717473,5.54705757581951,0,4802.70615242977,0,0,0,1.225
30.625,3.37216512041212,1,1,18.2727718121118,65.7819785236023,5.54864262313072,0,4807.03244264607,0,0,0,1.225
30.875,3.38581837459432,1,1,18.3485396489441,66.0547427361988,5.55022758234009,0,4811.35953611395,0,0,0,1.225
31.125,3.3994154729019,1,1,18.4240174027775,66.3264626499989,5.55181245355413,0,4815.68743287008,0,0,0,1.225
31.375,3.41295708685248,1,1,18.4992086230859,66.5971510431092,5.55339723687837,0,4820.0161329504,0,0,0,1.225
31.625,3.42644387463077,1,1,18.5741167884984,66.8668204385944,5.55498193241908,0,4824.34563639151,0,0,0,1.225
31.875,3.43987648145646,1,1,18.6487453087588,67.1354831115318,5.55656654028087,0,4828.67594322872,0,0,0,1.225
32.125,3.45325553993933,1,1,18.7230975266158,67.4031510958169,5.55815106056923,0,4833.00705349815,0,0,0,1.225
32.375,3.46658167042178,1,1,18.7971767196475,67.6698361907309,5.55973549338898,0,4837.33896723538,0,0,0,1.225
32.625,3.47985548130964,1,1,18.8709861020222,67.9355499672799,5.5613198388445,0,4841.67168447574,0,0,0,1.225
32.875,3.49307756939149,1,1,18.944528826199,68.2003037743165,5.56290409703968,0,4846.00520525421,0,0,0,1.225
33.125,3.50624852014711,1,1,19.0178079845698,68.4641087444512,5.56448826807866,0,4850.33952960604,0,0,0,1.225
33.375,3.51936890804551,1,1,19.0908266110455,68.7269757997637,5.56607235206491,0,4854.67465756596,0,0,0,1.225
33.625,3.53243929683287,1,1,19.1635876825894,68.988915657322,5.56765634910209,0,4859.01058916897,0,0,0,1.225
33.875,3.54546023981092,1,1,19.236094120699,69.2499388345165,5.56924025929288,0,4863.34732444929,0,0,0,1.225
34.125,3.55843228010608,1,1,19.3083487928383,69.5100556542179,5.57082408273993,0,4867.6848634412,0,0,0,1.225
34.375,3.57135595092974,1,1,19.3803545138233,69.7692762497639,5.5724078195459,0,4872.02320617904,0,0,0,1.225
34.625,3.58423177583002,1,1,19.4521140471624,70.0276105697845,5.57399146981265,0,4876.36235269658,0,0,0,1.225
34.875,3.59706026893544,1,1,19.5236301063525,70.2850683828692,5.57557503364262,0,4880.70230302806,0,0,0,1.225
35.125,3.60984193519063,1,1,19.5949053561345,70.5416592820843,5.57715851113676,0,4885.04305720665,0,0,0,1.225
35.375,3.62257727058464,1,1,19.6659424137073,70.7973926893464,5.57874190239659,0,4889.384615266,0,0,0,1.225
35.625,3.63526676237188,1,1,19.7367438499043,71.0522778596553,5.58032520752329,0,4893.72697723953,0,0,0,1.225
35.875,3.64791088928617,1,1,19.8073121903318,71.3063238851947,5.58190842661747,0,4898.07014316029,0,0,0,1.225
36.125,3.66051012174811,1,1,19.8776499164732,71.5595396993036,5.5834915597793,0,4902.414113061,0,0,0,1.225
36.375,3.67306492206591,1,1,19.9477594667569,71.8119340803249,5.5850746071095,0,4906.75888697491,0,0,0,1.225
36.625,3.68557574463013,1,1,20.0176432375928,72.063515655334,5.58665756870744,0,4911.10446493422,0,0,0,1.225
36.875,3.69804303610236,1,1,20.0873035843761,72.314292903754,5.58824044467337,0,4915.4508469719,0,0,0,1.225
37.125,3.71046723559825,1,1,20.156742822461,72.5642741608597,5.58982323510588,0,4919.79803311965,0,0,0,1.225
37.375,3.72284877486488,1,1,20.2259632281045,72.8134676211763,5.59140594010455,0,4924.14602341,0,0,0,1.225
37.625,3.73518807845296,1,1,20.2949670393821,73.0618813417755,5.59298855976783,0,4928.49481787466,0,0,0,1.225
37.875,3.74748556388371,1,1,20.3637564570758,73.3095232454728,5.59457109419418,0,4932.84441654536,0,0,0,1.225
38.125,3.75974164181098,1,1,20.4323336455363,73.5564011239307,5.59615354348227,0,4937.19481945409,0,0,0,1.225
38.375,3.77195671617843,1,1,20.5007007335193,73.8025226406694,5.59773590772966,0,4941.54602663199,0,0,0,1.225
38.625,3.78413118437221,1,1,20.5688598149972,74.0478953339901,5.59931818703421,0,4945.8980381105,0,0,0,1.225
38.875,3.79626543736919,1,1,20.636812949948,74.2925266198127,5.60090038149315,0,4950.2508539206,0,0,0,1.225
39.125,3.80835985988087,1,1,20.7045621651199,74.5364237944317,5.60248249120355,0,4954.60447409321,0,0,0,1.225
39.375,3.82041483049322,1,1,20.7721094547757,74.7795940371925,5.60406451626284,0,4958.95889865957,0,0,0,1.225
39.625,3.83243072180245,1,1,20.8394567814144,75.0220444130918,5.60564645676686,0,4963.31412764973,0,0,0,1.225
39.875,3.844407900547,1,1,20.9066060764734,75.2637818753041,5.60722831281225,0,4967.67016109441,0,0,0,1.225
40.125,3.85634672773582,1,1,20.9735592410101,75.5048132676364,5.60881008449542,0,4972.0269990242,0,0,0,1.225
40.375,3.86824755877299,1,1,21.0403181463651,75.7451453269145,5.61039177191128,0,4976.38464146856,0,0,0,1.225
40.625,3.88011074357894,1,1,21.1068846348065,75.9847846853032,5.61197337515625,0,4980.7430884582,0,0,0,1.225
40.875,3.89193662670829,1,1,21.1732605201561,76.2237378725618,5.61355489432492,0,4985.10234002241,0,0,0,1.225
41.125,3.90372554746446,1,1,21.2394475883992,76.4620113182373,5.61513632951267,0,4989.46239619118,0,0,0,1.225
41.375,3.91547784001116,1,1,21.3054475982773,76.6996113537983,5.61671768081385,0,4993.82325699372,0,0,0,1.225
41.625,3.92719383348083,1,1,21.371262281864,76.9365442147105,5.61829894832351,0,4998.18492245986,0,0,0,1.225
41.875,3.93887385208019,1,1,21.4368933451267,77.1728160424563,5.61988013213499,0,5002.54739261809,0,0,0,1.225
42.125,3.9505182151929,1,1,21.5023424684721,77.4084328864995,5.62146123234277,0,5006.9106674979,0,0,0,1.225
42.375,3.96212723747956,1,1,21.5676113072775,77.643400706199,5.62304224904028,0,5011.27474712796,0,0,0,1.225
42.625,3.97370122897501,1,1,21.6327014924083,77.8777253726699,5.62462318232133,0,5015.63963153732,0,0,0,1.225
42.875,3.98524049518307,1,1,21.6976146307214,78.111412670597,5.62620403227845,0,5020.00532075404,0,0,0,1.225
43.125,3.99674533716883,1,1,21.7623523055555,78.3444682999997,5.62778479900464,0,5024.37181480662,0,0,0,1.225
43.375,4.00821605164848,1,1,21.8269160772088,78.5768978779516,5.62936548259279,0,5028.7391137235,0,0,0,1.225
43.625,4.01965293107688,1,1,21.8913074834042,78.808706940255,5.63094608313497,0,5033.10721753255,0,0,0,1.225
43.875,4.03105626373283,1,1,21.9555280397423,79.0399009430724,5.63252660072351,0,5037.47612626187,0,0,0,1.225
44.125,4.04242633380216,1,1,22.0195792401434,79.2704852645163,5.6341070354498,0,5041.84583993887,0,0,0,1.225
44.375,4.05376342145877,1,1,22.0834625572773,79.5004652061983,5.63568738740605,0,5046.21635859167,0,0,0,1.225
44.625,4.0650678029435,1,1,22.147179442983,79.729845994739,5.63726765668309,0,5050.58768224733,0,0,0,1.225
44.875,4.07633975064111,1,1,22.2107313286777,79.9586327832397,5.63884784337245,0,5054.95981093352,0,0,0,1.225
45.125,4.08757953315531,1,1,22.2741196257549,80.1868306527176,5.64042794756415,0,5059.33274467676,0,0,0,1.225
45.375,4.09878741538194,1,1,22.3373457259735,80.4144446135047,5.64200796934961,0,5063.70648350472,0,0,0,1.225
45.625,4.10996365858025,1,1,22.4004110018368,80.6414796066124,5.6435879088184,0,5068.08102744368,0,0,0,1.225
45.875,4.12110852044257,1,1,22.4633168069617,80.8679405050622,5.64516776606092,0,5072.45637652058,0,0,0,1.225
46.125,4.13222225516214,1,1,22.5260644764401,81.0938321151843,5.64674754116686,0,5076.83253076189,0,0,0,1.225
46.375,4.14330511349939,1,1,22.5886553271899,81.3191591778836,5.6483272342258,0,5081.20949019401,0,0,0,1.225
46.625,4.15435734284653,1,1,22.6510906582988,81.5439263698758,5.64990684532722,0,5085.58725484332,0,0,0,1.225
46.875,4.16537918729066,1,1,22.7133717513593,81.7681383048933,5.65148637455991,0,5089.9658247357,0,0,0,1.225
47.125,4.1763708876753,1,1,22.7754998707951,81.9917995348624,5.65306582201265,0,5094.34519989708,0,0,0,1.225
47.375,4.18733268166052,1,1,22.8374762641811,82.2149145510519,5.65464518777389,0,5098.72538035315,0,0,0,1.225
47.625,4.19826480378159,1,1,22.8993021625542,82.4374877851952,5.65622447193209,0,5103.10636612966,0,0,0,1.225
47.875,4.20916748550628,1,1,22.9609787807181,82.6595236105852,5.65780367457546,0,5107.48815725224,0,0,0,1.225
48.125,4.22004095529079,1,1,23.0225073175399,82.8810263431437,5.65938279579132,0,5111.87075374582,0,0,0,1.225
48.375,4.2308854386344,1,1,23.0838889562405,83.1020002424659,5.66096183566742,0,5116.25415563575,0,0,0,1.225
48.625,4.24170115813284,1,1,23.145124864678,83.3224495128406,5.66254079429132,0,5120.63836294724,0,0,0,1.225
48.875,4.25248833353043,1,1,23.206216195624,83.5423783042466,5.66411967174963,0,5125.02337570485,0,0,0,1.225
49.125,4.263247181771,1,1,23.2671640870351,83.7617907133262,5.66569846812922,0,5129.40919393332,0,0,0,1.225
49.375,4.2739779170477,1,1,23.3279696623158,83.9806907843368,5.66727718351694,0,5133.79581765749,0,0,0,1.225
49.625,4.28468075085161,1,1,23.3886340305778,84.1990825100803,5.6688558179992,0,5138.18324690184,0,0,0,1.225
49.875,4.29535589201931,1,1,23.4491582868921,84.4169698328115,5.67043437166171,0,5142.57148169037,0,0,0,1.225
50.125,4.30600354677933,1,1,23.5095435125351,84.6343566451264,5.67201284459043,0,5146.96052204732,0,0,0,1.225
50.375,4.31662391879758,1,1,23.5697907752306,84.8512467908303,5.67359123687083,0,5151.3503679966,0,0,0,1.225
50.625,4.32721720922178,1,1,23.629901129385,85.0676440657862,5.6751695485882,0,5155.74101956199,0,0,0,1.225
50.875,4.33778361672491,1,1,23.689875616318,85.2835522187447,5.67674777982825,0,5160.13247676767,0,0,0,1.225
51.125,4.34832333754762,1,1,23.7497152644877,85.4989749521559,5.6783259306751,0,5164.52473963661,0,0,0,1.225
51.375,4.35883656553985,1,1,23.8094210897118,85.7139159229626,5.67990400121357,0,5168.91780819236,0,0,0,1.225
51.625,4.36932349220141,1,1,23.8689940953824,85.9283787433767,5.68148199152847,0,5173.31168245853,0,0,0,1.225
51.875,4.37978430672172,1,1,23.9284352726773,86.1423669816383,5.68305990170347,0,5177.70636245785,0,0,0,1.225
52.125,4.39021919601876,1,1,23.9877456007664,86.3558841627592,5.68463773182293,0,5182.10184821366,0,0,0,1.225
52.375,4.40062834477705,1,1,24.0469260470135,86.5689337692487,5.68621548197007,0,5186.49813974842,0,0,0,1.225
52.625,4.41101193548493,1,1,24.1059775671738,86.7815192418258,5.68779315222855,0,5190.89523708501,0,0,0,1.225
52.875,4.42137014847097,1,1,24.1649011055873,86.9936439801143,5.68937074268115,0,5195.29314024562,0,0,0,1.225
53.125,4.43170316193967,1,1,24.223697595368,87.2053113433249,5.69094825341176,0,5199.69184925341,0,0,0,1.225
53.375,4.44201115200631,1,1,24.2823679585891,87.4165246509209,5.6925256845027,0,5204.0913641303,0,0,0,1.225
53.625,4.45229429273122,1,1,24.3409131064644,87.6272871832719,5.69410303603581,0,5208.49168489789,0,0,0,1.225
53.875,4.46255275615313,1,1,24.3993339395256,87.837602182292,5.69568030809432,0,5212.89281157892,0,0,0,1.225
54.125,4.47278671232204,1,1,24.4576313477961,88.0474728520659,5.69725750075986,0,5217.29474419492,0,0,0,1.225
54.375,4.48299632933122,1,1,24.5158062109615,88.2569023594612,5.69883461411405,0,5221.69748276743,0,0,0,1.225
54.625,4.49318177334869,1,1,24.5738593985358,88.4658938347287,5.70041164823897,0,5226.10102731843,0,0,0,1.225
54.875,4.50334320864794,1,1,24.6317917700249,88.6744503720898,5.70198860321534,0,5230.50537786883,0,0,0,1.225
55.125,4.51348079763814,1,1,24.6896041750866,88.8825750303117,5.70356547912479,0,5234.91053444034,0,0,0,1.225
55.375,4.5235947008936,1,1,24.7472974536867,89.090270833272,5.70514227604781,0,5239.31649705377,0,0,0,1.225
55.625,4.53368507718275,1,1,24.8048724362528,89.2975407705101,5.7067189940658,0,5243.72326573073,0,0,0,1.225
55.875,4.54375208349649,1,1,24.8623299438248,89.5043877977691,5.70829563325788,0,5248.13084049106,0,0,0,1.225
56.125,4.55379587507593,1,1,24.9196707882016,89.7108148375256,5.70987219370545,0,5252.53922135642,0,0,0,1.225
56.375,4.56381660543964,1,1,24.9768957720859,89.9168247795094,5.7114486754881,0,5256.94840834711,0,0,0,1.225
56.625,4.57381442641033,1,1,25.0340056892258,90.1224204812128,5.7130250786854,0,5261.35840148345,0,0,0,1.225
56.875,4.58378948814098,1,1,25.0910013245527,90.3276047683896,5.71460140337672,0,5265.76920078562,0,0,0,1.225
57.125,4.5937419391405,1,1,25.1478834543179,90.5323804355446,5.71617764964208,0,5270.1808062744,0,0,0,1.225
57.375,4.60367192629884,1,1,25.2046528462258,90.7367502464129,5.71775381755992,0,5274.59321796932,0,0,0,1.225
57.625,4.61357959491164,1,1,25.261310259564,90.9407169344302,5.71932990720939,0,5279.00643589053,0,0,0,1.225
57.875,4.62346508870438,1,1,25.3178564453316,91.1442832031939,5.72090591866868,0,5283.42046005747,0,0,0,1.225
58.125,4.63332854985607,1,1,25.3742921463652,91.3474517269148,5.7224818520167,0,5287.83529049018,0,0,0,1.225
58.375,4.64317011902248,1,1,25.4306180974614,91.5502251508609,5.72405770733121,0,5292.25092720784,0,0,0,1.225
58.625,4.65298993535894,1,1,25.4868350254977,91.7526060917916,5.72563348469089,0,5296.66737023038,0,0,0,1.225
58.875,4.66278813654265,1,1,25.5429436495512,91.9545971383845,5.72720918417258,0,5301.08461957634,0,0,0,1.225
59.125,4.67256485879466,1,1,25.5989446810148,92.1562008516534,5.72878480585405,0,5305.50267526501,0,0,0,1.225
59.375,4.68232023690131,1,1,25.6548388237107,92.3574197653585,5.73036034981283,0,5309.92153731557,0,0,0,1.225
59.625,4.69205440423538,1,1,25.7106267740026,92.5582563864093,5.73193581612622,0,5314.34120574702,0,0,0,1.225
59.875,4.70176749277675,1,1,25.7663092209053,92.7587131952589,5.73351120487064,0,5318.76168057772,0,0,0,1.225
60.125,4.71145963313275,1,1,25.8218868461922,92.9587926462921,5.73508651612269,0,5323.18296182621,0,0,0,1.225
60.375,4.72113095455807,1,1,25.8773603245013,93.1584971682048,5.73666174995878,0,5327.60504951092,0,0,0,1.225
60.625,4.73078158497432,1,1,25.9327303234384,93.3578291643781,5.73823690645554,0,5332.0279436505,0,0,0,1.225
60.875,4.74041165098923,1,1,25.9879975036788,93.5567910132437,5.73981198568845,0,5336.45164426272,0,0,0,1.225
61.125,4.75002127791552,1,1,26.0431625190677,93.7553850686436,5.7413869877339,0,5340.87615136614,0,0,0,1.225
61.375,4.75961058978938,1,1,26.0982260167175,93.9536136601831,5.74296191266671,0,5345.30146497806,0,0,0,1.225
61.625,4.76917970938861,1,1,26.1531886371046,94.1514790935767,5.7445367605626,0,5349.72758511657,0,0,0,1.225
61.875,4.77872875825049,1,1,26.2080510141634,94.3489836509884,5.74611153149681,0,5354.15451179944,0,0,0,1.225
62.125,4.78825785668926,1,1,26.2628137753793,94.5461295913656,5.7476862255437,0,5358.58224504374,0,0,0,1.225
62.375,4.79776712381332,1,1,26.3174775418796,94.7429191507664,5.74926084277899,0,5363.01078486768,0,0,0,1.225
62.625,4.8072566775421,1,1,26.3720429285228,94.939354542682,5.75083538327613,0,5367.44013128769,0,0,0,1.225
62.875,4.81672663462264,1,1,26.4265105439868,95.1354379583524,5.7524098471099,0,5371.87028432134,0,0,0,1.225
63.125,4.82617711064589,1,1,26.4808809908547,95.331171567077,5.75398423435422,0,5376.3012439855,0,0,0,1.225
63.375,4.83560822006267,1,1,26.5351548656998,95.5265575165192,5.75555854508298,0,5380.73301029709,0,0,0,1.225
63.625,4.8450200761994,1,1,26.5893327591684,95.7215979330061,5.75713277936984,0,5385.16558327288,0,0,0,1.225
63.875,4.85441279127352,1,1,26.6434152560618,95.9162949218226,5.7587069372878,0,5389.59896292915,0,0,0,1.225
64.125,4.86378647640864,1,1,26.6974029354167,96.1106505675002,5.76028101891097,0,5394.03314928312,0,0,0,1.225
64.375,4.87314124164948,1,1,26.7512963705837,96.3046669341012,5.7618550243119,0,5398.46814235077,0,0,0,1.225
64.625,4.88247719597645,1,1,26.8050961293048,96.4983460654973,5.76342895356311,0,5402.90394214814,0,0,0,1.225
64.875,4.89179444732004,1,1,26.85880277379,96.6916899856438,5.76500280673736,0,5407.34054869147,0,0,0,1.225
65.125,4.90109310257497,1,1,26.9124168607914,96.884700698849,5.76657658390695,0,5411.77796199669,0,0,0,1.225
65.375,4.91037326761407,1,1,26.9659389416774,97.0773801900385,5.76815028514488,0,5416.21618208032,0,0,0,1.225
65.625,4.91963504730192,1,1,27.0193695625044,97.2697304250158,5.76972391052163,0,5420.6552089569,0,0,0,1.225
65.875,4.92887854550828,1,1,27.0727092640882,97.4617533507174,5.77129746011042,0,5425.09504264321,0,0,0,1.225
66.125,4.93810386512126,1,1,27.1259585820735,97.6534508954647,5.77287093398195,0,5429.53568315406,0,0,0,1.225
66.375,4.94731110806027,1,1,27.1791180470029,97.8448249692103,5.77444433220785,0,5433.97713050502,0,0,0,1.225
66.625,4.9565003752888,1,1,27.2321881843836,98.0358774637811,5.77601765485929,0,5438.41938471136,0,0,0,1.225
66.875,4.96567176682694,1,1,27.2851695147547,98.226610253117,5.77759090200698,0,5442.86244578799,0,0,0,1.225
67.125,4.97482538176364,1,1,27.3380625537515,98.4170251935055,5.77916407372186,0,5447.30631375008,0,0,0,1.225
67.375,4.98396131826892,1,1,27.3908678121702,98.6071241238127,5.78073717007442,0,5451.75098861245,0,0,0,1.225
67.625,4.99307967360568,1,1,27.4435857960304,98.7969088657096,5.78231019113491,0,5456.19647038978,0,0,0,1.225
67.875,5.0021805441415,1,1,27.4962170066377,98.9863812238956,5.78388313697383,0,5460.64275909697,0,0,0,1.225
68.125,5.01126402536007,1,1,27.5487619406439,99.175542986318,5.78545600766051,0,5465.08985474806,0,0,0,1.225
68.375,5.02033021187259,1,1,27.6012210901076,99.3643959243874,5.78702880326523,0,5469.53775735785,0,0,0,1.225
68.625,5.02937919742888,1,1,27.6535949425528,99.55294179319,5.7886015238571,0,5473.98646694025,0,0,0,1.225
68.875,5.03841107492835,1,1,27.7058839810269,99.7411823316968,5.79017416950592,0,5478.43598350979,0,0,0,1.225
69.125,5.04742593643076,1,1,27.7580886841578,99.929119262968,5.79174674028059,0,5482.88630708029,0,0,0,1.225
69.375,5.05642387316683,1,1,27.81020952621,100.116754294356,5.79331923624954,0,5487.33743766524,0,0,0,1.225
69.625,5.06540497554872,1,1,27.8622469771398,100.304089117703,5.79489165748237,0,5491.78937527908,0,0,0,1.225
69.875,5.07436933318024,1,1,27.9142015026494,100.491125409538,5.79646400404727,0,5496.24211993521,0,0,0,1.225
70.125,5.08331703486694,1,1,27.9660735642409,100.677864831267,5.79803627601245,0,5500.69567164705,0,0,0,1.225
70.375,5.09224816862612,1,1,28.0178636192679,100.864309029364,5.79960847344637,0,5505.15003042825,0,0,0,1.225
70.625,5.10116282169656,1,1,28.0695721209883,101.050459635558,5.80118059641632,0,5509.60519629159,0,0,0,1.225
70.875,5.11006108054812,1,1,28.1211995186143,101.236318267011,5.80275264499051,0,5514.0611692506,0,0,0,1.225
71.125,5.11894303089128,1,1,28.1727462573632,101.421886526507,5.80432461923692,0,5518.51794931869,0,0,0,1.225
71.375,5.12780875768641,1,1,28.2242127785061,101.607166002622,5.80589651922219,0,5522.97553650819,0,0,0,1.225
71.625,5.13665834515297,1,1,28.2755995194168,101.792158269901,5.8074683450136,0,5527.43393083203,0,0,0,1.225
71.875,5.14549187677852,1,1,28.3269069136195,101.97686488903,5.80904009667847,0,5531.89313230316,0,0,0,1.225
72.125,5.15430943532763,1,1,28.3781353908358,102.161287407009,5.81061177428342,0,5536.35314093405,0,0,0,1.225
72.375,5.16311110285062,1,1,28.4292853770307,102.345427357311,5.81218337789483,0,5540.813956737,0,0,0,1.225
72.625,5.17189696069221,1,1,28.4803572944586,102.529286260051,5.81375490757932,0,5545.27557972453,0,0,0,1.225
72.875,5.18066708949993,1,1,28.5313515617078,102.712865622148,5.81532636340307,0,5549.73800990885,0,0,0,1.225
73.125,5.18942156923256,1,1,28.5822685937449,102.896166937482,5.81689774543156,0,5554.20124730163,0,0,0,1.225
73.375,5.19816047916829,1,1,28.633108801958,103.079191687049,5.81846905373163,0,5558.66529191571,0,0,0,1.225
73.625,5.20688389791284,1,1,28.6838725941999,103.26194133912,5.82004028836855,0,5563.13014376266,0,0,0,1.225
73.875,5.21559190340743,1,1,28.7345603748297,103.444417349387,5.8216114494071,0,5567.59580285373,0,0,0,1.225
74.125,5.22428457293664,1,1,28.785172544755,103.626621161118,5.82318253691324,0,5572.06226920111,0,0,0,1.225
74.375,5.23296198313616,1,1,28.835709501472,103.808554205299,5.82475355095175,0,5576.52954281615,0,0,0,1.225
74.625,5.24162421000037,1,1,28.8861716391064,103.990217900783,5.82632449158768,0,5580.99762371036,0,0,0,1.225
74.875,5.25027132888986,1,1,28.9365593484529,104.17161365443,5.8278953588856,0,5585.46651189498,0,0,0,1.225
75.125,5.25890341453883,1,1,28.9868730170138,104.35274286125,5.82946615290984,0,5589.93620738107,0,0,0,1.225
75.375,5.26752054106236,1,1,29.0371130290382,104.533606904538,5.83103687372477,0,5594.40671017972,0,0,0,1.225
75.625,5.27612278196359,1,1,29.0872797655594,104.714207156014,5.83260752139472,0,5598.87802030209,0,0,0,1.225
75.875,5.28471021014075,1,1,29.1373736044323,104.894544975956,5.83417809598359,0,5603.35013775897,0,0,0,1.225
76.125,5.29328289789418,1,1,29.1873949203702,105.074621713333,5.83574859755481,0,5607.82306256086,0,0,0,1.225
76.375,5.30184091693315,1,1,29.2373440849812,105.254438705932,5.83731902617228,0,5612.29679471862,0,0,0,1.225
76.625,5.3103843383826,1,1,29.2872214668036,105.433997280493,5.83888938189921,0,5616.77133424264,0,0,0,1.225
76.875,5.31891323278985,1,1,29.3370274313414,105.613298752829,5.84045966479903,0,5621.24668114349,0,0,0,1.225
77.125,5.3274276701311,1,1,29.3867623410986,105.792344427955,5.84202987493404,0,5625.72283543089,0,0,0,1.225
77.375,5.33592771981795,1,1,29.4364265556136,105.971135600209,5.84360001236792,0,5630.19979711568,0,0,0,1.225
77.625,5.34441345070373,1,1,29.4860204314929,106.149673553374,5.84517007716295,0,5634.67756620763,0,0,0,1.225
77.875,5.3528849310898,1,1,29.535544322444,106.327959560798,5.84674006938167,0,5639.15614271675,0,0,0,1.225
78.125,5.36134222873173,1,1,29.5849985793082,106.50599488551,5.84830998908637,0,5643.63552665288,0,0,0,1.225
78.375,5.3697854108454,1,1,29.6343835500931,106.683780780335,5.84987983633914,0,5648.11571802573,0,0,0,1.225
78.625,5.37821454411301,1,1,29.6836995800037,106.861318488013,5.85144961120136,0,5652.59671684448,0,0,0,1.225
78.875,5.38662969468904,1,1,29.7329470114744,107.038609241308,5.85301931373556,0,5657.07852311927,0,0,0,1.225
79.125,5.39503092820601,1,1,29.7821261841995,107.215654263118,5.8545889440029,0,5661.56113685919,0,0,0,1.225
79.375,5.40341830978032,1,1,29.8312374351634,107.392454766588,5.856158502065,0,5666.04455807369,0,0,0,1.225
79.625,5.4117919040179,1,1,29.8802810986712,107.569011955216,5.85772798798257,0,5670.52878677157,0,0,0,1.225
79.875,5.42015177501978,1,1,29.9292575063776,107.745327022959,5.85929740181678,0,5675.01382296199,0,0,0,1.225
80.125,5.42849798638767,1,1,29.9781669873163,107.921401154339,5.860866743629,0,5679.49966665436,0,0,0,1.225
80.375,5.43683060122931,1,1,30.0270098679289,108.097235524544,5.86243601347905,0,5683.98631785683,0,0,0,1.225
80.625,5.44514968216394,1,1,30.0757864720929,108.272831299534,5.86400521142809,0,5688.47377657868,0,0,0,1.225
80.875,5.45345529132749,1,1,30.1244971211498,108.448189636139,5.86557433753615,0,5692.9620428283,0,0,0,1.225
81.125,5.46174749037789,1,1,30.1731421339329,108.623311682158,5.86714339186324,0,5697.45111661414,0,0,0,1.225
81.375,5.47002634050014,1,1,30.2217218267937,108.798198576457,5.8687123744694,0,5701.94099794466,0,0,0,1.225
81.625,5.47829190241141,1,1,30.2702365136295,108.972851449066,5.87028128541442,0,5706.43168682819,0,0,0,1.225
81.875,5.48654423636606,1,1,30.3186865059094,109.147271421274,5.87185012475834,0,5710.92318327325,0,0,0,1.225
82.125,5.49478340216056,1,1,30.3670721127003,109.321459605721,5.87341889255981,0,5715.41548728733,0,0,0,1.225
82.375,5.50300945913834,1,1,30.4153936406929,109.495417106494,5.87498758887818,0,5719.90859887847,0,0,0,1.225
82.625,5.51122246619464,1,1,30.4636513942266,109.669145019216,5.8765562137728,0,5724.40251805477,0,0,0,1.225
82.875,5.51942248178118,1,1,30.5118456753149,109.842644431134,5.87812476730255,0,5728.89724482398,0,0,0,1.225
83.125,5.5276095639109,1,1,30.5599767836698,110.015916421211,5.87969324952633,0,5733.39277919389,0,0,0,1.225
83.375,5.5357837701625,1,1,30.6080450167264,110.188962060215,5.88126166050233,0,5737.88912117177,0,0,0,1.225
83.625,5.54394515768507,1,1,30.6560506696663,110.361782410799,5.88283000028923,0,5742.3862707653,0,0,0,1.225
83.875,5.55209378320248,1,1,30.7039940354419,110.534378527591,5.88439826894478,0,5746.88422798144,0,0,0,1.225
84.125,5.56022970301787,1,1,30.7518754047996,110.706751457279,5.88596646652741,0,5751.38299282776,0,0,0,1.225
84.375,5.568352973018,1,1,30.7996950663026,110.878902238689,5.88753459309464,0,5755.88256531111,0,0,0,1.225
84.625,5.57646364867757,1,1,30.8474533063538,111.050831902874,5.88910264870447,0,5760.38294543874,0,0,0,1.225
84.875,5.58456178506344,1,1,30.8951504092181,111.222541473185,5.8906706334144,0,5764.88413321757,0,0,0,1.225
85.125,5.59264743683883,1,1,30.9427866570446,111.394031965361,5.89223854728152,0,5769.38612865419,0,0,0,1.225
85.375,5.60072065826751,1,1,30.9903623298888,111.5653043876,5.89380639036312,0,5773.88893175541,0,0,0,1.225
85.625,5.60878150321781,1,1,31.0378777057334,111.73635974064,5.89537416271673,0,5778.39254252825,0,0,0,1.225
85.875,5.61683002516672,1,1,31.0853330605101,111.907199017836,5.89694186439829,0,5782.89696097846,0,0,0,1.225
86.125,5.6248662772038,1,1,31.1327286681204,112.077823205233,5.89850949546485,0,5787.40218711277,0,0,0,1.225
86.375,5.63289031203517,1,1,31.1800648004565,112.248233281643,5.9000770559735,0,5791.90822093793,0,0,0,1.225
86.625,5.64090218198735,1,1,31.2273417274214,112.418430218717,5.90164454597971,0,5796.41506245944,0,0,0,1.225
86.875,5.6489019390111,1,1,31.2745597169494,112.588414981018,5.90321196553987,0,5800.92271168355,0,0,0,1.225
87.125,5.65688963468518,1,1,31.3217190350258,112.758188526093,5.90477931470991,0,5805.43116861621,0,0,0,1.225
87.375,5.66486532022008,1,1,31.3688199457066,112.927751804544,5.90634659354623,0,5809.94043326373,0,0,0,1.225
87.625,5.67282904646174,1,1,31.415862711138,113.097105760097,5.90791380210385,0,5814.45050563137,0,0,0,1.225
87.875,5.68078086389511,1,1,31.4628475915755,113.266251329672,5.90948094043847,0,5818.96138572498,0,0,0,1.225
88.125,5.6887208226478,1,1,31.5097748454026,113.43518944345,5.9110480086058,0,5823.47307355043,0,0,0,1.225
88.375,5.69664897249358,1,1,31.5566447291499,113.60392102494,5.91261500666042,0,5827.9855691127,0,0,0,1.225
88.625,5.70456536285588,1,1,31.6034574975131,113.772446991047,5.91418193465756,0,5832.49887241737,0,0,0,1.225
88.875,5.71247004281129,1,1,31.6502134033713,113.940768252137,5.91574879265227,0,5837.01298346985,0,0,0,1.225
89.125,5.72036306109288,1,1,31.6969126978051,114.108885712099,5.91731558069864,0,5841.52790227485,0,0,0,1.225
89.375,5.72824446609363,1,1,31.7435556301144,114.276800268412,5.91888229885194,0,5846.04362883804,0,0,0,1.225
89.625,5.73611430586974,1,1,31.7901424478355,114.444512812208,5.92044894716628,0,5850.5601631642,0,0,0,1.225
89.875,5.7439726281439,1,1,31.8366733967588,114.612024228332,5.92201552569554,0,5855.07750525794,0,0,0,1.225
90.125,5.75181948030852,1,1,31.8831487209456,114.779335395404,5.92358203449385,0,5859.59565512411,0,0,0,1.225
90.375,5.75965490942896,1,1,31.9295686627452,114.946447185883,5.92514847361531,0,5864.11461276758,0,0,0,1.225
90.625,5.76747896224665,1,1,31.9759334628115,115.113360466121,5.92671484311313,0,5868.63437819251,0,0,0,1.225
90.875,5.77529168518226,1,1,32.022243360119,115.280076096428,5.92828114304143,0,5873.15495140383,0,0,0,1.225
91.125,5.78309312433871,1,1,32.0684985919798,115.446594931127,5.92984737345341,0,5877.67633240578,0,0,0,1.225
91.375,5.79088332550429,1,1,32.114699394059,115.612917818612,5.93141353440205,0,5882.19852120242,0,0,0,1.225
91.625,5.79866233415562,1,1,32.1608460003909,115.779045601407,5.93297962594079,0,5886.72151779823,0,0,0,1.225
91.875,5.80643019546062,1,1,32.2069386433944,115.94497911622,5.93454564812191,0,5891.24532219679,0,0,0,1.225
92.125,5.81418695428147,1,1,32.2529775538888,116.110719194,5.93611160099908,0,5895.76993440282,0,0,0,1.225
92.375,5.82193265517749,1,1,32.2989629611085,116.276266659991,5.93767748462415,0,5900.29535441959,0,0,0,1.225
92.625,5.82966734240799,1,1,32.3448950927187,116.441622333787,5.93924329904985,0,5904.82158225115,0,0,0,1.225
92.875,5.8373910599351,1,1,32.3907741748298,116.606787029387,5.94080904432758,0,5909.34861790048,0,0,0,1.225
93.125,5.84510385142661,1,1,32.4366004320125,116.771761555245,5.942374720511,0,5913.8764613724,0,0,0,1.225
93.375,5.85280576025866,1,1,32.4823740873119,116.936546714323,5.94394032765149,0,5918.40511266994,0,0,0,1.225
93.625,5.8604968295185,1,1,32.5280953622624,117.101143304145,5.94550586579999,0,5922.93457179581,0,0,0,1.225
93.875,5.86817710200719,1,1,32.5737644769013,117.265552116845,5.94707133500924,0,5927.46483875419,0,0,0,1.225
94.125,5.87584662024225,1,1,32.6193816497833,117.42977393922,5.94863673532973,0,5931.99591354746,0,0,0,1.225
94.375,5.8835054264603,1,1,32.6649470979942,117.593809552779,5.95020206681329,0,5936.52779617915,0,0,0,1.225
94.625,5.89115356261963,1,1,32.7104610371642,117.757659733791,5.95176732951131,0,5941.06048665243,0,0,0,1.225
94.875,5.89879107040281,1,1,32.7559236814822,117.921325253336,5.95333252347473,0,5945.59398497014,0,0,0,1.225
95.125,5.90641799121918,1,1,32.8013352437083,118.08480687735,5.95489764875401,0,5950.12829113479,0,0,0,1.225
95.375,5.9140343662074,1,1,32.8466959351878,118.248105366676,5.9564627054001,0,5954.66340514928,0,0,0,1.225
95.625,5.9216402362379,1,1,32.8920059658635,118.411221477108,5.95802769346346,0,5959.19932701615,0,0,0,1.225
95.875,5.92923564191535,1,1,32.9372655442891,118.574155959441,5.95959261299549,0,5963.73605673874,0,0,0,1.225
96.125,5.93682062358103,1,1,32.9824748776418,118.73690955951,5.96115746404439,0,5968.27359431785,0,0,0,1.225
96.375,5.94439522131531,1,1,33.0276341717349,118.899483018245,5.96272224666109,0,5972.81193975647,0,0,0,1.225
96.625,5.95195947493992,1,1,33.07274363103,119.061877071708,5.96428696089697,0,5977.35109305801,0,0,0,1.225
96.875,5.95951342402033,1,1,33.1178034586499,119.22409245114,5.96585160680024,0,5981.89105422335,0,0,0,1.225
97.125,5.96705710786809,1,1,33.1628138563899,119.386129883004,5.96741618442093,0,5986.43182325485,0,0,0,1.225
97.375,5.97459056554305,1,1,33.2077750247306,119.54799008903,5.96898069380768,0,5990.97340015381,0,0,0,1.225
97.625,5.98211383585563,1,1,33.2526871628494,119.709673786258,5.97054513501189,0,5995.51578492375,0,0,0,1.225
97.875,5.98962695736911,1,1,33.2975504686321,119.871181687076,5.97210950808085,0,6000.05897756492,0,0,0,1.225
98.125,5.99712996840175,1,1,33.3423651386849,120.032514499266,5.97367381306321,0,6004.6029780787,0,0,0,1.225
98.375,6.00462290702902,1,1,33.3871313683455,120.193672926044,5.97523805001038,0,6009.14778646869,0,0,0,1.225
98.625,6.01210581108574,1,1,33.4318493516946,120.354657666101,5.97680221896962,0,6013.69340273523,0,0,0,1.225
98.875,6.01957871816821,1,1,33.4765192815672,120.515469413642,5.97836631998916,0,6018.23982687941,0,0,0,1.225
99.125,6.02704166563634,1,1,33.5211413495635,120.676108858429,5.97993035311629,0,6022.78705890163,0,0,0,1.225
99.375,6.03449469061567,1,1,33.56571574606,120.836576685816,5.98149431840284,0,6027.33509880596,0,0,0,1.225
99.625,6.0419378299995,1,1,33.61024266022,120.996873576792,5.98305821589429,0,6031.88394659139,0,0,0,1.225
99.875,6.04937112045087,1,1,33.6547222800049,121.157000208017,5.98462204563884,0,6036.43360225912,0,0,0,1.225
100.125,6.0567945984046,1,1,33.6991547921841,121.316957251863,5.98618580768471,0,6040.98406581038,0,0,0,1.225
100.375,6.06420830006929,1,1,33.7435403823462,121.476745376446,5.98774950207917,0,6045.5353372457,0,0,0,1.225
100.625,6.07161226142924,1,1,33.7878792349086,121.636365245671,5.98931312887044,0,6050.08741656637,0,0,0,1.225
100.875,6.07900651824646,1,1,33.8321715331282,121.795817519261,5.99087668810489,0,6054.64030377224,0,0,0,1.225
101.125,6.08639110606252,1,1,33.8764174591115,121.955102852801,5.99244017983165,0,6059.19399886537,0,0,0,1.225
101.375,6.09376606020054,1,1,33.9206171938244,122.114221897768,5.99400360409663,0,6063.7485018453,0,0,0,1.225
101.625,6.10113141576697,1,1,33.9647709171023,122.273175301568,5.99556696094623,0,6068.30381271197,0,0,0,1.225
101.875,6.10848720765355,1,1,34.0088788076596,122.431963707575,5.99713025042774,0,6072.85993146607,0,0,0,1.225
102.125,6.11583347053907,1,1,34.0529410430998,122.590587755159,5.998693472588,0,6077.41685810793,0,0,0,1.225
102.375,6.12317023889125,1,1,34.0969577999247,122.749048079729,6.00025662747339,0,6081.97459263757,0,0,0,1.225
102.625,6.13049754696848,1,1,34.140929253544,122.907345312759,6.00181971512984,0,6086.53313505466,0,0,0,1.225
102.875,6.13781542882167,1,1,34.1848555782847,123.065480081825,6.00338273560465,0,6091.09248535999,0,0,0,1.225
103.125,6.14512391829594,1,1,34.2287369474002,123.223453010641,6.00494568894374,0,6095.65264355328,0,0,0,1.225
103.375,6.15242304903241,1,1,34.2725735330797,123.381264719087,6.00650857519258,0,6100.21360963391,0,0,0,1.225
103.625,6.1597128544699,1,1,34.316365506457,123.538915823245,6.00807139439576,0,6104.77538360056,0,0,0,1.225
103.875,6.16699336784666,1,1,34.3601130376197,123.696406935431,6.00963414660191,0,6109.33796545522,0,0,0,1.225
104.125,6.17426462220201,1,1,34.4038162956178,123.853738664224,6.01119683185379,0,6113.90135519517,0,0,0,1.225
104.375,6.18152665037805,1,1,34.4474754484727,124.010911614502,6.01275945019825,0,6118.46555282097,0,0,0,1.225
104.625,6.18877948502127,1,1,34.4910906631857,124.167926387469,6.01432200167892,0,6123.03055833068,0,0,0,1.225
104.875,6.19602315858424,1,1,34.5346621057468,124.324783580688,6.01588448634402,0,6127.59637172602,0,0,0,1.225
105.125,6.20325770332715,1,1,34.5781899411428,124.481483788114,6.01744690423584,0,6132.16299300401,0,0,0,1.225
105.375,6.21048315131948,1,1,34.621674333366,124.638027600118,6.01900925539894,0,6136.73042216349,0,0,0,1.225
105.625,6.21769953444151,1,1,34.6651154454226,124.794415603521,6.02057153987926,0,6141.29865920444,0,0,0,1.225
105.875,6.22490688438594,1,1,34.7085134393404,124.950648381626,6.02213375772271,0,6145.86770412686,0,0,0,1.225
106.125,6.23210523265942,1,1,34.7518684761776,125.10672651424,6.02369590897069,0,6150.43755692712,0,0,0,1.225
106.375,6.23929461058404,1,1,34.7951807160303,125.262650577709,6.02525799366822,0,6155.00821760456,0,0,0,1.225
106.625,6.2464750492989,1,1,34.8384503180407,125.418421144947,6.02682001186076,0,6159.57968615887,0,0,0,1.225
106.875,6.25364657976161,1,1,34.8816774404049,125.574038785458,6.02838196359153,0,6164.15196258796,0,0,0,1.225
107.125,6.26080923274969,1,1,34.9248622403808,125.729504065371,6.02994384890371,0,6168.72504688978,0,0,0,1.225
107.375,6.26796303886215,1,1,34.9680048742957,125.884817547464,6.03150566784234,0,6173.29893906373,0,0,0,1.225
107.625,6.27510802852086,1,1,35.0111054975537,126.039979791193,6.03306742044924,0,6177.87363910672,0,0,0,1.225
107.875,6.282244231972,1,1,35.054164264644,126.194991352718,6.0346291067699,0,6182.44914701856,0,0,0,1.225
108.125,6.28937167928752,1,1,35.0971813291473,126.34985278493,6.03619072684614,0,6187.02546279619,0,0,0,1.225
108.375,6.29649040036651,1,1,35.1401568437441,126.504564637479,6.03775228072118,0,6191.60258643768,0,0,0,1.225
108.625,6.3036004249366,1,1,35.1830909602216,126.659127456798,6.03931376843866,0,6196.18051794147,0,0,0,1.225
108.875,6.31070178255532,1,1,35.2259838294809,126.813541786131,6.04087519003997,0,6200.75925730419,0,0,0,1.225
109.125,6.31779450261152,1,1,35.2688356015442,126.967808165559,6.04243654557013,0,6205.33880452545,0,0,0,1.225
109.375,6.32487861432666,1,1,35.3116464255621,127.121927132023,6.04399783507142,0,6209.91915960265,0,0,0,1.225
109.625,6.33195414675616,1,1,35.3544164498203,127.275899219353,6.04555905858433,0,6214.50032253179,0,0,0,1.225
109.875,6.33902112879074,1,1,35.3971458217468,127.429724958289,6.04712021615251,0,6219.08229331143,0,0,0,1.225
110.125,6.34607958915772,1,1,35.4398346879186,127.583404876507,6.04868130781824,0,6223.66507193906,0,0,0,1.225
110.375,6.35312955642231,1,1,35.4824831940686,127.736939498647,6.05024233362337,0,6228.24865841184,0,0,0,1.225
110.625,6.36017105898888,1,1,35.5250914850922,127.890329346332,6.05180329360883,0,6232.83305272621,0,0,0,1.225
110.875,6.36720412510225,1,1,35.5676597050541,128.043574938195,6.05336418781826,0,6237.41825488082,0,0,0,1.225
111.125,6.37422878284896,1,1,35.6101879971948,128.196676789901,6.05492501629305,0,6242.00426487254,0,0,0,1.225
111.375,6.38124506015844,1,1,35.6526765039372,128.349635414174,6.05648577907277,0,6246.59108269679,0,0,0,1.225
111.625,6.38825298480435,1,1,35.6951253668931,128.502451320815,6.05804647620107,0,6251.17870835229,0,0,0,1.225
111.875,6.3952525844057,1,1,35.7375347268694,128.65512501673,6.05960710771797,0,6255.76714183487,0,0,0,1.225
112.125,6.40224388642811,1,1,35.7799047238745,128.807657005948,6.0611676736653,0,6260.35638314185,0,0,0,1.225
112.375,6.40922691818498,1,1,35.8222354971249,128.96004778965,6.06272817408353,0,6264.94643226948,0,0,0,1.225
112.625,6.41620170683871,1,1,35.8645271850508,129.112297866183,6.0642886090136,0,6269.53728921438,0,0,0,1.225
112.875,6.4231682794018,1,1,35.9067799253028,129.26440773109,6.06584897849643,0,6274.1289539732,0,0,0,1.225
113.125,6.43012666273809,1,1,35.9489938547576,129.416377877127,6.06740928257295,0,6278.72142654262,0,0,0,1.225
113.375,6.43707688356384,1,1,35.9911691095241,129.568208794287,6.06896952128227,0,6283.31470691789,0,0,0,1.225
113.625,6.4440189684489,1,1,36.0333058249496,129.719900969819,6.07052969466577,0,6287.90879509608,0,0,0,1.225
113.875,6.45095294381784,1,1,36.0754041356255,129.871454888252,6.07208980276482,0,6292.5036910743,0,0,0,1.225
114.125,6.45787883595103,1,1,36.117464175393,130.022871031415,6.07364984561718,0,6297.09939484678,0,0,0,1.225
114.375,6.46479667098579,1,1,36.1594860773493,130.174149878458,6.07520982326378,0,6301.69590641029,0,0,0,1.225
114.625,6.47170647491743,1,1,36.2014699738529,130.32529190587,6.07676973574507,0,6306.29322576128,0,0,0,1.225
114.875,6.47860827360036,1,1,36.2434159965294,130.476297587506,6.07832958310019,0,6310.89135289512,0,0,0,1.225
115.125,6.48550209274918,1,1,36.2853242762773,130.627167394598,6.07988936536867,0,6315.49028780758,0,0,0,1.225
115.375,6.49238795793968,1,1,36.3271949432734,130.777901795784,6.08144908258919,0,6320.09003049372,0,0,0,1.225
115.625,6.49926589460995,1,1,36.3690281269783,130.928501257122,6.08300873480266,0,6324.69058095041,0,0,0,1.225
115.875,6.50613592806139,1,1,36.4108239561418,131.078966242111,6.0845683220482,0,6329.29193917314,0,0,0,1.225
116.125,6.51299808345975,1,1,36.4525825588086,131.229297211711,6.08612784436264,0,6333.89410515555,0,0,0,1.225
116.375,6.51985238583612,1,1,36.4943040623231,131.379494624363,6.08768730178781,0,6338.49707889535,0,0,0,1.225
116.625,6.526698860088,1,1,36.5359885933353,131.529558936007,6.0892466943601,0,6343.10086038587,0,0,0,1.225
116.875,6.53353753098023,1,1,36.5776362778057,131.679490600101,6.09080602211952,0,6347.70544962339,0,0,0,1.225
117.125,6.54036842314602,1,1,36.6192472410105,131.829290067638,6.09236528510382,0,6352.31084660239,0,0,0,1.225
117.375,6.54719156108794,1,1,36.6608216075468,131.978957787168,6.09392448335302,0,6356.91705131917,0,0,0,1.225
117.625,6.55400696917886,1,1,36.7023595013377,132.128494204816,6.09548361690349,0,6361.52406376718,0,0,0,1.225
117.875,6.56081467166294,1,1,36.7438610456374,132.277899764295,6.09704268579435,0,6366.13188394205,0,0,0,1.225
118.125,6.56761469265655,1,1,36.785326363036,132.42717490693,6.09860169006288,0,6370.74051183797,0,0,0,1.225
118.375,6.57440705614925,1,1,36.8267555754648,132.576320071673,6.10016062974864,0,6375.34994745098,0,0,0,1.225
118.625,6.58119178600471,1,1,36.8681488042007,132.725335695122,6.10171950488757,0,6379.96019077423,0,0,0,1.225
118.875,6.58796890596162,1,1,36.9095061698715,132.874222211538,6.10327831551831,0,6384.57124180307,0,0,0,1.225
119.125,6.59473843963463,1,1,36.9508277924607,133.022980052858,6.10483706167861,0,6389.18310053215,0,0,0,1.225
119.375,6.60150041051526,1,1,36.9921137913117,133.171609648722,6.10639574340485,0,6393.79576695504,0,0,0,1.225
119.625,6.60825484197277,1,1,37.0333642851333,133.32011142648,6.10795436073522,0,6398.40924106679,0,0,0,1.225
119.875,6.61500175725509,1,1,37.0745793920039,133.468485811214,6.10951291370657,0,6403.02352286139,0,0,0,1.225
120.125,6.62174117948968,1,1,37.1157592293761,133.616733225754,6.11107140235663,0,6407.63861233355,0,0,0,1.225
120.375,6.62847313168441,1,1,37.1569039140815,133.764854090693,6.11262982672179,0,6412.25450947694,0,0,0,1.225
120.625,6.63519763672841,1,1,37.1980135623352,133.912848824407,6.11418818683887,0,6416.8712142856,0,0,0,1.225
120.875,6.64191471739298,1,1,37.2390882897403,134.060717843065,6.11574648274382,0,6421.48872675286,0,0,0,1.225
121.125,6.64862439633239,1,1,37.2801282112921,134.208461560652,6.1173047144739,0,6426.10704687316,0,0,0,1.225
121.375,6.65532669608472,1,1,37.3211334413829,134.356080388979,6.11886288206597,0,6430.72617464061,0,0,0,1.225
121.625,6.66202163907275,1,1,37.3621040938063,134.503574737703,6.12042098555594,0,6435.3461100486,0,0,0,1.225
121.875,6.66870924760473,1,1,37.4030402817612,134.65094501434,6.12197902497974,0,6439.96685309054,0,0,0,1.225
122.125,6.67538954387522,1,1,37.4439421178565,134.798191624283,6.12353700037374,0,6444.58840376024,0,0,0,1.225
122.375,6.68206254996591,1,1,37.4848097141152,134.945314970815,6.12509491177434,0,6449.2107620515,0,0,0,1.225
122.625,6.68872828784643,1,1,37.5256431819786,135.092315455123,6.12665275921609,0,6453.83392795671,0,0,0,1.225
122.875,6.69538677937513,1,1,37.5664426323103,135.239193476317,6.12821054273536,0,6458.45790146973,0,0,0,1.225
123.125,6.70203804629985,1,1,37.6072081754009,135.385949431443,6.12976826236763,0,6463.08268258371,0,0,0,1.225
123.375,6.70868211025877,1,1,37.6479399209713,135.532583715497,6.13132591814974,0,6467.7082712929,0,0,0,1.225
123.625,6.71531899278112,1,1,37.6886379781776,135.679096721439,6.13288351011533,0,6472.33466758904,0,0,0,1.225
123.875,6.72194871528797,1,1,37.7293024556145,135.825488840212,6.13444103829988,0,6476.96187146533,0,0,0,1.225
124.125,6.72857129909302,1,1,37.7699334613194,135.97176046075,6.13599850274022,0,6481.58988291611,0,0,0,1.225
124.375,6.73518676540331,1,1,37.8105311027768,136.117911969996,6.13755590346909,0,6486.21870193241,0,0,0,1.225
124.625,6.74179513531999,1,1,37.8510954869215,136.263943752917,6.13911324052242,0,6490.84832850789,0,0,0,1.225
124.875,6.74839642983906,1,1,37.8916267201431,136.409856192515,6.14067051393431,0,6495.47876263472,0,0,0,1.225
125.125,6.75499066985212,1,1,37.9321249082895,136.555649669842,6.14222772374069,0,6500.11000430658,0,0,0,1.225
125.375,6.76157787614706,1,1,37.972590156671,136.701324564016,6.14378486997475,0,6504.74205351498,0,0,0,1.225
125.625,6.76815806940882,1,1,38.0130225700637,136.846881252229,6.14534195267152,0,6509.37491025288,0,0,0,1.225
125.875,6.77473127022008,1,1,38.0534222527134,136.992320109768,6.14689897186508,0,6514.00857451256,0,0,0,1.225
126.125,6.78129749906198,1,1,38.0937893083396,137.137641510023,6.14845592759002,0,6518.64304628667,0,0,0,1.225
126.375,6.78785677631481,1,1,38.1341238401387,137.282845824499,6.15001281988043,0,6523.27832556752,0,0,0,1.225
126.625,6.79440912225874,1,1,38.174425950788,137.427933422837,6.15156964876905,0,6527.91441234634,0,0,0,1.225
126.875,6.80095455707448,1,1,38.2146957424492,137.572904672817,6.15312641429136,0,6532.55130661657,0,0,0,1.225
127.125,6.80749310084394,1,1,38.2549333167718,137.717759940378,6.1546831164801,0,6537.18900836948,0,0,0,1.225
127.375,6.81402477355097,1,1,38.295138774897,137.862499589629,6.15623975536982,0,6541.82751759781,0,0,0,1.225
127.625,6.820549595082,1,1,38.3353122174609,138.007123982859,6.15779633099237,0,6546.46683429215,0,0,0,1.225
127.875,6.82706758522668,1,1,38.3754537445983,138.151633480554,6.15935284338229,0,6551.10695844528,0,0,0,1.225
128.125,6.83357876367859,1,1,38.4155634559457,138.296028441405,6.16090929257325,0,6555.74789004927,0,0,0,1.225
128.375,6.84008315003586,1,1,38.4556414506452,138.440309222323,6.16246567859707,0,6560.38962909475,0,0,0,1.225
128.625,6.84658076380184,1,1,38.4956878273477,138.584476178452,6.16402200148741,0,6565.03217557385,0,0,0,1.225
128.875,6.8530716243857,1,1,38.5357026842161,138.728529663178,6.16557826127701,0,6569.67552947795,0,0,0,1.225
129.125,6.85955575110314,1,1,38.5756861189288,138.872470028144,6.16713445799905,0,6574.31969079884,0,0,0,1.225
129.375,6.86603316317695,1,1,38.6156382286832,139.016297623259,6.1686905916863,0,6578.96465952795,0,0,0,1.225
129.625,6.87250387973768,1,1,38.6555591101985,139.160012796715,6.17024666237148,0,6583.61043565675,0,0,0,1.225
129.875,6.87896791982425,1,1,38.6954488597195,139.30361589499,6.17180267008553,0,6588.25701917524,0,0,0,1.225
130.125,6.88542530238455,1,1,38.7353075730192,139.447107262869,6.17335861486254,0,6592.90441007601,0,0,0,1.225
130.375,6.89187604627608,1,1,38.7751353454028,139.59048724345,6.17491449673435,0,6597.55260834984,0,0,0,1.225
130.625,6.89832017026653,1,1,38.8149322717098,139.733756178155,6.17647031573188,0,6602.2016139868,0,0,0,1.225
130.875,6.90475769303439,1,1,38.8546984463182,139.876914406746,6.17802607188924,0,6606.85142697953,0,0,0,1.225
131.125,6.91118863316953,1,1,38.894433963147,140.019962267329,6.17958176523643,0,6611.5020473174,0,0,0,1.225
131.375,6.91761300917383,1,1,38.9341389156594,140.162900096374,6.18113739580622,0,6616.15347499199,0,0,0,1.225
131.625,6.92403083946171,1,1,38.9738133968659,140.305728228717,6.18269296362951,0,6620.80570999344,0,0,0,1.225
131.875,6.93044214236074,1,1,39.0134574993273,140.448446997578,6.1842484687395,0,6625.45875231373,0,0,0,1.225
132.125,6.93684693611223,1,1,39.0530713151577,140.591056734568,6.18580391116529,0,6630.11260194157,0,0,0,1.225
132.375,6.94324523887177,1,1,39.0926549360276,140.733557769699,6.18735929094009,0,6634.76725886899,0,0,0,1.225
132.625,6.94963706870978,1,1,39.1322084531665,140.8759504314,6.18891460809482,0,6639.4227230862,0,0,0,1.225
132.875,6.95602244361214,1,1,39.1717319573665,141.018235046519,6.19046986265994,0,6644.07899458304,0,0,0,1.225
133.125,6.96240138148066,1,1,39.2112255389843,141.160411940344,6.19202505466637,0,6648.73607334978,0,0,0,1.225
133.375,6.96877390013371,1,1,39.250689287945,141.302481436602,6.19358018414596,0,6653.39395937739,0,0,0,1.225
133.625,6.97514001730668,1,1,39.2901232937442,141.444443857479,6.19513525112961,0,6658.05265265617,0,0,0,1.225
133.875,6.98149975065262,1,1,39.3295276454513,141.586299523625,6.19669025564644,0,6662.71215317494,0,0,0,1.225
134.125,6.98785311774267,1,1,39.368902431712,141.728048754163,6.19824519772783,0,6667.37246092438,0,0,0,1.225
134.375,6.9942001360667,1,1,39.4082477407514,141.869691866705,6.19980007740469,0,6672.03357589483,0,0,0,1.225
134.625,7.00054082303376,1,1,39.4475636603767,142.011229177356,6.20135489470749,0,6676.69549807626,0,0,0,1.225
134.875,7.00687519597261,1,1,39.4868502779794,142.152661000726,6.20290964966625,0,6681.35822745831,0,0,0,1.225
135.125,7.01320327213231,1,1,39.5261076805389,142.29398764994,6.20446434231008,0,6686.02176402991,0,0,0,1.225
135.375,7.01952506868263,1,1,39.5653359546245,142.435209436648,6.20601897267034,0,6690.68610778181,0,0,0,1.225
135.625,7.02584060271465,1,1,39.6045351863983,142.576326671034,6.20757354077614,0,6695.35125870297,0,0,0,1.225
135.875,7.0321498912412,1,1,39.643705461618,142.717339661825,6.20912804665932,0,6700.01721678455,0,0,0,1.225
136.125,7.03845295119742,1,1,39.6828468656392,142.858248716301,6.21068249034533,0,6704.68398201262,0,0,0,1.225
136.375,7.04474979944122,1,1,39.7219594834183,142.999054140306,6.2122368718683,0,6709.35155438021,0,0,0,1.225
136.625,7.05104045275377,1,1,39.7610433995149,143.139756238254,6.2137911912555,0,6714.01993387486,0,0,0,1.225
136.875,7.05732492784002,1,1,39.8000986980944,143.28035531314,6.21534544853694,0,6718.68912048636,0,0,0,1.225
137.125,7.06360324132917,1,1,39.8391254629306,143.42085166655,6.21689964374036,0,6723.35911420266,0,0,0,1.225
137.375,7.06987540977514,1,1,39.8781237774081,143.561245598669,6.21845377689669,0,6728.02991501428,0,0,0,1.225
137.625,7.07614144965707,1,1,39.9170937245251,143.70153740829,6.22000784803458,0,6732.70152290997,0,0,0,1.225
137.875,7.08240137737978,1,1,39.9560353868952,143.841727392823,6.22156185718404,0,6737.37393787953,0,0,0,1.225
138.125,7.08865520927424,1,1,39.9949488467508,143.981815848303,6.22311580437145,0,6742.04715990992,0,0,0,1.225
138.375,7.09490296159805,1,1,40.0338341859446,144.121803069401,6.22466968962681,0,6746.721188991,0,0,0,1.225
138.625,7.10114465053587,1,1,40.0726914859529,144.26168934943,6.22622351298014,0,6751.39602511263,0,0,0,1.225
138.875,7.10738029219993,1,1,40.1115208278771,144.401474980358,6.22777727445828,0,6756.07166826218,0,0,0,1.225
139.125,7.11360990263043,1,1,40.1503222924469,144.541160252809,6.22933097408986,0,6760.74811842845,0,0,0,1.225
139.375,7.11983349779605,1,1,40.189095960022,144.680745456079,6.23088461190309,0,6765.42537559993,0,0,0,1.225
139.625,7.12605109359432,1,1,40.2278419105949,144.820230878142,6.23243818792753,0,6770.10343976618,0,0,0,1.225
139.875,7.13226270585216,1,1,40.2665602237929,144.959616805655,6.23399170219045,0,6774.78231091498,0,0,0,1.225
140.125,7.13846835032623,1,1,40.3052509788808,145.098903523971,6.23554515472051,0,6779.46198903522,0,0,0,1.225
140.375,7.14466804270343,1,1,40.3439142547626,145.238091317145,6.23709854554363,0,6784.1424741136,0,0,0,1.225
140.625,7.15086179860131,1,1,40.3825501299843,145.377180467944,6.23865187468982,0,6788.82376614013,0,0,0,1.225
140.875,7.15704963356848,1,1,40.4211586827359,145.516171257849,6.24020514218591,0,6793.50586510228,0,0,0,1.225
141.125,7.16323156308508,1,1,40.4597399908536,145.655063967073,6.24175834805965,0,6798.18877098826,0,0,0,1.225
141.375,7.16940760256317,1,1,40.4982941318221,145.79385887456,6.24331149233876,0,6802.87248378631,0,0,0,1.225
141.625,7.17557776734718,1,1,40.5368211827768,145.932556257997,6.24486457504963,0,6807.55700348358,0,0,0,1.225
141.875,7.18174207271427,1,1,40.575321220506,146.071156393821,6.24641759622136,0,6812.24233006942,0,0,0,1.225
142.125,7.18790053387482,1,1,40.6137943214527,146.20965955723,6.24797055587987,0,6816.92846353065,0,0,0,1.225
142.375,7.19405316597278,1,1,40.6522405617175,146.348066022183,6.24952345405245,0,6821.6154038552,0,0,0,1.225
142.625,7.20019998408611,1,1,40.6906600170599,146.486376061416,6.25107629076592,0,6826.30315103065,0,0,0,1.225
142.875,7.20634100322715,1,1,40.7290527629008,146.624589946443,6.25262906604803,0,6830.99170504531,0,0,0,1.225
143.125,7.21247623834306,1,1,40.7674188743248,146.762707947569,6.2541817799256,0,6835.68106588678,0,0,0,1.225
143.375,7.21860570431619,1,1,40.8057584260817,146.900730333894,6.25573443242411,0,6840.37123354162,0,0,0,1.225
143.625,7.2247294159645,1,1,40.8440714925892,147.038657373321,6.25728702357083,0,6845.0622079978,0,0,0,1.225
143.875,7.23084738804192,1,1,40.8823581479344,147.176489332564,6.25883955339305,0,6849.75398924335,0,0,0,1.225
144.125,7.23695963523874,1,1,40.9206184658762,147.314226477154,6.26039202191578,0,6854.44657726448,0,0,0,1.225
144.375,7.24306617218205,1,1,40.958852519847,147.451869071449,6.26194442916631,0,6859.13997204923,0,0,0,1.225
144.625,7.24916701343602,1,1,40.997060382955,147.589417378638,6.26349677517101,0,6863.83417358494,0,0,0,1.225
144.875,7.25526217350239,1,1,41.0352421279861,147.72687166075,6.26504905995489,0,6868.52918185785,0,0,0,1.225
145.125,7.26135166682078,1,1,41.0733978274055,147.86423217866,6.2666012835457,0,6873.22499685643,0,0,0,1.225
145.375,7.26743550776905,1,1,41.1115275533602,148.001499192097,6.26815344596753,0,6877.92161856621,0,0,0,1.225
145.625,7.27351371066375,1,1,41.1496313776806,148.13867295965,6.26970554724676,0,6882.6190469746,0,0,0,1.225
145.875,7.27958628976038,1,1,41.1877093718826,148.275753738777,6.27125758741022,0,6887.31728206936,0,0,0,1.225
146.125,7.28565325925386,1,1,41.2257616071691,148.412741785809,6.27280956648247,0,6892.01632383645,0,0,0,1.225
146.375,7.2917146332788,1,1,41.2637881544324,148.549637355957,6.27436148448851,0,6896.71617226221,0,0,0,1.225
146.625,7.29777042590994,1,1,41.301789084256,148.686440703321,6.27591334145473,0,6901.41682733408,0,0,0,1.225
146.875,7.30382065116244,1,1,41.3397644669159,148.823152080897,6.27746513740658,0,6906.1182890388,0,0,0,1.225
147.125,7.30986532299227,1,1,41.3777143723832,148.959771740579,6.27901687236908,0,6910.82055736275,0,0,0,1.225
147.375,7.31590445529655,1,1,41.4156388703254,149.096299933171,6.28056854636634,0,6915.52363229159,0,0,0,1.225
147.625,7.32193806191391,1,1,41.4535380301085,149.232736908391,6.28212015942472,0,6920.22751381283,0,0,0,1.225
147.875,7.32796615662481,1,1,41.4914119207988,149.369082914876,6.28367171156924,0,6924.93220191289,0,0,0,1.225
148.125,7.33398875315191,1,1,41.5292606111643,149.505338200191,6.28522320282309,0,6929.63769657675,0,0,0,1.225
148.375,7.3400058651604,1,1,41.567084169677,149.641503010837,6.28677463321355,0,6934.34399779268,0,0,0,1.225
148.625,7.34601750625834,1,1,41.6048826645143,149.777577592252,6.28832600276201,0,6939.05110554423,0,0,0,1.225
148.875,7.35202368999697,1,1,41.6426561635611,149.91356218882,6.28987731149618,0,6943.75901982007,0,0,0,1.225
149.125,7.3580244298711,1,1,41.6804047344109,150.049457043879,6.29142855943883,0,6948.46774060486,0,0,0,1.225
149.375,7.36401973931937,1,1,41.7181284443684,150.185262399726,6.29297974661495,0,6953.17726788511,0,0,0,1.225
149.625,7.37000963172464,1,1,41.7558273604503,150.320978497621,6.29453087304955,0,6957.88760164734,0,0,0,1.225
149.875,7.37599412041428,1,1,41.7935015493879,150.456605577796,6.29608193876493,0,6962.59874187589,0,0,0,1.225
150.125,7.38197321866049,1,1,41.8311510776278,150.59214387946,6.29763294378608,0,6967.31068855732,0,0,0,1.225
150.375,7.38794693968064,1,1,41.8687760113346,150.727593640804,6.29918388813621,0,6972.02344167672,0,0,0,1.225
150.625,7.39391529663758,1,1,41.9063764163916,150.86295509901,6.30073477184078,0,6976.73700122103,0,0,0,1.225
150.875,7.39987830263996,1,1,41.9439523584031,150.998228490251,6.30228559492207,0,6981.45136717465,0,0,0,1.225
151.125,7.40583597074254,1,1,41.9815039026959,151.133414049705,6.30383635740509,0,6986.16653952418,0,0,0,1.225
151.375,7.41178831394647,1,1,42.0190311143207,151.268512011555,6.30538705931349,0,6990.88251825513,0,0,0,1.225
151.625,7.41773534519967,1,1,42.0565340580539,151.403522608994,6.3069377006691,0,6995.59930335159,0,0,0,1.225
151.875,7.42367707739707,1,1,42.0940127983991,151.538446074237,6.30848828149783,0,7000.31689480091,0,0,0,1.225
152.125,7.42961352338094,1,1,42.1314673995888,151.67328263852,6.31003880182107,0,7005.03529258684,0,0,0,1.225
152.375,7.43554469594119,1,1,42.168897925586,151.80803253211,6.31158926166199,0,7009.75449669458,0,0,0,1.225
152.625,7.44147060781567,1,1,42.2063044400853,151.942695984307,6.31313966104426,0,7014.47450710971,0,0,0,1.225
152.875,7.44739127169049,1,1,42.2436870065152,152.077273223455,6.31468999999197,0,7019.1953238182,0,0,0,1.225
153.125,7.45330670020026,1,1,42.2810456880391,152.211764476941,6.31624027852558,0,7023.91694680311,0,0,0,1.225
153.375,7.45921690592843,1,1,42.318380547557,152.346169971205,6.31779049667011,0,7028.63937605115,0,0,0,1.225
153.625,7.46512190140757,1,1,42.355691647707,152.480489931745,6.3193406544483,0,7033.36261154722,0,0,0,1.225
153.875,7.47102169911964,1,1,42.3929790508666,152.61472458312,6.32089075188151,0,7038.08665327516,0,0,0,1.225
154.125,7.47691631149632,1,1,42.4302428191548,152.748874148957,6.32244078899475,0,7042.81150122171,0,0,0,1.225
154.375,7.48280575091924,1,1,42.4674830144328,152.882938851958,6.32399076580759,0,7047.53715536928,0,0,0,1.225
154.625,7.4886900297203,1,1,42.504699698306,153.016918913902,6.32554068234322,0,7052.26361570317,0,0,0,1.225
154.875,7.49456916018194,1,1,42.5418929321253,153.150814555651,6.32709053862436,0,7056.99088220837,0,0,0,1.225
155.125,7.50044315453742,1,1,42.5790627769886,153.284625997159,6.32864033467467,0,7061.71895487057,0,0,0,1.225
155.375,7.50631202497109,1,1,42.6162092937422,153.418353457472,6.33019007051371,0,7066.44783367223,0,0,0,1.225
155.625,7.51217578361868,1,1,42.653332542982,153.551997154735,6.33173974616466,0,7071.17751859871,0,0,0,1.225
155.875,7.51803444256754,1,1,42.6904325850554,153.685557306199,6.33328936165071,0,7075.90800963539,0,0,0,1.225
156.125,7.52388801385696,1,1,42.7275094800624,153.819034128225,6.33483891699143,0,7080.63930676477,0,0,0,1.225
156.375,7.52973650947839,1,1,42.7645632878569,153.952427836285,6.33638841221,0,7085.37140997223,0,0,0,1.225
156.625,7.53557994137573,1,1,42.8015940680485,154.085738644975,6.33793784732916,0,7090.10431924285,0,0,0,1.225
156.875,7.54141832144561,1,1,42.8386018800034,154.218966768012,6.33948722236755,0,7094.8380345584,0,0,0,1.225
157.125,7.54725166153761,1,1,42.875586782846,154.352112418246,6.34103653734837,0,7099.57255590433,0,0,0,1.225
157.375,7.55307997345455,1,1,42.9125488354603,154.485175807657,6.3425857922939,0,7104.30788326536,0,0,0,1.225
157.625,7.55890326895277,1,1,42.9494880964913,154.618157147369,6.34413498722461,0,7109.04401662478,0,0,0,1.225
157.875,7.56472155974233,1,1,42.986404624346,154.751056647646,6.34568412216095,0,7113.78095596587,0,0,0,1.225
158.125,7.57053485748732,1,1,43.0232984771951,154.883874517902,6.3472331971243,0,7118.51870127268,0,0,0,1.225
158.375,7.57634317380608,1,1,43.0601697129741,155.016610966707,6.34878221213785,0,7123.2572525307,0,0,0,1.225
158.625,7.58214652027147,1,1,43.0970183893848,155.149266201785,6.35033116721979,0,7127.99660972144,0,0,0,1.225
158.875,7.58794490841111,1,1,43.1338445638964,155.281840430027,6.35188006239241,0,7132.7367728297,0,0,0,1.225
159.125,7.59373834970763,1,1,43.1706482937469,155.414333857489,6.35342889767708,0,7137.47774183955,0,0,0,1.225
159.375,7.59952685559891,1,1,43.2074296359444,155.5467466894,6.35497767309289,0,7142.21951673327,0,0,0,1.225
159.625,7.60531043747835,1,1,43.2441886472682,155.679079130166,6.35652638866077,0,7146.96209749459,0,0,0,1.225
159.875,7.61108910669508,1,1,43.2809253842705,155.811331383374,6.35807504440254,0,7151.705484108,0,0,0,1.225
160.125,7.61686287455424,1,1,43.317639903277,155.943503651797,6.35962364033776,0,7156.44967655615,0,0,0,1.225
160.375,7.62263175231716,1,1,43.3543322603887,156.075596137399,6.36117217648689,0,7161.19467482247,0,0,0,1.225
160.625,7.62839575120167,1,1,43.3910025114829,156.207609041339,6.36272065286994,0,7165.94047889,0,0,0,1.225
160.875,7.63415488238229,1,1,43.4276507122146,156.339542563973,6.36426906950828,0,7170.68708874291,0,0,0,1.225
161.125,7.63990915699045,1,1,43.4642769180173,156.471396904862,6.36581742641965,0,7175.43450436244,0,0,0,1.225
161.375,7.64565858611479,1,1,43.5008811841048,156.603172262777,6.36736572362634,0,7180.18272573352,0,0,0,1.225
161.625,7.65140318080132,1,1,43.537463565472,156.734868835699,6.36891396114743,0,7184.93175283851,0,0,0,1.225
161.875,7.6571429520537,1,1,43.574024116896,156.866486820826,6.37046213900339,0,7189.68158566089,0,0,0,1.225
162.125,7.66287791083343,1,1,43.6105628929379,156.998026414576,6.37201025721242,0,7194.43222418232,0,0,0,1.225
162.375,7.66860806806011,1,1,43.6470799479432,157.129487812595,6.37355831579544,0,7199.18366838666,0,0,0,1.225
162.625,7.67433343461164,1,1,43.6835753360435,157.260871209757,6.37510631477198,0,7203.9359182567,0,0,0,1.225
162.875,7.68005402132445,1,1,43.7200491111575,157.392176800167,6.37665425416117,0,7208.68897377486,0,0,0,1.225
163.125,7.68576983899373,1,1,43.756501326992,157.523404777171,6.378202133983,0,7213.4428349243,0,0,0,1.225
163.375,7.69148089837366,1,1,43.7929320370435,157.654555333357,6.3797499542552,0,7218.19750168639,0,0,0,1.225
163.625,7.69718721017759,1,1,43.8293412945989,157.785628660556,6.38129771499962,0,7222.95297404576,0,0,0,1.225
163.875,7.7028887850783,1,1,43.8657291527365,157.916624949851,6.38284541623398,0,7227.7092519838,0,0,0,1.225
164.125,7.70858563370818,1,1,43.9020956643278,158.04754439158,6.38439305797647,0,7232.46633548224,0,0,0,1.225
164.375,7.71427776665948,1,1,43.938440882038,158.178387175337,6.38594064024755,0,7237.22422452468,0,0,0,1.225
164.625,7.7199651944845,1,1,43.9747648583272,158.309153489978,6.38748816306452,0,7241.98291909217,0,0,0,1.225
164.875,7.7256479276958,1,1,44.011067645452,158.439843523627,6.38903562644873,0,7246.74241916902,0,0,0,1.225
165.125,7.73132597676643,1,1,44.0473492954658,158.570457463677,6.39058303041656,0,7251.50272473559,0,0,0,1.225
165.375,7.7369993521301,1,1,44.0836098602204,158.700995496793,6.39213037498712,0,7256.2638357744,0,0,0,1.225
165.625,7.74266806418145,1,1,44.119849391367,158.831457808921,6.39367766018131,0,7261.02575226944,0,0,0,1.225
165.875,7.74833212327619,1,1,44.1560679403574,158.961844585287,6.39522488601369,0,7265.78847419964,0,0,0,1.225
166.125,7.75399153973135,1,1,44.1922655584446,159.092156010401,6.39677205250655,0,7270.55200155011,0,0,0,1.225
166.375,7.75964632382544,1,1,44.2284422966843,159.222392268064,6.39831915967443,0,7275.31633429977,0,0,0,1.225
166.625,7.76529648579871,1,1,44.2645982059358,159.352553541369,6.39986620753916,0,7280.08147243339,0,0,0,1.225
166.875,7.77094203585331,1,1,44.3007333368631,159.482640012707,6.40141319611712,0,7284.84741593139,0,0,0,1.225
167.125,7.77658298415347,1,1,44.3368477399357,159.612651863768,6.40296012542512,0,7289.61416477455,0,0,0,1.225
167.375,7.78221934082577,1,1,44.3729414654299,159.742589275548,6.40450699548364,0,7294.38171894656,0,0,0,1.225
167.625,7.78785111595925,1,1,44.4090145634297,159.872452428347,6.40605380631041,0,7299.15007842897,0,0,0,1.225
167.875,7.79347831960566,1,1,44.445067083828,160.002241501781,6.40760055792134,0,7303.91924320186,0,0,0,1.225
168.125,7.79910096177967,1,1,44.4810990763272,160.131956674778,6.40914725033508,0,7308.6892132475,0,0,0,1.225
168.375,7.80471905245898,1,1,44.5171105904405,160.261598125586,6.41069388357027,0,7313.45998854819,0,0,0,1.225
168.625,7.81033260158459,1,1,44.553101675493,160.391166031775,6.41224045764329,0,7318.2315690844,0,0,0,1.225
168.875,7.81594161906098,1,1,44.5890723806222,160.52066057024,6.41378697257232,0,7323.00395483808,0,0,0,1.225
169.125,7.82154611475625,1,1,44.6250227547797,160.650081917207,6.41533342837374,0,7327.77714578972,0,0,0,1.225
169.375,7.82714609850235,1,1,44.6609528467314,160.779430248233,6.41687982506619,0,7332.55114192166,0,0,0,1.225
169.625,7.83274158009527,1,1,44.6968627050591,160.908705738213,6.41842616266695,0,7337.32594321513,0,0,0,1.225
169.875,7.8383325692952,1,1,44.732752378161,161.037908561379,6.41997244119239,0,7342.10154965067,0,0,0,1.225
170.125,7.84391907582671,1,1,44.7686219142529,161.167038891311,6.42151866065979,0,7346.87796120954,0,0,0,1.225
170.375,7.84950110937897,1,1,44.8044713613693,161.29609690093,6.42306482108597,0,7351.65517787265,0,0,0,1.225
170.625,7.8550786796059,1,1,44.8403007673639,161.42508276251,6.42461092248868,0,7356.43319962164,0,0,0,1.225
170.875,7.86065179612634,1,1,44.8761101799109,161.553996647679,6.42615696488429,0,7361.21202643708,0,0,0,1.225
171.125,7.86622046852427,1,1,44.9118996465056,161.68283872742,6.42770294828961,0,7365.9916582999,0,0,0,1.225
171.375,7.87178470634895,1,1,44.9476692144659,161.811609172077,6.42924887272102,0,7370.7720951907,0,0,0,1.225
171.625,7.87734451911512,1,1,44.9834189309325,161.940308151357,6.4307947381958,0,7375.55333709078,0,0,0,1.225
171.875,7.88289991630315,1,1,45.0191488428703,162.068935834333,6.43234054472987,0,7380.33538398039,0,0,0,1.225
172.125,7.88845090735926,1,1,45.0548589970691,162.197492389449,6.43388629234096,0,7385.11823584123,0,0,0,1.225
172.375,7.89399750169564,1,1,45.0905494401446,162.32597798452,6.43543198104317,0,7389.9018926521,0,0,0,1.225
172.625,7.89953970869064,1,1,45.1262202185392,162.454392786741,6.43697761085423,0,7394.68635439472,0,0,0,1.225
172.875,7.90507753768897,1,1,45.161871378523,162.582736962683,6.43852318179097,0,7399.47162105008,0,0,0,1.225
173.125,7.91061099800182,1,1,45.1975029661946,162.711010678301,6.44006869386885,0,7404.25769259812,0,0,0,1.225
173.375,7.91614009890707,1,1,45.233115027482,162.839214098935,6.4416141471047,0,7409.04456901984,0,0,0,1.225
173.625,7.92166484964945,1,1,45.2687076081433,162.967347389316,6.44315954151352,0,7413.83225029482,0,0,0,1.225
173.875,7.92718525944067,1,1,45.3042807537679,163.095410713564,6.44470487711078,0,7418.62073640301,0,0,0,1.225
174.125,7.93270133745965,1,1,45.3398345097772,163.223404235198,6.44625015391193,0,7423.41002732436,0,0,0,1.225
174.375,7.93821309285261,1,1,45.3753689214252,163.351328117131,6.44779537193699,0,7428.20012304247,0,0,0,1.225
174.625,7.9437205347333,1,1,45.4108840337999,163.47918252168,6.44934053119687,0,7432.99102353367,0,0,0,1.225
174.875,7.94922367218313,1,1,45.4463798918237,163.606967610565,6.45088563170884,0,7437.7827287794,0,0,0,1.225
175.125,7.95472251425133,1,1,45.4818565402541,163.734683544915,6.45243067348747,0,7442.57523875892,0,0,0,1.225
175.375,7.9602170699551,1,1,45.5173140236851,163.862330485266,6.45397565655094,0,7447.36855345441,0,0,0,1.225
175.625,7.96570734827981,1,1,45.5527523865477,163.989908591572,6.45552058091107,0,7452.16267284297,0,0,0,1.225
175.875,7.97119335817913,1,1,45.5881716731106,164.117418023198,6.45706544658697,0,7456.95759690752,0,0,0,1.225
176.125,7.97667510857516,1,1,45.6235719274812,164.244858938932,6.45861025359045,0,7461.75332562517,0,0,0,1.225
176.375,7.98215260835864,1,1,45.6589531936063,164.372231496983,6.46015500193789,0,7466.54985897667,0,0,0,1.225
176.625,7.98762586638909,1,1,45.6943155152731,164.499535854983,6.46169969164566,0,7471.34719694281,0,0,0,1.225
176.875,7.99309489149493,1,1,45.7296589361097,164.626772169995,6.46324432272741,0,7476.14533950217,0,0,0,1.225
177.125,7.99855969247366,1,1,45.7649834995862,164.75394059851,6.46478889519858,0,7480.9442866348,0,0,0,1.225
177.375,8.00402027809204,1,1,45.8002892490153,164.881041296455,6.46633340907283,0,7485.74403831931,0,0,0,1.225
177.625,8.00947665708617,1,1,45.8355762275531,165.008074419191,6.46787786436653,0,7490.54459453651,0,0,0,1.225
177.875,8.01492883816171,1,1,45.8708444781998,165.135040121519,6.46942226109331,0,7495.34595526502,0,0,0,1.225
178.125,8.02037682999399,1,1,45.9060940438008,165.261938557683,6.47096659926774,0,7500.1481204842,0,0,0,1.225
178.375,8.02582064122816,1,1,45.9413249670471,165.38876988137,6.47251087890618,0,7504.95109017487,0,0,0,1.225
178.625,8.03126028047937,1,1,45.9765372904763,165.515534245715,6.47405510002136,0,7509.75486431496,0,0,0,1.225
178.875,8.03669575633287,1,1,46.0117310564732,165.642231803303,6.47559926262784,0,7514.55944288384,0,0,0,1.225
179.125,8.04212707734419,1,1,46.0469063072707,165.768862706174,6.47714336674017,0,7519.36482586093,0,0,0,1.225
179.375,8.04755425203928,1,1,46.0820630849503,165.895427105821,6.47868741237289,0,7524.1710132256,0,0,0,1.225
179.625,8.05297728891462,1,1,46.1172014314433,166.021925153196,6.48023139953966,0,7528.97800495655,0,0,0,1.225
179.875,8.05839619643742,1,1,46.1523213885311,166.148356998712,6.48177532825412,0,7533.78580103246,0,0,0,1.225
180.125,8.06381098304571,1,1,46.1874229978461,166.274722792246,6.48331919853172,0,7538.59440143349,0,0,0,1.225
180.375,8.06922165714852,1,1,46.2225063008724,166.401022683141,6.48486301038611,0,7543.40380613833,0,0,0,1.225
180.625,8.07462822712599,1,1,46.2575713389467,166.527256820208,6.48640676383002,0,7548.21401512498,0,0,0,1.225
180.875,8.08003070132952,1,1,46.2926181532588,166.653425351732,6.487950458878,0,7553.02502837288,0,0,0,1.225
181.125,8.08542908808193,1,1,46.3276467848522,166.779528425468,6.48949409554461,0,7557.83684586148,0,0,0,1.225
181.375,8.09082339567756,1,1,46.3626572746254,166.905566188651,6.49103767384167,0,7562.64946756806,0,0,0,1.225
181.625,8.09621363238242,1,1,46.3976496633319,167.031538787995,6.49258119378374,0,7567.4628934721,0,0,0,1.225
181.875,8.10159980643436,1,1,46.4326239915813,167.157446369693,6.49412465538535,0,7572.27712355307,0,0,0,1.225
182.125,8.10698192604315,1,1,46.4675802998401,167.283289079424,6.49566805865834,0,7577.09215778827,0,0,0,1.225
182.375,8.11235999939064,1,1,46.5025186284319,167.409067062355,6.49721140361635,0,7581.90799615647,0,0,0,1.225
182.625,8.11773403463091,1,1,46.5374390175386,167.534780463139,6.49875469027393,0,7586.72463863716,0,0,0,1.225
182.875,8.12310403989037,1,1,46.572341507201,167.660429425924,6.50029791864199,0,7591.54208520694,0,0,0,1.225
183.125,8.12847002326793,1,1,46.6072261373191,167.786014094349,6.50184108873509,0,7596.36033584533,0,0,0,1.225
183.375,8.13383199283508,1,1,46.6420929476533,167.911534611552,6.50338420056778,0,7601.17939053185,0,0,0,1.225
183.625,8.13918995663608,1,1,46.6769419778246,168.036991120169,6.50492725415188,0,7605.99924924383,0,0,0,1.225
183.875,8.14454392268803,1,1,46.7117732673158,168.162383762337,6.50647024949922,0,7610.81991195865,0,0,0,1.225
184.125,8.14989389898104,1,1,46.7465868554716,168.287712679698,6.50801318662252,0,7615.64137865437,0,0,0,1.225
184.375,8.15523989347835,1,1,46.7813827814996,168.412978013399,6.50955606553725,0,7620.46364931128,0,0,0,1.225
184.625,8.16058191411644,1,1,46.816161084471,168.538179904096,6.51109888625342,0,7625.2867239053,0,0,0,1.225
184.875,8.16591996880519,1,1,46.850921803321,168.663318491955,6.51264164878467,0,7630.11060241527,0,0,0,1.225
185.125,8.17125406542795,1,1,46.8856649768496,168.788393916658,6.51418435314372,0,7634.93528481929,0,0,0,1.225
185.375,8.17658421184173,1,1,46.9203906437223,168.9134063174,6.5157269993415,0,7639.76077109404,0,0,0,1.225
185.625,8.18191041587727,1,1,46.9550988424706,169.038355832894,6.51726958739437,0,7644.58706122056,0,0,0,1.225
185.875,8.18723268533921,1,1,46.9897896114928,169.163242601374,6.51881211731052,0,7649.41415517334,0,0,0,1.225
186.125,8.19255102800616,1,1,47.0244629890546,169.288066760596,6.5203545891045,0,7654.24205293198,0,0,0,1.225
186.375,8.19786545163088,1,1,47.0591190132894,169.412828447842,6.52189700278814,0,7659.07075447391,0,0,0,1.225
186.625,8.20317596394033,1,1,47.0937577221995,169.537527799918,6.52343935837325,0,7663.90025977654,0,0,0,1.225
186.875,8.20848257263587,1,1,47.1283791536563,169.662164953163,6.52498165587349,0,7668.73056881879,0,0,0,1.225
187.125,8.21378528539332,1,1,47.1629833454011,169.786740043444,6.52652389529703,0,7673.56168157516,0,0,0,1.225
187.375,8.21908410986311,1,1,47.1975703350455,169.911253206164,6.52806607666025,0,7678.39359802676,0,0,0,1.225
187.625,8.22437905367039,1,1,47.2321401600724,170.035704576261,6.52960819997134,0,7683.22631814812,0,0,0,1.225
187.875,8.22967012441513,1,1,47.2666928578363,170.160094288211,6.53115026524574,0,7688.05984191962,0,0,0,1.225
188.125,8.23495732967225,1,1,47.3012284655638,170.28442247603,6.53269227249257,0,7692.89416931655,0,0,0,1.225
188.375,8.24024067699176,1,1,47.3357470203547,170.408689273277,6.53423422172273,0,7697.72930031564,0,0,0,1.225
188.625,8.24552017389884,1,1,47.3702485591821,170.532894813055,6.53577611295168,0,7702.5652348973,0,0,0,1.225
188.875,8.25079582789398,1,1,47.404733118893,170.657039228015,6.5373179461867,0,7707.40197303537,0,0,0,1.225
189.125,8.25606764645304,1,1,47.4392007362095,170.781122650354,6.53885972144235,0,7712.23951470952,0,0,0,1.225
189.375,8.26133563702746,1,1,47.4736514477286,170.905145211823,6.54040143872771,0,7717.07785989509,0,0,0,1.225
189.625,8.26659980704429,1,1,47.5080852899232,171.029107043724,6.54194309805553,0,7721.91700857029,0,0,0,1.225
189.875,8.27186016390632,1,1,47.5425022991427,171.153008276914,6.5434846994367,0,7726.75696071191,0,0,0,1.225
190.125,8.27711671499223,1,1,47.5769025116135,171.276849041809,6.54502624288216,0,7731.59771629676,0,0,0,1.225
190.375,8.28236946765664,1,1,47.6112859634393,171.400629468382,6.54656772840463,0,7736.43927530306,0,0,0,1.225
190.625,8.28761842923028,1,1,47.6456526906023,171.524349686168,6.54810915601138,0,7741.28163770473,0,0,0,1.225
190.875,8.29286360702004,1,1,47.6800027289631,171.648009824267,6.54965052571788,0,7746.12480348221,0,0,0,1.225
191.125,8.29810500830914,1,1,47.7143361142618,171.771610011342,6.55119183753322,0,7750.96877261086,0,0,0,1.225
191.375,8.3033426403572,1,1,47.748652882118,171.895150375625,6.55273309146742,0,7755.81354506677,0,0,0,1.225
191.625,8.30857651040033,1,1,47.7829530680319,172.018631044915,6.55427428753046,0,7760.65912082604,0,0,0,1.225
191.875,8.31380662565129,1,1,47.8172367073847,172.142052146585,6.555815425736,0,7765.50549986769,0,0,0,1.225
192.125,8.31903299329956,1,1,47.8515038354388,172.26541380758,6.55735650609313,0,7770.3526821671,0,0,0,1.225
192.375,8.32425562051144,1,1,47.8857544873389,172.38871615442,6.55889752861276,0,7775.20066770113,0,0,0,1.225
192.625,8.3294745144302,1,1,47.9199886981119,172.511959313203,6.56043849330399,0,7780.04945644515,0,0,0,1.225
192.875,8.33468968217613,1,1,47.9542065026682,172.635143409605,6.56197940017773,0,7784.89904837604,0,0,0,1.225
193.125,8.33990113084665,1,1,47.9884079358015,172.758268568885,6.56352024924672,0,7789.7494434721,0,0,0,1.225
193.375,8.34510886751647,1,1,48.02259303219,172.881334915884,6.56506104051914,0,7794.60064170803,0,0,0,1.225
193.625,8.35031289923762,1,1,48.0567618263962,173.004342575026,6.56660177400499,0,7799.45264305996,0,0,0,1.225
193.875,8.35551323303959,1,1,48.0909143528682,173.127291670325,6.56814244971611,0,7804.30544750551,0,0,0,1.225
194.125,8.36070987592944,1,1,48.1250506459395,173.250182325382,6.56968306766157,0,7809.15905502011,0,0,0,1.225
194.375,8.36590283489187,1,1,48.1591707398303,173.373014663389,6.57122362785049,0,7814.0134655792,0,0,0,1.225
194.625,8.37109211688935,1,1,48.1932746686471,173.495788807129,6.57276413029467,0,7818.86867916038,0,0,0,1.225
194.875,8.37627772886218,1,1,48.227362466384,173.618504878982,6.57430457500232,0,7823.7246957384,0,0,0,1.225
195.125,8.38145967772865,1,1,48.2614341669229,173.741163000922,6.57584496198433,0,7828.58151529014,0,0,0,1.225
195.375,8.38663797038508,1,1,48.2954898040339,173.863763294522,6.57738529125072,0,7833.4391377918,0,0,0,1.225
195.625,8.39181261370594,1,1,48.329529411376,173.986305880953,6.57892556280967,0,7838.29756321811,0,0,0,1.225
195.875,8.39698361454395,1,1,48.3635530224975,174.108790880991,6.58046577667301,0,7843.15679154672,0,0,0,1.225
196.125,8.4021509797302,1,1,48.3975606708366,174.231218415012,6.58200593284892,0,7848.01682275239,0,0,0,1.225
196.375,8.40731471607418,1,1,48.4315523897217,174.353588602998,6.58354603134921,0,7852.87765681276,0,0,0,1.225
196.625,8.41247483036395,1,1,48.4655282123721,174.47590156454,6.58508607217846,0,7857.73929369969,0,0,0,1.225
196.875,8.41763132936618,1,1,48.4994881718985,174.598157418835,6.58662605535028,0,7862.6017333923,0,0,0,1.225
197.125,8.42278421982628,1,1,48.5334323013032,174.720356284691,6.58816598087378,0,7867.46497586608,0,0,0,1.225
197.375,8.42793350846848,1,1,48.5673606334808,174.842498280531,6.58970584875624,0,7872.32902109509,0,0,0,1.225
197.625,8.43307920199591,1,1,48.601273201219,174.964583524388,6.59124565900765,0,7877.19386905555,0,0,0,1.225
197.875,8.43822130709073,1,1,48.6351700371982,175.086612133914,6.59278541163712,0,7882.05951972297,0,0,0,1.225
198.125,8.44335983041418,1,1,48.6690511739931,175.208584226375,6.59432510665374,0,7886.92597307287,0,0,0,1.225
198.375,8.4484947786067,1,1,48.7029166440721,175.33049991866,6.59586474406751,0,7891.79322908149,0,0,0,1.225
198.625,8.453626158288,1,1,48.7367664797987,175.452359327275,6.5974043238848,0,7896.66128772218,0,0,0,1.225
198.875,8.45875397605719,1,1,48.7706007134311,175.574162568352,6.59894384611744,0,7901.53014897264,0,0,0,1.225
199.125,8.46387823849282,1,1,48.8044193771235,175.695909757645,6.60048331077451,0,7906.39981280842,0,0,0,1.225
199.375,8.468998952153,1,1,48.838222502926,175.817601010534,6.60202271786147,0,7911.27027920213,0,0,0,1.225
199.625,8.47411612357549,1,1,48.8720101227852,175.939236442027,6.60356206738834,0,7916.14154813006,0,0,0,1.225
199.875,8.47922975927778,1,1,48.9057822685448,176.060816166761,6.60510135936602,0,7921.0136195692,0,0,0,1.225
200.125,8.48433986575716,1,1,48.9395389719458,176.182340299005,6.60664059380088,0,7925.88649349293,0,0,0,1.225
200.375,8.48944644949087,1,1,48.9732802646272,176.303808952658,6.6081797707011,0,7930.76016987607,0,0,0,1.225
200.625,8.49454951693609,1,1,49.0070061781264,176.425222241255,6.60971889007578,0,7935.6346486942,0,0,0,1.225
200.875,8.49964907453014,1,1,49.0407167438795,176.546580277966,6.61125795193402,0,7940.50992992287,0,0,0,1.225
201.125,8.50474512869047,1,1,49.0744119932219,176.667883175599,6.612796956284,0,7945.38601353693,0,0,0,1.225
201.375,8.5098376858148,1,1,49.1080919573886,176.789131046599,6.61433590313209,0,7950.26289950977,0,0,0,1.225
201.625,8.51492675228117,1,1,49.1417566675148,176.910324003053,6.61587479248828,0,7955.14058781771,0,0,0,1.225
201.875,8.52001233444809,1,1,49.1754061546364,177.031462156691,6.61741362436169,0,7960.01907843633,0,0,0,1.225
202.125,8.52509443865452,1,1,49.20904044969,177.152545618884,6.61895239875776,0,7964.89837133831,0,0,0,1.225
202.375,8.53017307122007,1,1,49.242659583514,177.27357450065,6.62049111568558,0,7969.77846649924,0,0,0,1.225
202.625,8.53524823844498,1,1,49.2762635868483,177.394548912654,6.62202977515244,0,7974.65936389326,0,0,0,1.225
202.875,8.54031994661028,1,1,49.3098524903353,177.515468965207,6.62356837716834,0,7979.54106349671,0,0,0,1.225
203.125,8.54538820197783,1,1,49.3434263245202,177.636334768273,6.62510692173964,0,7984.42356528302,0,0,0,1.225
203.375,8.55045301079043,1,1,49.3769851198512,177.757146431464,6.62664540887454,0,7989.30686922706,0,0,0,1.225
203.625,8.55551437927186,1,1,49.4105289066801,177.877904064049,6.62818383857939,0,7994.19097530227,0,0,0,1.225
203.875,8.560572313627,1,1,49.4440577152628,177.998607774946,6.62972221086238,0,7999.07588348354,0,0,0,1.225
204.125,8.56562682004192,1,1,49.4775715757593,178.119257672733,6.63126052573261,0,8003.9615937465,0,0,0,1.225
204.375,8.5706779046839,1,1,49.5110705182348,178.239853865645,6.63279878319736,0,8008.84810606532,0,0,0,1.225
204.625,8.57572557370158,1,1,49.5445545726595,178.360396461574,6.63433698326207,0,8013.73542041272,0,0,0,1.225
204.875,8.58076983322499,1,1,49.5780237689093,178.480885568073,6.63587512593585,0,8018.62353676434,0,0,0,1.225
205.125,8.58581068936565,1,1,49.6114781367661,178.601321292358,6.63741321122507,0,8023.51245509364,0,0,0,1.225
205.375,8.59084814821666,1,1,49.6449177059184,178.721703741306,6.63895123913699,0,8028.40217537481,0,0,0,1.225
205.625,8.59588221585275,1,1,49.6783425059614,178.842033021461,6.64048920967889,0,8033.29269758204,0,0,0,1.225
205.875,8.60091289833038,1,1,49.7117525663977,178.962309239032,6.64202712285987,0,8038.18402169098,0,0,0,1.225
206.125,8.6059402016878,1,1,49.7451479166374,179.082532499895,6.64356497868539,0,8043.07614767438,0,0,0,1.225
206.375,8.61096413194514,1,1,49.7785285859988,179.202702909596,6.64510277716181,0,8047.96907550572,0,0,0,1.225
206.625,8.61598469510449,1,1,49.8118946037085,179.322820573351,6.64664051829641,0,8052.86280515921,0,0,0,1.225
206.875,8.62100189714996,1,1,49.8452459989021,179.442885596047,6.64817820209555,0,8057.75733660834,0,0,0,1.225
207.125,8.62601574404776,1,1,49.8785828006242,179.562898082247,6.64971582856924,0,8062.65266982949,0,0,0,1.225
207.375,8.63102624174629,1,1,49.9119050378294,179.682858136186,6.65125339772112,0,8067.54880479399,0,0,0,1.225
207.625,8.63603339617621,1,1,49.9452127393819,179.802765861775,6.65279090955937,0,8072.44574147678,0,0,0,1.225
207.875,8.64103721325049,1,1,49.9785059340566,179.922621362604,6.65432836408945,0,8077.34347985065,0,0,0,1.225
208.125,8.64603769886452,1,1,50.011784650539,180.04242474194,6.65586576131773,0,8082.24201988908,0,0,0,1.225
208.375,8.65103485889615,1,1,50.0450489174257,180.162176102732,6.65740310125329,0,8087.14136156778,0,0,0,1.225
208.625,8.65602869920579,1,1,50.0782987632249,180.28187554761,6.6589403839007,0,8092.0415048588,0,0,0,1.225
208.875,8.66101922563649,1,1,50.1115342163569,180.401523178885,6.66047760926631,0,8096.94244973566,0,0,0,1.225
209.125,8.66600644401395,1,1,50.1447553051539,180.521119098554,6.66201477735649,0,8101.84419617187,0,0,0,1.225
209.375,8.67099036014669,1,1,50.1779620578611,180.6406634083,6.66355188817943,0,8106.7467441424,0,0,0,1.225
209.625,8.67597097982602,1,1,50.2111545026364,180.760156209491,6.66508894173876,0,8111.65009361861,0,0,0,1.225
209.875,8.6809483088262,1,1,50.2443326675514,180.879597603185,6.66662593804176,0,8116.55424457476,0,0,0,1.225
210.125,8.68592235290445,1,1,50.2774965805912,180.998987690128,6.6681628770948,0,8121.45919698436,0,0,0,1.225
210.375,8.69089311780104,1,1,50.310646269655,181.118326570758,6.66969975890424,0,8126.36495082096,0,0,0,1.225
210.625,8.69586060923938,1,1,50.3437817625568,181.237614345205,6.67123658347646,0,8131.2715060581,0,0,0,1.225
210.875,8.70082483292605,1,1,50.3769030870251,181.356851113291,6.67277335081508,0,8136.17886266714,0,0,0,1.225
211.125,8.7057857945509,1,1,50.4100102707038,181.476036974534,6.67431006092738,0,8141.08702062234,0,0,0,1.225
211.375,8.71074349978712,1,1,50.4431033411521,181.595172028147,6.67584671382065,0,8145.99597989799,0,0,0,1.225
211.625,8.71569795429128,1,1,50.4761823258453,181.714256373043,6.67738330949942,0,8150.90574046619,0,0,0,1.225
211.875,8.72064916370343,1,1,50.509247252175,181.83329010783,6.67891984796915,0,8155.81630229975,0,0,0,1.225
212.125,8.72559713364716,1,1,50.5422981474492,181.952273330817,6.68045632923531,0,8160.72766537152,0,0,0,1.225
212.375,8.73054186972964,1,1,50.575335038893,182.071206140015,6.68199275330335,0,8165.63982965433,0,0,0,1.225
212.625,8.73548337754173,1,1,50.6083579536488,182.190088633136,6.68352912018054,0,8170.55279512246,0,0,0,1.225
212.875,8.74042166265802,1,1,50.6413669187766,182.308920907596,6.68506542987143,0,8175.46656174803,0,0,0,1.225
213.125,8.74535673063691,1,1,50.6743619612544,182.427703060516,6.68660168238239,0,8180.38112950461,0,0,0,1.225
213.375,8.75028858702066,1,1,50.7073431079785,182.546435188722,6.68813787771614,0,8185.29649836287,0,0,0,1.225
213.625,8.75521723733547,1,1,50.7403103857638,182.66511738875,6.68967401587997,0,8190.2126682971,0,0,0,1.225
213.875,8.76014268709154,1,1,50.7732638213444,182.78374975684,6.69121009688024,0,8195.1296392809,0,0,0,1.225
214.125,8.76506494178314,1,1,50.8062034413736,182.902332388945,6.69274612071968,0,8200.04741128492,0,0,0,1.225
214.375,8.76998400688866,1,1,50.8391292724243,183.020865380728,6.69428208740464,0,8204.96598428276,0,0,0,1.225
214.625,8.7748998878707,1,1,50.8720413409896,183.139348827563,6.6958179969406,0,8209.88535824728,0,0,0,1.225
214.875,8.7798125901761,1,1,50.9049396734828,183.257782824538,6.6973538493321,0,8214.8055331506,0,0,0,1.225
215.125,8.78472211923605,1,1,50.9378242962379,183.376167466456,6.69888964458369,0,8219.72650896488,0,0,0,1.225
215.375,8.7896284804661,1,1,50.9706952355098,183.494502847835,6.70042538270172,0,8224.6482856637,0,0,0,1.225
215.625,8.79453167926626,1,1,51.0035525174749,183.61278906291,6.70196106368985,0,8229.57086321849,0,0,0,1.225
215.875,8.79943172102106,1,1,51.0363961682311,183.731026205632,6.70349668755262,0,8234.49424160139,0,0,0,1.225
216.125,8.8043286110996,1,1,51.0692262137982,183.849214369674,6.70503225429638,0,8239.418420786,0,0,0,1.225
216.375,8.80922235485561,1,1,51.1020426801185,183.967353648427,6.7065677639248,0,8244.34340074376,0,0,0,1.225
216.625,8.81411295762753,1,1,51.1348455930566,184.085444135004,6.7081032164424,0,8249.2691814468,0,0,0,1.225
216.875,8.81900042473855,1,1,51.1676349784003,184.203485922241,6.70963861185373,0,8254.19576286729,0,0,0,1.225
217.125,8.8238847614967,1,1,51.2004108618605,184.321479102698,6.71117395016427,0,8259.12314497813,0,0,0,1.225
217.375,8.82876597319487,1,1,51.2331732690715,184.439423768658,6.71270923137763,0,8264.05132775073,0,0,0,1.225
217.625,8.8336440651109,1,1,51.2659222255918,184.55732001213,6.71424445549746,0,8268.98031115654,0,0,0,1.225
217.875,8.83851904250764,1,1,51.2986577569037,184.675167924853,6.71577962253195,0,8273.91009517064,0,0,0,1.225
218.125,8.843390910633,1,1,51.3313798884141,184.792967598291,6.7173147324811,0,8278.84067976156,0,0,0,1.225
218.375,8.84825967472002,1,1,51.3640886454549,184.910719123637,6.71884978534945,0,8283.77206490146,0,0,0,1.225
218.625,8.8531253399869,1,1,51.3967840532826,185.028422591818,6.72038478114519,0,8288.70425056544,0,0,0,1.225
218.875,8.85798791163711,1,1,51.4294661370796,185.146078093487,6.72191971986831,0,8293.63723672204,0,0,0,1.225
219.125,8.86284739485941,1,1,51.4621349219537,185.263685719033,6.72345460152519,0,8298.57102334487,0,0,0,1.225
219.375,8.8677037948279,1,1,51.4947904329388,185.38124555858,6.72498942611855,0,8303.50561040468,0,0,0,1.225
219.625,8.87255711670212,1,1,51.5274326949948,185.498757701981,6.72652419365386,0,8308.44099787438,0,0,0,1.225
219.875,8.87740736562708,1,1,51.5600617330087,185.616222238831,6.72805890413383,0,8313.37718572468,0,0,0,1.225
220.125,8.88225454673331,1,1,51.592677571794,185.733639258458,6.72959355756211,0,8318.31417392706,0,0,0,1.225
220.375,8.88709866513694,1,1,51.6252802360914,185.851008849929,6.73112815394416,0,8323.25196245443,0,0,0,1.225
220.625,8.89193972593975,1,1,51.6578697505693,185.968331102049,6.73266269328178,0,8328.1905512768,0,0,0,1.225
220.875,8.8967777342292,1,1,51.6904461398235,186.085606103365,6.73419717558227,0,8333.12994036854,0,0,0,1.225
221.125,8.90161269507855,1,1,51.7230094283782,186.202833942162,6.7357316008447,0,8338.07012969749,0,0,0,1.225
221.375,8.90644461354682,1,1,51.7555596406858,186.320014706469,6.73726596907545,0,8343.0111192373,0,0,0,1.225
221.625,8.91127349467896,1,1,51.7880968011272,186.437148484058,6.73880028027725,0,8347.95290895872,0,0,0,1.225
221.875,8.9160993435058,1,1,51.8206209340124,186.554235362445,6.74033453445372,0,8352.89549883321,0,0,0,1.225
222.125,8.92092216504418,1,1,51.8531320635805,186.67127542889,6.74186873160852,0,8357.83888883225,0,0,0,1.225
222.375,8.92574196429696,1,1,51.8856302140001,186.7882687704,6.74340287174346,0,8362.78307892588,0,0,0,1.225
222.625,8.9305587462531,1,1,51.9181154093695,186.90521547373,6.7449369548649,0,8367.72806908774,0,0,0,1.225
222.875,8.9353725158877,1,1,51.9505876737171,187.022115625382,6.74647098097648,0,8372.67385928932,0,0,0,1.225
223.125,8.94018327816207,1,1,51.9830470310017,187.138969311606,6.7480049500773,0,8377.62044949847,0,0,0,1.225
223.375,8.94499103802376,1,1,52.0154935051124,187.255776618405,6.74953886217372,0,8382.56783968886,0,0,0,1.225
223.625,8.94979580040664,1,1,52.0479271198696,187.37253763153,6.75107271726756,0,8387.51602983052,0,0,0,1.225
223.875,8.95459757023093,1,1,52.0803478990244,187.489252436488,6.75260651536337,0,8392.46501989566,0,0,0,1.225
224.125,8.95939635240327,1,1,52.1127558662595,187.605921118534,6.75414025646205,0,8397.41480985359,0,0,0,1.225
224.375,8.96419215181677,1,1,52.1451510451895,187.722543762682,6.75567394056907,0,8402.36539967726,0,0,0,1.225
224.625,8.96898497335105,1,1,52.1775334593605,187.839120453698,6.75720756768442,0,8407.31678933525,0,0,0,1.225
224.875,8.97377482187231,1,1,52.2099031322513,187.955651276105,6.75874113781447,0,8412.26897880124,0,0,0,1.225
225.125,8.97856170223336,1,1,52.2422600872728,188.072136314182,6.76027465096013,0,8417.22196804455,0,0,0,1.225
225.375,8.9833456192737,1,1,52.2746043477689,188.188575651968,6.76180810712231,0,8422.17575703449,0,0,0,1.225
225.625,8.98812657781954,1,1,52.3069359370164,188.304969373259,6.76334150630828,0,8427.13034574547,0,0,0,1.225
225.875,8.9929045826839,1,1,52.3392548782254,188.421317561611,6.76487484851714,0,8432.08573414536,0,0,0,1.225
226.125,8.99767963866658,1,1,52.3715611945396,188.537620300343,6.76640813375343,0,8437.04192220638,0,0,0,1.225
226.375,9.00245175055431,1,1,52.4038549090365,188.653877672532,6.76794136201715,0,8441.99890989713,0,0,0,1.225
226.625,9.0072209231207,1,1,52.4361360447276,188.77008976102,6.76947453331468,0,8446.9566971913,0,0,0,1.225
226.875,9.01198716112639,1,1,52.4684046245588,188.886256648412,6.77100764764509,0,8451.91528405676,0,0,0,1.225
227.125,9.01675046931901,1,1,52.5006606714105,189.002378417078,6.77254070501294,0,8456.87467046574,0,0,0,1.225
227.375,9.02151085243329,1,1,52.532904208098,189.118455149153,6.77407370542005,0,8461.8348563883,0,0,0,1.225
227.625,9.02626831519108,1,1,52.5651352573716,189.234486926538,6.77560664886641,0,8466.79584179304,0,0,0,1.225
227.875,9.03102286230142,1,1,52.597353841917,189.350473830901,6.77713953535931,0,8471.75762665439,0,0,0,1.225
228.125,9.03577449846056,1,1,52.6295599843557,189.46641594368,6.7786723648951,0,8476.72021093803,0,0,0,1.225
228.375,9.04052322835205,1,1,52.6617537072445,189.58231334608,6.78020513748197,0,8481.68359461912,0,0,0,1.225
228.625,9.04526905664674,1,1,52.6939350330769,189.698166119077,6.78173785311719,0,8486.64777766408,0,0,0,1.225
228.875,9.05001198800286,1,1,52.7261039842824,189.813974343417,6.78327051180349,0,8491.6127600437,0,0,0,1.225
229.125,9.05475202706608,1,1,52.7582605832272,189.929738099618,6.78480311354633,0,8496.57854173096,0,0,0,1.225
229.375,9.05948917846951,1,1,52.7904048522141,190.045457467971,6.7863356583448,0,8501.54512269373,0,0,0,1.225
229.625,9.06422344683379,1,1,52.8225368134834,190.16113252854,6.7878681461998,0,8506.51250290136,0,0,0,1.225
229.875,9.06895483676714,1,1,52.8546564892124,190.276763361165,6.7894005771177,0,8511.48068232755,0,0,0,1.225
230.125,9.07368335286535,1,1,52.886763901516,190.392350045458,6.79093295109487,0,8516.449660938,0,0,0,1.225
230.375,9.07840899971191,1,1,52.918859072447,190.507892660809,6.79246526813677,0,8521.41943870569,0,0,0,1.225
230.625,9.08313178187798,1,1,52.9509420239961,190.623391286386,6.79399752824429,0,8526.39001559996,0,0,0,1.225
230.875,9.0878517039225,1,1,52.9830127780925,190.738846001133,6.79552973141836,0,8531.36139159016,0,0,0,1.225
231.125,9.09256877039219,1,1,53.0150713566037,190.854256883773,6.79706187766078,0,8536.33356664635,0,0,0,1.225
231.375,9.09728298582161,1,1,53.0471177813361,190.96962401281,6.79859396697339,0,8541.30654073861,0,0,0,1.225
231.625,9.10199435473322,1,1,53.0791520740349,191.084947466526,6.80012599935799,0,8546.28031383701,0,0,0,1.225
231.875,9.10670288163741,1,1,53.1111742563847,191.200227322985,6.80165797481459,0,8551.25488591017,0,0,0,1.225
232.125,9.11140857103254,1,1,53.1431843500096,191.315463660035,6.80318989334774,0,8556.23025693035,0,0,0,1.225
232.375,9.116111427405,1,1,53.1751823764732,191.430656555303,6.80472175495561,0,8561.20642686472,0,0,0,1.225
232.625,9.12081145522927,1,1,53.207168357279,191.545806086204,6.80625355964094,0,8566.18339568406,0,0,0,1.225
232.875,9.12550865896791,1,1,53.2391423138709,191.660912329935,6.80778530740645,0,8571.1611633592,0,0,0,1.225
233.125,9.13020304307166,1,1,53.2711042676328,191.775975363478,6.80931699825032,0,8576.1397298573,0,0,0,1.225
233.375,9.13489461197945,1,1,53.3030542398896,191.890995263603,6.81084863217529,0,8581.11909514916,0,0,0,1.225
233.625,9.13958337011847,1,1,53.3349922519068,192.005972106864,6.81238020918227,0,8586.09925920414,0,0,0,1.225
233.875,9.1442693219042,1,1,53.3669183248908,192.120905969607,6.81391172927124,0,8591.08022199085,0,0,0,1.225
234.125,9.14895247174043,1,1,53.3988324799896,192.235796927963,6.81544319244676,0,8596.06198348157,0,0,0,1.225
234.375,9.15363282401935,1,1,53.4307347382926,192.350645057853,6.81697459870702,0,8601.04454364346,0,0,0,1.225
234.625,9.15831038312158,1,1,53.4626251208307,192.46545043499,6.81850594805292,0,8606.02790244588,0,0,0,1.225
234.875,9.16298515341617,1,1,53.4945036485769,192.580213134877,6.82003724048627,0,8611.01205985891,0,0,0,1.225
235.125,9.1676571392607,1,1,53.5263703424465,192.694933232807,6.82156847600618,0,8615.99701585044,0,0,0,1.225
235.375,9.1723263450013,1,1,53.5582252232968,192.809610803869,6.82309965461627,0,8620.98277039202,0,0,0,1.225
235.625,9.17699277497268,1,1,53.5900683119281,192.924245922941,6.82463077631564,0,8625.96932345154,0,0,0,1.225
235.875,9.1816564334982,1,1,53.6218996290832,193.0388386647,6.8261618411052,0,8630.95667499837,0,0,0,1.225
236.125,9.18631732488986,1,1,53.6537191954481,193.153389103613,6.82769284898495,0,8635.94482500112,0,0,0,1.225
236.375,9.19097545344842,1,1,53.685527031652,193.267897313947,6.82922379995489,0,8640.93377342843,0,0,0,1.225
236.625,9.19563082346337,1,1,53.7173231582674,193.382363369763,6.83075469401956,0,8645.92352025257,0,0,0,1.225
236.875,9.20028343921302,1,1,53.7491075958106,193.496787344918,6.83228553117442,0,8650.91406543853,0,0,0,1.225
237.125,9.20493330496449,1,1,53.7808803647418,193.611169313071,6.83381631142311,0,8655.90540895785,0,0,0,1.225
237.375,9.20958042497382,1,1,53.8126414854653,193.725509347675,6.83534703476562,0,8660.89755077915,0,0,0,1.225
237.625,9.21422480348595,1,1,53.8443909783295,193.839807521986,6.83687770120105,0,8665.89049087034,0,0,0,1.225
237.875,9.21886644473478,1,1,53.8761288636275,193.954063909059,6.8384083107303,0,8670.88422920078,0,0,0,1.225
238.125,9.22350535294323,1,1,53.907855161597,194.068278581749,6.8399388633552,0,8675.87876574056,0,0,0,1.225
238.375,9.22814153232326,1,1,53.9395698924206,194.182451612714,6.84146935907393,0,8680.87410045685,0,0,0,1.225
238.625,9.23277498707589,1,1,53.9712730762261,194.296583074414,6.84299979788648,0,8685.87023331828,0,0,0,1.225
238.875,9.23740572139131,1,1,54.0029647330865,194.410673039111,6.84453017979467,0,8690.86716429493,0,0,0,1.225
239.125,9.24203373944883,1,1,54.0346448830205,194.524721578874,6.84606050479761,0,8695.86489335472,0,0,0,1.225
239.375,9.24665904541698,1,1,54.0663135459924,194.638728765573,6.84759077289527,0,8700.86342046627,0,0,0,1.225
239.625,9.25128164345353,1,1,54.0979707419123,194.752694670884,6.84912098408677,0,8705.86274559748,0,0,0,1.225
239.875,9.25590153770554,1,1,54.1296164906368,194.866619366292,6.85065113837481,0,8710.86286871917,0,0,0,1.225
240.125,9.26051873230938,1,1,54.1612508119684,194.980502923086,6.8521812357576,0,8715.86378979852,0,0,0,1.225
240.375,9.26513323139079,1,1,54.1928737256565,195.094345412363,6.85371127623421,0,8720.86550880342,0,0,0,1.225
240.625,9.26974503906488,1,1,54.2244852513969,195.208146905029,6.85524125980555,0,8725.86802570324,0,0,0,1.225
240.875,9.27435415943623,1,1,54.2560854088325,195.321907471797,6.85677118646981,0,8730.87134046516,0,0,0,1.225
241.125,9.27896059659887,1,1,54.2876742175533,195.435627183192,6.85830105622972,0,8735.87545305998,0,0,0,1.225
241.375,9.28356435463635,1,1,54.3192516970966,195.549306109548,6.85983086908254,0,8740.88036345415,0,0,0,1.225
241.625,9.28816543762178,1,1,54.3508178669471,195.66294432101,6.86136062502828,0,8745.88607161631,0,0,0,1.225
241.875,9.29276384961783,1,1,54.3823727465374,195.776541887535,6.86289032406785,0,8750.8925775158,0,0,0,1.225
242.125,9.29735959467683,1,1,54.4139163552478,195.890098878892,6.8644199661976,0,8755.89988111836,0,0,0,1.225
242.375,9.30195267684075,1,1,54.4454487124067,196.003615364664,6.86594955142209,0,8760.90798239625,0,0,0,1.225
242.625,9.30654310014125,1,1,54.4769698372908,196.117091414247,6.86747907973586,0,8765.91688131372,0,0,0,1.225
242.875,9.31113086859975,1,1,54.5084797491254,196.230527096851,6.86900855113981,0,8770.92657784015,0,0,0,1.225
243.125,9.31571598622743,1,1,54.5399784670842,196.343922481503,6.87053796563487,0,8775.93707194488,0,0,0,1.225
243.375,9.32029845702528,1,1,54.5714660102898,196.457277637043,6.87206732321829,0,8780.94836359435,0,0,0,1.225
243.625,9.32487828498413,1,1,54.602942397814,196.57059263213,6.87359662388917,0,8785.96045275648,0,0,0,1.225
243.875,9.32945547408472,1,1,54.6344076486776,196.683867535239,6.87512586765024,0,8790.97333940207,0,0,0,1.225
244.125,9.33403002829767,1,1,54.6658617818508,196.797102414663,6.87665505449695,0,8795.9870234961,0,0,0,1.225
244.375,9.33860195158358,1,1,54.6973048162535,196.910297338513,6.87818418443021,0,8801.00150500794,0,0,0,1.225
244.625,9.34317124789303,1,1,54.7287367707553,197.023452374719,6.87971325744729,0,8806.01678390402,0,0,0,1.225
244.875,9.34773792116663,1,1,54.7601576641756,197.136567591032,6.88124227354911,0,8811.0328601537,0,0,0,1.225
245.125,9.35230197533504,1,1,54.7915675152841,197.249643055023,6.88277123273474,0,8816.04973372488,0,0,0,1.225
245.375,9.35686341431904,1,1,54.8229663428008,197.362678834083,6.88430013500147,0,8821.067404584,0,0,0,1.225
245.625,9.36142224202951,1,1,54.8543541653961,197.475674995426,6.88582898034838,0,8826.08587269894,0,0,0,1.225
245.875,9.36597846236753,1,1,54.8857310016911,197.588631606088,6.88735776877729,0,8831.1051380398,0,0,0,1.225
246.125,9.37053207922435,1,1,54.9170968702576,197.701548732927,6.88888650028366,0,8836.12520057155,0,0,0,1.225
246.375,9.37508309648149,1,1,54.9484517896187,197.814426442627,6.89041517486748,0,8841.14606026283,0,0,0,1.225
246.625,9.3796315180107,1,1,54.9797957782483,197.927264801694,6.89194379252694,0,8846.16771708078,0,0,0,1.225
246.875,9.38417734767406,1,1,55.0111288545721,198.04006387646,6.89347235326113,0,8851.19017099332,0,0,0,1.225
247.125,9.388720589324,1,1,55.0424510369671,198.152823733082,6.89500085706823,0,8856.21342196759,0,0,0,1.225
247.375,9.39326124680329,1,1,55.073762343762,198.265544437543,6.89652930394914,0,8861.23746997295,0,0,0,1.225
247.625,9.39779932394513,1,1,55.1050627932374,198.378226055655,6.89805769390023,0,8866.2623149751,0,0,0,1.225
247.875,9.40233482457315,1,1,55.1363524036261,198.490868653054,6.89958602691968,0,8871.28795694121,0,0,0,1.225
248.125,9.40686775250147,1,1,55.1676311931129,198.603472295207,6.90111430300658,0,8876.31439583917,0,0,0,1.225
248.375,9.4113981115347,1,1,55.1988991798353,198.716037047407,6.90264252215911,0,8881.34163163613,0,0,0,1.225
248.625,9.415925905468,1,1,55.230156381883,198.828562974779,6.90417068437546,0,8886.36966429926,0,0,0,1.225
248.875,9.4204511380871,1,1,55.2614028172988,198.941050142276,6.90569878965562,0,8891.39849379717,0,0,0,1.225
249.125,9.42497381316833,1,1,55.2926385040782,199.053498614682,6.90722683799686,0,8896.42812009628,0,0,0,1.225
249.375,9.42949393447868,1,1,55.3238634601699,199.165908456612,6.90875482939646,0,8901.45854316304,0,0,0,1.225
249.625,9.43401150577579,1,1,55.3550777034757,199.278279732513,6.9102827638535,0,8906.48976296531,0,0,0,1.225
249.875,9.43852653080802,1,1,55.386281251851,199.390612506664,6.91181064136617,0,8911.52177947026,0,0,0,1.225
250.125,9.44303901331446,1,1,55.4174741231046,199.502906843176,6.91333846193083,0,8916.55459264359,0,0,0,1.225
250.375,9.44754895702498,1,1,55.4486563349991,199.615162805997,6.9148662255493,0,8921.58820245535,0,0,0,1.225
250.625,9.45205636566023,1,1,55.4798279052511,199.727380458904,6.91639393221794,0,8926.62260887125,0,0,0,1.225
250.875,9.4565612429317,1,1,55.5109888515311,199.839559865512,6.91792158193311,0,8931.65781185697,0,0,0,1.225
251.125,9.46106359254177,1,1,55.5421391914641,199.951701089271,6.919449174693,0,8936.69381137968,0,0,0,1.225
251.375,9.4655634181837,1,1,55.5732789426291,200.063804193465,6.9209767104976,0,8941.73060740796,0,0,0,1.225
251.625,9.47006072354165,1,1,55.6044081225601,200.175869241216,6.92250418934236,0,8946.76819990679,0,0,0,1.225
251.875,9.47455551229079,1,1,55.6355267487454,200.287896295484,6.9240316112282,0,8951.80658884549,0,0,0,1.225
252.125,9.47904778809725,1,1,55.6666348386285,200.399885419063,6.92555897615057,0,8956.84577418903,0,0,0,1.225
252.375,9.4835375546182,1,1,55.6977324096078,200.511836674588,6.92708628410583,0,8961.8857559031,0,0,0,1.225
252.625,9.48802481550183,1,1,55.7288194790369,200.623750124533,6.92861353509488,0,8966.92653395701,0,0,0,1.225
252.875,9.49250957438745,1,1,55.7598960642246,200.735625831209,6.93014072911501,0,8971.96810831719,0,0,0,1.225
253.125,9.49699183490547,1,1,55.7909621824355,200.847463856768,6.93166786615984,0,8977.01047894712,0,0,0,1.225
253.375,9.50147160067744,1,1,55.8220178508897,200.959264263203,6.93319494623302,0,8982.05364581833,0,0,0,1.225
253.625,9.50594887531611,1,1,55.8530630867631,201.071027112347,6.93472196932726,0,8987.09760889357,0,0,0,1.225
253.875,9.51042366242539,1,1,55.8840979071876,201.182752465875,6.93624893544165,0,8992.14236814072,0,0,0,1.225
254.125,9.51489596560047,1,1,55.9151223292513,201.294440385305,6.93777584457439,0,8997.1879235269,0,0,0,1.225
254.375,9.51936578842779,1,1,55.9461363699984,201.406090931994,6.93930269672001,0,9002.23427501633,0,0,0,1.225
254.625,9.52383313448508,1,1,55.9771400464297,201.517704167147,6.94082949188032,0,9007.28142257907,0,0,0,1.225
254.875,9.5282980073414,1,1,56.0081333755026,201.629280151809,6.94235623004897,0,9012.3293661786,0,0,0,1.225
255.125,9.53276041055716,1,1,56.0391163741311,201.740818946872,6.94388291122596,0,9017.3781057835,0,0,0,1.225
255.375,9.53722034768417,1,1,56.0700890591861,201.85232061307,6.94540953540582,0,9022.42764135799,0,0,0,1.225
255.625,9.54167782226564,1,1,56.1010514474957,201.963785210985,6.94693610258764,0,9027.47797286992,0,0,0,1.225
255.875,9.54613283783622,1,1,56.1320035558451,202.075212801042,6.94846261276689,0,9032.52910028424,0,0,0,1.225
256.125,9.55058539792205,1,1,56.1629454009766,202.186603443516,6.94998906594265,0,9037.58102356879,0,0,0,1.225
256.375,9.55503550604076,1,1,56.1938769995904,202.297957198525,6.95151546211218,0,9042.63374268996,0,0,0,1.225
256.625,9.5594831657015,1,1,56.224798368344,202.409274126038,6.95304180127005,0,9047.68725761197,0,0,0,1.225
256.875,9.56392838040501,1,1,56.2557095238529,202.52055428587,6.95456808341442,0,9052.74156830194,0,0,0,1.225
257.125,9.56837115364358,1,1,56.2866104826903,202.631797737685,6.95609430854256,0,9057.79667472623,0,0,0,1.225
257.375,9.57281148890113,1,1,56.3175012613876,202.743004540996,6.95762047665175,0,9062.85257685126,0,0,0,1.225
257.625,9.57724938965324,1,1,56.3483818764345,202.854174755164,6.95914658773745,0,9067.90927464194,0,0,0,1.225
257.875,9.58168485936714,1,1,56.3792523442789,202.965308439404,6.96067264179783,0,9072.96676806538,0,0,0,1.225
258.125,9.58611790150177,1,1,56.4101126813272,203.076405652778,6.96219863882925,0,9078.02505708724,0,0,0,1.225
258.375,9.59054851950781,1,1,56.4409629039446,203.187466454201,6.96372457882717,0,9083.08414167244,0,0,0,1.225
258.625,9.59497671682767,1,1,56.4718030284549,203.298490902438,6.96525046179067,0,9088.14402178882,0,0,0,1.225
258.875,9.59940249689557,1,1,56.5026330711409,203.409479056107,6.96677628771522,0,9093.20469740129,0,0,0,1.225
259.125,9.60382586313753,1,1,56.5334530482445,203.52043097368,6.96830205659808,0,9098.26616847622,0,0,0,1.225
259.375,9.6082468189714,1,1,56.5642629759667,203.63134671348,6.96982776843288,0,9103.32843497709,0,0,0,1.225
259.625,9.61266536780692,1,1,56.595062870468,203.742226333685,6.97135342322053,0,9108.39149687316,0,0,0,1.225
259.875,9.6170815130457,1,1,56.6258527478684,203.853069892326,6.97287902095559,0,9113.45535412863,0,0,0,1.225
260.125,9.62149525808128,1,1,56.6566326242473,203.96387744729,6.97440456163349,0,9118.52000670841,0,0,0,1.225
260.375,9.62590660629916,1,1,56.687402515644,204.074649056318,6.97593004525152,0,9123.58545457885,0,0,0,1.225
260.625,9.6303155610768,1,1,56.7181624380578,204.185384777008,6.97745547180602,0,9128.65169770559,0,0,0,1.225
260.875,9.63472212578366,1,1,56.7489124074478,204.296084666812,6.97898084129247,0,9133.71873605355,0,0,0,1.225
261.125,9.63912630378124,1,1,56.7796524397335,204.406748783041,6.98050615370994,0,9138.78656959052,0,0,0,1.225
261.375,9.64352809842308,1,1,56.8103825507946,204.51737718286,6.98203140905207,0,9143.85519827996,0,0,0,1.225
261.625,9.64792751305482,1,1,56.8411027564712,204.627969923296,6.98355660731522,0,9148.92462208749,0,0,0,1.225
261.875,9.6523245510142,1,1,56.8718130725641,204.738527061231,6.98508174849667,0,9153.99484097947,0,0,0,1.225
262.125,9.65671921563109,1,1,56.9025135148347,204.849048653405,6.98660683259186,0,9159.06585492079,0,0,0,1.225
262.375,9.66111151022751,1,1,56.9332040990053,204.959534756419,6.98813185959807,0,9164.13766387779,0,0,0,1.225
262.625,9.66550143811769,1,1,56.9638848407591,205.069985426733,6.98965682950984,0,9169.21026781464,0,0,0,1.225
262.875,9.66988900260806,1,1,56.9945557557406,205.180400720666,6.99118174232262,0,9174.28366669623,0,0,0,1.225
263.125,9.67427420699728,1,1,57.0252168595553,205.290780694399,6.9927065980346,0,9179.35786048962,0,0,0,1.225
263.375,9.67865705457629,1,1,57.0558681677703,205.401125403973,6.99423139664123,0,9184.43284915971,0,0,0,1.225
263.625,9.6830375486283,1,1,57.0865096959139,205.51143490529,6.99575613813522,0,9189.50863266917,0,0,0,1.225
263.875,9.68741569242885,1,1,57.1171414594764,205.621709254115,6.9972808225175,0,9194.58521098727,0,0,0,1.225
264.125,9.69179148924582,1,1,57.1477634739096,205.731948506074,6.99880544978168,0,9199.66258407743,0,0,0,1.225
264.375,9.69616494233943,1,1,57.1783757546272,205.842152716658,7.00033001992142,0,9204.74075190305,0,0,0,1.225
264.625,9.70053605496233,1,1,57.208978317005,205.952321941218,7.00185453293579,0,9209.81971443193,0,0,0,1.225
264.875,9.70490483035955,1,1,57.239571176381,206.062456234972,7.00337898881844,0,9214.89947162748,0,0,0,1.225
265.125,9.70927127176857,1,1,57.2701543480554,206.172555652999,7.00490338756481,0,9219.98002345457,0,0,0,1.225
265.375,9.71363538241935,1,1,57.3007278472907,206.282620250246,7.00642772917308,0,9225.06136988024,0,0,0,1.225
265.625,9.71799716553432,1,1,57.331291689312,206.392650081523,7.00795201363508,0,9230.14351086645,0,0,0,1.225
265.875,9.72235662432844,1,1,57.3618458893071,206.502645201506,7.00947624094988,0,9235.22644638096,0,0,0,1.225
266.125,9.72671376200919,1,1,57.3923904624266,206.612605664736,7.01100041111204,0,9240.31017638791,0,0,0,1.225
266.375,9.73106858177663,1,1,57.4229254237839,206.722531525622,7.01252452411518,0,9245.39470085069,0,0,0,1.225
266.625,9.7354210868234,1,1,57.4534507884554,206.832422838439,7.01404857995658,0,9250.48001973563,0,0,0,1.225
266.875,9.73977128033475,1,1,57.4839665714807,206.94227965733,7.0155725786326,0,9255.56613300828,0,0,0,1.225
267.125,9.74411916548856,1,1,57.5144727878627,207.052102036306,7.01709652013506,0,9260.65304063059,0,0,0,1.225
267.375,9.74846474545538,1,1,57.5449694525677,207.161890029244,7.01862040446304,0,9265.74074257032,0,0,0,1.225
267.625,9.75280802339846,1,1,57.5754565805254,207.271643689892,7.02014423161017,0,9270.82923879084,0,0,0,1.225
267.875,9.75714900247371,1,1,57.6059341866293,207.381363071865,7.02166800157102,0,9275.91852925629,0,0,0,1.225
268.125,9.76148768582981,1,1,57.6364022857364,207.491048228651,7.02319171434192,0,9281.00861393221,0,0,0,1.225
268.375,9.76582407660818,1,1,57.6668608926679,207.600699213604,7.02471536991743,0,9286.09949278272,0,0,0,1.225
268.625,9.77015817794302,1,1,57.6973100222087,207.710316079951,7.02623896829209,0,9291.19116577192,0,0,0,1.225
268.875,9.77448999296133,1,1,57.7277496891079,207.819898880788,7.02776250946226,0,9296.28363286536,0,0,0,1.225
269.125,9.77881952478294,1,1,57.758179908079,207.929447669084,7.0292859934234,0,9301.37689402788,0,0,0,1.225
269.375,9.78314677652052,1,1,57.7886006937996,208.038962497679,7.03080942016913,0,9306.47094922283,0,0,0,1.225
269.625,9.78747175127962,1,1,57.819012060912,208.148443419283,7.03233278969583,0,9311.56579841578,0,0,0,1.225
269.875,9.79179445215868,1,1,57.8494140240228,208.257890486482,7.03385610199712,0,9316.66144157009,0,0,0,1.225
270.125,9.79611488224904,1,1,57.8798065977036,208.367303751733,7.03537935706845,0,9321.75787865056,0,0,0,1.225
270.375,9.800433044635,1,1,57.9101897964906,208.476683267366,7.03690255490437,0,9326.85510962129,0,0,0,1.225
270.625,9.80474894239383,1,1,57.9405636348851,208.586029085586,7.03842569549943,0,9331.95313444635,0,0,0,1.225
270.875,9.80906257859576,1,1,57.9709281273532,208.695341258472,7.03994877885088,0,9337.05195309201,0,0,0,1.225
271.125,9.81337395630404,1,1,58.0012832883265,208.804619837975,7.04147180495056,0,9342.15156552016,0,0,0,1.225
271.375,9.81768307857495,1,1,58.0316291322016,208.913864875926,7.04299477379391,0,9347.2519716956,0,0,0,1.225
271.625,9.82198994845782,1,1,58.0619656733406,209.023076424026,7.04451768537729,0,9352.35317158386,0,0,0,1.225
271.875,9.82629456899506,1,1,58.0922929260711,209.132254533856,7.04604053969251,0,9357.45516514683,0,0,0,1.225
272.125,9.83059694322217,1,1,58.1226109046863,209.241399256871,7.04756333673777,0,9362.55795235147,0,0,0,1.225
272.375,9.83489707416776,1,1,58.1529196234451,209.350510644402,7.04908607650395,0,9367.66153315895,0,0,0,1.225
272.625,9.8391949648536,1,1,58.1832190965724,209.459588747661,7.05060875898926,0,9372.76590753622,0,0,0,1.225
272.875,9.84349061829462,1,1,58.2135093382587,209.568633617731,7.05213138418458,0,9377.87107544444,0,0,0,1.225
273.125,9.84778403749891,1,1,58.243790362661,209.67764530558,7.05365395208719,0,9382.97703684984,0,0,0,1.225
273.375,9.85207522546781,1,1,58.2740621839022,209.786623862048,7.05517646268981,0,9388.08379171501,0,0,0,1.225
273.625,9.85636418519584,1,1,58.3043248160715,209.895569337857,7.056698915987,0,9393.19134000401,0,0,0,1.225
273.875,9.86065091967079,1,1,58.3345782732245,210.004481783608,7.05822131197328,0,9398.29968168087,0,0,0,1.225
274.125,9.86493543187374,1,1,58.3648225693835,210.11336124978,7.05974365064412,0,9403.40881671036,0,0,0,1.225
274.375,9.86921772477902,1,1,58.395057718537,210.222207786733,7.06126593199406,0,9408.51874505652,0,0,0,1.225
274.625,9.87349780135432,1,1,58.4252837346407,210.331021444707,7.0627881560149,0,9413.62946668121,0,0,0,1.225
274.875,9.87777566456062,1,1,58.4555006316168,210.439802273821,7.06431032270302,0,9418.7409815499,0,0,0,1.225
275.125,9.88205131735228,1,1,58.4857084233545,210.548550324076,7.06583243205114,0,9423.85328962517,0,0,0,1.225
275.375,9.88632476267704,1,1,58.5159071237101,210.657265645356,7.06735448405561,0,9428.9663908725,0,0,0,1.225
275.625,9.89059600347603,1,1,58.546096746507,210.765948287425,7.06887647870826,0,9434.08028525373,0,0,0,1.225
275.875,9.89486504268379,1,1,58.5762773055359,210.874598299929,7.07039841600363,0,9439.19497273288,0,0,0,1.225
276.125,9.89913188322831,1,1,58.6064488145547,210.983215732397,7.07192029593625,0,9444.31045327396,0,0,0,1.225
276.375,9.90339652803104,1,1,58.636611287289,211.091800634241,7.07344211849886,0,9449.42672683953,0,0,0,1.225
276.625,9.9076589800069,1,1,58.6667647374319,211.200353054755,7.07496388368963,0,9454.5437933965,0,0,0,1.225
276.875,9.91191924206433,1,1,58.6969091786439,211.308873043118,7.07648559149675,0,9459.66165290379,0,0,0,1.225
277.125,9.91617731710526,1,1,58.7270446245538,211.417360648394,7.07800724191748,0,9464.78030532758,0,0,0,1.225
277.375,9.9204332080252,1,1,58.7571710887577,211.525815919528,7.07952883494636,0,9469.89975063187,0,0,0,1.225
277.625,9.92468691771318,1,1,58.7872885848201,211.634238905353,7.08105037057521,0,9475.01998877847,0,0,0,1.225
277.875,9.92893844905186,1,1,58.8173971262735,211.742629654585,7.08257184879767,0,9480.14101973066,0,0,0,1.225
278.125,9.93318780491745,1,1,58.8474967266185,211.850988215826,7.08409326960918,0,9485.26284345313,0,0,0,1.225
278.375,9.93743498817982,1,1,58.8775873993239,211.959314637566,7.08561463300157,0,9490.38545990769,0,0,0,1.225
278.625,9.94168000170246,1,1,58.9076691578271,212.067608968178,7.08713593897028,0,9495.50886905906,0,0,0,1.225
278.875,9.94592284834255,1,1,58.9377420155339,212.175871255922,7.08865718750985,0,9500.6330708712,0,0,0,1.225
279.125,9.95016353095091,1,1,58.9678059858188,212.284101548948,7.09017837861029,0,9505.75806530447,0,0,0,1.225
279.375,9.9544020523721,1,1,58.9978610820247,212.392299895289,7.09169951226795,0,9510.88385232427,0,0,0,1.225
279.625,9.95863841544438,1,1,59.0279073174636,212.500466342869,7.09322058847647,0,9516.01043189385,0,0,0,1.225
279.875,9.96287262299975,1,1,59.0579447054162,212.608600939498,7.09474160722766,0,9521.137803975,0,0,0,1.225
280.125,9.96710467786397,1,1,59.0879732591323,212.716703732876,7.09626256851789,0,9526.26596853312,0,0,0,1.225
280.375,9.9713345828566,1,1,59.1179929918307,212.824774770591,7.09778347233623,0,9531.3949255278,0,0,0,1.225
280.625,9.97556234079096,1,1,59.1480039166995,212.932814100118,7.09930431867997,0,9536.52467492519,0,0,0,1.225
280.875,9.97978795447423,1,1,59.178006046896,213.040821768826,7.10082510754091,0,9541.65521668705,0,0,0,1.225
281.125,9.9840114267074,1,1,59.2079993955468,213.148797823968,7.1023458389127,0,9546.78655077659,0,0,0,1.225
281.375,9.98823276028531,1,1,59.2379839757482,213.256742312693,7.10386651278895,0,9551.91867715704,0,0,0,1.225
281.625,9.99245195799671,1,1,59.2679598005658,213.364655282037,7.10538712916059,0,9557.05159578941,0,0,0,1.225
281.875,9.99666902262419,1,1,59.2979268830351,213.472536778926,7.10690768802488,0,9562.18530663982,0,0,0,1.225
282.125,10.0008839569443,1,1,59.3278852361613,213.580386850181,7.10842818937181,0,9567.31980966857,0,0,0,1.225
282.375,10.0050967637275,1,1,59.3578348729194,213.68820554251,7.10994863319775,0,9572.45510484105,0,0,0,1.225
282.625,10.0093074457382,1,1,59.3877758062545,213.795992902516,7.11146901949178,0,9577.59119211679,0,0,0,1.225
282.875,10.0135160057349,1,1,59.4177080490814,213.903748976693,7.11298934825027,0,9582.7280714612,0,0,0,1.225
283.125,10.0177224464697,1,1,59.4476316142856,214.011473811428,7.11450961946503,0,9587.86574283598,0,0,0,1.225
283.375,10.0219267706893,1,1,59.4775465147223,214.119167453,7.11602983312787,0,9593.00420620287,0,0,0,1.225
283.625,10.0261289811338,1,1,59.5074527632174,214.226829947583,7.11754998923425,0,9598.14346152652,0,0,0,1.225
283.875,10.0303290805378,1,1,59.537350372567,214.334461341241,7.11907008777598,0,9603.28350876863,0,0,0,1.225
284.125,10.0345270716299,1,1,59.5672393555378,214.442061679936,7.12059012874579,0,9608.42434789165,0,0,0,1.225
284.375,10.0387229571324,1,1,59.5971197248672,214.549631009522,7.1221101121364,0,9613.56597885803,0,0,0,1.225
284.625,10.0429167397623,1,1,59.6269914932631,214.657169375747,7.12363003794144,0,9618.70840163093,0,0,0,1.225
284.875,10.0471084222301,1,1,59.6568546734044,214.764676824256,7.12514990615364,0,9623.85161617278,0,0,0,1.225
285.125,10.051298007241,1,1,59.6867092779408,214.872153400587,7.12666971676663,0,9628.99562244674,0,0,0,1.225
285.375,10.0554854974938,1,1,59.7165553194929,214.979599150174,7.12818946977131,0,9634.14042041378,0,0,0,1.225
285.625,10.059670895682,1,1,59.7463928106525,215.087014118349,7.12970916516042,0,9639.28601003632,0,0,0,1.225
285.875,10.0638542044929,1,1,59.7762217639825,215.194398350337,7.1312288029294,0,9644.43239127896,0,0,0,1.225
286.125,10.0680354266081,1,1,59.806042192017,215.301751891261,7.13274838306734,0,9649.5795641012,0,0,0,1.225
286.375,10.0722145647035,1,1,59.8358541072614,215.409074786141,7.13426790556969,0,9654.72752846763,0,0,0,1.225
286.625,10.0763916214493,1,1,59.8656575221927,215.516367079894,7.13578737042826,0,9659.87628433994,0,0,0,1.225
286.875,10.0805665995097,1,1,59.8954524492593,215.623628817334,7.13730677763397,0,9665.02583167906,0,0,0,1.225
287.125,10.0847395015434,1,1,59.9252389008812,215.730860043172,7.13882612718226,0,9670.17617044958,0,0,0,1.225
287.375,10.0889103302033,1,1,59.9550168894501,215.838060802021,7.14034541906403,0,9675.32730061244,0,0,0,1.225
287.625,10.0930790881366,1,1,59.9847864273295,215.945231138386,7.14186465327202,0,9680.47922213002,0,0,0,1.225
287.875,10.097245777985,1,1,60.0145475268547,216.052371096677,7.14338382979804,0,9685.63193496398,0,0,0,1.225
288.125,10.1014104023842,1,1,60.044300200333,216.159480721199,7.14490294863572,0,9690.78543907743,0,0,0,1.225
288.375,10.1055729639645,1,1,60.0740444600438,216.266560056158,7.14642200977505,0,9695.93973443055,0,0,0,1.225
288.625,10.1097334653507,1,1,60.1037803182384,216.373609145658,7.14794101321149,0,9701.09482098792,0,0,0,1.225
288.875,10.1138919091616,1,1,60.1335077871406,216.480628033706,7.14945995893595,0,9706.25069871043,0,0,0,1.225
289.125,10.1180482980108,1,1,60.1632268789463,216.587616764207,7.15097884694114,0,9711.40736756046,0,0,0,1.225
289.375,10.1222026345061,1,1,60.1929376058239,216.694575380966,7.15249767721798,0,9716.5648274989,0,0,0,1.225
289.625,10.1263549212498,1,1,60.2226399799141,216.801503927691,7.154016449761,0,9721.72307848957,0,0,0,1.225
289.875,10.1305051608387,1,1,60.2523340133304,216.908402447989,7.15553516456021,0,9726.88212049262,0,0,0,1.225
290.125,10.1346533558641,1,1,60.2820197181587,217.015270985371,7.15705382160832,0,9732.04195347043,0,0,0,1.225
290.375,10.1387995089116,1,1,60.3116971064577,217.122109583248,7.15857242089805,0,9737.20257738531,0,0,0,1.225
290.625,10.1429436225616,1,1,60.341366190259,217.228918284932,7.16009096242033,0,9742.36399219815,0,0,0,1.225
290.875,10.1470856993888,1,1,60.3710269815669,217.335697133641,7.16160944616877,0,9747.52619787202,0,0,0,1.225
291.125,10.1512257419626,1,1,60.4006794923588,217.442446172492,7.16312787213519,0,9752.68919436852,0,0,0,1.225
291.375,10.1553637528467,1,1,60.4303237345852,217.549165444507,7.16464624031232,0,9757.85298164997,0,0,0,1.225
291.625,10.1594997345998,1,1,60.4599597201695,217.65585499261,7.16616455068925,0,9763.01755967578,0,0,0,1.225
291.875,10.1636336897748,1,1,60.4895874610086,217.762514859631,7.16768280325959,0,9768.18292840899,0,0,0,1.225
292.125,10.1677656209195,1,1,60.5192069689724,217.869145088301,7.16920099801519,0,9773.34908781119,0,0,0,1.225
292.375,10.171895530576,1,1,60.5488182559046,217.975745721256,7.17071913494874,0,9778.51603784468,0,0,0,1.225
292.625,10.1760234212814,1,1,60.5784213336219,218.082316801039,7.17223721405117,0,9783.68377847031,0,0,0,1.225
292.875,10.1801492955671,1,1,60.6080162139148,218.188858370093,7.17375523531427,0,9788.85230964965,0,0,0,1.225
293.125,10.1842731559595,1,1,60.6376029085473,218.29537047077,7.17527319873079,0,9794.021631345,0,0,0,1.225
293.375,10.1883950049796,1,1,60.6671814292573,218.401853145326,7.1767911042898,0,9799.19174351573,0,0,0,1.225
293.625,10.1925148451428,1,1,60.6967517877562,218.508306435922,7.17830895198676,0,9804.36264612631,0,0,0,1.225
293.875,10.1966326789597,1,1,60.7263139957296,218.614730384626,7.17982674181167,0,9809.53433913684,0,0,0,1.225
294.125,10.2007485089354,1,1,60.7558680648366,218.721125033412,7.18134447375451,0,9814.7068225074,0,0,0,1.225
294.375,10.2048623375695,1,1,60.7854140067107,218.827490424159,7.18286214780892,0,9819.880096201,0,0,0,1.225
294.625,10.2089741673569,1,1,60.8149518329594,218.933826598654,7.18437976396763,0,9825.0541601799,0,0,0,1.225
294.875,10.2130840007869,1,1,60.8444815551642,219.040133598591,7.18589732221881,0,9830.22901440272,0,0,0,1.225
295.125,10.2171918403436,1,1,60.874003184881,219.146411465572,7.187414822557,0,9835.40465883318,0,0,0,1.225
295.375,10.2212976885061,1,1,60.9035167336402,219.252660241105,7.1889322649713,0,9840.58109343062,0,0,0,1.225
295.625,10.2254015477483,1,1,60.9330222129462,219.358879966606,7.19044964945624,0,9845.75831815874,0,0,0,1.225
295.875,10.2295034205388,1,1,60.9625196342782,219.465070683402,7.19196697599909,0,9850.93633297541,0,0,0,1.225
296.125,10.2336033093411,1,1,60.9920090090899,219.571232432724,7.19348424459531,0,9856.11513784506,0,0,0,1.225
296.375,10.2377012166136,1,1,61.0214903488096,219.677365255715,7.19500145523489,0,9861.29473272774,0,0,0,1.225
296.625,10.2417971448097,1,1,61.0509636648403,219.783469193425,7.19651860790782,0,9866.47511758349,0,0,0,1.225
296.875,10.2458910963776,1,1,61.0804289685598,219.889544286815,7.19803570260592,0,9871.6562923738,0,0,0,1.225
297.125,10.2499830737603,1,1,61.1098862713208,219.995590576755,7.19955273932192,0,9876.83825706091,0,0,0,1.225
297.375,10.254073079396,1,1,61.1393355844509,220.101608104023,7.2010697180458,0,9882.02101160483,0,0,0,1.225
297.625,10.2581611157176,1,1,61.1687769192527,220.20759690931,7.20258663876939,0,9887.20455596704,0,0,0,1.225
297.875,10.262247185153,1,1,61.1982102870041,220.313557033215,7.20410350148359,0,9892.38889010831,0,0,0,1.225
298.125,10.2663312901253,1,1,61.2276356989578,220.419488516248,7.2056203061793,0,9897.57401398936,0,0,0,1.225
298.375,10.2704134330523,1,1,61.2570531663419,220.525391398831,7.20713705284834,0,9902.75992757168,0,0,0,1.225
298.625,10.274493616347,1,1,61.2864627003601,220.631265721296,7.20865374148161,0,9907.94663081598,0,0,0,1.225
298.875,10.2785718424173,1,1,61.315864312191,220.737111523887,7.21017037207002,0,9913.13412368301,0,0,0,1.225
299.125,10.2826481136663,1,1,61.3452580129889,220.84292884676,7.21168694460448,0,9918.32240613348,0,0,0,1.225
299.375,10.2867224324919,1,1,61.3746438138838,220.948717729982,7.21320345907588,0,9923.51147812812,0,0,0,1.225
299.625,10.2907948012873,1,1,61.4040217259809,221.054478213531,7.21471991547423,0,9928.70133962691,0,0,0,1.225
299.875,10.2948652224407,1,1,61.4333917603615,221.160210337302,7.21623631379407,0,9933.89199059347,0,0,0,1.225
300.125,10.2989336983353,1,1,61.4627539280824,221.265914141097,7.21775265402357,0,9939.08343098633,0,0,0,1.225
300.375,10.3030002313496,1,1,61.4921082401763,221.371589664635,7.21926893615273,0,9944.27566076545,0,0,0,1.225
300.625,10.3070648238569,1,1,61.5214547076517,221.477236947546,7.22078516017518,0,9949.46867989371,0,0,0,1.225
300.875,10.3111274782261,1,1,61.5507933414932,221.582856029375,7.2223013260791,0,9954.66248832962,0,0,0,1.225
301.125,10.3151881968208,1,1,61.5801241526613,221.688446949581,7.22381743385813,0,9959.85708603605,0,0,0,1.225
301.375,10.319246982,1,1,61.6094471520929,221.794009747534,7.22533348350044,0,9965.05247297149,0,0,0,1.225
301.625,10.3233038361178,1,1,61.6387623507006,221.899544462522,7.22684947499874,0,9970.24864909808,0,0,0,1.225
301.875,10.3273587615236,1,1,61.6680697593737,222.005051133745,7.22836540834214,0,9975.44561437501,0,0,0,1.225
302.125,10.3314117605619,1,1,61.6973693889776,222.110529800319,7.22988128352063,0,9980.64336876224,0,0,0,1.225
302.375,10.3354628355724,1,1,61.7266612503541,222.215980501275,7.23139710052783,0,9985.84191222261,0,0,0,1.225
302.625,10.3395119888901,1,1,61.7559453543214,222.321403275557,7.23291285935193,0,9991.04124471458,0,0,0,1.225
302.875,10.3435592228452,1,1,61.7852217116744,222.426798162028,7.23442855998474,0,9996.24136619953,0,0,0,1.225
303.125,10.3476045397633,1,1,61.8144903331846,222.532165199464,7.23594420241716,0,10001.4422766381,0,0,0,1.225
303.375,10.351647941965,1,1,61.8437512295998,222.637504426559,7.23745978663919,0,10006.6439759902,0,0,0,1.225
303.625,10.3556894317664,1,1,61.8730044116451,222.742815881922,7.23897531264083,0,10011.8464642158,0,0,0,1.225
303.875,10.3597290114789,1,1,61.9022498900219,222.848099604079,7.24049078041207,0,10017.0497412747,0,0,0,1.225
304.125,10.363766683409,1,1,61.9314876754087,222.953355631471,7.24200618994564,0,10022.253807129,0,0,0,1.225
304.375,10.3678024498589,1,1,61.960717778461,223.05858400246,7.2435215412288,0,10027.4586617364,0,0,0,1.225
304.625,10.3718363131258,1,1,61.9899402098112,223.16378475532,7.24503683425519,0,10032.6643050598,0,0,0,1.225
304.875,10.3758682755024,1,1,62.0191549800687,223.268957928247,7.24655206901389,0,10037.8707370582,0,0,0,1.225
305.125,10.3798983392767,1,1,62.0483620998203,223.374103559353,7.24806724549398,0,10043.0779576908,0,0,0,1.225
305.375,10.3839265067321,1,1,62.0775615796296,223.479221686667,7.24958236368821,0,10048.2859669197,0,0,0,1.225
305.625,10.3879527801476,1,1,62.1067534300379,223.584312348136,7.25109742358381,0,10053.4947647026,0,0,0,1.225
305.875,10.3919771617973,1,1,62.1359376615636,223.689375581629,7.25261242517536,0,10058.7043510029,0,0,0,1.225
306.125,10.3959996539508,1,1,62.1651142847025,223.794411424929,7.25412736844828,0,10063.9147257768,0,0,0,1.225
306.375,10.4000202588732,1,1,62.194283309928,223.899419915741,7.25564225339622,0,10069.1258889872,0,0,0,1.225
306.625,10.4040389788251,1,1,62.2234447476908,224.004401091687,7.25715708000644,0,10074.3378405916,0,0,0,1.225
306.875,10.4080558160625,1,1,62.2525986084196,224.10935499031,7.25867184827166,0,10079.5505805522,0,0,0,1.225
307.125,10.4120707728367,1,1,62.2817449025203,224.214281649073,7.26018655818189,0,10084.7641088286,0,0,0,1.225
307.375,10.4160838513948,1,1,62.3108836403769,224.319181105357,7.2617012097262,0,10089.9784253801,0,0,0,1.225
307.625,10.4200950539791,1,1,62.340014832351,224.424053396464,7.26321580289459,0,10095.1935301664,0,0,0,1.225
307.875,10.4241043828276,1,1,62.3691384887822,224.528898559616,7.26473033767797,0,10100.4094231481,0,0,0,1.225
308.125,10.4281118401738,1,1,62.3982546199878,224.633716631956,7.26624481406452,0,10105.6261042836,0,0,0,1.225
308.375,10.4321174282467,1,1,62.4273632362633,224.738507650548,7.26775923204696,0,10110.8435735347,0,0,0,1.225
308.625,10.4361211492708,1,1,62.4564643478821,224.843271652376,7.26927359161255,0,10116.0618308592,0,0,0,1.225
308.875,10.4401230054663,1,1,62.4855579650959,224.948008674345,7.2707878927522,0,10121.2808762176,0,0,0,1.225
309.125,10.4441229990487,1,1,62.5146440981344,225.052718753284,7.27230213545772,0,10126.500709571,0,0,0,1.225
309.375,10.4481211322294,1,1,62.5437227572057,225.15740192594,7.27381631971548,0,10131.7213308764,0,0,0,1.225
309.625,10.4521174072153,1,1,62.572793952496,225.262058228985,7.27533044551728,0,10136.942740095,0,0,0,1.225
309.875,10.4561118262088,1,1,62.60185769417,225.366687699012,7.27684451285313,0,10142.1649371866,0,0,0,1.225
310.125,10.4601043914079,1,1,62.6309139923708,225.471290372535,7.27835852171302,0,10147.3879221109,0,0,0,1.225
310.375,10.4640951050066,1,1,62.6599628572201,225.575866285992,7.27987247208603,0,10152.611694827,0,0,0,1.225
310.625,10.468083969194,1,1,62.6890042988179,225.680415475745,7.28138636396125,0,10157.8362552939,0,0,0,1.225
310.875,10.4720709861553,1,1,62.7180383272431,225.784937978075,7.28290019732867,0,10163.0616034713,0,0,0,1.225
311.125,10.4760561580712,1,1,62.747064952553,225.889433829191,7.28441397217921,0,10168.2877393197,0,0,0,1.225
311.375,10.480039487118,1,1,62.7760841847839,225.993903065222,7.28592768850285,0,10173.5146627988,0,0,0,1.225
311.625,10.4840209754678,1,1,62.8050960339508,226.098345722223,7.28744134628596,0,10178.7423738655,0,0,0,1.225
311.875,10.4880006252884,1,1,62.8341005100473,226.20276183617,7.28895494552216,0,10183.9708724824,0,0,0,1.225
312.125,10.4919784387434,1,1,62.8630976230464,226.307151442967,7.29046848619782,0,10189.2001586063,0,0,0,1.225
312.375,10.495954417992,1,1,62.8920873828997,226.411514578439,7.29198196830384,0,10194.4302321976,0,0,0,1.225
312.625,10.4999285651891,1,1,62.9210697995379,226.515851278336,7.2934953918284,0,10199.6610932147,0,0,0,1.225
312.875,10.5039008824855,1,1,62.9500448828709,226.620161578335,7.29500875676331,0,10204.8927416186,0,0,0,1.225
313.125,10.5078713720277,1,1,62.9790126427879,226.724445514036,7.29652206309765,0,10210.1251773682,0,0,0,1.225
313.375,10.511840035958,1,1,63.0079730891568,226.828703120965,7.29803531081961,0,10215.358400422,0,0,0,1.225
313.625,10.5158068764144,1,1,63.0369262318254,226.932934434571,7.29954849991827,0,10220.5924107388,0,0,0,1.225
313.875,10.5197718955308,1,1,63.0658720806204,227.037139490233,7.30106163038454,0,10225.8272082789,0,0,0,1.225
314.125,10.523735095437,1,1,63.094810645348,227.141318323253,7.3025747022084,0,10231.0627930022,0,0,0,1.225
314.375,10.5276964782584,1,1,63.123741935794,227.245470968858,7.30408771537532,0,10236.2991648646,0,0,0,1.225
314.625,10.5316560461164,1,1,63.1526659617235,227.349597462205,7.305600669878,0,10241.5363238279,0,0,0,1.225
314.875,10.5356138011281,1,1,63.1815827328813,227.453697838373,7.30711356570555,0,10246.7742698511,0,0,0,1.225
315.125,10.5395697454066,1,1,63.2104922589918,227.557772132371,7.30862640284613,0,10252.0130028924,0,0,0,1.225
315.375,10.5435238810609,1,1,63.2393945497591,227.661820379133,7.31013918128792,0,10257.25252291,0,0,0,1.225
315.625,10.5474762101958,1,1,63.2682896148669,227.765842613521,7.31165190102365,0,10262.4928298656,0,0,0,1.225
315.875,10.5514267349119,1,1,63.2971774639789,227.869838870324,7.31316456203785,0,10267.7339237146,0,0,0,1.225
316.125,10.5553754573059,1,1,63.3260581067386,227.973809184259,7.31467716432326,0,10272.9758044188,0,0,0,1.225
316.375,10.5593223794703,1,1,63.3549315527693,228.077753589969,7.31618970786894,0,10278.218471937,0,0,0,1.225
316.625,10.5632675034935,1,1,63.3837978116743,228.181672122028,7.31770219266036,0,10283.4619262252,0,0,0,1.225
316.875,10.5672108314599,1,1,63.4126568930371,228.285564814934,7.31921461869115,0,10288.706167246,0,0,0,1.225
317.125,10.5711523654499,1,1,63.4415088064211,228.389431703116,7.32072698594675,0,10293.9511949552,0,0,0,1.225
317.375,10.5750921075397,1,1,63.4703535613699,228.493272820932,7.32223929441989,0,10299.1970093148,0,0,0,1.225
317.625,10.5790300598016,1,1,63.4991911674072,228.597088202666,7.3237515440951,0,10304.4436102798,0,0,0,1.225
317.875,10.5829662243039,1,1,63.5280216340372,228.700877882534,7.32526373496512,0,10309.6909978121,0,0,0,1.225
318.125,10.5869006031109,1,1,63.556844970744,228.804641894678,7.32677586701539,0,10314.9391718676,0,0,0,1.225
318.375,10.5908331982827,1,1,63.5856611869925,228.908380273173,7.32828794023771,0,10320.1881324073,0,0,0,1.225
318.625,10.5947640118756,1,1,63.6144702922277,229.01209305202,7.32979995461938,0,10325.4378793887,0,0,0,1.225
318.875,10.5986930459419,1,1,63.6432722958751,229.115780265151,7.33131191015127,0,10330.6884127719,0,0,0,1.225
319.125,10.60262030253,1,1,63.672067207341,229.219441946428,7.33282380681885,0,10335.939732513,0,0,0,1.225
319.375,10.6065457836843,1,1,63.700855036012,229.323078129643,7.33433564461484,0,10341.1918385736,0,0,0,1.225
319.625,10.610469491445,1,1,63.7296357912553,229.426688848519,7.33584742352377,0,10346.4447309089,0,0,0,1.225
319.875,10.6143914278489,1,1,63.7584094824189,229.530274136708,7.33735914353929,0,10351.6984094813,0,0,0,1.225
320.125,10.6183115949284,1,1,63.7871761188317,229.633834027794,7.33887080464501,0,10356.9528742454,0,0,0,1.225
320.375,10.6222299947122,1,1,63.8159357098031,229.737368555291,7.34038240683276,0,10362.208125162,0,0,0,1.225
320.625,10.6261466292251,1,1,63.8446882646235,229.840877752645,7.3418939500898,0,10367.4641621885,0,0,0,1.225
320.875,10.630061500488,1,1,63.8734337925642,229.944361653231,7.34340543440612,0,10372.7209852844,0,0,0,1.225
321.125,10.6339746105178,1,1,63.9021723028773,230.047820290358,7.344916859769,0,10377.9785944071,0,0,0,1.225
321.375,10.6378859613278,1,1,63.9309038047962,230.151253697266,7.34642822616934,0,10383.2369895166,0,0,0,1.225
321.625,10.6417955549273,1,1,63.9596283075351,230.254661907126,7.34793953359258,0,10388.496170569,0,0,0,1.225
321.875,10.6457033933216,1,1,63.9883458202894,230.358044953042,7.34945078202873,0,10393.7561375237,0,0,0,1.225
322.125,10.6496094785124,1,1,64.0170563522358,230.461402868049,7.35096197146413,0,10399.0168903372,0,0,0,1.225
322.375,10.6535138124974,1,1,64.0457599125318,230.564735685114,7.35247310189334,0,10404.2784289726,0,0,0,1.225
322.625,10.6574163972706,1,1,64.0744565103167,230.66804343714,7.35398417329998,0,10409.5407533844,0,0,0,1.225
322.875,10.6613172348222,1,1,64.1031461547108,230.771326156959,7.35549518567313,0,10414.8038635313,0,0,0,1.225
323.125,10.6652163271385,1,1,64.1318288548157,230.874583877337,7.35700613900008,0,10420.0677593704,0,0,0,1.225
323.375,10.6691136762021,1,1,64.1605046197148,230.977816630973,7.35851703326989,0,10425.3324408606,0,0,0,1.225
323.625,10.6730092839919,1,1,64.1891734584726,231.081024450501,7.3600278684753,0,10430.5979079635,0,0,0,1.225
323.875,10.6769031524827,1,1,64.2178353801352,231.184207368487,7.36153864459629,0,10435.8641606305,0,0,0,1.225
324.125,10.6807952836461,1,1,64.2464903937305,231.28736541743,7.36304936162924,0,10441.131198826,0,0,0,1.225
324.375,10.6846856794494,1,1,64.2751385082677,231.390498629764,7.36456001955958,0,10446.399022506,0,0,0,1.225
324.625,10.6885743418565,1,1,64.303779732738,231.493607037857,7.36607061837094,0,10451.6676316247,0,0,0,1.225
324.875,10.6924612728275,1,1,64.332414076114,231.59669067401,7.36758115806151,0,10456.937026148,0,0,0,1.225
325.125,10.6963464743187,1,1,64.3610415473504,231.699749570461,7.36909163860764,0,10462.2072060245,0,0,0,1.225
325.375,10.7002299482829,1,1,64.3896621553834,231.80278375938,7.37060206000569,0,10467.4781712186,0,0,0,1.225
325.625,10.7041116966689,1,1,64.4182759091314,231.905793272873,7.37211242224294,0,10472.7499216876,0,0,0,1.225
325.875,10.7079917214221,1,1,64.4468828174945,232.00877814298,7.37362272530481,0,10478.0224573871,0,0,0,1.225
326.125,10.7118700244841,1,1,64.4754828893548,232.111738401677,7.37513296918223,0,10483.2957782774,0,0,0,1.225
326.375,10.7157466077928,1,1,64.5040761335766,232.214674080876,7.37664315386246,0,10488.5698843155,0,0,0,1.225
326.625,10.7196214732825,1,1,64.5326625590061,232.317585212422,7.37815327933276,0,10493.8447754586,0,0,0,1.225
326.875,10.723494622884,1,1,64.5612421744716,232.420471828098,7.37966334557859,0,10499.1204516625,0,0,0,1.225
327.125,10.727366058524,1,1,64.5898149887838,232.523333959622,7.38117335259267,0,10504.3969128887,0,0,0,1.225
327.375,10.7312357821262,1,1,64.6183810107353,232.626171638647,7.38268330035862,0,10509.6741590914,0,0,0,1.225
327.625,10.7351037956102,1,1,64.6469402491012,232.728984896764,7.384193188871,0,10514.9521902337,0,0,0,1.225
327.875,10.7389701008922,1,1,64.6754927126389,232.8317737655,7.38570301810978,0,10520.2310062667,0,0,0,1.225
328.125,10.7428346998848,1,1,64.7040384100881,232.934538276317,7.38721278806952,0,10525.5106071536,0,0,0,1.225
328.375,10.7466975944969,1,1,64.7325773501708,233.037278460615,7.38872249873384,0,10530.7909928485,0,0,0,1.225
328.625,10.750558786634,1,1,64.7611095415918,233.139994349731,7.39023215009183,0,10536.07216331,0,0,0,1.225
328.875,10.7544182781979,1,1,64.7896349930381,233.242685974937,7.39174174213258,0,10541.3541184966,0,0,0,1.225
329.125,10.7582760710868,1,1,64.8181537131794,233.345353367446,7.39325127484153,0,10546.6368583641,0,0,0,1.225
329.375,10.7621321671954,1,1,64.846665710668,233.447996558405,7.39476074820959,0,10551.9203828724,0,0,0,1.225
329.625,10.765986568415,1,1,64.8751709941386,233.550615578899,7.39627016222221,0,10557.2046919772,0,0,0,1.225
329.875,10.7698392766333,1,1,64.9036695722091,233.653210459953,7.39777951686665,0,10562.4897856355,0,0,0,1.225
330.125,10.7736902937342,1,1,64.9321614534797,233.755781232527,7.39928881213564,0,10567.7756638089,0,0,0,1.225
330.375,10.7775396215985,1,1,64.9606466465335,233.858327927521,7.40079804800735,0,10573.0623264471,0,0,0,1.225
330.625,10.7813872621032,1,1,64.9891251599366,233.960850575772,7.40230722447996,0,10578.3497735159,0,0,0,1.225
330.875,10.7852332171221,1,1,65.0175970022379,234.063349208056,7.40381634153164,0,10583.6380049651,0,0,0,1.225
331.125,10.7890774885251,1,1,65.046062181969,234.165823855089,7.40532539915694,0,10588.9270207576,0,0,0,1.225
331.375,10.792920078179,1,1,65.0745207076449,234.268274547522,7.40683439733948,0,10594.2168208476,0,0,0,1.225
331.625,10.7967609879469,1,1,65.1029725877633,234.370701315948,7.40834333607199,0,10599.5074051964,0,0,0,1.225
331.875,10.8006002196887,1,1,65.1314178308051,234.473104190898,7.40985221533629,0,10604.7987737567,0,0,0,1.225
332.125,10.8044377752605,1,1,65.1598564452342,234.575483202843,7.41136103511963,0,10610.0909264855,0,0,0,1.225
332.375,10.8082736565152,1,1,65.1882884394978,234.677838382192,7.41286979541474,0,10615.3838633442,0,0,0,1.225
332.625,10.8121078653022,1,1,65.2167138220262,234.780169759294,7.41437849620706,0,10620.6775842885,0,0,0,1.225
332.875,10.8159404034676,1,1,65.2451326012331,234.882477364439,7.41588713748024,0,10625.9720892723,0,0,0,1.225
333.125,10.8197712728538,1,1,65.2735447855152,234.984761227855,7.41739571922699,0,10631.2673782571,0,0,0,1.225
333.375,10.8236004753002,1,1,65.3019503832529,235.087021379711,7.41890424143094,0,10636.5634511969,0,0,0,1.225
333.625,10.8274280126423,1,1,65.3303494028098,235.189257850115,7.42041270408481,0,10641.8603080531,0,0,0,1.225
333.875,10.8312538867127,1,1,65.3587418525328,235.291470669118,7.42192110717224,0,10647.1579487798,0,0,0,1.225
334.125,10.8350780993404,1,1,65.3871277407525,235.393659866709,7.42342945067685,0,10652.456373331,0,0,0,1.225
334.375,10.838900652351,1,1,65.4155070757829,235.495825472818,7.42493773459137,0,10657.755581668,0,0,0,1.225
334.625,10.8427215475668,1,1,65.4438798659216,235.597967517318,7.42644595890306,0,10663.0555737479,0,0,0,1.225
334.875,10.8465407868067,1,1,65.4722461194497,235.700086030019,7.42795412359555,0,10668.3563495246,0,0,0,1.225
335.125,10.8503583718863,1,1,65.5006058446322,235.802181040676,7.42946222865794,0,10673.6579089566,0,0,0,1.225
335.375,10.8541743046179,1,1,65.5289590497174,235.904252578983,7.43097027407566,0,10678.9602519994,0,0,0,1.225
335.625,10.8579885868105,1,1,65.5573057429378,236.006300674576,7.43247825984326,0,10684.2633786156,0,0,0,1.225
335.875,10.8618012202695,1,1,65.5856459325093,236.108325357033,7.43398618593892,0,10689.567288755,0,0,0,1.225
336.125,10.8656122067975,1,1,65.6139796266317,236.210326655874,7.43549405235353,0,10694.8719823774,0,0,0,1.225
336.375,10.8694215481932,1,1,65.6423068334889,236.31230460056,7.43700185907619,0,10700.1774594411,0,0,0,1.225
336.625,10.8732292462526,1,1,65.6706275612484,236.414259220494,7.43850960609052,0,10705.4837199001,0,0,0,1.225
336.875,10.877035302768,1,1,65.6989418180617,236.516190545022,7.44001729338561,0,10710.7907637129,0,0,0,1.225
337.125,10.8808397195286,1,1,65.7272496120646,236.618098603433,7.44152492094508,0,10716.0985908333,0,0,0,1.225
337.375,10.8846424983202,1,1,65.7555509513765,236.719983424955,7.44303248876167,0,10721.4072012226,0,0,0,1.225
337.625,10.8884436409256,1,1,65.7838458441012,236.821845038764,7.444539996819,0,10726.7165948348,0,0,0,1.225
337.875,10.8922431491241,1,1,65.8121342983264,236.923683473975,7.44604744510434,0,10732.0267716268,0,0,0,1.225
338.125,10.8960410246919,1,1,65.8404163221241,237.025498759647,7.44755483360859,0,10737.3377315582,0,0,0,1.225
338.375,10.8998372694018,1,1,65.8686919235505,237.127290924782,7.44906216231175,0,10742.6494745803,0,0,0,1.225
338.625,10.9036318850237,1,1,65.8969611106459,237.229059998325,7.45056943120289,0,10747.9620006511,0,0,0,1.225
338.875,10.9074248733239,1,1,65.9252238914352,237.330806009167,7.45207664027112,0,10753.2753097292,0,0,0,1.225
339.125,10.9112162360657,1,1,65.9534802739271,237.432528986138,7.4535837895055,0,10758.5894017726,0,0,0,1.225
339.375,10.9150059750093,1,1,65.9817302661153,237.534228958015,7.45509087888786,0,10763.904276734,0,0,0,1.225
339.625,10.9187940919115,1,1,66.0099738759774,237.635905953519,7.45659790840364,0,10769.2199345686,0,0,0,1.225
339.875,10.9225805885259,1,1,66.0382111114757,237.737560001312,7.45810487804738,0,10774.5363752391,0,0,0,1.225
340.125,10.9263654666032,1,1,66.0664419805569,237.839191130005,7.45961178779908,0,10779.8535986965,0,0,0,1.225
340.375,10.9301487278907,1,1,66.0946664911523,237.940799368148,7.46111863764963,0,10785.1716049005,0,0,0,1.225
340.625,10.9339303741326,1,1,66.1228846511778,238.04238474424,7.46262542758268,0,10790.4903938049,0,0,0,1.225
340.875,10.9377104070699,1,1,66.1510964685337,238.143947286721,7.46413215758912,0,10795.8099653695,0,0,0,1.225
341.125,10.9414888284406,1,1,66.1793019511053,238.245487023979,7.46563882765076,0,10801.1303195466,0,0,0,1.225
341.375,10.9452656399794,1,1,66.2075011067622,238.347003984344,7.46714543775488,0,10806.451456293,0,0,0,1.225
341.625,10.9490408434179,1,1,66.235693943359,238.448498196093,7.46865198789055,0,10811.773375567,0,0,0,1.225
341.875,10.9528144404848,1,1,66.2638804687351,238.549969687446,7.47015847804505,0,10817.0960773253,0,0,0,1.225
342.125,10.9565864329054,1,1,66.2920606907145,238.651418486572,7.47166490820382,0,10822.4195615231,0,0,0,1.225
342.375,10.960356822402,1,1,66.3202346171062,238.752844621582,7.47317127835049,0,10827.7438281144,0,0,0,1.225
342.625,10.9641256106939,1,1,66.3484022557041,238.854248120535,7.47467758847415,0,10833.0688770572,0,0,0,1.225
342.875,10.9678927994972,1,1,66.3765636142869,238.955629011433,7.4761838385657,0,10838.3947083113,0,0,0,1.225
343.125,10.971658390525,1,1,66.4047187006185,239.056987322227,7.47769002860332,0,10843.721321826,0,0,0,1.225
343.375,10.9754223854872,1,1,66.4328675224476,239.158323080811,7.47919615858154,0,10849.0487175639,0,0,0,1.225
343.625,10.9791847860908,1,1,66.461010087508,239.259636315029,7.48070222848037,0,10854.3768954759,0,0,0,1.225
343.875,10.9829455940396,1,1,66.4891464035186,239.360927052667,7.48220823828524,0,10859.7058555172,0,0,0,1.225
344.125,10.9867048110344,1,1,66.5172764781834,239.46219532146,7.48371418799252,0,10865.0355976518,0,0,0,1.225
344.375,10.9904624387731,1,1,66.5454003191918,239.56344114909,7.48522007758038,0,10870.366121829,0,0,0,1.225
344.625,10.9942184789503,1,1,66.573517934218,239.664664563185,7.48672590703973,0,10875.6974280085,0,0,0,1.225
344.875,10.9979729332579,1,1,66.6016293309217,239.765865591318,7.48823167635237,0,10881.0295161426,0,0,0,1.225
345.125,11.0017258033844,1,1,66.6297345169479,239.867044261012,7.48973738550376,0,10886.3623861864,0,0,0,1.225
345.375,11.0054770910156,1,1,66.6578334999267,239.968200599736,7.49124303448662,0,10891.6960381009,0,0,0,1.225
345.625,11.0092267978342,1,1,66.6859262874738,240.069334634906,7.49274862328275,0,10897.0304718385,0,0,0,1.225
345.875,11.0129749255199,1,1,66.7140128871902,240.170446393885,7.49425415187943,0,10902.3656873557,0,0,0,1.225
346.125,11.0167214757493,1,1,66.7420933066623,240.271535903984,7.49575962026393,0,10907.7016846093,0,0,0,1.225
346.375,11.0204664501963,1,1,66.770167553462,240.372603192463,7.49726502842168,0,10913.0384635543,0,0,0,1.225
346.625,11.0242098505315,1,1,66.7982356351467,240.473648286528,7.49877037633996,0,10918.3760241473,0,0,0,1.225
346.875,11.0279516784228,1,1,66.8262975592593,240.574671213334,7.5002756640024,0,10923.7143663422,0,0,0,1.225
347.125,11.031691935535,1,1,66.8543533333284,240.675671999982,7.50178089139627,0,10929.0534900953,0,0,0,1.225
347.375,11.03543062353,1,1,66.8824029648681,240.776650673525,7.50328605850882,0,10934.3933953634,0,0,0,1.225
347.625,11.0391677440667,1,1,66.9104464613782,240.877607260961,7.5047911653237,0,10939.7340821002,0,0,0,1.225
347.875,11.0429032988012,1,1,66.9384838303441,240.978541789239,7.50629621183361,0,10945.0755502664,0,0,0,1.225
348.125,11.0466372893864,1,1,66.9665150792372,241.079454285254,7.50780119801493,0,10950.4177998101,0,0,0,1.225
348.375,11.0503697174726,1,1,66.9945402155144,241.180344775852,7.50930612386401,0,10955.7608306949,0,0,0,1.225
348.625,11.0541005847071,1,1,67.0225592466184,241.281213287826,7.51081098935902,0,10961.1046428703,0,0,0,1.225
348.875,11.057829892734,1,1,67.050572179978,241.382059847921,7.5123157944854,0,10966.4492362912,0,0,0,1.225
349.125,11.061557643195,1,1,67.0785790230076,241.482884482827,7.51382053923771,0,10971.79461092,0,0,0,1.225
349.375,11.0652838377285,1,1,67.1065797831075,241.583687219187,7.5153252235923,0,10977.1407667045,0,0,0,1.225
349.625,11.0690084779703,1,1,67.1345744676643,241.684468083591,7.51682984754189,0,10982.4877036057,0,0,0,1.225
349.875,11.072731565553,1,1,67.1625630840501,241.78522710258,7.51833441106828,0,10987.8354215756,0,0,0,1.225
350.125,11.0764531021066,1,1,67.1905456396235,241.885964302644,7.51983891416421,0,10993.1839205751,0,0,0,1.225
350.375,11.0801730892582,1,1,67.2185221417287,241.986679710223,7.52134335680785,0,10998.5332005534,0,0,0,1.225
350.625,11.083891528632,1,1,67.2464925976962,242.087373351706,7.52284773898646,0,11003.8832614671,0,0,0,1.225
350.875,11.0876084218492,1,1,67.2744570148428,242.188045253434,7.52435206069094,0,11009.2341032755,0,0,0,1.225
351.125,11.0913237705285,1,1,67.3024154004712,242.288695441696,7.52585632189766,0,11014.5857259263,0,0,0,1.225
351.375,11.0950375762855,1,1,67.3303677618703,242.389323942733,7.52736052260479,0,11019.9381293848,0,0,0,1.225
351.625,11.098749840733,1,1,67.3583141063154,242.489930782736,7.52886466278687,0,11025.2913135972,0,0,0,1.225
351.875,11.1024605654811,1,1,67.386254441068,242.590515987845,7.53036874243662,0,11030.6452785243,0,0,0,1.225
352.125,11.106169752137,1,1,67.4141887733759,242.691079584153,7.53187276153949,0,11036.0000241211,0,0,0,1.225
352.375,11.109877402305,1,1,67.442117110473,242.791621597703,7.53337672007547,0,11041.3555503383,0,0,0,1.225
352.625,11.1135835175868,1,1,67.47003945958,242.892142054488,7.53488061803728,0,11046.7118571365,0,0,0,1.225
352.875,11.1172880995812,1,1,67.4979558279038,242.992640980454,7.53638445540673,0,11052.068944468,0,0,0,1.225
353.125,11.1209911498841,1,1,67.5258662226375,243.093118401495,7.53788823216928,0,11057.4268122875,0,0,0,1.225
353.375,11.124692670089,1,1,67.5537706509612,243.19357434346,7.53939194831401,0,11062.785460553,0,0,0,1.225
353.625,11.1283926617862,1,1,67.581669120041,243.294008832147,7.54089560382272,0,11068.1448892166,0,0,0,1.225
353.875,11.1320911265634,1,1,67.6095616370297,243.394421893307,7.54239919868269,0,11073.5050982345,0,0,0,1.225
354.125,11.1357880660055,1,1,67.637448209067,243.494813552641,7.543902732883,0,11078.8660875646,0,0,0,1.225
354.375,11.1394834818406,1,1,67.6653181739103,243.595145426077,7.53963063630363,0,11079.605809186,0,0,0,1.225
354.625,11.1431773768327,1,1,67.6931486918414,243.695335290629,7.52875432066139,0,11075.057980276,0,0,0,1.225
354.875,11.1468697548813,1,1,67.7209276631965,243.795339587507,7.51790067191178,0,11070.5222955586,0,0,0,1.225
355.125,11.1505606200366,1,1,67.7486552348836,243.895158845581,7.5070696129751,0,11065.998705844,0,0,0,1.225
355.375,11.1542499763322,1,1,67.7763315531694,243.99479359141,7.4962610671646,0,11061.4871622144,0,0,0,1.225
355.625,11.1579378277856,1,1,67.8039567636837,244.094244349261,7.48547495819912,0,11056.987616034,0,0,0,1.225
355.875,11.1616241783981,1,1,67.8315310114226,244.193511641121,7.47471121018498,0,11052.5000189353,0,0,0,1.225
356.125,11.1653090321547,1,1,67.8590544407527,244.29259598671,7.46396974763593,0,11048.0243228351,0,0,0,1.225
356.375,11.1689923930244,1,1,67.886527195415,244.391497903494,7.45325049543862,0,11043.5604799067,0,0,0,1.225
356.625,11.1726742649605,1,1,67.9139494185281,244.490217906701,7.44255337888353,0,11039.1084426055,0,0,0,1.225
356.875,11.1763546519001,1,1,67.9413212525928,244.588756509334,7.43187832363401,0,11034.6681636439,0,0,0,1.225
357.125,11.1800335577647,1,1,67.9686428394952,244.687114222183,7.42122525574268,0,11030.2395960049,0,0,0,1.225
357.375,11.1837109864601,1,1,67.9959143205106,244.785291553838,7.41059410164053,0,11025.8226929336,0,0,0,1.225
357.625,11.1873869418765,1,1,68.0231358363069,244.883289010705,7.39998478813141,0,11021.4174079328,0,0,0,1.225
357.875,11.1910614278886,1,1,68.0503075269487,244.981107097015,7.38939724239754,0,11017.0236947678,0,0,0,1.225
358.125,11.1947344483558,1,1,68.0774295319006,245.078746314842,7.37883139199403,0,11012.6415074624,0,0,0,1.225
358.375,11.1984060071219,1,1,68.1045019900307,245.176207164111,7.36828716483978,0,11008.2708002912,0,0,0,1.225
358.625,11.2020761080157,1,1,68.1315250396145,245.273490142612,7.35776448923389,0,11003.9115277936,0,0,0,1.225
358.875,11.2057447548506,1,1,68.1584988183379,245.370595746017,7.34726329381738,0,10999.5636447431,0,0,0,1.225
359.125,11.2094119514253,1,1,68.1854234633014,245.467524467885,7.33678350761329,0,10995.2271061795,0,0,0,1.225
359.375,11.2130777015231,1,1,68.2122991110227,245.564276799682,7.32632505999027,0,10990.90186738,0,0,0,1.225
359.625,11.2167420089126,1,1,68.239125897441,245.660853230788,7.31588788068257,0,10986.5878838757,0,0,0,1.225
359.875,11.2204048773475,1,1,68.2659039579197,245.757254248511,7.30547189977369,0,10982.285111438,0,0,0,1.225
360.125,11.2240663105668,1,1,68.2926334272503,245.853480338101,7.29507704770549,0,10977.9935060871,0,0,0,1.225
360.375,11.2277263122948,1,1,68.3193144396555,245.94953198276,7.2847032552545,0,10973.7130240723,0,0,0,1.225
360.625,11.2313848862412,1,1,68.3459471287927,246.045409663654,7.27435045356469,0,10969.443621899,0,0,0,1.225
360.875,11.2350420361013,1,1,68.3725316277571,246.141113859926,7.26401857410565,0,10965.185256295,0,0,0,1.225
361.125,11.2386977655558,1,1,68.3990680690852,246.236645048707,7.25370754870346,0,10960.9378842359,0,0,0,1.225
361.375,11.2423520782711,1,1,68.4255565847579,246.332003705128,7.24341730951528,0,10956.7014629244,0,0,0,1.225
361.625,11.2460049778995,1,1,68.4519973062039,246.427190302334,7.23314778904205,0,10952.4759498011,0,0,0,1.225
361.875,11.2496564680789,1,1,68.4783903643028,246.52220531149,7.22289892011577,0,10948.2613025342,0,0,0,1.225
362.125,11.2533065524331,1,1,68.5047358893883,246.617049201798,7.21267063590676,0,10944.0574790259,0,0,0,1.225
362.375,11.256955234572,1,1,68.5310340112514,246.711722440505,7.20246286990732,0,10939.8644373989,0,0,0,1.225
362.625,11.2606025180914,1,1,68.5572848591436,246.806225492917,7.19227555594262,0,10935.6821360058,0,0,0,1.225
362.875,11.2642484065733,1,1,68.5834885617798,246.900558822407,7.18210862817614,0,10931.5105334333,0,0,0,1.225
363.125,11.2678929035859,1,1,68.6096452473418,246.994722890431,7.17196202107152,0,10927.3495884723,0,0,0,1.225
363.375,11.2715360126834,1,1,68.635755043481,247.088718156532,7.16183566944164,0,10923.1992601569,0,0,0,1.225
363.625,11.2751777374068,1,1,68.6618180773215,247.182545078357,7.15172950840133,0,10919.0595077268,0,0,0,1.225
363.875,11.2788180812831,1,1,68.6878344754632,247.276204111668,7.14164347338192,0,10914.9302906394,0,0,0,1.225
364.125,11.282457047826,1,1,68.7138043639851,247.369695710346,7.13157750014216,0,10910.8115685784,0,0,0,1.225
364.375,11.2860946405357,1,1,68.7397278684476,247.463020326411,7.12153152475184,0,10906.7033014411,0,0,0,1.225
364.625,11.289730862899,1,1,68.7656051138963,247.556178410027,7.11150548358819,0,10902.6054493356,0,0,0,1.225
364.875,11.2933657183893,1,1,68.7914362248642,247.649170409511,7.10149931333399,0,10898.5179725794,0,0,0,1.225
365.125,11.2969992104671,1,1,68.8172213253749,247.74199677135,7.09151295098673,0,10894.4408317069,0,0,0,1.225
365.375,11.3006313425793,1,1,68.8429605389458,247.834657940205,7.08154633385311,0,10890.3739874654,0,0,0,1.225
365.625,11.3042621181601,1,1,68.8686539885904,247.927154358925,7.07159939953272,0,10886.3174008019,0,0,0,1.225
365.875,11.3078915406305,1,1,68.8943017968217,248.019486468558,7.0616720859307,0,10882.2710328734,0,0,0,1.225
366.125,11.3115196133984,1,1,68.9199040856548,248.111654708357,7.05176433125598,0,10878.2348450462,0,0,0,1.225
366.375,11.3151463398591,1,1,68.9454609766094,248.203659515794,7.04187607400854,0,10874.2087988849,0,0,0,1.225
366.625,11.3187717233949,1,1,68.9709725907132,248.295501326568,7.0320072529903,0,10870.1928561623,0,0,0,1.225
366.875,11.3223957673754,1,1,68.9964390485044,248.387180574616,7.02215780729239,0,10866.1869788487,0,0,0,1.225
367.125,11.3260184751576,1,1,69.0218604700343,248.478697692124,7.01232767629881,0,10862.1911291153,0,0,0,1.225
367.375,11.3296398500857,1,1,69.0472369748702,248.570053109533,7.00251679968278,0,10858.2052693312,0,0,0,1.225
367.625,11.3332598954915,1,1,69.0725686820981,248.661247255553,6.99272511740492,0,10854.2293620623,0,0,0,1.225
367.875,11.3368786146943,1,1,69.0978557103253,248.752280557171,6.98295256971141,0,10850.26337007,0,0,0,1.225
368.125,11.340496011001,1,1,69.1230981776833,248.84315343966,6.97319909713951,0,10846.3072563156,0,0,0,1.225
368.375,11.3441120877059,1,1,69.1482962018303,248.933866326589,6.96346464050657,0,10842.360983952,0,0,0,1.225
368.625,11.3477268480914,1,1,69.1734498999537,249.024419639833,6.95374914089734,0,10838.4245163131,0,0,0,1.225
368.875,11.3513402954275,1,1,69.1985593887731,249.114813799583,6.94405253969126,0,10834.4978169364,0,0,0,1.225
369.125,11.3549524329719,1,1,69.2236247845424,249.205049224353,6.93437477854059,0,10830.5808495455,0,0,0,1.225
369.375,11.3585632639704,1,1,69.2486462030529,249.29512633099,6.92471579936864,0,10826.6735780485,0,0,0,1.225
369.625,11.3621727916567,1,1,69.2736237596354,249.385045534688,6.91507554437703,0,10822.7759665443,0,0,0,1.225
369.875,11.3657810192525,1,1,69.2985575691632,249.474807248988,6.90545395603476,0,10818.887979314,0,0,0,1.225
370.125,11.3693879499677,1,1,69.3234477460542,249.564411885795,6.89585097708186,0,10815.0095808239,0,0,0,1.225
370.375,11.3729935870001,1,1,69.3482944042737,249.653859855385,6.88626655053304,0,10811.1407357284,0,0,0,1.225
370.625,11.376597933536,1,1,69.3730976573366,249.743151566412,6.87670061965946,0,10807.2814088558,0,0,0,1.225
370.875,11.3802009927498,1,1,69.3978576183104,249.832287425917,6.86715312800334,0,10803.4315652201,0,0,0,1.225
371.125,11.3838027678043,1,1,69.422574399817,249.921267839341,6.85762401936699,0,10799.5911700123,0,0,0,1.225
371.375,11.3874032618506,1,1,69.4472481140355,250.010093210528,6.84811323781469,0,10795.7601886019,0,0,0,1.225
371.625,11.3910024780284,1,1,69.4718788727049,250.098763941738,6.83862072767806,0,10791.9385865419,0,0,0,1.225
371.875,11.3946004194658,1,1,69.4964667871259,250.187280433653,6.82914643353251,0,10788.1263295492,0,0,0,1.225
372.125,11.3981970892795,1,1,69.5210119681635,250.275643085388,6.81969030021901,0,10784.3233835232,0,0,0,1.225
372.375,11.4017924905749,1,1,69.5455145262496,250.363852294499,6.81025227283862,0,10780.5297145406,0,0,0,1.225
372.625,11.4053866264459,1,1,69.5699745713852,250.451908456987,6.80083229673619,0,10776.7452888431,0,0,0,1.225
372.875,11.4089794999753,1,1,69.5943922131428,250.539811967314,6.79143031750755,0,10772.9700728433,0,0,0,1.225
373.125,11.4125711142347,1,1,69.6187675606684,250.627563218406,6.78204628100502,0,10769.2040331287,0,0,0,1.225
373.375,11.4161614722845,1,1,69.6431007226844,250.715162601664,6.77268013332468,0,10765.4471364524,0,0,0,1.225
373.625,11.4197505771739,1,1,69.6673918074912,250.802610506968,6.76333182081726,0,10761.6993497413,0,0,0,1.225
373.875,11.4233384319414,1,1,69.6916409229702,250.889907322693,6.75400129007357,0,10757.960640085,0,0,0,1.225
374.125,11.4269250396142,1,1,69.7158481765855,250.977053435708,6.74468848792094,0,10754.230974733,0,0,0,1.225
374.375,11.4305104032088,1,1,69.7400136753862,251.06404923139,6.73539336144313,0,10750.5103211105,0,0,0,1.225
374.625,11.4340945257306,1,1,69.7641375260091,251.150895093633,6.72611585796039,0,10746.7986468029,0,0,0,1.225
374.875,11.4376774101743,1,1,69.7882198346802,251.237591404849,6.71685592502581,0,10743.0959195529,0,0,0,1.225
375.125,11.4412590595241,1,1,69.8122607072176,251.324138545983,6.7076135104362,0,10739.4021072694,0,0,0,1.225
375.375,11.4448394767531,1,1,69.8362602490331,251.410536896519,6.69838856222668,0,10735.717178023,0,0,0,1.225
375.625,11.448418664824,1,1,69.8602185651348,251.496786834485,6.68918102865791,0,10732.0411000365,0,0,0,1.225
375.875,11.4519966266887,1,1,69.8841357601289,251.582888736464,6.67999085823794,0,10728.3738417018,0,0,0,1.225
376.125,11.4555733652888,1,1,69.9080119382222,251.6688429776,6.67081799969674,0,10724.7153715603,0,0,0,1.225
376.375,11.4591488835552,1,1,69.9318472032238,251.754649931606,6.66166240199527,0,10721.0656583099,0,0,0,1.225
376.625,11.4627231844086,1,1,69.9556416585476,251.840309970771,6.65252401432917,0,10717.424670808,0,0,0,1.225
376.875,11.466296270759,1,1,69.9793954072142,251.925823465971,6.64340278612144,0,10713.7923780662,0,0,0,1.225
377.125,11.4698681455064,1,1,70.003108551853,252.011190786671,6.63429866702063,0,10710.1687492486,0,0,0,1.225
377.375,11.4734388115402,1,1,70.0267811947043,252.096412300936,6.62521160689539,0,10706.5537536676,0,0,0,1.225
377.625,11.4770082717398,1,1,70.0504134376213,252.181488375437,6.61614155584175,0,10702.9473607902,0,0,0,1.225
377.875,11.4805765289743,1,1,70.0740053820722,252.26641937546,6.60708846418129,0,10699.3495402361,0,0,0,1.225
378.125,11.4841435861027,1,1,70.0975571291421,252.351205664912,6.59805228245204,0,10695.760261771,0,0,0,1.225
378.375,11.4877094459739,1,1,70.1210687795352,252.435847606327,6.58903296141034,0,10692.179495308,0,0,0,1.225
378.625,11.4912741114269,1,1,70.1445404335767,252.520345560876,6.58003045204168,0,10688.6072109164,0,0,0,1.225
378.875,11.4948375852905,1,1,70.1679721912146,252.604699888373,6.57104470553531,0,10685.0433788016,0,0,0,1.225
379.125,11.4983998703837,1,1,70.1913641520221,252.68891094728,6.56207567330421,0,10681.4879693211,0,0,0,1.225
379.375,11.5019609695155,1,1,70.2147164151992,252.772979094717,6.55312330697234,0,10677.9409529746,0,0,0,1.225
379.625,11.5055208854853,1,1,70.2380290795747,252.856904686469,6.54418755837833,0,10674.4023004066,0,0,0,1.225
379.875,11.5090796210825,1,1,70.2613022436083,252.94068807699,6.53526837957361,0,10670.8719824057,0,0,0,1.225
380.125,11.5126371790868,1,1,70.2845360053922,253.024329619412,6.52636572281517,0,10667.3499698985,0,0,0,1.225
380.375,11.5161935622682,1,1,70.3077304626534,253.107829665552,6.51747954058192,0,10663.8362339626,0,0,0,1.225
380.625,11.5197487733871,1,1,70.3308857127553,253.191188565919,6.5086097855401,0,10660.3307457996,0,0,0,1.225
380.875,11.5233028151943,1,1,70.3540018526997,253.274406669719,6.49975641058336,0,10656.8334767671,0,0,0,1.225
381.125,11.5268556904309,1,1,70.3770789791287,253.357484324863,6.49091936879995,0,10653.344398352,0,0,0,1.225
381.375,11.5304074018287,1,1,70.4001171883264,253.440421877975,6.48209861348187,0,10649.8634821789,0,0,0,1.225
381.625,11.53395795211,1,1,70.4231165762209,253.523219674395,6.4732940981321,0,10646.3907000152,0,0,0,1.225
381.875,11.5375073439875,1,1,70.446077238386,253.605878058189,6.46450577644646,0,10642.9260237572,0,0,0,1.225
382.125,11.5410555801648,1,1,70.4689992700431,253.688397372155,6.45573360232993,0,10639.4694254427,0,0,0,1.225
382.375,11.5446026633359,1,1,70.4918827660631,253.770777957827,6.44697752988213,0,10636.0208772403,0,0,0,1.225
382.625,11.5481485961858,1,1,70.5147278209681,253.853020155485,6.43823751339733,0,10632.5803514488,0,0,0,1.225
382.875,11.55169338139,1,1,70.5375345289329,253.935124304158,6.4295135073753,0,10629.1478205062,0,0,0,1.225
383.125,11.5552370216149,1,1,70.5603029837874,254.017090741635,6.42080546651232,0,10625.723256983,0,0,0,1.225
383.375,11.5587795195179,1,1,70.5830332790177,254.098919804464,6.41211334568834,0,10622.3066335715,0,0,0,1.225
383.625,11.5623208777471,1,1,70.6057255077685,254.180611827966,6.4034370999907,0,10618.8979231049,0,0,0,1.225
383.875,11.5658610989416,1,1,70.628379762844,254.262167146238,6.3947766846868,0,10615.4970985362,0,0,0,1.225
384.125,11.5694001857315,1,1,70.6509961367106,254.343586092158,6.38613205524598,0,10612.104132955,0,0,0,1.225
384.375,11.5729381407379,1,1,70.6735747214978,254.424868997392,6.37750316732127,0,10608.7189995735,0,0,0,1.225
384.625,11.576474966573,1,1,70.6961156090005,254.506016192402,6.36888997675669,0,10605.3416717321,0,0,0,1.225
384.875,11.5800106658401,1,1,70.71861889068,254.587028006448,6.3602924395891,0,10601.9721229016,0,0,0,1.225
385.125,11.5835452411337,1,1,70.7410846576666,254.6679047676,6.35171051203361,0,10598.6103266707,0,0,0,1.225
385.375,11.5870786950393,1,1,70.7635130007604,254.748646802737,6.34314415050176,0,10595.2562567616,0,0,0,1.225
385.625,11.5906110301339,1,1,70.7859040104335,254.829254437561,6.33459331158156,0,10591.9098870134,0,0,0,1.225
385.875,11.5941422489856,1,1,70.8082577768315,254.909727996593,6.3260579520429,0,10588.571191387,0,0,0,1.225
386.125,11.5976723541539,1,1,70.8305743897749,254.99006780319,6.31753802885396,0,10585.2401439781,0,0,0,1.225
386.375,11.6012013481895,1,1,70.8528539387612,255.07027417954,6.30903349914115,0,10581.9167189853,0,0,0,1.225
386.625,11.6047292336348,1,1,70.8750965129662,255.150347446678,6.30054432023644,0,10578.600890748,0,0,0,1.225
386.875,11.6082560130233,1,1,70.8973022012456,255.230287924484,6.29207044963005,0,10575.2926337088,0,0,0,1.225
387.125,11.6117816888803,1,1,70.9194710921366,255.310095931692,6.283611845005,0,10571.9919224412,0,0,0,1.225
387.375,11.6153062637223,1,1,70.9416032738598,255.389771785895,6.27516846421713,0,10568.6987316336,0,0,0,1.225
387.625,11.6188297400577,1,1,70.9636988343201,255.469315803552,6.26674026529508,0,10565.4130360896,0,0,0,1.225
387.875,11.6223521203862,1,1,70.9857578611092,255.548728299993,6.25832720644939,0,10562.1348107349,0,0,0,1.225
388.125,11.6258734071993,1,1,71.0077804415062,255.628009589422,6.24992924606522,0,10558.8640306123,0,0,0,1.225
388.375,11.6293936029801,1,1,71.0297666624799,255.707159984928,6.24154634268962,0,10555.600670871,0,0,0,1.225
388.625,11.6329127102034,1,1,71.0517166106898,255.786179798483,6.23317845506062,0,10552.3447067902,0,0,0,1.225
388.875,11.636430731336,1,1,71.0736303724881,255.865069340957,6.22482554206908,0,10549.0961137486,0,0,0,1.225
389.125,11.6399476688361,1,1,71.0955080339207,255.943828922114,6.21648756279501,0,10545.8548672539,0,0,0,1.225
389.375,11.6434635251539,1,1,71.117349680729,256.022458850625,6.20816447647121,0,10542.6209429132,0,0,0,1.225
389.625,11.6469783027317,1,1,71.1391553983517,256.100959434066,6.19985624251058,0,10539.3943164554,0,0,0,1.225
389.875,11.6504920040033,1,1,71.1609252719257,256.179330978932,6.19156282048607,0,10536.174963715,0,0,0,1.225
390.125,11.6540046313947,1,1,71.1826593862877,256.257573790636,6.18328417014527,0,10532.9628606441,0,0,0,1.225
390.375,11.6575161873239,1,1,71.204357825976,256.335688173514,6.1750202513922,0,10529.7579832979,0,0,0,1.225
390.625,11.6610266742007,1,1,71.2260206752319,256.413674430835,6.16677102430367,0,10526.5603078474,0,0,0,1.225
390.875,11.6645360944271,1,1,71.2476480180006,256.491532864802,6.15853644912204,0,10523.3698105745,0,0,0,1.225
391.125,11.6680444503972,1,1,71.2692399379336,256.569263776561,6.15031648624426,0,10520.1864678626,0,0,0,1.225
391.375,11.6715517444973,1,1,71.2907965183892,256.646867466201,6.1421110962292,0,10517.0102562029,0,0,0,1.225
391.625,11.6750579791056,1,1,71.3123178424344,256.724344232764,6.13392023981032,0,10513.8411522048,0,0,0,1.225
391.875,11.6785631565927,1,1,71.3338039928462,256.801694374246,6.12574387786481,0,10510.6791325708,0,0,0,1.225
392.125,11.6820672793215,1,1,71.3552550521132,256.878918187607,6.11758197143899,0,10507.5241741174,0,0,0,1.225
392.375,11.6855703496469,1,1,71.3766711024367,256.956015968772,6.10943448173202,0,10504.3762537617,0,0,0,1.225
392.625,11.6890723699164,1,1,71.3980522257322,257.032988012636,6.10130137011402,0,10501.2353485365,0,0,0,1.225
392.875,11.6925733424696,1,1,71.4193985036309,257.109834613071,6.09318259809515,0,10498.1014355651,0,0,0,1.225
393.125,11.6960732696386,1,1,71.4407100174809,257.186556062931,6.08507812734751,0,10494.9744920795,0,0,0,1.225
393.375,11.6995721537479,1,1,71.4619868483486,257.263152654055,6.07698791970324,0,10491.8544954183,0,0,0,1.225
393.625,11.7030699971144,1,1,71.4832290770203,257.339624677273,6.06891193713818,0,10488.7414230143,0,0,0,1.225
393.875,11.7065668020475,1,1,71.5044367840031,257.415972422411,6.06085014179553,0,10485.6352524132,0,0,0,1.225
394.125,11.7100625708491,1,1,71.5256100495266,257.492196178296,6.05280249595489,0,10482.5359612489,0,0,0,1.225
394.375,11.7135573058137,1,1,71.546748953544,257.568296232758,6.04476896206688,0,10479.4435272716,0,0,0,1.225
394.625,11.7170510092283,1,1,71.5678535757336,257.644272872641,6.03674950271306,0,10476.3579283154,0,0,0,1.225
394.875,11.7205436833724,1,1,71.5889239955,257.7201263838,6.02874408063326,0,10473.2791423205,0,0,0,1.225
395.125,11.7240353305185,1,1,71.6099602919755,257.795857051112,6.02075265872372,0,10470.2071473317,0,0,0,1.225
395.375,11.7275259529314,1,1,71.6309625440214,257.871465158477,6.01277520001531,0,10467.141921481,0,0,0,1.225
395.625,11.7310155528689,1,1,71.651930830229,257.946950988825,6.00481166769714,0,10464.0834430069,0,0,0,1.225
395.875,11.7345041325813,1,1,71.6728652289214,258.022314824117,5.99686202510202,0,10461.0316902424,0,0,0,1.225
396.125,11.7379916943118,1,1,71.6937658181541,258.097556945355,5.98892623570828,0,10457.9866416168,0,0,0,1.225
396.375,11.7414782402963,1,1,71.7146326757172,258.172677632582,5.98100426313613,0,10454.9482756528,0,0,0,1.225
396.625,11.7449637727639,1,1,71.7354658791355,258.247677164888,5.97309607115312,0,10451.916570971,0,0,0,1.225
396.875,11.748448293936,1,1,71.7562655056708,258.322555820415,5.96520162367233,0,10448.8915062885,0,0,0,1.225
397.125,11.7519318060273,1,1,71.7770316323225,258.397313876361,5.95732088474506,0,10445.8730604131,0,0,0,1.225
397.375,11.7554143112455,1,1,71.7977643358291,258.471951608985,5.94945381856814,0,10442.8612122492,0,0,0,1.225
397.625,11.7588958117908,1,1,71.8184636926693,258.54646929361,5.94160038948576,0,10439.8559407993,0,0,0,1.225
397.875,11.7623763098569,1,1,71.8391297790635,258.620867204629,5.9337605619603,0,10436.8572251412,0,0,0,1.225
398.125,11.7658558076302,1,1,71.8597626709744,258.695145615508,5.92593430062334,0,10433.8650444681,0,0,0,1.225
398.375,11.7693343072904,1,1,71.8803624441091,258.769304798793,5.91812157022287,0,10430.8793780472,0,0,0,1.225
398.625,11.7728118110101,1,1,71.9009291739193,258.843345026109,5.91032233565784,0,10427.9002052467,0,0,0,1.225
398.875,11.776288320955,1,1,71.9214629356033,258.917266568172,5.90253656195455,0,10424.9275055177,0,0,0,1.225
399.125,11.7797638392842,1,1,71.9419638041068,258.991069694785,5.89476421428481,0,10421.9612584084,0,0,0,1.225
399.375,11.7832383681497,1,1,71.9624318541242,259.064754674847,5.88700525795139,0,10419.0014435524,0,0,0,1.225
399.625,11.7867119096968,1,1,71.9828671600997,259.138321776359,5.87925965839531,0,10416.0480406751,0,0,0,1.225
399.875,11.7901844660641,1,1,72.0032697962284,259.211771266422,5.87152738119039,0,10413.101029589,0,0,0,1.225
400.125,11.7936560393834,1,1,72.0236398364576,259.285103411248,5.86380839205049,0,10410.1603901996,0,0,0,1.225
400.375,11.7971266317798,1,1,72.043977354488,259.358318476157,5.85610265680407,0,10407.2261024853,0,0,0,1.225
400.625,11.8005962453718,1,1,72.0642824237746,259.431416725588,5.84841014143603,0,10404.2981465309,0,0,0,1.225
400.875,11.8040649880243,1,1,72.0757646891498,259.472752880939,0.771806947164805,0,6344.84028844892,0,0,0,1.225
401.125,11.8075342324842,1,1,72.0172402892152,259.262065041175,-34.5036335516797,0,0,21884.8094453346,0,0,1.225
401.375,11.8110085133562,1,1,71.89750291827,258.831010505772,-34.4242584160111,0,0,21840.3075870232,0,0,1.225
401.625,11.8144885832332,1,1,71.7778419704929,258.400231093775,-34.3450533503183,0,0,21795.8980760246,0,0,1.225
401.875,11.8179744577297,1,1,71.6582572359864,257.969726049551,-34.2660180187358,0,0,21751.5807373048,0,0,1.225
402.125,11.8214661525301,1,1,71.5387485043778,257.53949461576,-34.1871520860004,0,0,21707.3553961265,0,0,1.225
402.375,11.8249636833894,1,1,71.4193155648158,257.109536033337,-34.1084552174525,0,0,21663.2218780512,0,0,1.225
402.625,11.8284670661334,1,1,71.2999582059669,256.679849541481,-34.029927079042,0,0,21619.1800089432,0,0,1.225
402.875,11.831976316659,1,1,71.1806762160106,256.250434377638,-33.9515673373298,0,0,21575.2296149721,0,0,1.225
403.125,11.8354914509354,1,1,71.0614693826361,255.82128977749,-33.873375659472,0,0,21531.3705225993,0,0,1.225
403.375,11.8390124850037,1,1,70.9423374930383,255.392414974938,-33.7953517132373,0,0,21487.6025585937,0,0,1.225
403.625,11.8425394349777,1,1,70.8232803339135,254.963809202089,-33.7174951669913,0,0,21443.9255500182,0,0,1.225
403.875,11.8460723170449,1,1,70.7042976914553,254.535471689239,-33.6398056896978,0,0,21400.339324232,0,0,1.225
404.125,11.8496111474661,1,1,70.5853893513507,254.107401664862,-33.5622829509321,0,0,21356.843708901,0,0,1.225
404.375,11.8531559425766,1,1,70.4665550987759,253.679598355593,-33.4849266208548,0,0,21313.4385319774,0,0,1.225
404.625,11.8567067187862,1,1,70.3477947183922,253.252060986212,-33.4077363702436,0,0,21270.1236217254,0,0,1.225
404.875,11.8602634925801,1,1,70.2291079943414,252.824788779629,-33.3307118704561,0,0,21226.8988066917,0,0,1.225
405.125,11.8638262805193,1,1,70.1104947102422,252.397780956872,-33.2538527934503,0,0,21183.7639157225,0,0,1.225
405.375,11.8673950992408,1,1,69.9919546491851,251.971036737066,-33.1771588117917,0,0,21140.7187779694,0,0,1.225
405.625,11.8709699654585,1,1,69.8734875937289,251.544555337424,-33.1006295986226,0,0,21097.7632228647,0,0,1.225
405.875,11.8745508959637,1,1,69.7550933258956,251.118335973224,-33.0242648276962,0,0,21054.8970801499,0,0,1.225
406.125,11.8781379076253,1,1,69.6367716271665,250.692377857799,-32.9480641733444,0,0,21012.1201798493,0,0,1.225
406.375,11.8817310173905,1,1,69.5185222784775,250.266680202519,-32.8720273104955,0,0,20969.4323522854,0,0,1.225
406.625,11.8853302422856,1,1,69.4003450602148,249.841242216773,-32.7961539146709,0,0,20926.8334280759,0,0,1.225
406.875,11.8889355994161,1,1,69.2822397522101,249.416063107956,-32.7204436619832,0,0,20884.3232381328,0,0,1.225
407.125,11.8925471059675,1,1,69.1642061337362,248.99114208145,-32.6448962291197,0,0,20841.9016136495,0,0,1.225
407.375,11.8961647792059,1,1,69.0462439835023,248.566478340608,-32.5695112933827,0,0,20799.5683861333,0,0,1.225
407.625,11.8997886364782,1,1,68.9283530796495,248.142071086738,-32.4942885326273,0,0,20757.323387356,0,0,1.225
407.875,11.9034186952131,1,1,68.8105331997459,247.717919519085,-32.4192276253234,0,0,20715.166449404,0,0,1.225
408.125,11.9070549729214,1,1,68.6927841207821,247.294022834816,-32.344328250505,0,0,20673.0974046375,0,0,1.225
408.375,11.9106974871966,1,1,68.5751056191662,246.870380228998,-32.2695900878043,0,0,20631.116085719,0,0,1.225
408.625,11.9143462557156,1,1,68.4574974707189,246.446990894588,-32.1950128174249,0,0,20589.2223255912,0,0,1.225
408.875,11.9180012962389,1,1,68.3399594506691,246.023854022409,-32.1205961201686,0,0,20547.4159574995,0,0,1.225
409.125,11.9216626266118,1,1,68.2224913336482,245.600968801133,-32.0463396773976,0,0,20505.6968149619,0,0,1.225
409.375,11.9253302647646,1,1,68.1050928936859,245.178334417269,-31.9722431710597,0,0,20464.0647317893,0,0,1.225
409.625,11.9290042287129,1,1,67.9877639042048,244.755950055137,-31.8983062837015,0,0,20422.5195420961,0,0,1.225
409.875,11.9326845365589,1,1,67.8705041380154,244.333814896856,-31.8245286984165,0,0,20381.0610802602,0,0,1.225
410.125,11.9363712064916,1,1,67.753313367311,243.91192812232,-31.7509100988955,0,0,20339.6891809618,0,0,1.225
410.375,11.9400642567872,1,1,67.6361913636624,243.490288909185,-31.6774501693999,0,0,20298.4036791643,0,0,1.225
410.625,11.9437637058103,1,1,67.5191378980132,243.068896432848,-31.6041485947662,0,0,20257.2044101167,0,0,1.225
410.875,11.9474695720139,1,1,67.4021527406739,242.647749866426,-31.5310050604057,0,0,20216.0912093545,0,0,1.225
411.125,11.9511818739405,1,1,67.2852356613169,242.226848380741,-31.4580192523008,0,0,20175.0639126968,0,0,1.225
411.375,11.9549006302225,1,1,67.1683864289714,241.806191144297,-31.3851908570086,0,0,20134.1223562494,0,0,1.225
411.625,11.9586258595829,1,1,67.0516048120174,241.385777323263,-31.3125195616522,0,0,20093.2663763984,0,0,1.225
411.875,11.9623575808359,1,1,66.934890578181,240.965606081452,-31.2400050539363,0,0,20052.4958098229,0,0,1.225
412.125,11.9660958128874,1,1,66.8182434945281,240.545676580301,-31.1676470221209,0,0,20011.8104934741,0,0,1.225
412.375,11.9698405747363,1,1,66.7016633274595,240.125987978854,-31.0954451550442,0,0,19971.210264594,0,0,1.225
412.625,11.9735918854742,1,1,66.585149842705,239.706539433738,-31.0233991421064,0,0,19930.6949607032,0,0,1.225
412.875,11.9773497642868,1,1,66.4687028053175,239.287330099143,-30.9515086732827,0,0,19890.2644196108,0,0,1.225
413.125,11.9811142304543,1,1,66.352321979668,238.868359126805,-30.8797734390992,0,0,19849.9184793962,0,0,1.225
413.375,11.9848853033523,1,1,66.236007129439,238.44962566598,-30.8081931306569,0,0,19809.6569784282,0,0,1.225
413.625,11.9886630024519,1,1,66.1197580176192,238.031128863429,-30.7367674396191,0,0,19769.4797553552,0,0,1.225
413.875,11.9924473473212,1,1,66.0035744064976,237.612867863391,-30.6654960582164,0,0,19729.3866491095,0,0,1.225
414.125,11.9962383576254,1,1,65.8874560576571,237.194841807566,-30.5943786792268,0,0,19689.3774988924,0,0,1.225
414.375,12.0000360531277,1,1,65.7714027319693,236.777049835089,-30.5234149959997,0,0,19649.4521441925,0,0,1.225
414.625,12.0038404536902,1,1,65.6554141895874,236.359491082515,-30.4526047024501,0,0,19609.6104247822,0,0,1.225
414.875,12.0076515792742,1,1,65.5394901899413,235.942164683789,-30.3819474930369,0,0,19569.8521807005,0,0,1.225
415.125,12.0114694499413,1,1,65.4236304917302,235.525069770229,-30.3114430627847,0,0,19530.1772522707,0,0,1.225
415.375,12.0152940858539,1,1,65.3078348529174,235.108205470503,-30.2410911072784,0,0,19490.5854800963,0,0,1.225
415.625,12.0191255072763,1,1,65.1921030307234,234.691570910604,-30.1708913226539,0,0,19451.0767050539,0,0,1.225
415.875,12.022963734575,1,1,65.0764347816196,234.275165213831,-30.1008434056057,0,0,19411.6507682998,0,0,1.225
416.125,12.0268087882195,1,1,64.9608298613222,233.85898750076,-30.0309470533757,0,0,19372.3075112611,0,0,1.225
416.375,12.0306606887836,1,1,64.8452880247853,233.443036889227,-29.9612019637698,0,0,19333.0467756492,0,0,1.225
416.625,12.0345194569454,1,1,64.7298090261947,233.027312494301,-29.8916078351394,0,0,19293.8684034457,0,0,1.225
416.875,12.0383851134887,1,1,64.6143926189611,232.61181342826,-29.8221643663892,0,0,19254.7722369086,0,0,1.225
417.125,12.0422576793035,1,1,64.4990385557135,232.196538800568,-29.7528712569692,0,0,19215.7581185663,0,0,1.225
417.375,12.0461371753867,1,1,64.3837465882923,231.781487717852,-29.68372820689,0,0,19176.8258912302,0,0,1.225
417.625,12.0500236228432,1,1,64.268516467743,231.366659283875,-29.6147349166986,0,0,19137.9753979754,0,0,1.225
417.875,12.0539170428865,1,1,64.1533479443084,230.95205259951,-29.5458910875004,0,0,19099.2064821593,0,0,1.225
418.125,12.0578174568395,1,1,64.0382407674226,230.537666762721,-29.4771964209422,0,0,19060.5189874072,0,0,1.225
418.375,12.0617248861354,1,1,63.9231946857035,230.123500868532,-29.4086506192161,0,0,19021.9127576169,0,0,1.225
418.625,12.0656393523186,1,1,63.8082094469456,229.709554009004,-29.3402533850594,0,0,18983.3876369577,0,0,1.225
418.875,12.0695608770455,1,1,63.6932847981133,229.295825273208,-29.2720044217594,0,0,18944.9434698757,0,0,1.225
419.125,12.073489482085,1,1,63.5784204853333,228.8823137472,-29.2039034331383,0,0,18906.5801010813,0,0,1.225
419.375,12.07742518932,1,1,63.4636162538874,228.469018513994,-29.1359501235647,0,0,18868.297375559,0,0,1.225
419.625,12.0813680207478,1,1,63.348871848205,228.055938653538,-29.0681441979477,0,0,18830.0951385628,0,0,1.225
419.875,12.0853179984811,1,1,63.234187011856,227.643073242682,-29.0004853617402,0,0,18791.9732356191,0,0,1.225
420.125,12.0892751447489,1,1,63.1195614875429,227.230421355154,-28.9329733209297,0,0,18753.9315125201,0,0,1.225
420.375,12.0932394818973,1,1,63.0049950170934,226.817982061536,-28.8656077820442,0,0,18715.9698153282,0,0,1.225
420.625,12.0972110323906,1,1,62.8904873414526,226.40575442923,-28.7983884521491,0,0,18678.0879903742,0,0,1.225
420.875,12.101189818812,1,1,62.7760382006755,225.993737522432,-28.7313150388482,0,0,18640.2858842582,0,0,1.225
421.125,12.1051758638647,1,1,62.6616473339186,225.581930402107,-28.66438725028,0,0,18602.5633438471,0,0,1.225
421.375,12.1091691903726,1,1,62.5473144794326,225.170332125957,-28.597604795119,0,0,18564.9202162758,0,0,1.225
421.625,12.1131698212815,1,1,62.433039374554,224.758941748394,-28.5309673825714,0,0,18527.3563489442,0,0,1.225
421.875,12.1171777796599,1,1,62.3188217556973,224.34775832051,-28.4644747223811,0,0,18489.8715895221,0,0,1.225
422.125,12.1211930886998,1,1,62.2046613583466,223.936780890048,-28.3981265248185,0,0,18452.4657859408,0,0,1.225
422.375,12.125215771718,1,1,62.0905579170472,223.52600850137,-28.331922500689,0,0,18415.1387863998,0,0,1.225
422.625,12.129245852157,1,1,61.9765111653979,223.115440195432,-28.2658623613306,0,0,18377.8904393657,0,0,1.225
422.875,12.1332833535857,1,1,61.8625208360418,222.705075009751,-28.1999458186065,0,0,18340.720593566,0,0,1.225
423.125,12.1373282997007,1,1,61.7485866606583,222.29491197837,-28.1341725849088,0,0,18303.6290979929,0,0,1.225
423.375,12.1413807143271,1,1,61.6347083699543,221.884950131835,-28.0685423731638,0,0,18266.6158019072,0,0,1.225
423.625,12.1454406214199,1,1,61.5208856936554,221.475188497159,-28.003054896817,0,0,18229.6805548273,0,0,1.225
423.875,12.1495080450645,1,1,61.4071183604975,221.065626097791,-27.9377098698424,0,0,18192.8232065364,0,0,1.225
424.125,12.1535830094779,1,1,61.2934060982175,220.656261953583,-27.8725070067439,0,0,18156.0436070842,0,0,1.225
424.375,12.1576655390101,1,1,61.1797486335444,220.24709508076,-27.8074460225425,0,0,18119.3416067768,0,0,1.225
424.625,12.1617556581447,1,1,61.0661456921906,219.838124491886,-27.7425266327891,0,0,18082.7170561872,0,0,1.225
424.875,12.1658533915003,1,1,60.9525969988422,219.429349195832,-27.6777485535513,0,0,18046.1698061452,0,0,1.225
425.125,12.1699587638313,1,1,60.83910227715,219.02076819774,-27.6131115014232,0,0,18009.6997077454,0,0,1.225
425.375,12.1740718000291,1,1,60.7256612497203,218.612380498993,-27.5486151935156,0,0,17973.3066123396,0,0,1.225
425.625,12.1781925251235,1,1,60.6122736381052,218.204185097179,-27.4842593474641,0,0,17936.9903715437,0,0,1.225
425.875,12.1823209642834,1,1,60.4989391627929,217.796180986055,-27.420043681419,0,0,17900.75083723,0,0,1.225
426.125,12.1864571428179,1,1,60.3856575431986,217.388367155515,-27.3559679140517,0,0,17864.5878615321,0,0,1.225
426.375,12.1906010861779,1,1,60.2724284976539,216.980742591554,-27.2920317645476,0,0,17828.5012968403,0,0,1.225
426.625,12.1947528199569,1,1,60.1592517433978,216.573306276232,-27.2282349526131,0,0,17792.4909958066,0,0,1.225
426.875,12.1989123698921,1,1,60.0461269965661,216.166057187638,-27.1645771984658,0,0,17756.5568113379,0,0,1.225
427.125,12.2030797618659,1,1,59.9330539721815,215.758994299853,-27.1010582228409,0,0,17720.698596601,0,0,1.225
427.375,12.2072550219066,1,1,59.8200323841434,215.352116582916,-27.0376777469855,0,0,17684.9162050184,0,0,1.225
427.625,12.2114381761904,1,1,59.7070619452176,214.945423002783,-26.9744354926606,0,0,17649.2094902701,0,0,1.225
427.875,12.2156292510416,1,1,59.5941423670259,214.538912521293,-26.9113311821402,0,0,17613.5783062935,0,0,1.225
428.125,12.2198282729345,1,1,59.4812733600354,214.132584096128,-26.8483645382103,0,0,17578.0225072825,0,0,1.225
428.375,12.2240352684947,1,1,59.3684546335482,213.726436680773,-26.7855352841616,0,0,17542.5419476821,0,0,1.225
428.625,12.2282502644999,1,1,59.25568589569,213.320469224484,-26.7228431438007,0,0,17507.1364821976,0,0,1.225
428.875,12.2324732878815,1,1,59.1429668534,212.91468067224,-26.6602878414396,0,0,17471.8059657866,0,0,1.225
429.125,12.2367043657256,1,1,59.0302972124191,212.509069964709,-26.5978691018981,0,0,17436.5502536609,0,0,1.225
429.375,12.2409435252747,1,1,58.9176766772794,212.103636038206,-26.535586650507,0,0,17401.3692012897,0,0,1.225
429.625,12.2451907939287,1,1,58.8051049512925,211.698377824653,-26.4734402130971,0,0,17366.2626643911,0,0,1.225
429.875,12.2494461992462,1,1,58.6925817365385,211.293294251539,-26.411429516008,0,0,17331.2304989388,0,0,1.225
430.125,12.2537097689461,1,1,58.580106733854,210.888384241875,-26.3495542860828,0,0,17296.2725611592,0,0,1.225
430.375,12.2579815309088,1,1,58.467679642821,210.483646714156,-26.2878142506697,0,0,17261.3887075316,0,0,1.225
430.625,12.2622615131773,1,1,58.3553001617546,210.079080582316,-26.226209137616,0,0,17226.5787947851,0,0,1.225
430.875,12.2665497439592,1,1,58.2429679876914,209.674684755689,-26.1647386752747,0,0,17191.842679903,0,0,1.225
431.125,12.2708462516275,1,1,58.1306828163777,209.27045813896,-26.1034025924964,0,0,17157.1802201173,0,0,1.225
431.375,12.2751510647223,1,1,58.0184443422566,208.866399632124,-26.0422006186345,0,0,17122.5912729128,0,0,1.225
431.625,12.2794642119522,1,1,57.9062522584563,208.462508130443,-25.9811324835409,0,0,17088.0756960242,0,0,1.225
431.875,12.2837857221956,1,1,57.7941062567776,208.058782524399,-25.9201979175641,0,0,17053.6333474346,0,0,1.225
432.125,12.2881156245026,1,1,57.682006027681,207.655221699651,-25.8593966515546,0,0,17019.26408538,0,0,1.225
432.375,12.2924539480957,1,1,57.569951260274,207.251824536986,-25.7987284168539,0,0,16984.9677683415,0,0,1.225
432.625,12.2968007223722,1,1,57.4579416422985,206.848589912275,-25.738192945304,0,0,16950.744255052,0,0,1.225
432.875,12.3011559769049,1,1,57.3459768601176,206.445516696423,-25.6777899692397,0,0,16916.5934044914,0,0,1.225
433.125,12.3055197414443,1,1,57.2340565987023,206.042603755328,-25.6175192214905,0,0,16882.5150758877,0,0,1.225
433.375,12.3098920459195,1,1,57.1221805416184,205.639849949826,-25.5573804353789,0,0,16848.5091287164,0,0,1.225
433.625,12.3142729204404,1,1,57.0103483710126,205.237254135645,-25.4973733447232,0,0,16814.5754227025,0,0,1.225
433.875,12.3186623952987,1,1,56.8985597675994,204.834815163358,-25.4374976838262,0,0,16780.7138178121,0,0,1.225
434.125,12.32306050097,1,1,56.7868144106469,204.432531878329,-25.3777531874903,0,0,16746.9241742648,0,0,1.225
434.375,12.327467268115,1,1,56.6751119779629,204.030403120666,-25.3181395910033,0,0,16713.2063525222,0,0,1.225
434.625,12.3318827275814,1,1,56.5634521458808,203.628427725171,-25.2586566301397,0,0,16679.5602132899,0,0,1.225
434.875,12.3363069104055,1,1,56.4518345892453,203.226604521283,-25.199304041168,0,0,16645.9856175225,0,0,1.225
435.125,12.3407398478137,1,1,56.3402589813982,202.824932333033,-25.1400815608404,0,0,16612.482426417,0,0,1.225
435.375,12.3451815712246,1,1,56.228724994163,202.423409978987,-25.0809889263983,0,0,16579.0505014163,0,0,1.225
435.625,12.34963211225,1,1,56.1172322978309,202.022036272191,-25.0220258755671,0,0,16545.6897042062,0,0,1.225
435.875,12.3540915026976,1,1,56.0057805611455,201.620810020124,-24.9631921465589,0,0,16512.3998967169,0,0,1.225
436.125,12.3585597745718,1,1,55.8943694512875,201.219730024635,-24.9044874780684,0,0,16479.1809411211,0,0,1.225
436.375,12.363036960076,1,1,55.7829986338597,200.818795081895,-24.8459116092745,0,0,16446.0326998344,0,0,1.225
436.625,12.3675230916144,1,1,55.6716677728709,200.418003982335,-24.7874642798379,0,0,16412.9550355146,0,0,1.225
436.875,12.3720182017936,1,1,55.5603765307209,200.017355510595,-24.729145229906,0,0,16379.9478110651,0,0,1.225
437.125,12.3765223234244,1,1,55.4491245681839,199.616848445462,-24.6709542000981,0,0,16347.0108896243,0,0,1.225
437.375,12.3810354895241,1,1,55.3379115443931,199.216481559815,-24.6128909315239,0,0,16314.1441345793,0,0,1.225
437.625,12.3855577333178,1,1,55.2267371168237,198.816253620565,-24.5549551657641,0,0,16281.347409552,0,0,1.225
437.875,12.3900890882405,1,1,55.1156009412769,198.416163388597,-24.4971466448815,0,0,16248.6205784075,0,0,1.225
438.125,12.3946295879394,1,1,55.0045026718632,198.016209618708,-24.439465111418,0,0,16215.9635052521,0,0,1.225
438.375,12.3991792662751,1,1,54.8934419609853,197.616391059547,-24.3819103083897,0,0,16183.3760544295,0,0,1.225
438.625,12.4037381573244,1,1,54.7824184593209,197.216706453555,-24.3244819792899,0,0,16150.8580905239,0,0,1.225
438.875,12.4083062953815,1,1,54.6714318158057,196.817154536901,-24.2671798680876,0,0,16118.4094783588,0,0,1.225
439.125,12.4128837149608,1,1,54.560481677616,196.417734039417,-24.2100037192276,0,0,16086.0300829971,0,0,1.225
439.375,12.417470450798,1,1,54.4495676901502,196.018443684541,-24.152953277624,0,0,16053.7197697364,0,0,1.225
439.625,12.4220665378533,1,1,54.338689497012,195.619282189243,-24.096028288669,0,0,16021.4784041166,0,0,1.225
439.875,12.4266720113124,1,1,54.227846739991,195.220248263968,-24.0392284982245,0,0,15989.3058519129,0,0,1.225
440.125,12.4312869065893,1,1,54.1170390590454,194.821340612563,-23.9825536526232,0,0,15957.2019791372,0,0,1.225
440.375,12.4359112593283,1,1,54.0062660922825,194.422557932217,-23.9260034986683,0,0,15925.1666520381,0,0,1.225
440.625,12.440545105406,1,1,53.8955274759404,194.023898913385,-23.8695777836338,0,0,15893.1997371014,0,0,1.225
440.875,12.4451884809336,1,1,53.7848228443687,193.625362239727,-23.8132762552623,0,0,15861.3011010487,0,0,1.225
441.125,12.4498414222591,1,1,53.6741518300091,193.226946588033,-23.7570986617629,0,0,15829.4706108357,0,0,1.225
441.375,12.4545039659696,1,1,53.5635140633759,192.828650628153,-23.7010447518151,0,0,15797.7081336558,0,0,1.225
441.625,12.4591761488936,1,1,53.4529091730364,192.430473022931,-23.6451142745636,0,0,15766.0135369363,0,0,1.225
441.875,12.4638580081031,1,1,53.3423367855902,192.032412428125,-23.5893069796148,0,0,15734.3866883354,0,0,1.225
442.125,12.4685495809161,1,1,53.2317965256497,191.634467492339,-23.5336226170484,0,0,15702.8274557524,0,0,1.225
442.375,12.473250904899,1,1,53.1212880158186,191.236636856947,-23.4780609374011,0,0,15671.3357073142,0,0,1.225
442.625,12.4779620178689,1,1,53.010810876672,190.838919156019,-23.4226216916732,0,0,15639.9113113815,0,0,1.225
442.875,12.482682957896,1,1,52.9003647267345,190.441313016244,-23.3673046313334,0,0,15608.5541365524,0,0,1.225
443.125,12.4874137633059,1,1,52.7899491824592,190.043817056853,-23.3121095083079,0,0,15577.2640516543,0,0,1.225
443.375,12.4921544726827,1,1,52.679563858206,189.646429889542,-23.2570360749814,0,0,15546.0409257445,0,0,1.225
443.625,12.4969051248707,1,1,52.5692083662195,189.24915011839,-23.2020840842051,0,0,15514.8846281174,0,0,1.225
443.875,12.5016657589774,1,1,52.4588823166071,188.851976339786,-23.1472532892858,0,0,15483.7950282955,0,0,1.225
444.125,12.506436414376,1,1,52.348585317316,188.454907142338,-23.0925434439869,0,0,15452.7719960309,0,0,1.225
444.375,12.5112171307082,1,1,52.2383169741109,188.057941106799,-23.0379543025356,0,0,15421.8154013113,0,0,1.225
444.625,12.5160079478862,1,1,52.1280768905505,187.661076805982,-22.9834856196094,0,0,15390.9251143489,0,0,1.225
444.875,12.5208089060963,1,1,52.0178646679644,187.264312804672,-22.9291371503496,0,0,15360.101005592,0,0,1.225
445.125,12.5256200458008,1,1,51.9076799054291,186.867647659545,-22.8749086503449,0,0,15329.3429457121,0,0,1.225
445.375,12.5304414077412,1,1,51.7975221997441,186.471079919079,-22.8207998756452,0,0,15298.6508056148,0,0,1.225
445.625,12.5352730329407,1,1,51.6873911454079,186.074608123468,-22.7668105827506,0,0,15268.0244564317,0,0,1.225
445.875,12.5401149627074,1,1,51.5772863345925,185.678230804533,-22.7129405286159,0,0,15237.4637695241,0,0,1.225
446.125,12.5449672386366,1,1,51.4672073571194,185.28194648563,-22.659189470648,0,0,15206.9686164808,0,0,1.225
446.375,12.5498299026144,1,1,51.3571538004336,184.885753681561,-22.6055571667066,0,0,15176.5388691195,0,0,1.225
446.625,12.5547029968199,1,1,51.247125249578,184.489650898481,-22.5520433751008,0,0,15146.1743994842,0,0,1.225
446.875,12.5595865637287,1,1,51.1371212871679,184.093636633804,-22.4986478545889,0,0,15115.8750798449,0,0,1.225
447.125,12.5644806461154,1,1,51.0271414933638,183.69770937611,-22.4453703643821,0,0,15085.6407827011,0,0,1.225
447.375,12.5693852870572,1,1,50.9171854458457,183.301867605045,-22.3922106641367,0,0,15055.4713807757,0,0,1.225
447.625,12.5743005299368,1,1,50.8072527197852,182.906109791227,-22.3391685139577,0,0,15025.3667470185,0,0,1.225
447.875,12.5792264184451,1,1,50.6973428878184,182.510434396146,-22.2862436743972,0,0,14995.3267546045,0,0,1.225
448.125,12.5841629965851,1,1,50.5874555200182,182.114839872066,-22.2334359064544,0,0,14965.3512769347,0,0,1.225
448.375,12.5891103086743,1,1,50.4775901838659,181.719324661917,-22.1807449715752,0,0,14935.4401876359,0,0,1.225
448.625,12.5940683993489,1,1,50.3677464442227,181.323887199202,-22.1281706316449,0,0,14905.5933605548,0,0,1.225
448.875,12.599037313566,1,1,50.2579238633009,180.928525907883,-22.0757126490007,0,0,14875.8106697687,0,0,1.225
449.125,12.6040170966079,1,1,50.1481220006342,180.533239202283,-22.0233707864154,0,0,14846.0919895723,0,0,1.225
449.375,12.6090077940849,1,1,50.0383404130484,180.138025486974,-21.9711448071084,0,0,14816.4371944872,0,0,1.225
449.625,12.614009451939,1,1,49.9285786546307,179.742883156671,-21.9190344747403,0,0,14786.8461592573,0,0,1.225
449.875,12.6190221164472,1,1,49.8188362766997,179.347810596119,-21.8670395534127,0,0,14757.3187588492,0,0,1.225
450.125,12.6240458342253,1,1,49.7091128277737,178.952806179985,-21.8151598076674,0,0,14727.8548684519,0,0,1.225
450.375,12.6290806522311,1,1,49.59940785354,178.557868272744,-21.7633950024856,0,0,14698.4543634759,0,0,1.225
450.625,12.6341266177682,1,1,49.4897208968222,178.16299522856,-21.7117449032858,0,0,14669.1171195526,0,0,1.225
450.875,12.6391837784898,1,1,49.3800514975486,177.768185391175,-21.6602092759267,0,0,14639.843012536,0,0,1.225
451.125,12.6442521824021,1,1,49.2703991927191,177.373437093789,-21.6087878867011,0,0,14610.6319184984,0,0,1.225
451.375,12.6493318778686,1,1,49.1607635163719,176.978748658939,-21.5574805023443,0,0,14581.4837137378,0,0,1.225
451.625,12.6544229136133,1,1,49.0511439995496,176.584118398378,-21.5062868900213,0,0,14552.3982747669,0,0,1.225
451.875,12.6595253387249,1,1,48.9415401702655,176.189544612956,-21.4552068173325,0,0,14523.3754783189,0,0,1.225
452.125,12.6646392026609,1,1,48.8319515534685,175.795025592487,-21.4042400523185,0,0,14494.4152013512,0,0,1.225
452.375,12.669764555251,1,1,48.7223776710082,175.400559615629,-21.3533863634448,0,0,14465.517321033,0,0,1.225
452.625,12.674901446702,1,1,48.6128180415988,175.006144949756,-21.302645519615,0,0,14436.681714757,0,0,1.225
452.875,12.680049927601,1,1,48.5032721807833,174.61177985082,-21.2520172901659,0,0,14407.9082601347,0,0,1.225
453.125,12.6852100489203,1,1,48.3937396008966,174.217462563228,-21.2015014448607,0,0,14379.1968349918,0,0,1.225
453.375,12.6903818620211,1,1,48.2842198110283,173.823191319702,-21.1510977538956,0,0,14350.5473173739,0,0,1.225
453.625,12.695565418658,1,1,48.1747123169848,173.428964341145,-21.1008059879005,0,0,14321.9595855466,0,0,1.225
453.875,12.7007607709835,1,1,48.0652166212511,173.034779836504,-21.0506259179256,0,0,14293.4335179858,0,0,1.225
454.125,12.7059679715519,1,1,47.9557322229517,172.640636002626,-21.0005573154567,0,0,14264.9689933894,0,0,1.225
454.375,12.7111870733243,1,1,47.8462586178113,172.246531024121,-20.9505999524063,0,0,14236.565890671,0,0,1.225
454.625,12.7164181296729,1,1,47.7367952981147,171.852463073213,-20.9007536011104,0,0,14208.2240889575,0,0,1.225
454.875,12.7216611943853,1,1,47.627341752666,171.458430309598,-20.8510180343328,0,0,14179.9434675924,0,0,1.225
455.125,12.7269163216698,1,1,47.5178974667476,171.064430880292,-20.8013930252646,0,0,14151.7239061361,0,0,1.225
455.375,12.7321835661597,1,1,47.4084619220783,170.670462919482,-20.751878347518,0,0,14123.565284361,0,0,1.225
455.625,12.7374629829179,1,1,47.2990345967704,170.276524548373,-20.7024737751317,0,0,14095.4674822558,0,0,1.225
455.875,12.7427546274424,1,1,47.1896149652872,169.882613875034,-20.6531790825684,0,0,14067.430380024,0,0,1.225
456.125,12.7480585556706,1,1,47.0802024983988,169.488728994236,-20.6039940447099,0,0,14039.4538580804,0,0,1.225
456.375,12.7533748239847,1,1,46.9707966631379,169.094867987296,-20.5549184368629,0,0,14011.5377970555,0,0,1.225
456.625,12.7587034892167,1,1,46.8613969227545,168.701028921916,-20.5059520347531,0,0,13983.6820777915,0,0,1.225
456.875,12.7640446086532,1,1,46.7520027366702,168.307209852013,-20.4570946145259,0,0,13955.8865813424,0,0,1.225
457.125,12.7693982400415,1,1,46.6426135604321,167.913408817556,-20.4083459527519,0,0,13928.1511889796,0,0,1.225
457.375,12.7747644415938,1,1,46.5332288456648,167.519623844393,-20.3597058264122,0,0,13900.4757821794,0,0,1.225
457.625,12.7801432719936,1,1,46.4238480400234,167.125852944084,-20.3111740129134,0,0,13872.8602426361,0,0,1.225
457.875,12.7855347904005,1,1,46.3144705871441,166.732094113719,-20.2627502900723,0,0,13845.3044522492,0,0,1.225
458.125,12.790939056456,1,1,46.2050959265954,166.338345335743,-20.2144344361304,0,0,13817.8082931359,0,0,1.225
458.375,12.7963561302892,1,1,46.0957234938277,165.94460457778,-20.1662262297414,0,0,13790.3716476207,0,0,1.225
458.625,12.8017860725224,1,1,45.9863527201222,165.55086979244,-20.1181254499697,0,0,13762.9943982351,0,0,1.225
458.875,12.807228944277,1,1,45.8769830325395,165.157138917142,-20.0701318763022,0,0,13735.6764277266,0,0,1.225
459.125,12.8126848071793,1,1,45.7676138538671,164.763409873921,-20.0222452886364,0,0,13708.4176190501,0,0,1.225
459.375,12.8181537233667,1,1,45.6582446025655,164.369680569236,-19.9744654672813,0,0,13681.2178553681,0,0,1.225
459.625,12.8236357554936,1,1,45.5488746927149,163.975948893774,-19.9267921929604,0,0,13654.077020054,0,0,1.225
459.875,12.8291309667376,1,1,45.4395035339593,163.582212722254,-19.8792252468083,0,0,13626.9949966892,0,0,1.225
460.125,12.8346394208056,1,1,45.3301305314512,163.188469913224,-19.8317644103699,0,0,13599.9716690627,0,0,1.225
460.375,12.8401611819409,1,1,45.2207550857946,162.79471830886,-19.7844094656011,0,0,13573.0069211722,0,0,1.225
460.625,12.8456963149285,1,1,45.111376592987,162.400955734753,-19.7371601948689,0,0,13546.1006372241,0,0,1.225
460.875,12.8512448851029,1,1,45.0019944443615,162.007179999701,-19.690016380946,0,0,13519.2527016295,0,0,1.225
461.125,12.8568069583538,1,1,44.8926080265265,161.613388895496,-19.6429778070151,0,0,13492.4629990078,0,0,1.225
461.375,12.8623826011335,1,1,44.7832167213057,161.2195801967,-19.5960442566679,0,0,13465.7314141864,0,0,1.225
461.625,12.8679718804634,1,1,44.6738199056762,160.825751660434,-19.5492155139,0,0,13439.0578321963,0,0,1.225
461.875,12.8735748639413,1,1,44.5644169517064,160.431901026143,-19.502491363115,0,0,13412.4421382763,0,0,1.225
462.125,12.8791916197483,1,1,44.4550072264923,160.038026015372,-19.4558715891212,0,0,13385.88421787,0,0,1.225
462.375,12.8848222166561,1,1,44.3455900920928,159.644124331534,-19.4093559771304,0,0,13359.3839566253,0,0,1.225
462.625,12.8904667240345,1,1,44.2361649054644,159.250193659672,-19.3629443127625,0,0,13332.9412403983,0,0,1.225
462.875,12.8961252118585,1,1,44.1267310183945,158.85623166622,-19.3166363820346,0,0,13306.5559552451,0,0,1.225
463.125,12.9017977507161,1,1,44.0172877774334,158.46223599876,-19.2704319713725,0,0,13280.2279874303,0,0,1.225
463.375,12.9074844118162,1,1,43.9078345238256,158.068204285772,-19.2243308675984,0,0,13253.9572234185,0,0,1.225
463.625,12.9131852669958,1,1,43.7983705934395,157.674134136382,-19.1783328579409,0,0,13227.7435498818,0,0,1.225
463.875,12.9189003887288,1,1,43.6888953166966,157.280023140108,-19.1324377300261,0,0,13201.5868536933,0,0,1.225
464.125,12.9246298501334,1,1,43.5794080184988,156.885868866596,-19.0866452718801,0,0,13175.4870219289,0,0,1.225
464.375,12.9303737249806,1,1,43.4699080181548,156.491668865357,-19.0409552719298,0,0,13149.4439418685,0,0,1.225
464.625,12.9361320877027,1,1,43.3603946293056,156.0974206655,-18.9953675189968,0,0,13123.4575009914,0,0,1.225
464.875,12.9419050134013,1,1,43.2508671598476,155.703121775451,-18.9498818023053,0,0,13097.5275869824,0,0,1.225
465.125,12.9476925778565,1,1,43.1413249118562,155.308769682682,-18.9044979114738,0,0,13071.6540877258,0,0,1.225
465.375,12.9534948575354,1,1,43.0317671815061,154.914361853422,-18.859215636518,0,0,13045.8368913078,0,0,1.225
465.625,12.9593119296011,1,1,42.9221932589919,154.519895732371,-18.8140347678482,0,0,13020.0758860147,0,0,1.225
465.875,12.9651438719216,1,1,42.8126024284465,154.125368742407,-18.7689550962714,0,0,12994.3709603345,0,0,1.225
466.125,12.9709907630792,1,1,42.7029939678579,153.730778284288,-18.7239764129872,0,0,12968.7220029544,0,0,1.225
466.375,12.9768526823801,1,1,42.5933671489853,153.336121736347,-18.6790985095909,0,0,12943.1289027629,0,0,1.225
466.625,12.9827297098634,1,1,42.4837212372733,152.941396454184,-18.63432117807,0,0,12917.5915488476,0,0,1.225
466.875,12.9886219263113,1,1,42.3740554917644,152.546599770352,-18.5896442108019,0,0,12892.1098304934,0,0,1.225
467.125,12.9945294132588,1,1,42.2643691650105,152.151728994038,-18.545067400561,0,0,12866.6836371886,0,0,1.225
467.375,13.0004522530037,1,1,42.1546615029823,151.756781410736,-18.5005905405078,0,0,12841.312858616,0,0,1.225
467.625,13.0063905286168,1,1,42.0449317449778,151.36175428192,-18.4562134241955,0,0,12815.997384659,0,0,1.225
467.875,13.0123443239525,1,1,41.9351791235283,150.966644844702,-18.4119358455641,0,0,12790.7371053964,0,0,1.225
468.125,13.0183137236593,1,1,41.8254028643034,150.571450311492,-18.3677575989477,0,0,12765.5319111089,0,0,1.225
468.375,13.0242988131904,1,1,41.715602186014,150.17616786965,-18.3236784790647,0,0,12740.3816922715,0,0,1.225
468.625,13.0302996788148,1,1,41.6057763003138,149.78079468113,-18.279698281021,0,0,12715.286339556,0,0,1.225
468.875,13.0363164076284,1,1,41.4959244116988,149.385327882116,-18.2358168003111,0,0,12690.2457438324,0,0,1.225
469.125,13.0423490875656,1,1,41.386045717405,148.989764582658,-18.192033832815,0,0,12665.2597961663,0,0,1.225
469.375,13.0483978074103,1,1,41.2761394073045,148.594101866296,-18.1483491747981,0,0,12640.3283878192,0,0,1.225
469.625,13.0544626568083,1,1,41.1662046637993,148.198336789677,-18.1047626229133,0,0,12615.4514102506,0,0,1.225
469.875,13.0605437262786,1,1,41.0562406617134,147.802466382168,-18.0612739741932,0,0,12590.6287551116,0,0,1.225
470.125,13.0666411072263,1,1,40.9462465681834,147.40648764546,-18.0178830260561,0,0,12565.8603142501,0,0,1.225
470.375,13.0727548919544,1,1,40.8362215425458,147.010397553165,-17.9745895763062,0,0,12541.1459797112,0,0,1.225
470.625,13.0788851736767,1,1,40.7261647362236,146.614193050405,-17.9313934231254,0,0,12516.4856437308,0,0,1.225
470.875,13.0850320465306,1,1,40.6160752926101,146.217871053396,-17.8882943650779,0,0,12491.8791987394,0,0,1.225
471.125,13.0911956055904,1,1,40.5059523469505,145.821428449022,-17.8452922011129,0,0,12467.3265373647,0,0,1.225
471.375,13.0973759468803,1,1,40.3957950262215,145.424862094397,-17.802386730556,0,0,12442.8275524248,0,0,1.225
471.625,13.103573167388,1,1,40.2856024490088,145.028168816432,-17.7595777531114,0,0,12418.3821369299,0,0,1.225
471.875,13.1097873650789,1,1,40.1753737253817,144.631345411374,-17.7168650688673,0,0,12393.9901840874,0,0,1.225
472.125,13.1160186389098,1,1,40.0651079567659,144.234388644357,-17.6742484782862,0,0,12369.651587294,0,0,1.225
472.375,13.1222670888435,1,1,39.9548042358135,143.837295248929,-17.6317277822086,0,0,12345.3662401387,0,0,1.225
472.625,13.1285328158633,1,1,39.844461646271,143.440061926576,-17.5893027818543,0,0,12321.1340364044,0,0,1.225
472.875,13.1348159219878,1,1,39.7340792628443,143.04268534624,-17.5469732788165,0,0,12296.9548700634,0,0,1.225
473.125,13.1411165102863,1,1,39.6236561510612,142.64516214382,-17.5047390750656,0,0,12272.8286352802,0,0,1.225
473.375,13.1474346848943,1,1,39.5131913671311,142.247488921672,-17.4625999729492,0,0,12248.7552264122,0,0,1.225
473.625,13.1537705510288,1,1,39.4026839578028,141.84966224809,-17.4205557751839,0,0,12224.7345380031,0,0,1.225
473.875,13.160124215005,1,1,39.2921329602184,141.451678656786,-17.3786062848653,0,0,12200.766464791,0,0,1.225
474.125,13.1664957842522,1,1,39.1815374017648,141.053534646353,-17.3367513054604,0,0,12176.850901703,0,0,1.225
474.375,13.1728853673308,1,1,39.0708962999229,140.655226679722,-17.2949906408076,0,0,12152.9877438546,0,0,1.225
474.625,13.179293073949,1,1,38.9602086621125,140.256751183605,-17.253324095117,0,0,12129.1768865512,0,0,1.225
474.875,13.1857190149805,1,1,38.8494734855355,139.858104547928,-17.2117514729716,0,0,12105.4182252884,0,0,1.225
475.125,13.1921633024819,1,1,38.7386897570149,139.459283125254,-17.1702725793252,0,0,12081.7116557507,0,0,1.225
475.375,13.198626049711,1,1,38.6278564528314,139.060283230193,-17.1288872194996,0,0,12058.0570738097,0,0,1.225
475.625,13.2051073711447,1,1,38.516972538556,138.661101138801,-17.0875951991848,0,0,12034.4543755245,0,0,1.225
475.875,13.2116073824985,1,1,38.4060369688799,138.261733087968,-17.0463963244438,0,0,12010.9034571454,0,0,1.225
476.125,13.2181262007449,1,1,38.2950486874404,137.862175274785,-17.0052904017039,0,0,11987.4042151074,0,0,1.225
476.375,13.2246639441335,1,1,38.1840066266436,137.462423855917,-16.9642772377611,0,0,11963.9565460338,0,0,1.225
476.625,13.2312207322105,1,1,38.0729097074833,137.06247494694,-16.9233566397766,0,0,11940.5603467337,0,0,1.225
476.875,13.2377966858392,1,1,37.9617568393563,136.662324621683,-16.8825284152813,0,0,11917.2155142057,0,0,1.225
477.125,13.2443919272207,1,1,37.8505469198736,136.261968911545,-16.8417923721668,0,0,11893.9219456312,0,0,1.225
477.375,13.2510065799149,1,1,37.7392788346682,135.861403804806,-16.8011483186933,0,0,11870.6795383803,0,0,1.225
477.625,13.2576407688623,1,1,37.6279514571986,135.460625245915,-16.7605960634824,0,0,11847.4881900069,0,0,1.225
477.875,13.264294620406,1,1,37.5165636485479,135.059629134772,-16.7201354155204,0,0,11824.3477982512,0,0,1.225
478.125,13.2709682623139,1,1,37.4051142572192,134.658411325989,-16.6797661841588,0,0,11801.2582610403,0,0,1.225
478.375,13.2776618238021,1,1,37.2936021189266,134.256967628136,-16.6394881791066,0,0,11778.2194764825,0,0,1.225
478.625,13.2843754355578,1,1,37.1820260563813,133.855293802973,-16.5993012104377,0,0,11755.2313428729,0,0,1.225
478.875,13.2911092297637,1,1,37.0703848790738,133.453385564666,-16.5592050885857,0,0,11732.2937586899,0,0,1.225
479.125,13.297863340122,1,1,36.9586773830508,133.051238578983,-16.5191996243461,0,0,11709.4066225973,0,0,1.225
479.375,13.3046379018798,1,1,36.8469023506879,132.648848462476,-16.4792846288724,0,0,11686.5698334406,0,0,1.225
479.625,13.3114330518539,1,1,36.7350585504568,132.246210781645,-16.4394599136776,0,0,11663.7832902493,0,0,1.225
479.875,13.3182489284577,1,1,36.6231447366882,131.843321052077,-16.3997252906352,0,0,11641.0468922373,0,0,1.225
480.125,13.3250856717269,1,1,36.5111596493286,131.440174737583,-16.3600805719725,0,0,11618.360538798,0,0,1.225
480.375,13.3319434233472,1,1,36.3991020136926,131.036767249293,-16.3205255702778,0,0,11595.7241295102,0,0,1.225
480.625,13.3388223266818,1,1,36.2869705402091,130.633093944753,-16.2810600984944,0,0,11573.1375641335,0,0,1.225
480.875,13.3457225267998,1,1,36.1747639241627,130.229150126986,-16.2416839699226,0,0,11550.6007426099,0,0,1.225
481.125,13.3526441705051,1,1,36.0624808454281,129.824931043541,-16.2023969982165,0,0,11528.1135650618,0,0,1.225
481.375,13.3595874063662,1,1,35.9501199681999,129.42043188552,-16.1631989973857,0,0,11505.6759317935,0,0,1.225
481.625,13.3665523847461,1,1,35.8376799407156,129.015647786576,-16.1240897817943,0,0,11483.2877432901,0,0,1.225
481.875,13.3735392578335,1,1,35.7251593949724,128.6105738219,-16.0850691661603,0,0,11460.948900218,0,0,1.225
482.125,13.3805481796743,1,1,35.6125569464375,128.205205007175,-16.0461369655527,0,0,11438.6593034219,0,0,1.225
482.375,13.3875793062038,1,1,35.4998711937525,127.799536297509,-16.0072929953949,0,0,11416.4188539287,0,0,1.225
482.625,13.3946327952803,1,1,35.3871007184299,127.393562586348,-15.968537071461,0,0,11394.2274529437,0,0,1.225
482.875,13.4017088067179,1,1,35.2742440845437,126.987278704357,-15.9298690098772,0,0,11372.0850018528,0,0,1.225
483.125,13.4088075023222,1,1,35.1612998384121,126.580679418284,-15.8912886271178,0,0,11349.991402219,0,0,1.225
483.375,13.4159290459247,1,1,35.0482665082731,126.173759429783,-15.8527957400083,0,0,11327.9465557851,0,0,1.225
483.625,13.4230736034198,1,1,34.9351426039526,125.766513374229,-15.8143901657263,0,0,11305.9503644748,0,0,1.225
483.875,13.4302413428009,1,1,34.8219266165246,125.358935819489,-15.776071721793,0,0,11284.0027303859,0,0,1.225
484.125,13.4374324341993,1,1,34.7086170179634,124.951021264668,-15.7378402260806,0,0,11262.1035557966,0,0,1.225
484.375,13.4446470499221,1,1,34.5952122607874,124.542764138835,-15.6996954968081,0,0,11240.2527431622,0,0,1.225
484.625,13.4518853644924,1,1,34.4817107776948,124.134158799701,-15.6616373525408,0,0,11218.450195115,0,0,1.225
484.875,13.4591475546895,1,1,34.3681109811903,123.725199532285,-15.623665612191,0,0,11196.6958144648,0,0,1.225
485.125,13.466433799591,1,1,34.2544112632025,123.315880547529,-15.5857800950171,0,0,11174.9895041987,0,0,1.225
485.375,13.4737442806148,1,1,34.1406099946926,122.906195980893,-15.5479806206204,0,0,11153.3311674786,0,0,1.225
485.625,13.4810791815631,1,1,34.0267055252534,122.496139890912,-15.5102670089491,0,0,11131.7207076445,0,0,1.225
485.875,13.488438688667,1,1,33.9126961826983,122.085706257714,-15.472639080293,0,0,11110.1580282104,0,0,1.225
486.125,13.495822990632,1,1,33.7985802726402,121.674888981505,-15.435096655287,0,0,11088.6430328678,0,0,1.225
486.375,13.5032322786848,1,1,33.6843560780603,121.263681881017,-15.3976395549066,0,0,11067.1756254814,0,0,1.225
486.625,13.5106667466219,1,1,33.5700218588656,120.852078691916,-15.3602676004712,0,0,11045.7557100927,0,0,1.225
486.875,13.518126590858,1,1,33.4555758514359,120.440073065169,-15.3229806136405,0,0,11024.3831909173,0,0,1.225
487.125,13.5256120104768,1,1,33.3410162681594,120.027658565374,-15.2857784164162,0,0,11003.0579723454,0,0,1.225
487.375,13.5331232072828,1,1,33.2263412969557,119.61482866904,-15.2486608311378,0,0,10981.7799589404,0,0,1.225
487.625,13.5406603858538,1,1,33.1115491007877,119.201576762836,-15.2116276804868,0,0,10960.5490554405,0,0,1.225
487.875,13.5482237535957,1,1,32.9966378171607,118.787896141779,-15.1746787874827,0,0,10939.3651667575,0,0,1.225
488.125,13.5558135207978,1,1,32.8816055576084,118.37378000739,-15.1378139754838,0,0,10918.2281979762,0,0,1.225
488.375,13.5634299006899,1,1,32.7664504071653,117.959221465795,-15.1010330681847,0,0,10897.1380543533,0,0,1.225
488.625,13.5710731095012,1,1,32.6511704238266,117.544213525776,-15.06433588962,0,0,10876.0946413205,0,0,1.225
488.875,13.57874336652,1,1,32.5357636379927,117.128749096774,-15.0277222641598,0,0,10855.097864481,0,0,1.225
489.125,13.5864408941554,1,1,32.4202280518993,116.712820986838,-14.9911920165091,0,0,10834.1476296091,0,0,1.225
489.375,13.5941659180009,1,1,32.3045616390334,116.29642190052,-14.9547449717093,0,0,10813.2438426516,0,0,1.225
489.625,13.6019186668986,1,1,32.1887623435322,115.879544436716,-14.9183809551364,0,0,10792.3864097269,0,0,1.225
489.875,13.6096993730065,1,1,32.0728280795674,115.462181086442,-14.8820997925022,0,0,10771.5752371256,0,0,1.225
490.125,13.6175082718666,1,1,31.9567567307118,115.044324230563,-14.8459013098488,0,0,10750.8102313067,0,0,1.225
490.375,13.625345602475,1,1,31.8405461492897,114.625966137443,-14.8097853335562,0,0,10730.0912989037,0,0,1.225
490.625,13.6332116073542,1,1,31.7241941557082,114.20709896055,-14.7737516903328,0,0,10709.4183467172,0,0,1.225
490.875,13.6411065326272,1,1,31.6076985377722,113.78771473598,-14.7378002072207,0,0,10688.7912817193,0,0,1.225
491.125,13.6490306280933,1,1,31.4910570499782,113.367805379921,-14.7019307115934,0,0,10668.2100110519,0,0,1.225
491.375,13.6569841473067,1,1,31.3742674127906,112.947362686046,-14.6661430311553,0,0,10647.6744420268,0,0,1.225
491.625,13.6649673476562,1,1,31.2573273118963,112.526378322827,-14.6304369939401,0,0,10627.184482124,0,0,1.225
491.875,13.6729804904485,1,1,31.1402343974392,112.104843830781,-14.5948124283127,0,0,10606.7400389941,0,0,1.225
492.125,13.6810238409924,1,1,31.0229862832326,111.682750619637,-14.5592691629656,0,0,10586.3410204551,0,0,1.225
492.375,13.6890976686864,1,1,30.9055805459494,111.260089965418,-14.5238070269204,0,0,10565.9873344937,0,0,1.225
492.625,13.6972022471083,1,1,30.7880147242893,110.836853007441,-14.4884258495274,0,0,10545.6788892659,0,0,1.225
492.875,13.7053378541074,1,1,30.6702863181216,110.413030745238,-14.4531254604622,0,0,10525.4155930935,0,0,1.225
493.125,13.7135047718996,1,1,30.5523927876035,109.988614035373,-14.4179056897299,0,0,10505.1973544685,0,0,1.225
493.375,13.7217032871649,1,1,30.4343315522727,109.563593588182,-14.3827663676593,0,0,10485.0240820478,0,0,1.225
493.625,13.7299336911476,1,1,30.3160999901128,109.137959964406,-14.3477073249062,0,0,10464.8956846569,0,0,1.225
493.875,13.7381962797604,1,1,30.1976954365922,108.711703571732,-14.3127283924512,0,0,10444.8120712874,0,0,1.225
494.125,13.7464913536899,1,1,30.079115183673,108.284814661223,-14.2778294015998,0,0,10424.7731510983,0,0,1.225
494.375,13.7548192185072,1,1,29.9603564787916,107.85728332365,-14.2430101839802,0,0,10404.7788334134,0,0,1.225
494.625,13.7631801847799,1,1,29.8414165238078,107.429099485708,-14.208270571545,0,0,10384.8290277235,0,0,1.225
494.875,13.7715745681889,1,1,29.722292473922,107.000252906119,-14.1736103965693,0,0,10364.9236436848,0,0,1.225
495.125,13.7800026896478,1,1,29.6029814365599,106.570733171616,-14.1390294916503,0,0,10345.0625911187,0,0,1.225
495.375,13.7884648754264,1,1,29.4834804702221,106.1405296928,-14.1045276897075,0,0,10325.2457800127,0,0,1.225
495.625,13.796961457278,1,1,29.3637865832993,105.709631699877,-14.07010482398,0,0,10305.4731205173,0,0,1.225
495.875,13.8054927725702,1,1,29.2438967328491,105.278028238257,-14.0357607280293,0,0,10285.7445229495,0,0,1.225
496.125,13.8140591644205,1,1,29.1238078233359,104.845708164009,-14.001495235736,0,0,10266.0598977898,0,0,1.225
496.375,13.8226609818349,1,1,29.0035167053298,104.412660139187,-13.9673081812989,0,0,10246.419155682,0,0,1.225
496.625,13.8312985798525,1,1,28.8830201741648,103.978872626993,-13.9331993992382,0,0,10226.8222074353,0,0,1.225
496.875,13.8399723196933,1,1,28.762314968554,103.544333886794,-13.8991687243895,0,0,10207.2689640204,0,0,1.225
497.125,13.8486825689113,1,1,28.6413977691597,103.109031968975,-13.8652159919088,0,0,10187.7593365733,0,0,1.225
497.375,13.8574297015526,1,1,28.5202651971179,102.672954709624,-13.8313410372677,0,0,10168.2932363916,0,0,1.225
497.625,13.8662140983183,1,1,28.3989138125132,102.236089725048,-13.797543696254,0,0,10148.8705749353,0,0,1.225
497.875,13.8750361467329,1,1,28.2773401128049,101.798424406098,-13.7638238049735,0,0,10129.4912638284,0,0,1.225
498.125,13.8838962413186,1,1,28.1555405311999,101.35994591232,-13.7301811998452,0,0,10110.1552148552,0,0,1.225
498.375,13.8927947837742,1,1,28.0335114349715,100.920641165898,-13.696615717605,0,0,10090.8623399634,0,0,1.225
498.625,13.9017321831615,1,1,27.9112491237217,100.480496845398,-13.6631271953017,0,0,10071.6125512612,0,0,1.225
498.875,13.9107088560968,1,1,27.7887498275841,100.039499379303,-13.6297154702986,0,0,10052.4057610184,0,0,1.225
499.125,13.9197252269495,1,1,27.6660097053661,99.5976349393179,-13.5963803802722,0,0,10033.2418816661,0,0,1.225
499.375,13.9287817280469,1,1,27.5430248426265,99.1548894334553,-13.5631217632119,0,0,10014.1208257962,0,0,1.225
499.625,13.9378787998867,1,1,27.4197912496864,98.7112484988712,-13.529939457419,0,0,9995.04250616074,0,0,1.225
499.875,13.9470168913568,1,1,27.2963048595712,98.2666974944563,-13.4968333015063,0,0,9976.00683567225,0,0,1.225
500.124997055183,13.9561915281791,1,2,27.2297358234062,98.0270489642624,-1.02217467606763,12.3576418835415,0,0.281730257827689,0,0,1.225
500.374991165548,13.9653739467373,1,2,27.2213830139478,97.9969788502119,-0.797147466297922,12.3500615532007,179.23859870589,0,0,0,1.225
500.624985275913,13.9745588929783,1,2,27.2144077783887,97.9718680021995,-0.721698169957879,12.3437331788071,239.179413811786,0,0,0,1.225
500.874979386278,13.9837460849592,1,2,27.2080293629166,97.9489057064999,-0.666850202576927,12.3379476968889,282.67507808766,0,0,0,1.225
501.124973496643,13.9929353502592,1,2,27.2021041342147,97.9275748831729,-0.622750117220045,12.332574488811,317.599708658812,0,0,0,1.225
501.374967607009,14.0021265518093,1,2,27.1965513720756,97.907584939472,-0.585529526945528,12.3275401088991,347.043156647251,0,0,0,1.225
501.624961717374,14.0113195743851,1,2,27.1913172368095,97.8887420525141,-0.553191144179249,12.3227955512135,372.600010369376,0,0,0,1.225
501.874955827739,14.0205143180499,1,2,27.1863624947199,97.8709049809918,-0.524543759669825,12.3183050949053,395.220874292122,0,0,0,1.225
502.124949938104,14.0297106943412,1,2,27.1816569300871,97.8539649483137,-0.498809266477908,12.3140412244159,415.526413812785,0,0,0,1.225
502.37494404847,14.0389086238135,1,2,27.1771763675391,97.8378349231408,-0.475446296067712,12.3099819218721,433.94826727767,0,0,0,1.225
502.624938158835,14.0481080343424,1,2,27.1729009152033,97.8224432947318,-0.454060261237076,12.3061090691242,450.800905932908,0,0,0,1.225
502.8749322692,14.0573088598954,1,2,27.1688138504928,97.807729861774,-0.434353087390685,12.3024074340455,466.321781849559,0,0,0,1.225
503.124926379565,14.066511039607,1,2,27.1649008740902,97.7936431467246,-0.416093122209656,12.2988639916524,480.695355280083,0,0,0,1.225
503.37492048993,14.0757145170621,1,2,27.161149588851,97.7801385198635,-0.399096127283554,12.295467449799,494.06826997736,0,0,0,1.225
503.624914600296,14.0849192397271,1,2,27.1575491232035,97.7671768435327,-0.383212737678588,12.2922079063202,506.559362860211,0,0,0,1.225
503.874908710661,14.0941251584898,1,2,27.1540898512401,97.7547234644643,-0.368319887299914,12.2890765941537,518.266506863333,0,0,0,1.225
504.124902821026,14.1033322272806,1,2,27.1507631797273,97.7427474470183,-0.354314767252482,12.2860656873606,529.271431416918,0,0,0,1.225
504.374896931391,14.1125404027568,1,2,27.1475613827641,97.7312209779509,-0.341110458707708,12.2831681505158,539.643206190452,0,0,0,1.225
504.624891041756,14.1217496440349,1,2,27.1444774711977,97.7201188963116,-0.328632705820882,12.2803776197393,549.440814889048,0,0,0,1.225
504.874885152122,14.1309599124639,1,2,27.1415050879305,97.7094183165498,-0.316817484839665,12.2776883073026,558.715093656337,0,0,0,1.225
505.124879262487,14.1401711714279,1,2,27.1386384228717,97.6990983223383,-0.305609141770908,12.2750949241228,567.510215814,0,0,0,1.225
505.374873372852,14.1493833861761,1,2,27.1358721430329,97.6891397149185,-0.294958944100821,12.2725926160505,575.864846271083,0,0,0,1.225
505.624867483217,14.1585965236734,1,2,27.1332013344698,97.6795248040913,-0.28482393936019,12.2701769109479,583.813051171051,0,0,0,1.225
505.874861593582,14.1678105524687,1,2,27.1306214536086,97.6702372329909,-0.275166044652118,12.2678436743168,591.385023334361,0,0,0,1.225
506.124855703948,14.1770254425785,1,2,27.1281282860927,97.6612618299338,-0.265951312494473,12.2655890717784,598.607667102562,0,0,0,1.225
506.374849814313,14.1862411653827,1,2,27.12571791172,97.6525844821921,-0.257149332970608,12.2634095371035,605.50507450291,0,0,0,1.225
506.624843924678,14.1954576935315,1,2,27.1233866743592,97.644192027693,-0.248732742494693,12.2613017447801,612.098916421447,0,0,0,1.225
506.874838035043,14.204675000862,1,2,27.1211311559716,97.6360721614977,-0.240676816843271,12.2592625863235,618.408766610686,0,0,0,1.225
507.124832145408,14.213893062322,1,2,27.1189481540469,97.6282133545689,-0.232959131439842,12.2572891496981,624.452372100655,0,0,0,1.225
507.374826255774,14.2231118539019,1,2,27.1168346618956,97.620604782824,-0.225559275800674,12.255378701343,630.245880453301,0,0,0,1.225
507.624820366139,14.2323313525717,1,2,27.1147878513506,97.613236264862,-0.218458611944358,12.2535286703958,635.804031991195,0,0,0,1.225
507.874814476504,14.241551536224,1,2,27.1128050575128,97.606098207046,-0.211640068779997,12.2517366347782,641.140323366579,0,0,0,1.225
508.124808586869,14.2507723836222,1,2,27.1108837652397,97.599181554863,-0.205087966131296,12.2500003088723,646.267147526867,0,0,0,1.225
508.374802697234,14.2599938743519,1,2,27.1090215971298,97.5924777496674,-0.198787863339645,12.2483175325609,651.195914107186,0,0,0,1.225
508.6247968076,14.2692159887769,1,2,27.1072163027965,97.5859786900674,-0.192726428387702,12.2466862614433,655.937153484311,0,0,0,1.225
508.874790917965,14.2784387079985,1,2,27.105465749259,97.5796766973322,-0.186891324235349,12.2451045580708,660.500607128108,0,0,0,1.225
509.12478502833,14.2876620138171,1,2,27.1037679123053,97.5735644842992,-0.18127110968538,12.2435705840685,664.89530638783,0,0,0,1.225
509.374779138695,14.2968858886981,1,2,27.1021208687049,97.5676351273377,-0.175855152577247,12.2420825930315,669.129641467236,0,0,0,1.225
509.624773249061,14.3061103157383,1,2,27.1005227891653,97.5618820409951,-0.170633553478648,12.2406389241011,673.211422046372,0,0,0,1.225
509.874767359426,14.3153352786361,1,2,27.0989719319457,97.5562989550045,-0.165597078372241,12.2392379961397,677.147930746847,0,0,0,1.225
510.124761469791,14.324560761663,1,2,27.0974666370495,97.5508798933781,-0.160737099068924,12.2378783024335,680.945970450837,0,0,0,1.225
510.374755580156,14.3337867496372,1,2,27.0960053209306,97.5456191553503,-0.156045540301052,12.236558405865,684.61190630713,0,0,0,1.225
510.624749690521,14.3430132278987,1,2,27.094586471657,97.5405112979651,-0.151514832589266,12.2352769345016,688.151703145869,0,0,0,1.225
510.874743800887,14.3522401822862,1,2,27.0932086444808,97.5355511201308,-0.147137870147131,12.2340325775561,691.570958887633,0,0,0,1.225
511.124737911252,14.3614675991148,1,2,27.0918704577739,97.5307336479861,-0.142907973168276,12.2328240816801,694.874934468515,0,0,0,1.225
511.374732021617,14.3706954651562,1,2,27.0905705892897,97.526054121443,-0.138818853958969,12.2316502475548,698.068580708577,0,0,0,1.225
511.624726131982,14.379923767619,1,2,27.0893077727188,97.5215079817877,-0.134864586446363,12.2305099267514,701.156562497515,0,0,0,1.225
511.874720242347,14.3891524941301,1,2,27.0880807945097,97.517090860235,-0.131039578658584,12.2294020188314,704.143280618832,0,0,0,1.225
512.124714352713,14.3983816327182,1,2,27.0868884909289,97.512798567344,-0.127338547831501,12.2283254686669,707.032891487118,0,0,0,1.225
512.374708463078,14.407611171797,1,2,27.0857297453374,97.5086270832147,-0.123756497842948,12.2272792639576,709.829325036437,0,0,0,1.225
512.624702573443,14.4168411001501,1,2,27.0846034856642,97.5045725483912,-0.120288698714508,12.2262624329276,712.536300966552,0,0,0,1.225
512.874696683808,14.4260714069164,1,2,27.0835086820582,97.5006312554096,-0.11693066794983,12.2252740421854,715.157343530699,0,0,0,1.225
513.124690794174,14.4353020815759,1,2,27.0824443447034,97.4967996409323,-0.113678153519855,12.2243131947326,717.695795015679,0,0,0,1.225
513.374684904539,14.4445331139373,1,2,27.0814095217824,97.4930742784166,-0.11052711831419,12.2233790281081,720.154828057999,0,0,0,1.225
513.624679014904,14.4537644941248,1,2,27.0804032975762,97.4894518712743,-0.107473725909217,12.2224707126563,722.537456914838,0,0,0,1.225
513.874673125269,14.4629962125669,1,2,27.0794247906884,97.4859292464783,-0.104514327521775,12.2215874499092,724.846547794071,0,0,0,1.225
514.124667235635,14.4722282599847,1,2,27.0784731523838,97.4825033485816,-0.10164545002719,12.2207284710728,727.084828339714,0,0,0,1.225
514.374661346,14.4814606273814,1,2,27.0775475650317,97.4791712341141,-0.0988637849363946,12.2198930356092,729.254896356435,0,0,0,1.225
514.624655456365,14.4906933060319,1,2,27.0766472406466,97.4759300663277,-0.0961661782448197,12.2190804299069,731.359227842485,0,0,0,1.225
514.87464956673,14.4999262874733,1,2,27.0757714195172,97.4727771102618,-0.09354962106506,12.2182899660324,733.400184400994,0,0,0,1.225
515.124643677096,14.5091595634953,1,2,27.0749193689183,97.469709728106,-0.09101124097351,12.2175209805572,735.380020085048,0,0,0,1.225
515.374637787461,14.5183931261316,1,2,27.0740903818988,97.4667253748357,-0.0885482940054856,12.2167728334537,737.300887728577,0,0,0,1.225
515.624631897826,14.5276269676512,1,2,27.0732837761394,97.4638215941017,-0.0861581572390289,12.2160449070562,739.164844810543,0,0,0,1.225
515.874626008192,14.5368610805504,1,2,27.0724988928765,97.4609960143554,-0.0838383219151014,12.21533660508,740.97385889396,0,0,0,1.225
516.124620118557,14.5460954575451,1,2,27.0717350958864,97.4582463451911,-0.0815863870518713,12.2146473516975,742.729812673291,0,0,0,1.225
516.374614228922,14.5553300915629,1,2,27.0709917705255,97.4555703738919,-0.0794000535048904,12.2139765906644,744.434508668534,0,0,0,1.225
516.624608339287,14.5645649757369,1,2,27.0702683228232,97.4529659621636,-0.0772771184363274,12.2133237844941,746.089673595224,0,0,0,1.225
516.874602449653,14.5738001033978,1,2,27.0695641786236,97.450431043045,-0.0752154701646046,12.212688413677,747.696962433052,0,0,0,1.225
517.124596560018,14.583035468068,1,2,27.0688787827725,97.4479636179811,-0.0732130833557867,12.2120699759405,749.257962223837,0,0,0,1.225
517.374590670383,14.5922710634553,1,2,27.0682115983472,97.4455617540501,-0.0712680145358008,12.2114679855483,750.774195615382,0,0,0,1.225
517.624584780748,14.6015068834467,1,2,27.0675621059258,97.4432235813328,-0.0693783978925643,12.2108819726358,752.247124175808,0,0,0,1.225
517.874578891114,14.6107429221025,1,2,27.0669298028933,97.4409472904158,-0.0675424413484674,12.2103114825792,753.678151493841,0,0,0,1.225
518.124573001479,14.6199791736511,1,2,27.0663142027833,97.4387311300198,-0.0657584228818346,12.2097560753965,755.068626082009,0,0,0,1.225
518.374567111844,14.6292156324833,1,2,27.0657148346515,97.4365734047454,-0.0640246870773579,12.2092153251779,756.419844098632,0,0,0,1.225
518.624561222209,14.6384522931474,1,2,27.0651312424801,97.4344724729284,-0.0623396418879916,12.2086888195445,757.733051902478,0,0,0,1.225
518.874555332575,14.6476891503439,1,2,27.0645629846109,97.4324267445992,-0.0607017555967141,12.2081761591328,759.009448449266,0,0,0,1.225
519.12454944294,14.6569261989212,1,2,27.0640096332053,97.4304346795389,-0.0591095539556444,12.2076769571038,760.250187547899,0,0,0,1.225
519.374543553305,14.6661634338709,1,2,27.0634707737296,97.4284947854264,-0.0575616174979675,12.2071908386752,761.456379979993,0,0,0,1.225
519.62453766367,14.6754008503229,1,2,27.0629460044644,97.426605616072,-0.056056579004932,12.206717440676,762.62909549677,0,0,0,1.225
519.874531774036,14.6846384435419,1,2,27.0624349360366,97.4247657697317,-0.0545931211192797,12.2062564111202,763.769364700179,0,0,0,1.225
520.124525884401,14.6938762089227,1,2,27.0619371909717,97.422973887498,-0.0531699740951027,12.2058074088016,764.878180816142,0,0,0,1.225
520.374519994766,14.7031141419865,1,2,27.0614524032674,97.4212286517625,-0.0517859136709399,12.2053701029051,765.95650137042,0,0,0,1.225
520.624514105132,14.7123522383771,1,2,27.0609802179853,97.4195287847471,-0.0504397590661129,12.2049441726365,767.005249767017,0,0,0,1.225
520.874508215497,14.7215904938573,1,2,27.0605202908608,97.4178730470988,-0.0491303710816567,12.2045293068681,768.025316784001,0,0,0,1.225
521.124502325862,14.7308289043048,1,2,27.0600722879293,97.4162602365454,-0.0478566503072081,12.2041252037993,769.017561985558,0,0,0,1.225
521.374496436227,14.7400674657097,1,2,27.0596358851693,97.4146891866096,-0.0466175354213478,12.2037315706324,769.982815060256,0,0,0,1.225
521.624490546593,14.7493061741703,1,2,27.0592107681601,97.4131587653765,-0.0454120015863046,12.2033481232619,770.92187708473,0,0,0,1.225
521.874484656958,14.7585450258905,1,2,27.0587966317536,97.4116678743129,-0.0442390589186033,12.2029745859766,771.835521727473,0,0,0,1.225
522.124478767323,14.7677840171764,1,2,27.0583931797601,97.4102154471365,-0.0430977510483921,12.2026106911748,772.724496382501,0,0,0,1.225
522.374472877688,14.7770231444334,1,2,27.0580001246472,97.4088004487301,-0.0419871537431165,12.2022561790902,773.589523252322,0,0,0,1.225
522.624466988054,14.7862624041634,1,2,27.0576171872503,97.4074218741012,-0.0409063736071392,12.2019107975298,774.431300370882,0,0,0,1.225
522.874461098419,14.795501792962,1,2,27.0572440964952,97.4060787473828,-0.0398545468443429,12.2015743016221,775.250502576826,0,0,0,1.225
523.124455208784,14.8047413075154,1,2,27.0568805891315,97.4047701208735,-0.0388308380784886,12.2012464535754,776.04778244122,0,0,0,1.225
523.374449319149,14.8139809445985,1,2,27.056526409477,97.403495074117,-0.0378344392374657,12.2009270224454,776.82377114479,0,0,0,1.225
523.624443429515,14.8232207010717,1,2,27.0561813091712,97.4022527130162,-0.0368645684855209,12.2006157839124,777.579079317387,0,0,0,1.225
523.87443753988,14.8324605738791,1,2,27.0558450469394,97.4010421689819,-0.0359204692105118,12.2003125200666,778.314297833996,0,0,0,1.225
524.124431650245,14.8417005600455,1,2,27.0555173883652,97.3998625981148,-0.0350014090568635,12.2000170192022,779.029998574736,0,0,0,1.225
524.374425760611,14.8509406566745,1,2,27.0551981056717,97.398713180418,-0.0341066790035471,12.199729075619,779.726735149359,0,0,0,1.225
524.624419870976,14.8601808609462,1,2,27.0548869775109,97.3975931190392,-0.033235592487988,12.1994484894315,780.405043585501,0,0,0,1.225
524.874413981341,14.8694211701148,1,2,27.0545837887616,97.3965016395417,-0.0323874845647635,12.1991750663853,781.06544298958,0,0,0,1.225
525.124408091706,14.8786615815072,1,2,27.0542883303339,97.395437989202,-0.0315617111077301,12.1989086176807,781.708436173392,0,0,0,1.225
525.374402202072,14.8879020925202,1,2,27.0540003989815,97.3944014363333,-0.0307576480451198,12.1986489598015,782.334510254773,0,0,0,1.225
525.624396312437,14.8971427006188,1,2,27.0537197971206,97.393391269634,-0.0299746906294268,12.1983959143519,782.944137230835,0,0,0,1.225
525.874390422802,14.9063834033348,1,2,27.0534463326553,97.3924067975591,-0.0292122527384436,12.1981493078977,783.537774526676,0,0,0,1.225
526.124384533167,14.915624198264,1,2,27.0531798188096,97.3914473477147,-0.0284697662081315,12.1979089718142,784.115865519002,0,0,0,1.225
526.374378643533,14.9248650830655,1,2,27.0529200739651,97.3905122662743,-0.0277466801955044,12.1976747421391,784.678840036095,0,0,0,1.225
526.624372753898,14.9341060554591,1,2,27.0526669215041,97.3896009174147,-0.0270424605642503,12.1974464594307,785.22711483994,0,0,0,1.225
526.874366864263,14.9433471132241,1,2,27.0524201896591,97.3887126827728,-0.0263565893015047,12.1972239686313,785.761094083754,0,0,0,1.225
527.124360974628,14.9525882541975,1,2,27.0521797113668,97.3878469609207,-0.0256885639564511,12.1970071189348,786.281169752376,0,0,0,1.225
527.374355084994,14.9618294762724,1,2,27.0519453241275,97.387003166859,-0.0250378971032525,12.1967957636597,786.787722083489,0,0,0,1.225
527.624349195359,14.9710707773967,1,2,27.0517168698689,97.3861807315279,-0.0244041158235358,12.1965897601258,787.281119973492,0,0,0,1.225
527.874343305724,14.9803121555713,1,2,27.0514941948151,97.3853791013343,-0.0237867612166181,12.1963889695352,787.761721361461,0,0,0,1.225
528.124337416089,14.989553608849,1,2,27.0512771493598,97.3845977376955,-0.0231853879208738,12.196193256858,788.229873604456,0,0,0,1.225
528.374331526455,14.9987951353327,1,2,27.0510655879438,97.3838361165978,-0.0225995636610223,12.1960024907207,788.685913832354,0,0,0,1.225
528.62432563682,15.0080367331745,1,2,27.0508593689363,97.3830937281706,-0.0220288688108789,12.1958165432994,789.130169290555,0,0,0,1.225
528.874319747185,15.0172784005739,1,2,27.0506583545203,97.3823700762731,-0.0214728959740673,12.1956352902163,789.562957668557,0,0,0,1.225
529.124313857551,15.0265201357769,1,2,27.0504624105825,97.381664678097,-0.0209312495806496,12.1954586104389,789.984587416016,0,0,0,1.225
529.374307967916,15.0357619370746,1,2,27.0502714066054,97.3809770637794,-0.0204035454978532,12.1952863861836,790.39535804776,0,0,0,1.225
529.624302078281,15.045003802802,1,2,27.0500852155642,97.3803067760311,-0.0198894106614892,12.1951185028214,790.795560432445,0,0,0,1.225
529.874296188646,15.0542457313369,1,2,27.0499037138263,97.3796533697746,-0.0193884827141928,12.1949548487879,791.185477075964,0,0,0,1.225
530.124290299012,15.0634877210988,1,2,27.0497267810543,97.3790164117955,-0.0189004096620807,12.1947953154948,791.565382390315,0,0,0,1.225
530.374284409377,15.0727297705474,1,2,27.0495543001122,97.3783954804038,-0.0184248495436871,12.1946397972453,791.935542952826,0,0,0,1.225
530.624278519742,15.081971878182,1,2,27.0493861569742,97.377790165107,-0.0179614701098143,12.1944881911518,792.296217756838,0,0,0,1.225
530.874272630107,15.0912140425405,1,2,27.0492222406368,97.3772000662927,-0.0175099485161161,12.1943403970561,792.647658452365,0,0,0,1.225
531.124266740473,15.1004562621977,1,2,27.0490624430338,97.3766247949216,-0.0170699710281873,12.1941963174523,792.990109576922,0,0,0,1.225
531.374260850838,15.1096985357652,1,2,27.0489066589529,97.3760639722304,-0.0166412327352932,12.1940558574124,793.323808779598,0,0,0,1.225
531.624254961203,15.1189408618898,1,2,27.0487547859565,97.3755172294434,-0.0162234372754689,12.1939189245134,793.648987036186,0,0,0,1.225
531.874249071568,15.1281832392529,1,2,27.0486067243037,97.3749842074932,-0.0158162965715317,12.1937854287674,793.965868855739,0,0,0,1.225
532.124243181934,15.1374256665694,1,2,27.0484623768751,97.3744645567502,-0.0154195305750525,12.1936552825538,794.274672480889,0,0,0,1.225
532.374237292299,15.146668142587,1,2,27.0483216491002,97.3739579367606,-0.0150328670194223,12.193528400553,794.575610081044,0,0,0,1.225
532.624231402664,15.1559106660851,1,2,27.0481844488865,97.3734640159915,-0.0146560411829231,12.1934046996831,794.868887937699,0,0,0,1.225
532.87422551303,15.1651532358743,1,2,27.0480506865513,97.3729824715848,-0.0142887956597572,12.1932840990375,795.154706623525,0,0,0,1.225
533.124219623395,15.1743958507953,1,2,27.047920274755,97.3725129891182,-0.0139308801374434,12.1931665198251,795.433261176475,0,0,0,1.225
533.37421373376,15.1836385097183,1,2,27.0477931284368,97.3720552623727,-0.0135820511842172,12.1930518853119,795.70474126601,0,0,0,1.225
533.624207844125,15.192881211542,1,2,27.0476691647523,97.3716089931083,-0.013242072042116,12.1929401207649,795.969331354905,0,0,0,1.225
533.874201954491,15.2021239551932,1,2,27.0475483030127,97.3711738908458,-0.012910712428705,12.1928311533968,796.227210854232,0,0,0,1.225
534.124196064856,15.2113667396256,1,2,27.0474304646262,97.3707496726543,-0.01258774834244,12.1927249123132,796.478554275564,0,0,0,1.225
534.374190175221,15.2206095638198,1,2,27.0473155730408,97.3703360629468,-0.0122729618794005,12.1926213284609,796.723531374169,0,0,0,1.225
534.624184285586,15.2298524267818,1,2,27.0472035536889,97.3699327932801,-0.0119661410516137,12.192520334578,796.962307291045,0,0,0,1.225
534.874178395952,15.2390953275429,1,2,27.0470943339337,97.3695396021612,-0.0116670796131095,12.1924218651451,797.195042688861,0,0,0,1.225
535.124172506317,15.2483382651589,1,2,27.0469878430167,97.3691562348601,-0.0113755768937062,12.1923258563382,797.421893881807,0,0,0,1.225
535.374166616682,15.2575812387094,1,2,27.0468840120074,97.3687824432267,-0.0110914376350708,12.192232245983,797.643012963722,0,0,0,1.225
535.624160727047,15.2668242472972,1,2,27.046782773754,97.3684179855142,-0.0108144718333721,12.1921409735106,797.858547931026,0,0,0,1.225
535.874154837413,15.2760672900477,1,2,27.0466840628352,97.3680626262068,-0.0105444945883013,12.1920519799137,798.068642800653,0,0,0,1.225
536.124148947778,15.2853103661086,1,2,27.0465878155146,97.3677161358527,-0.0102813259557305,12.1919652077058,798.273437725151,0,0,0,1.225
536.374143058143,15.2945534746487,1,2,27.046493969695,97.3673782909022,-0.0100247908053732,12.1918806008792,798.473069103859,0,0,0,1.225
536.624137168508,15.303796614858,1,2,27.0464024648749,97.3670488735496,-0.00977471868117354,12.1917981048665,798.667669691981,0,0,0,1.225
536.874131278874,15.3130397859468,1,2,27.0463132421058,97.3667276715808,-0.00953094367101848,12.1917176665018,798.857368702277,0,0,0,1.225
537.124125389239,15.3222829871453,1,2,27.0462262439511,97.3664144782238,-0.00929330427531234,12.1916392339831,799.042291907734,0,0,0,1.225
537.374119499604,15.331526217703,1,2,27.0461414144458,97.366109092005,-0.00906164328282801,12.1915627568367,799.222561738485,0,0,0,1.225
537.62411360997,15.3407694768883,1,2,27.0460586990578,97.3658113166079,-0.00883580764883175,12.1914881858813,799.398297376983,0,0,0,1.225
537.874107720335,15.3500127639881,1,2,27.0459780446493,97.3655209607376,-0.0086156483793473,12.1914154731942,799.569614848321,0,0,0,1.225
538.1241018307,15.359256078307,1,2,27.0458993994409,97.3652378379872,-0.0084010204147378,12.191344572078,799.736627111167,0,0,0,1.225
538.374095941065,15.3684994191671,1,2,27.0458227129749,97.3649617667096,-0.00819178252238284,12.1912754370278,799.899444141483,0,0,0,1.225
538.624090051431,15.3777427859078,1,2,27.0457479360811,97.3646925698918,-0.00798779718685448,12.1912080237006,800.058173018308,0,0,0,1.225
538.874084161796,15.3869861778847,1,2,27.0456750208426,97.3644300750333,-0.00778893050987038,12.1911422888838,800.212918001767,0,0,0,1.225
539.124078272161,15.3962295944697,1,2,27.0456039205631,97.3641741140273,-0.00759505210683642,12.1910781904663,800.363780613879,0,0,0,1.225
539.374072382526,15.4054730350505,1,2,27.045534589735,97.3639245230459,-0.00740603501157481,12.1910156874092,800.510859712858,0,0,0,1.225
539.624066492892,15.4147164990301,1,2,27.0454669840078,97.3636811424281,-0.00722175558014284,12.1909547397176,800.654251568205,0,0,0,1.225
539.874060603257,15.4239599858264,1,2,27.0454010601584,97.3634438165704,-0.00704209340079071,12.1908953084137,800.794049930931,0,0,0,1.225
540.124054713622,15.433203494872,1,2,27.0453367760615,97.3632123938215,-0.00686693120573852,12.1908373555098,800.930346102381,0,0,0,1.225
540.374048823987,15.4424470256136,1,2,27.0452740906609,97.3629867263791,-0.00669615478158889,12.1907808439829,801.063229004195,0,0,0,1.225
540.624042934353,15.4516905775118,1,2,27.0452129639415,97.3627666701894,-0.00652965289065385,12.1907257377491,801.192785239583,0,0,0,1.225
540.874037044718,15.4609341500406,1,2,27.0451533569027,97.3625520848499,-0.00636731718568767,12.1906720016398,801.319099159923,0,0,0,1.225
541.124031155083,15.4701777426874,1,2,27.0450952315319,97.3623428335148,-0.00620904213371493,12.1906196013771,801.442252924126,0,0,0,1.225
541.374025265448,15.479421354952,1,2,27.0450385507784,97.3621387828022,-0.00605472493803944,12.1905685035515,801.5623265595,0,0,0,1.225
541.624019375814,15.4886649863471,1,2,27.0449832785292,97.361939802705,-0.00590426546593779,12.1905186755987,801.679398018104,0,0,0,1.225
541.874013486179,15.4979086363975,1,2,27.0449293795842,97.3617457665031,-0.00575756617407898,12.1904700857783,801.79354323497,0,0,0,1.225
542.124007596544,15.5071523046396,1,2,27.044876819633,97.3615565506786,-0.00561453204167497,12.190422703152,801.904836180165,0,0,0,1.225
542.37400170691,15.5163959906217,1,2,27.0448255652315,97.3613720348333,-0.00547507050044799,12.1903764975633,802.013348913454,0,0,0,1.225
542.623995817275,15.5256396939031,1,2,27.04477558378,97.361192101608,-0.00533909136869057,12.190331439617,802.119151635715,0,0,0,1.225
542.87398992764,15.5348834140545,1,2,27.0447268435012,97.3610166366042,-0.00520650678850895,12.1902875006599,802.222312737844,0,0,0,1.225
543.123984038005,15.5441271506568,1,2,27.044679313419,97.3608455283083,-0.00507723116397601,12.1902446527612,802.322898848973,0,0,0,1.225
543.373978148371,15.5533709033018,1,2,27.044632963338,97.3606786680169,-0.0049511810983746,12.1902028686945,802.420974885442,0,0,0,1.225
543.623972258736,15.5626146715912,1,2,27.0445877638236,97.3605159497651,-0.00482827533758019,12.1901621219193,802.516604094898,0,0,0,1.225
543.873966369101,15.5718584551367,1,2,27.0445436861821,97.3603572702557,-0.0047084347123066,12.1901223865636,802.609848101335,0,0,0,1.225
544.123960479466,15.5811022535598,1,2,27.0445007024421,97.3602025287914,-0.00459158208421719,12.1900836374065,802.700766947065,0,0,0,1.225
544.373954589832,15.5903460664913,1,2,27.0444587853355,97.3600516272078,-0.0044776422883979,12.1900458498618,802.789419137642,0,0,0,1.225
544.623948700197,15.5995898935713,1,2,27.0444179082802,97.3599044698086,-0.00436654208492559,12.1900089999618,802.87586167953,0,0,0,1.225
544.873942810562,15.6088337344487,1,2,27.0443780453619,97.3597609633029,-0.00425821010679819,12.1899730643409,802.960150120712,0,0,0,1.225
545.123936920927,15.6180775887812,1,2,27.0443391713176,97.3596210167432,-0.00415257680945657,12.189938020221,803.042338590056,0,0,0,1.225
545.373931031293,15.6273214562353,1,2,27.0443012615183,97.3594845414659,-0.00404957442394447,12.189903845396,803.122479833791,0,0,0,1.225
545.623925141658,15.6365653364854,1,2,27.0442642919536,97.359351451033,-0.00394913690938628,12.1898705182173,803.200625252564,0,0,0,1.225
545.873919252023,15.6458092292142,1,2,27.0442282392154,97.3592216611753,-0.00385119990887549,12.1898380175796,803.276824935788,0,0,0,1.225
546.123913362389,15.6550531341124,1,2,27.0441930804826,97.3590950897373,-0.003755700702862,12.189806322907,803.351127698011,0,0,0,1.225
546.373907472754,15.6642970508781,1,2,27.0441587935065,97.3589716566234,-0.00366257816981557,12.1897754141399,803.423581109504,0,0,0,1.225
546.623901583119,15.6735409792173,1,2,27.0441253565959,97.3588512837454,-0.0035717727414321,12.1897452717213,803.494231531215,0,0,0,1.225
546.873895693484,15.6827849188429,1,2,27.0440927486032,97.3587338949714,-0.00348322636284234,12.1897158765842,803.563124145769,0,0,0,1.225
547.12388980385,15.6920288694752,1,2,27.0440609489102,97.3586194160766,-0.00339688245350269,12.1896872101395,803.630302987923,0,0,0,1.225
547.373883914215,15.7012728308415,1,2,27.0440299374151,97.3585077746943,-0.00331268586945027,12.1896592542634,803.695810973964,0,0,0,1.225
547.62387802458,15.7105168026757,1,2,27.0439996945193,97.3583989002693,-0.00323058286442111,12.189631991286,803.75968993203,0,0,0,1.225
547.873872134945,15.7197607847184,1,2,27.0439702011143,97.3582927240116,-0.0031505210546064,12.1896054039793,803.821980629549,0,0,0,1.225
548.123866245311,15.7290047767166,1,2,27.04394143857,97.3581891788519,-0.00307244938249923,12.1895794755467,803.882722801415,0,0,0,1.225
548.373860355676,15.7382487784237,1,2,27.0439133887217,97.358088199398,-0.00299631808369724,12.1895541896113,803.94195517583,0,0,0,1.225
548.623854466041,15.7474927895992,1,2,27.043886033859,97.3579897218923,-0.0029220786514315,12.1895295302059,803.999715501973,0,0,0,1.225
548.873848576406,15.7567368100083,1,2,27.0438593567141,97.3578936841706,-0.00284968380723461,12.1895054817622,804.056040572781,0,0,0,1.225
549.123842686772,15.7659808394225,1,2,27.0438333404505,97.3578000256219,-0.00277908746501481,12.1894820291011,804.110966253024,0,0,0,1.225
549.373836797137,15.7752248776187,1,2,27.0438079686525,97.357708687149,-0.00271024470468003,12.1894591574225,804.164527499757,0,0,0,1.225
549.623830907502,15.7844689243793,1,2,27.0437832253139,97.3576196111301,-0.00264311173848578,12.1894368522962,804.216758388603,0,0,0,1.225
549.873825017867,15.7937129794922,1,2,27.0437590948284,97.3575327413822,-0.00257764588374964,12.1894150996519,804.267692134973,0,0,0,1.225
550.123819128233,15.8029570427506,1,2,27.043735561979,97.3574480231243,-0.00251380553397418,12.1893938857708,804.317361116557,0,0,0,1.225
550.373813238598,15.8122011139527,1,2,27.0437126119284,97.3573654029421,-0.00245155013156143,12.1893731972762,804.365796894573,0,0,0,1.225
550.623807348963,15.8214451929018,1,2,27.0436902302094,97.357284828754,-0.00239084014007265,12.1893530211254,804.413030235389,0,0,0,1.225
550.873801459329,15.8306892794062,1,2,27.0436684027158,97.3572062497769,-0.00233163701898929,12.1893333446008,804.459091130153,0,0,0,1.225
551.123795569694,15.8399333732787,1,2,27.0436471156928,97.3571296164941,-0.00227390319665481,12.189314155302,804.504008815904,0,0,0,1.225
551.373789680059,15.8491774743369,1,2,27.0436263557287,97.3570548806232,-0.00221760204730948,12.1892954411377,804.547811793412,0,0,0,1.225
551.623783790424,15.8584215824029,1,2,27.0436061097458,97.356981995085,-0.00216269786676077,12.189277190318,804.59052784613,0,0,0,1.225
551.87377790079,15.8676656973033,1,2,27.0435863649926,97.3569109139734,-0.00210915584646216,12.1892593913469,804.632184060428,0,0,0,1.225
552.123772011155,15.8769098188688,1,2,27.0435671090349,97.3568415925257,-0.00205694205373118,12.1892420330146,804.672806840931,0,0,0,1.225
552.37376612152,15.8861539469345,1,2,27.0435483297484,97.3567739870944,-0.00200602340696504,12.1892251043907,804.71242192987,0,0,0,1.225
552.623760231885,15.8953980813394,1,2,27.0435300153107,97.3567080551185,-0.00195636765608611,12.1892085948169,804.751054422266,0,0,0,1.225
552.873754342251,15.9046422219267,1,2,27.0435121541936,97.356643755097,-0.00190794335889443,12.1891924939003,804.788728784388,0,0,0,1.225
553.123748452616,15.9138863685433,1,2,27.0434947351559,97.3565810465614,-0.00186071986242269,12.1891767915068,804.825468868236,0,0,0,1.225
553.373742562981,15.92313052104,1,2,27.0434777472364,97.3565198900509,-0.00181466728269943,12.1891614777545,804.861297927298,0,0,0,1.225
553.623736673346,15.9323746792714,1,2,27.0434611797461,97.3564602470861,-0.00176975648451239,12.1891465430073,804.896238632322,0,0,0,1.225
553.873730783712,15.9416188430954,1,2,27.0434450222626,97.3564020801453,-0.00172595906185382,12.189131977869,804.93031308655,0,0,0,1.225
554.123724894077,15.9508630123737,1,2,27.0434292646222,97.3563453526398,-0.00168324732086712,12.189117773177,804.963542838967,0,0,0,1.225
554.373719004442,15.9601071869714,1,2,27.0434138969141,97.3562900288909,-0.00164159426142913,12.1891039199968,804.995948898646,0,0,0,1.225
554.623713114808,15.9693513667567,1,2,27.0433989094742,97.3562360741072,-0.00160097355850501,12.1890904096159,805.027551749285,0,0,0,1.225
554.873707225173,15.9785955516014,1,2,27.0433842928784,97.3561834543621,-0.00156135954623175,12.1890772335383,805.058371361576,0,0,0,1.225
555.123701335538,15.9878397413802,1,2,27.0433700379368,97.3561321365725,-0.00152272719995521,12.1890643834796,805.088427207213,0,0,0,1.225
555.373695445903,15.9970839359712,1,2,27.0433561356882,97.3560820884774,-0.00148505212167786,12.189051851361,805.11773827019,0,0,0,1.225
555.623689556269,16.0063281352551,1,2,27.0433425773937,97.3560332786175,-0.00144831052300535,12.1890396293046,805.146323060097,0,0,0,1.225
555.873683666634,16.015572339116,1,2,27.043329354532,97.3559856763153,-0.00141247920968476,12.1890277096282,805.174199624159,0,0,0,1.225
556.123677776999,16.0248165474406,1,2,27.0433164587931,97.3559392516553,-0.00137753556727967,12.1890160848405,805.201385558377,0,0,0,1.225
556.373671887364,16.0340607601185,1,2,27.0433038820736,97.3558939754651,-0.00134345754661796,12.1890047476363,805.227898018847,0,0,0,1.225
556.62366599773,16.0433049770419,1,2,27.0432916164713,97.3558498192968,-0.00131022364855738,12.1889936908918,805.253753733647,0,0,0,1.225
556.873660108095,16.052549198106,1,2,27.0432796542803,97.3558067554091,-0.00127781291034282,12.1889829076602,805.278969013448,0,0,0,1.225
557.12365421846,16.0617934232082,1,2,27.043267987986,97.3557647567495,-0.00124620489355522,12.1889723911671,805.30355976086,0,0,0,1.225
557.373648328825,16.0710376522487,1,2,27.0432566102602,97.3557237969368,-0.00121537966819503,12.1889621348064,805.327541482887,0,0,0,1.225
557.623642439191,16.08028188513,1,2,27.043245513957,97.3556838502452,-0.00118531780245015,12.1889521321359,805.350929298831,0,0,0,1.225
557.873636549556,16.0895261217572,1,2,27.0432346921075,97.355644891587,-0.00115600034928061,12.1889423768734,805.373737950754,0,0,0,1.225
558.123630659921,16.0987703620376,1,2,27.0432241379159,97.3556068964974,-0.00112740883323051,12.1889328628927,805.395981813765,0,0,0,1.225
558.373624770286,16.1080146058809,1,2,27.0432138447552,97.3555698411186,-0.00109952524042341,12.1889235842193,805.417674903767,0,0,0,1.225
558.623618880652,16.1172588531989,1,2,27.0432038061624,97.3555337021847,-0.00107233200423744,12.1889145350273,805.438830888665,0,0,0,1.225
558.873612991017,16.1265031039057,1,2,27.0431940158353,97.3554984570072,-0.0010458119982565,12.1889057096352,805.459463093763,0,0,0,1.225
559.123607101382,16.1357473579176,1,2,27.0431844676279,97.3554640834603,-0.0010199485201264,12.1888971025025,805.479584514438,0,0,0,1.225
559.373601211748,16.1449916151528,1,2,27.0431751555464,97.3554305599671,-0.000994725285415633,12.1888887082261,805.499207820821,0,0,0,1.225
559.623595322113,16.1542358755315,1,2,27.0431660737461,97.3553978654858,-0.00097012641419996,12.1888805215368,805.518345368302,0,0,0,1.225
559.873589432478,16.163480138976,1,2,27.0431572165268,97.3553659794966,-0.000946136422422051,12.1888725372965,805.537009204223,0,0,0,1.225
560.123583542843,16.1727244054106,1,2,27.0431485783301,97.3553348819883,-0.000922740211204655,12.1888647504939,805.55521107621,0,0,0,1.225
560.373577653209,16.1819686747613,1,2,27.043140153735,97.355304553446,-0.000899923056845923,12.1888571562426,805.572962439969,0,0,0,1.225
560.623571763574,16.191212946956,1,2,27.0431319374552,97.3552749748386,-0.000877670603543281,12.1888497497768,805.590274464901,0,0,0,1.225
560.873565873939,16.2004572219243,1,2,27.0431239243353,97.355246127607,-0.000855968850887582,12.1888425264492,805.607158043908,0,0,0,1.225
561.123559984304,16.2097014995977,1,2,27.0431161093477,97.3552179936518,-0.000834804148406008,12.1888354817277,805.623623797564,0,0,0,1.225
561.37355409467,16.2189457799094,1,2,27.0431084875896,97.3551905553226,-0.000814163183510985,12.1888286111924,805.639682083566,0,0,0,1.225
561.623548205035,16.228190062794,1,2,27.0431010542795,97.3551637954062,-0.000794032976043082,12.1888219105329,805.655343000917,0,0,0,1.225
561.8735423154,16.2374343481879,1,2,27.0430938047545,97.3551376971161,-0.000774400867129443,12.1888153755458,805.670616398654,0,0,0,1.225
562.123536425765,16.2466786360292,1,2,27.0430867344672,97.3551122440818,-0.000755254513954065,12.1888090021319,805.685511879862,0,0,0,1.225
562.373530536131,16.2559229262573,1,2,27.0430798389829,97.3550874203384,-0.0007365818799805,12.1888027862934,805.700038809322,0,0,0,1.225
562.623524646496,16.2651672188132,1,2,27.0430731139768,97.3550632103165,-0.000718371227220972,12.1887967241316,805.714206319527,0,0,0,1.225
562.873518756861,16.2744115136393,1,2,27.0430665552313,97.3550395988325,-0.000700611110324518,12.1887908118445,805.728023315251,0,0,0,1.225
563.123512867227,16.2836558106796,1,2,27.0430601586331,97.3550165710791,-0.00068329036702707,12.1887850457241,805.741498481031,0,0,0,1.225
563.373506977592,16.2929001098792,1,2,27.043053920171,97.3549941126157,-0.000666398114058633,12.1887794221546,805.754640284282,0,0,0,1.225
563.623501087957,16.3021444111849,1,2,27.0430478359331,97.3549722093593,-0.000649923736683848,12.1887739376095,805.767456983519,0,0,0,1.225
563.873495198322,16.3113887145445,1,2,27.0430419021044,97.3549508475758,-0.000633856885291308,12.1887685886495,805.779956630935,0,0,0,1.225
564.123489308688,16.3206330199073,1,2,27.0430361149642,97.3549300138712,-0.000618187465616261,12.188763371921,805.79214708008,0,0,0,1.225
564.373483419053,16.3298773272237,1,2,27.0430304708843,97.3549096951834,-0.000602905636012055,12.1887582841529,805.804035987907,0,0,0,1.225
564.623477529418,16.3391216364455,1,2,27.043024966326,97.3548898787736,-0.000588001797218092,12.1887533221555,805.815630822814,0,0,0,1.225
564.873471639783,16.3483659475256,1,2,27.0430195978385,97.3548705522185,-0.000573466589176512,12.1887484828179,805.826938867065,0,0,0,1.225
565.123465750149,16.357610260418,1,2,27.0430143620562,97.3548517034024,-0.000559290884210827,12.1887437631063,805.837967222114,0,0,0,1.225
565.373459860514,16.3668545750779,1,2,27.0430092556971,97.3548333205096,-0.000545465781114065,12.188739160062,805.848722813209,0,0,0,1.225
565.623453970879,16.3760988914616,1,2,27.0430042755602,97.3548153920169,-0.000531982599236915,12.1887346707995,805.859212393997,0,0,0,1.225
565.873448081244,16.3853432095266,1,2,27.042999418524,97.3547979066865,-0.000518832873485389,12.1887302925048,805.869442550407,0,0,0,1.225
566.12344219161,16.3945875292312,1,2,27.0429946815441,97.3547808535586,-0.000506008349091103,12.1887260224337,805.879419704715,0,0,0,1.225
566.373436301975,16.403831850535,1,2,27.0429900616514,97.354764221945,-0.000493500975244666,12.1887218579096,805.889150120525,0,0,0,1.225
566.62343041234,16.4130761733984,1,2,27.0429855559505,97.3547480014219,-0.000481302901457613,12.1887177963225,805.898639905566,0,0,0,1.225
566.873424522705,16.4223204977829,1,2,27.0429811616176,97.3547321818234,-0.000469406471877931,12.1887138351267,805.907895016132,0,0,0,1.225
567.123418633071,16.4315648236508,1,2,27.0429768758987,97.3547167532354,-0.00045780422028772,12.1887099718399,805.916921260977,0,0,0,1.225
567.373412743436,16.4408091509656,1,2,27.0429726961081,97.3547017059891,-0.000446488866010371,12.1887062040408,805.925724304489,0,0,0,1.225
567.623406853801,16.4500534796914,1,2,27.0429686196264,97.354687030655,-0.000435453307998709,12.1887025293683,805.934309671313,0,0,0,1.225
567.873400964167,16.4592978097933,1,2,27.0429646438992,97.354672718037,-0.000424690622106446,12.1886989455197,805.942682748442,0,0,0,1.225
568.123395074532,16.4685421412374,1,2,27.0429607664352,97.3546587591666,-0.000414194056085845,12.1886954502492,805.950848789116,0,0,0,1.225
568.373389184897,16.4777864739905,1,2,27.0429569848048,97.3546451452972,-0.000403957023448479,12.1886920413667,805.958812917647,0,0,0,1.225
568.623383295262,16.4870308080203,1,2,27.0429532966385,97.3546318678984,-0.000393973103010481,12.1886887167361,805.966580129688,0,0,0,1.225
568.873377405628,16.4962751432951,1,2,27.0429496996254,97.3546189186514,-0.000384236031389031,12.1886854742745,805.974155298145,0,0,0,1.225
569.123371515993,16.5055194797842,1,2,27.0429461915119,97.3546062894427,-0.000374739700955946,12.1886823119501,805.981543174734,0,0,0,1.225
569.373365626358,16.5147638174576,1,2,27.0429427701,97.3545939723598,-0.000365478154607962,12.1886792277817,805.988748394072,0,0,0,1.225
569.623359736723,16.5240081562861,1,2,27.0429394332461,97.3545819596861,-0.000356445584402462,12.188676219837,805.995775474694,0,0,0,1.225
569.873353847089,16.533252496241,1,2,27.0429361788599,97.3545702438955,-0.000347636324963479,12.1886732862315,806.002628824241,0,0,0,1.225
570.123347957454,16.5424968372946,1,2,27.0429330049024,97.3545588176486,-0.00033904485143529,12.1886704251273,806.009312741023,0,0,0,1.225
570.373342067819,16.5517411794197,1,2,27.0429299093853,97.354547673787,-0.000330665776526486,12.1886676347321,806.015831416306,0,0,0,1.225
570.623336178184,16.5609855225897,1,2,27.0429268903694,97.35453680533,-0.000322493845735013,12.1886649132978,806.02218893806,0,0,0,1.225
570.87333028855,16.570229866779,1,2,27.0429239459636,97.3545262054691,-0.000314523935074382,12.1886622591196,806.028389292699,0,0,0,1.225
571.123324398915,16.5794742119623,1,2,27.0429210743234,97.3545158675644,-0.000306751046980844,12.1886596705348,806.034436368291,0,0,0,1.225
571.37331850928,16.588718558115,1,2,27.0429182736501,97.3545057851402,-0.000299170308266982,12.1886571459219,806.040333956123,0,0,0,1.225
571.623312619646,16.5979629052132,1,2,27.0429155421892,97.3544959518811,-0.000291776966256265,12.1886546836996,806.046085753726,0,0,0,1.225
571.873306730011,16.6072072532335,1,2,27.0429128782299,97.3544863616278,-0.000284566385599745,12.1886522823256,806.051695367358,0,0,0,1.225
572.123300840376,16.6164516021531,1,2,27.0429102801037,97.3544770083733,-0.000277534046002262,12.1886499402956,806.057166313754,0,0,0,1.225
572.373294950741,16.6256959519498,1,2,27.0429077461831,97.3544678862592,-0.00027067553903914,12.1886476561428,806.062502022617,0,0,0,1.225
572.623289061107,16.634940302602,1,2,27.0429052748811,97.354458989572,-0.000263986565655019,12.1886454284366,806.067705838554,0,0,0,1.225
572.873283171472,16.6441846540884,1,2,27.0429028646499,97.3544503127396,-0.000257462932980544,12.1886432557815,806.072781023561,0,0,0,1.225
573.123277281837,16.6534290063885,1,2,27.0429005139799,97.3544418503276,-0.000251100552285961,12.1886411368169,806.077730758609,0,0,0,1.225
573.373271392202,16.6626733594822,1,2,27.0428982213989,97.3544335970359,-0.000244895435115665,12.1886390702156,806.082558146671,0,0,0,1.225
573.623265502568,16.6719177133498,1,2,27.042895985471,97.3544255476957,-0.000238843693288207,12.1886370546834,806.087266212677,0,0,0,1.225
573.873259612933,16.6811620679723,1,2,27.0428938047961,97.3544176972658,-0.000232941532984435,12.1886350889579,806.091857908181,0,0,0,1.225
574.123253723298,16.6904064233309,1,2,27.0428916780083,97.3544100408298,-0.000227185256339149,12.1886331718082,806.096336110038,0,0,0,1.225
574.373247833663,16.6996507794075,1,2,27.0428896037758,97.3544025735928,-0.000221571255301867,12.1886313020334,806.100703625268,0,0,0,1.225
574.623241944029,16.7088951361844,1,2,27.0428875807996,97.3543952908786,-0.000216096012091582,12.1886294784628,806.104963190638,0,0,0,1.225
574.873236054394,16.7181394936441,1,2,27.0428856078129,97.3543881881263,-0.000210756095331321,12.1886276999542,806.109117475706,0,0,0,1.225
575.123230164759,16.72738385177,1,2,27.0428836835801,97.3543812608882,-0.000205548158911244,12.188625965394,806.113169083685,0,0,0,1.225
575.373224275124,16.7366282105454,1,2,27.0428818068962,97.3543745048263,-0.000200468940397001,12.188624273696,806.11712055267,0,0,0,1.225
575.62321838549,16.7458725699544,1,2,27.0428799765861,97.3543679157099,-0.00019551525602738,12.1886226238007,806.120974359593,0,0,0,1.225
575.873212495855,16.7551169299813,1,2,27.0428781915036,97.3543614894129,-0.000190684002760732,12.188621014675,806.124732918543,0,0,0,1.225
576.12320660622,16.7643612906109,1,2,27.0428764505309,97.3543552219113,-0.000185972153045243,12.1886194453113,806.128398584908,0,0,0,1.225
576.373200716586,16.7736056518281,1,2,27.0428747525779,97.3543491092805,-0.000181376755273695,12.1886179147269,806.131973654968,0,0,0,1.225
576.623194826951,16.7828500136186,1,2,27.0428730965814,97.354343147693,-0.000176894930372785,12.1886164219634,806.135460368582,0,0,0,1.225
576.873188937316,16.7920943759681,1,2,27.0428714815044,97.3543373334158,-0.000172523869984086,12.188614966086,806.138860910605,0,0,0,1.225
577.123183047681,16.8013387388629,1,2,27.0428699063356,97.3543316628083,-0.000168260836236671,12.1886135461832,806.142177411031,0,0,0,1.225
577.373177158047,16.8105831022894,1,2,27.0428683700889,97.3543261323199,-0.00016410315810905,12.1886121613659,806.145411947865,0,0,0,1.225
577.623171268412,16.8198274662346,1,2,27.0428668718021,97.3543207384877,-0.000160048231201788,12.1886108107669,806.148566547269,0,0,0,1.225
577.873165378777,16.8290718306856,1,2,27.0428654105374,97.3543154779346,-0.000156093515691097,12.1886094935407,806.151643185161,0,0,0,1.225
578.123159489142,16.8383161956298,1,2,27.0428639853796,97.3543103473667,-0.000152236533372904,12.1886082088624,806.154643789548,0,0,0,1.225
578.373153599508,16.8475605610552,1,2,27.0428625954366,97.3543053435717,-0.000148474869254509,12.1886069559277,806.157570239215,0,0,0,1.225
578.623147709873,16.8568049269498,1,2,27.042861239838,97.3543004634167,-0.000144806166552244,12.1886057339522,806.160424367696,0,0,0,1.225
578.873141820238,16.8660492933021,1,2,27.0428599177351,97.3542957038463,-0.00014122812714623,12.1886045421707,806.163207962876,0,0,0,1.225
579.123135930603,16.8752936601007,1,2,27.0428586283001,97.3542910618804,-0.000137738510216106,12.1886033798371,806.165922768052,0,0,0,1.225
579.373130040969,16.8845380273346,1,2,27.0428573707258,97.3542865346129,-0.000134335129739857,12.1886022462236,806.168570483903,0,0,0,1.225
579.623124151334,16.893782394993,1,2,27.0428561442248,97.3542821192092,-0.000131015854721192,12.1886011406206,806.171152768275,0,0,0,1.225
579.873118261699,16.9030267630655,1,2,27.0428549480292,97.354277812905,-0.000127778605096727,12.1886000623357,806.173671239432,0,0,0,1.225
580.123112372064,16.9122711315418,1,2,27.04285378139,97.3542736130041,-0.000124621354009768,12.188599010694,806.176127474202,0,0,0,1.225
580.37310648243,16.921515500412,1,2,27.042852643577,97.3542695168774,-0.00012154212439963,12.188597985037,806.17852301068,0,0,0,1.225
580.623100592795,16.9307598696663,1,2,27.0428515338778,97.3542655219602,-0.000118538987182605,12.1885969847226,806.180859349656,0,0,0,1.225
580.87309470316,16.9400042392952,1,2,27.0428504515976,97.3542616257515,-0.000115610061479339,12.1885960091246,806.183137954408,0,0,0,1.225
581.123088813526,16.9492486092895,1,2,27.042849396059,97.3542578258122,-0.000112753513477937,12.1885950576321,806.185360251581,0,0,0,1.225
581.373082923891,16.9584929796401,1,2,27.0428483666009,97.3542541197634,-0.000109967553932795,12.1885941296495,806.187527633169,0,0,0,1.225
581.623077034256,16.9677373503383,1,2,27.0428473625791,97.3542505052848,-0.000107250438619357,12.1885932245959,806.189641456121,0,0,0,1.225
581.873071144621,16.9769817213754,1,2,27.0428463833649,97.3542469801138,-0.000104600465150811,12.1885923419046,806.191703044867,0,0,0,1.225
582.123065254987,16.9862260927431,1,2,27.0428454283454,97.3542435420434,-0.000102015974569736,12.188591481023,806.193713690017,0,0,0,1.225
582.373059365352,16.9954704644332,1,2,27.0428444969226,97.3542401889214,-9.94953488469406e-05,12.1885906414123,806.195674650345,0,0,0,1.225
582.623053475717,17.0047148364377,1,2,27.0428435885135,97.3542369186486,-9.7037008607667e-05,12.1885898225468,806.197587154581,0,0,0,1.225
582.873047586082,17.0139592087489,1,2,27.0428427025494,97.3542337291777,-9.46394149506255e-05,12.1885890239138,806.199452399937,0,0,0,1.225
583.123041696448,17.0232035813592,1,2,27.0428418384756,97.3542306185123,-9.23010664920669e-05,12.1885882450135,806.201271554448,0,0,0,1.225
583.373035806813,17.0324479542612,1,2,27.0428409957514,97.3542275847049,-9.00204993657819e-05,12.1885874853582,806.203045756951,0,0,0,1.225
583.623029917178,17.0416923274477,1,2,27.042840173849,97.3542246258565,-8.77962849493116e-05,12.1885867444724,806.204776118888,0,0,0,1.225
583.873024027543,17.0509367009117,1,2,27.0428393722541,97.3542217401147,-8.56270307734631e-05,12.1885860218922,806.206463723553,0,0,0,1.225
584.123018137909,17.0601810746463,1,2,27.0428385904647,97.354218925673,-8.35113784758981e-05,12.1885853171655,806.208109627716,0,0,0,1.225
584.373012248274,17.0694254486448,1,2,27.0428378279916,97.3542161807698,-8.14480033463753e-05,12.1885846298509,806.209714861961,0,0,0,1.225
584.623006358639,17.0786698229007,1,2,27.0428370843574,97.3542135036868,-7.9435613417234e-05,12.1885839595183,806.211280431402,0,0,0,1.225
584.873000469005,17.0879141974077,1,2,27.0428363590967,97.3542108927481,-7.74729485538779e-05,12.188583305748,806.212807316389,0,0,0,1.225
585.12299457937,17.0971585721595,1,2,27.0428356517554,97.3542083463193,-7.55587806821543e-05,12.1885826681308,806.21429647231,0,0,0,1.225
585.372988689735,17.1064029471501,1,2,27.0428349618907,97.3542058628065,-7.36919099229106e-05,12.1885820462676,806.215748832665,0,0,0,1.225
585.6229828001,17.1156473223736,1,2,27.0428342890708,97.354203440655,-7.18711686848165e-05,12.1885814397691,806.217165305777,0,0,0,1.225
585.872976910466,17.1248916978242,1,2,27.0428336328746,97.3542010783486,-7.00954166620259e-05,12.1885808482556,806.218546778777,0,0,0,1.225
586.122971020831,17.1341360734963,1,2,27.0428329928913,97.3541987744087,-6.83635415163132e-05,12.1885802713568,806.219894117042,0,0,0,1.225
586.372965131196,17.1433804493845,1,2,27.0428323687203,97.354196527393,-6.66744593318324e-05,12.1885797087118,806.221208163818,0,0,0,1.225
586.622959241561,17.1526248254835,1,2,27.0428317599709,97.3541943358951,-6.50271125687046e-05,12.1885791599681,806.222489741837,0,0,0,1.225
586.872953351927,17.1618692017879,1,2,27.042831166262,97.354192198543,-6.34204698356402e-05,12.1885786247825,806.223739653493,0,0,0,1.225
587.122947462292,17.1711135782928,1,2,27.042830587222,97.3541901139991,-6.18535249804217e-05,12.1885781028198,806.224958681546,0,0,0,1.225
587.372941572657,17.1803579549931,1,2,27.0428300224884,97.3541880809584,-6.03252977720415e-05,12.1885775937534,806.226147588568,0,0,0,1.225
587.622935683022,17.1896023318841,1,2,27.0428294717079,97.3541860981483,-5.88348309447743e-05,12.1885770972645,806.227307119293,0,0,0,1.225
587.872929793388,17.198846708961,1,2,27.0428289345355,97.3541841643278,-5.73811911076929e-05,12.1885766130425,806.228437999876,0,0,0,1.225
588.122923903753,17.2080910862193,1,2,27.0428284106351,97.3541822782864,-5.59634685172898e-05,12.1885761407842,806.229540938063,0,0,0,1.225
588.372918014118,17.2173354636545,1,2,27.0428278996787,97.3541804388435,-5.45807761679605e-05,12.1885756801941,806.230616623903,0,0,0,1.225
588.622912124483,17.2265798412621,1,2,27.0428274013466,97.3541786448478,-5.32322470634552e-05,12.1885752309837,806.231665731921,0,0,0,1.225
588.872906234849,17.235824219038,1,2,27.0428269153267,97.3541768951763,-5.19170383097019e-05,12.188574792872,806.232688917836,0,0,0,1.225
589.122900345214,17.2450685969779,1,2,27.042826441315,97.3541751887338,-5.06343258850879e-05,12.1885743655847,806.233686822721,0,0,0,1.225
589.372894455579,17.2543129750779,1,2,27.0428259790145,97.3541735244524,-4.93833071416298e-05,12.1885739488544,806.234660071005,0,0,0,1.225
589.622888565945,17.2635573533339,1,2,27.0428255281361,97.3541719012901,-4.81631985311827e-05,12.1885735424202,806.235609272272,0,0,0,1.225
589.87288267631,17.2728017317422,1,2,27.0428250883975,97.3541703182312,-4.69732365149566e-05,12.1885731460277,806.236535020523,0,0,0,1.225
590.122876786675,17.2820461102989,1,2,27.0428246595235,97.3541687742846,-4.58126757444841e-05,12.1885727594289,806.237437895624,0,0,0,1.225
590.37287089704,17.2912904890004,1,2,27.0428242412456,97.354167268484,-4.46807901985154e-05,12.1885723823816,806.238318462387,0,0,0,1.225
590.622865007406,17.3005348678431,1,2,27.0428238333019,97.354165799887,-4.35768713639865e-05,12.1885720146501,806.23917727201,0,0,0,1.225
590.872859117771,17.3097792468235,1,2,27.0428234354373,97.3541643675742,-4.25002275538813e-05,12.1885716560039,806.240014862616,0,0,0,1.225
591.122853228136,17.3190236259382,1,2,27.0428230474026,97.3541629706492,-4.14501854988858e-05,12.1885713062188,806.240831757973,0,0,0,1.225
591.372847338501,17.328268005184,1,2,27.0428226689549,97.3541616082376,-4.04260873914599e-05,12.1885709650757,806.241628469843,0,0,0,1.225
591.622841448867,17.3375123845575,1,2,27.0428222998574,97.3541602794867,-3.9427292932249e-05,12.1885706323611,806.242405496341,0,0,0,1.225
591.872835559232,17.3467567640556,1,2,27.0428219398791,97.3541589835648,-3.84531756920195e-05,12.1885703078668,806.243163324834,0,0,0,1.225
592.122829669597,17.3560011436752,1,2,27.0428215887947,97.3541577196608,-3.75031265223442e-05,12.1885699913897,806.243902429208,0,0,0,1.225
592.372823779962,17.3652455234133,1,2,27.0428212463843,97.3541564869836,-3.65765510544332e-05,12.1885696827316,806.244623271852,0,0,0,1.225
592.622817890328,17.3744899032671,1,2,27.0428209124338,97.3541552847617,-3.56728687896171e-05,12.1885693816994,806.245326304387,0,0,0,1.225
592.872812000693,17.3837342832336,1,2,27.042820586734,97.3541541122425,-3.47915142362432e-05,12.1885690881048,806.246011966741,0,0,0,1.225
593.122806111058,17.39297866331,1,2,27.0428202690812,97.3541529686923,-3.39319357727794e-05,12.1885688017638,806.246680688057,0,0,0,1.225
593.372800221424,17.4022230434937,1,2,27.0428199592764,97.3541518533952,-3.30935949656774e-05,12.1885685224973,806.247332887226,0,0,0,1.225
593.622794331789,17.4114674237819,1,2,27.0428196571259,97.3541507656532,-3.22759677062682e-05,12.1885682501306,806.247968971973,0,0,0,1.225
593.872788442154,17.4207118041722,1,2,27.0428193624404,97.3541497047855,-3.14785414822133e-05,12.188567984493,806.248589341029,0,0,0,1.225
594.122782552519,17.429956184662,1,2,27.0428190750356,97.3541486701281,-3.07008176512952e-05,12.1885677254185,806.249194382312,0,0,0,1.225
594.372779607702,17.4391983965583,1,3,27.0694820119492,97.4501352430169,5.77120218061214,0,5424.82617866546,0,0,0,1.225
594.622779607702,17.4484248140138,1,3,27.1227367877056,97.6418524357401,5.77277565906616,0,5429.26677032074,0,0,0,1.225
594.872779607702,17.4576331486513,1,3,27.1759016784244,97.833246042328,5.77434906187068,0,5433.70816881556,0,0,0,1.225
595.122779607702,17.4668235014916,1,3,27.2289772099162,98.0243179556982,5.77592238909619,0,5438.15037416465,0,0,0,1.225
595.372779607702,17.4759959726118,1,3,27.2819639030186,98.2150700508671,5.77749564081387,0,5442.59338638328,0,0,0,1.225
595.622779607702,17.4851506611567,1,3,27.3348622736623,98.4055041851844,5.77906881709396,0,5447.03720548606,0,0,0,1.225
595.872779607702,17.4942876653518,1,3,27.3876728329346,98.5956221985646,5.78064191800786,0,5451.48183148855,0,0,0,1.225
596.122779607702,17.5034070825144,1,3,27.4403960871426,98.7854259137135,5.78221494362583,0,5455.92726440541,0,0,0,1.225
596.372779607702,17.5125090090661,1,3,27.4930325378755,98.9749171363519,5.78378789401745,0,5460.37350425083,0,0,0,1.225
596.622779607702,17.5215935405438,1,3,27.5455826820654,99.1640976554354,5.78536076925275,0,5464.82055103939,0,0,0,1.225
596.872779607702,17.5306607716111,1,3,27.5980470120471,99.3529692433697,5.78693356940198,0,5469.26840478586,0,0,0,1.225
597.122779607702,17.5397107960697,1,3,27.6504260156177,99.5415336562237,5.78850629453427,0,5473.71706550419,0,0,0,1.225
597.372779607702,17.5487437068703,1,3,27.7027201760939,99.7297926339382,5.79007894471897,0,5478.16653320852,0,0,0,1.225
597.622779607702,17.5577595961231,1,3,27.7549299723697,99.917747900531,5.7916515200252,0,5482.61680791285,0,0,0,1.225
597.872779607702,17.5667585551087,1,3,27.8070558789722,100.1054011643,5.7932240205223,0,5487.0678896314,0,0,0,1.225
598.122779607702,17.5757406742886,1,3,27.859098366117,100.292754118021,5.7947964462785,0,5491.51977837751,0,0,0,1.225
598.372779607702,17.5847060433152,1,3,27.9110578997625,100.479808439145,5.79636879736267,0,5495.97247416513,0,0,0,1.225
598.622779607702,17.5936547510421,1,3,27.9629349416633,100.666565789988,5.79794107384305,0,5500.42597700768,0,0,0,1.225
598.872779607702,17.6025868855342,1,3,28.0147299494231,100.853027817923,5.79951327578783,0,5504.88028691863,0,0,0,1.225
599.122779607702,17.611502534077,1,3,28.0664433765461,101.039196155566,5.80108540326478,0,5509.3354039111,0,0,0,1.225
599.372779607702,17.6204017831867,1,3,28.1180756724881,101.225072420957,5.80265745634233,0,5513.79132799882,0,0,0,1.225
599.622779607702,17.6292847186194,1,3,28.1696272827069,101.410658217745,5.80422943508711,0,5518.24805919409,0,0,0,1.225
599.872779607702,17.6381514253808,1,3,28.2210986487112,101.59595513536,5.8058013395671,0,5522.70559751035,0,0,0,1.225
600.122779607702,17.6470019877349,1,3,28.2724902081094,101.780964749194,5.80737316984937,0,5527.16394296032,0,0,0,1.225
600.372779607702,17.6558364892132,1,3,28.3238023946575,101.965688620767,5.80894492600078,0,5531.62309555662,0,0,0,1.225
600.622779607702,17.664655012624,1,3,28.3750356383059,102.150128297901,5.81051660808794,0,5536.08305531168,0,0,0,1.225
600.872779607702,17.6734576400604,1,3,28.4261903652458,102.334285314885,5.81208821617815,0,5540.54382223854,0,0,0,1.225
601.122779607702,17.6822444529098,1,3,28.4772669979551,102.518161192638,5.81365975033714,0,5545.005396349,0,0,0,1.225
601.372779607702,17.6910155318617,1,3,28.5282659552428,102.701757438874,5.81523121063151,0,5549.46777765561,0,0,0,1.225
601.622779607702,17.6997709569162,1,3,28.5791876522935,102.885075548257,5.81680259712698,0,5553.93096617025,0,0,0,1.225
601.872779607702,17.7085108073925,1,3,28.6300325007109,103.068117002559,5.81837390988926,0,5558.39496190482,0,0,0,1.225
602.122779607702,17.7172351619369,1,3,28.6808009085604,103.250883270817,5.81994514898474,0,5562.85976487181,0,0,0,1.225
602.372779607702,17.7259440985307,1,3,28.7314932804117,103.433375809482,5.82151631447823,0,5567.32537508247,0,0,0,1.225
602.622779607702,17.7346376944978,1,3,28.7821100173801,103.615596062568,5.82308740643475,0,5571.79179254826,0,0,0,1.225
602.872779607702,17.7433160265131,1,3,28.8326515171673,103.797545461802,5.82465842492002,0,5576.25901728124,0,0,0,1.225
603.122779607702,17.7519791706096,1,3,28.883118174102,103.979225426767,5.82622936999906,0,5580.72704929295,0,0,0,1.225
603.372779607702,17.760627202186,1,3,28.9335103791793,104.160637365045,5.82780024173553,0,5585.19588859386,0,0,0,1.225
603.622779607702,17.7692601960143,1,3,28.9838285200999,104.34178267236,5.82937104019516,0,5589.66553519614,0,0,0,1.225
603.872779607702,17.7778782262468,1,3,29.0340729813088,104.522662732712,5.83094176544091,0,5594.1359891098,0,0,0,1.225
604.122779607702,17.7864813664235,1,3,29.0842441440329,104.703278918518,5.83251241753851,0,5598.60725034707,0,0,0,1.225
604.372779607702,17.795069689479,1,3,29.1343423863185,104.883632590747,5.83408299655025,0,5603.07931891747,0,0,0,1.225
604.622779607702,17.8036432677498,1,3,29.1843680830681,105.063725099045,5.83565350254139,0,5607.55219483294,0,0,0,1.225
604.872779607702,17.8122021729807,1,3,29.2343216060769,105.243557781877,5.83722393557446,0,5612.02587810327,0,0,0,1.225
605.122779607702,17.8207464763318,1,3,29.284203324068,105.423131966645,5.83879429571311,0,5616.5003687392,0,0,0,1.225
605.372779607702,17.8292762483852,1,3,29.3340136027282,105.602448969821,5.84036458302103,0,5620.97566675148,0,0,0,1.225
605.622779607702,17.8377915591515,1,3,29.383752804742,105.781510097071,5.84193479756073,0,5625.45177215001,0,0,0,1.225
605.872779607702,17.8462924780763,1,3,29.4334212898267,105.960316643376,5.84350493939496,0,5629.9286849449,0,0,0,1.225
606.122779607702,17.8547790740467,1,3,29.4830194147652,106.138869893155,5.84507500858672,0,5634.40640514647,0,0,0,1.225
606.372779607702,17.8632514153971,1,3,29.5325475334396,106.317171120382,5.8466450051983,0,5638.88493276453,0,0,0,1.225
606.622779607702,17.871709569916,1,3,29.5820059968639,106.49522158871,5.848214929292,0,5643.36426780893,0,0,0,1.225
606.872779607702,17.8801536048519,1,3,29.6313951532162,106.673022551578,5.84978478092989,0,5647.84441028938,0,0,0,1.225
607.122779607702,17.8885835869191,1,3,29.6807153478706,106.850575252334,5.85135456017406,0,5652.3253602156,0,0,0,1.225
607.372779607702,17.8969995823037,1,3,29.7299669234282,107.027880924342,5.85292426708611,0,5656.80711759701,0,0,0,1.225
607.622779607702,17.9054016566699,1,3,29.7791502197484,107.204940791094,5.85449390172721,0,5661.28968244267,0,0,0,1.225
607.872779607702,17.9137898751651,1,3,29.8282655739788,107.381756066324,5.85606346415966,0,5665.7730547626,0,0,0,1.225
608.122779607702,17.9221643024259,1,3,29.8773133205859,107.558327954109,5.85763295444394,0,5670.2572345654,0,0,0,1.225
608.372779607702,17.9305250025838,1,3,29.9262937913841,107.734657648983,5.85920237264145,0,5674.74222186044,0,0,0,1.225
608.622779607702,17.9388720392706,1,3,29.9752073155649,107.910746336034,5.86077171881288,0,5679.22801665654,0,0,0,1.225
608.872779607702,17.9472054756239,1,3,30.0240542197261,108.086595191014,5.86234099301896,0,5683.7146189626,0,0,0,1.225
609.122779607702,17.9555253742922,1,3,30.0728348278997,108.262205380439,5.86391019532016,0,5688.20202878735,0,0,0,1.225
609.372779607702,17.9638317974406,1,3,30.1215494615801,108.437578061688,5.86547932577628,0,5692.69024613899,0,0,0,1.225
609.622779607702,17.9721248067558,1,3,30.1701984397513,108.612714383105,5.86704838444848,0,5697.17927102689,0,0,0,1.225
609.872779607702,17.9804044634514,1,3,30.2187820789146,108.787615484093,5.86861737139566,0,5701.66910345858,0,0,0,1.225
610.122779607702,17.9886708282726,1,3,30.2673006931152,108.962282495215,5.87018628667852,0,5706.15974344313,0,0,0,1.225
610.372779607702,17.9969239615018,1,3,30.3157545939683,109.136716538286,5.87175513035572,0,5710.65119098796,0,0,0,1.225
610.622779607702,18.005163922963,1,3,30.3641440906856,109.310918726468,5.87332390248775,0,5715.14344610201,0,0,0,1.225
610.872779607702,18.0133907720268,1,3,30.412469490101,109.484890164364,5.87489260313305,0,5719.63650879261,0,0,0,1.225
611.122779607702,18.0216045676157,1,3,30.4607310966955,109.658631948104,5.87646123235072,0,5724.13037906765,0,0,0,1.225
611.372779607702,18.0298053682079,1,3,30.5089292126229,109.832145165442,5.87802979020034,0,5728.62505693544,0,0,0,1.225
611.622779607702,18.0379932318429,1,3,30.5570641377336,110.005430895841,5.8795982767399,0,5733.12054240304,0,0,0,1.225
611.872779607702,18.0461682161255,1,3,30.6051361696,110.17849021056,5.8811666920285,0,5737.61683547844,0,0,0,1.225
612.122779607702,18.0543303782308,1,3,30.6531456035396,110.351324172743,5.88273503612436,0,5742.11393616894,0,0,0,1.225
612.372779607702,18.0624797749081,1,3,30.701092732639,110.5239338375,5.88430330908545,0,5746.61184448172,0,0,0,1.225
612.622779607702,18.0706164624861,1,3,30.7489778477775,110.696320251999,5.88587151096999,0,5751.11056042413,0,0,0,1.225
612.872779607702,18.0787404968765,1,3,30.7968012376499,110.86848445554,5.88743964183573,0,5755.61008400321,0,0,0,1.225
613.122779607702,18.0868519335788,1,3,30.8445631887892,111.040427479641,5.88900770174064,0,5760.11041522621,0,0,0,1.225
613.372779607702,18.0949508276846,1,3,30.8922639855892,111.212150348121,5.8905756907418,0,5764.61155409969,0,0,0,1.225
613.622779607702,18.1030372338814,1,3,30.9399039103266,111.383654077176,5.89214360889719,0,5769.11350063096,0,0,0,1.225
613.872779607702,18.1111112064569,1,3,30.9874832431827,111.554939675458,5.89371145626365,0,5773.61625482647,0,0,0,1.225
614.122779607702,18.1191727993034,1,3,31.0350022622654,111.726008144156,5.89527923289779,0,5778.11981669248,0,0,0,1.225
614.372779607702,18.1272220659214,1,3,31.08246124363,111.896860477068,5.89684693885738,0,5782.62418623624,0,0,0,1.225
614.622779607702,18.1352590594238,1,3,31.1298604613002,112.067497660681,5.89841457419834,0,5787.12936346355,0,0,0,1.225
614.872779607702,18.1432838325399,1,3,31.1772001872894,112.237920674242,5.89998213897729,0,5791.63534838078,0,0,0,1.225
615.122779607702,18.1512964376191,1,3,31.2244806916204,112.408130489833,5.90154963325131,0,5796.14214099471,0,0,0,1.225
615.372779607702,18.1592969266347,1,3,31.2717022423461,112.578128072446,5.90311705707563,0,5800.64974131069,0,0,0,1.225
615.622779607702,18.167285351188,1,3,31.3188651055694,112.74791438005,5.90468441050621,0,5805.15814933465,0,0,0,1.225
615.872779607702,18.1752617625116,1,3,31.3659695454625,112.917490363665,5.90625169359987,0,5809.66736507328,0,0,0,1.225
616.122779607702,18.1832262114734,1,3,31.4130158242866,113.086856967432,5.90781890641119,0,5814.17738853147,0,0,0,1.225
616.372779607702,18.1911787485802,1,3,31.4600042024112,113.25601512868,5.90938604899657,0,5818.6882197156,0,0,0,1.225
616.622779607702,18.1991194239811,1,3,31.5069349383328,113.424965777998,5.91095312141124,0,5823.19985863118,0,0,0,1.225
616.872779607702,18.2070482874711,1,3,31.5538082886934,113.593709839296,5.91252012370978,0,5827.7123052832,0,0,0,1.225
617.122779607702,18.2149653884949,1,3,31.6006245082994,113.762248229878,5.91408705594745,0,5832.22555967723,0,0,0,1.225
617.372779607702,18.2228707761499,1,3,31.6473838501394,113.930581860502,5.91565391817926,0,5836.73962181867,0,0,0,1.225
617.622779607702,18.2307644991899,1,3,31.6940865654024,114.098711635449,5.91722071045979,0,5841.25449171261,0,0,0,1.225
617.872779607702,18.2386466060284,1,3,31.7407329034956,114.266638452584,5.91878743284383,0,5845.77016936434,0,0,0,1.225
618.122779607702,18.2465171447419,1,3,31.7873231120616,114.434363203422,5.92035408538527,0,5850.28665477846,0,0,0,1.225
618.372779607702,18.2543761630731,1,3,31.833857436996,114.601886773186,5.92192066813845,0,5854.80394795994,0,0,0,1.225
618.622779607702,18.2622237084345,1,3,31.8803361224644,114.769210040872,5.92348718115772,0,5859.32204891382,0,0,0,1.225
618.872779607702,18.2700598279109,1,3,31.9267594109193,114.936333879309,5.92505362449674,0,5863.84095764459,0,0,0,1.225
619.122779607702,18.2778845682635,1,3,31.9731275431166,115.10325915522,5.92661999820916,0,5868.36067415679,0,0,0,1.225
619.372779607702,18.2856979759322,1,3,32.0194407581322,115.269986729276,5.92818630234819,0,5872.88119845461,0,0,0,1.225
619.622779607702,18.2935000970392,1,3,32.0656992933784,115.436517456162,5.9297525369675,0,5877.40253054264,0,0,0,1.225
619.872779607702,18.3012909773915,1,3,32.1119033846195,115.60285218463,5.93131870212164,0,5881.92467042623,0,0,0,1.225
620.122779607702,18.3090706624847,1,3,32.1580532659882,115.768991757558,5.93288479786088,0,5886.4476181073,0,0,0,1.225
620.372779607702,18.3168391975053,1,3,32.2041491700008,115.934937012003,5.93445082424068,0,5890.97137359198,0,0,0,1.225
620.622779607702,18.324596627334,1,3,32.2501913275728,116.100688779262,5.93601678131336,0,5895.4959368839,0,0,0,1.225
620.872779607702,18.3323429965481,1,3,32.2961799680343,116.266247884923,5.93758266912937,0,5900.02130798524,0,0,0,1.225
621.122779607702,18.3400783494253,1,3,32.3421153191451,116.431615148922,5.93914848774421,0,5904.54748690222,0,0,0,1.225
621.372779607702,18.3478027299454,1,3,32.3879976071093,116.596791385593,5.94071423720834,0,5909.0744736371,0,0,0,1.225
621.622779607702,18.3555161817941,1,3,32.4338270565903,116.761777403725,5.94227991757316,0,5913.60226819286,0,0,0,1.225
621.872779607702,18.3632187483651,1,3,32.4796038907255,116.926574006612,5.94384552889323,0,5918.13087057511,0,0,0,1.225
622.122779607702,18.370910472763,1,3,32.52532833114,117.091181992104,5.94541107121813,0,5922.66028078543,0,0,0,1.225
622.372779607702,18.3785913978062,1,3,32.5710005979615,117.255602152662,5.94697654459924,0,5927.19049882692,0,0,0,1.225
622.622779607702,18.3862615660292,1,3,32.6166209098342,117.419835275403,5.94854194909067,0,5931.72152470489,0,0,0,1.225
622.872779607702,18.3939210196856,1,3,32.6621894839322,117.583882142156,5.95010728474108,0,5936.25335842029,0,0,0,1.225
623.122779607702,18.4015698007506,1,3,32.7077065359737,117.747743529505,5.95167255160231,0,5940.78599997668,0,0,0,1.225
623.372779607702,18.4092079509232,1,3,32.7531722802343,117.911420208844,5.95323774972621,0,5945.3194493776,0,0,0,1.225
623.622779607702,18.4168355116293,1,3,32.7985869295604,118.074912946418,5.95480287916325,0,5949.85370662557,0,0,0,1.225
623.872779607702,18.4244525240239,1,3,32.8439506953824,118.238222503377,5.95636793996391,0,5954.38877172312,0,0,0,1.225
624.122779607702,18.4320590289935,1,3,32.8892637877279,118.40134963582,5.95793293217912,0,5958.92464467317,0,0,0,1.225
624.372779607702,18.4396550671589,1,3,32.9345264152342,118.564295094843,5.95949785585799,0,5963.46132547722,0,0,0,1.225
624.622779607702,18.4472406788773,1,3,32.9797387851615,118.727059626581,5.96106271105236,0,5967.99881413897,0,0,0,1.225
624.872779607702,18.4548159042447,1,3,33.0249011034053,118.889643972259,5.96262749781226,0,5972.53711066071,0,0,0,1.225
625.122779607702,18.4623807830984,1,3,33.0700135745089,119.052048868232,5.96419221618726,0,5977.07621504437,0,0,0,1.225
625.372779607702,18.4699353550194,1,3,33.1150764016755,119.214275046032,5.96575686622646,0,5981.61612729157,0,0,0,1.225
625.622779607702,18.4774796593346,1,3,33.1600897867807,119.37632323241,5.96732144798034,0,5986.15684740503,0,0,0,1.225
625.872779607702,18.4850137351189,1,3,33.2050539303843,119.538194149383,5.96888596149802,0,5990.69837538641,0,0,0,1.225
626.122779607702,18.4925376211978,1,3,33.2499690317421,119.699888514272,5.9704504068286,0,5995.2407112374,0,0,0,1.225
626.372779607702,18.5000513561495,1,3,33.294835288818,119.861407039745,5.97201478402121,0,5999.78385495972,0,0,0,1.225
626.622779607702,18.5075549783071,1,3,33.3396528982953,120.022750433863,5.97357909312677,0,6004.32780655655,0,0,0,1.225
626.872779607702,18.5150485257606,1,3,33.3844220555881,120.183919400117,5.97514333419167,0,6008.8725660275,0,0,0,1.225
627.122779607702,18.5225320363594,1,3,33.4291429548531,120.344914637471,5.97670750726593,0,6013.41813337508,0,0,0,1.225
627.372779607702,18.5300055477142,1,3,33.4738157890002,120.505736840401,5.97827161239775,0,6017.9645086004,0,0,0,1.225
627.622779607702,18.5374690971991,1,3,33.5184407497041,120.666386698935,5.97983564963533,0,6022.51169170456,0,0,0,1.225
627.872779607702,18.5449227219538,1,3,33.5630180274151,120.826864898694,5.98139961902825,0,6027.05968268983,0,0,0,1.225
628.122779607702,18.5523664588856,1,3,33.6075478113698,120.987172120931,5.98296352062334,0,6031.60848155626,0,0,0,1.225
628.372779607702,18.5598003446714,1,3,33.6520302896018,121.147309042567,5.98452735446836,0,6036.15808830472,0,0,0,1.225
628.622779607702,18.5672244157599,1,3,33.6964656489527,121.30727633623,5.98609112061149,0,6040.70850293642,0,0,0,1.225
628.872779607702,18.5746387083731,1,3,33.740854075082,121.467074670295,5.98765481910186,0,6045.25972545335,0,0,0,1.225
629.122779607702,18.5820432585091,1,3,33.7851957524779,121.62670470892,5.9892184499854,0,6049.81175585498,0,0,0,1.225
629.372779607702,18.5894381019432,1,3,33.8294908644672,121.786167112082,5.9907820133094,0,6054.36459414187,0,0,0,1.225
629.622779607702,18.5968232742302,1,3,33.8737395932259,121.945462535613,5.99234550912161,0,6058.91824031501,0,0,0,1.225
629.872779607702,18.6041988107065,1,3,33.9179421197886,122.104591631239,5.99390893747022,0,6063.47269437574,0,0,0,1.225
630.122779607702,18.6115647464915,1,3,33.9620986240588,122.263555046612,5.99547229840118,0,6068.02795632365,0,0,0,1.225
630.372779607702,18.61892111649,1,3,34.0062092848186,122.422353425347,5.99703559196041,0,6072.58402615831,0,0,0,1.225
630.622779607702,18.6262679553936,1,3,34.0502742797386,122.580987407059,5.99859881819566,0,6077.14090388081,0,0,0,1.225
630.872779607702,18.6336052976828,1,3,34.0942937853868,122.739457627392,6.00016197715331,0,6081.69858949115,0,0,0,1.225
631.122779607702,18.6409331776285,1,3,34.1382679772388,122.89776471806,6.00172506888021,0,6086.25708298972,0,0,0,1.225
631.372779607702,18.6482516292941,1,3,34.182197029687,123.055909306873,6.00328809342091,0,6090.81638437515,0,0,0,1.225
631.622779607702,18.6555606865373,1,3,34.2260811160496,123.213892017779,6.00485105082407,0,6095.37649364931,0,0,0,1.225
631.872779607702,18.6628603830114,1,3,34.2699204085798,123.371713470887,6.00641394113427,0,6099.93741081088,0,0,0,1.225
632.122779607702,18.6701507521675,1,3,34.3137150784752,123.529374282511,6.00797676439606,0,6104.49913585852,0,0,0,1.225
632.372779607702,18.6774318272558,1,3,34.3574652958865,123.686875065191,6.00953952065765,0,6109.06166879386,0,0,0,1.225
632.622779607702,18.6847036413278,1,3,34.4011712299261,123.844216427734,6.01110220996179,0,6113.62500961418,0,0,0,1.225
632.872779607702,18.6919662272374,1,3,34.4448330486777,124.00139897524,6.01266483235622,0,6118.18915832076,0,0,0,1.225
633.122779607702,18.6992196176429,1,3,34.4884509192039,124.158423309134,6.01422738788551,0,6122.7541149124,0,0,0,1.225
633.372779607702,18.7064638450085,1,3,34.5320250075558,124.315290027201,6.01578987659423,0,6127.31987938789,0,0,0,1.225
633.622779607702,18.7136989416062,1,3,34.5755554787806,124.47199972361,6.01735229852784,0,6131.8864517468,0,0,0,1.225
633.872779607702,18.7209249395167,1,3,34.6190424969308,124.628552988951,6.01891465373092,0,6136.45383198798,0,0,0,1.225
634.122779607702,18.7281418706319,1,3,34.6624862250719,124.784950410259,6.02047694224893,0,6141.02202011103,0,0,0,1.225
634.372779607702,18.7353497666558,1,3,34.7058868252908,124.941192571047,6.02203916412373,0,6145.59101611268,0,0,0,1.225
634.622779607702,18.7425486591062,1,3,34.749244458704,125.097280051334,6.02360131940395,0,6150.16081999514,0,0,0,1.225
634.872779607702,18.7497385793163,1,3,34.7925592854658,125.253213427677,6.02516340813054,0,6154.73143175443,0,0,0,1.225
635.122779607702,18.7569195584363,1,3,34.835831464776,125.408993273194,6.02672543034896,0,6159.30285139028,0,0,0,1.225
635.372779607702,18.7640916274347,1,3,34.8790611548876,125.564620157595,6.02828738610242,0,6163.87507890058,0,0,0,1.225
635.622779607702,18.7712548171,1,3,34.9222485131151,125.720094647215,6.02984927543503,0,6168.448114284,0,0,0,1.225
635.872779607702,18.7784091580418,1,3,34.965393695842,125.875417305031,6.0314110983918,0,6173.02195753996,0,0,0,1.225
636.122779607702,18.7855546806928,1,3,35.0084968585282,126.030588690702,6.03297285501367,0,6177.59660866461,0,0,0,1.225
636.372779607702,18.7926914153098,1,3,35.0515581557179,126.185609360584,6.03453454534656,0,6182.17206765815,0,0,0,1.225
636.622779607702,18.7998193919751,1,3,35.0945777410466,126.340479867768,6.03609616943322,0,6186.74833451824,0,0,0,1.225
636.872779607702,18.8069386405983,1,3,35.1375557672493,126.495200762097,6.03765772731549,0,6191.32540924184,0,0,0,1.225
637.122779607702,18.8140491909175,1,3,35.1804923861668,126.649772590201,6.03921921903793,0,6195.90329182813,0,0,0,1.225
637.372779607702,18.8211510725003,1,3,35.2233877487538,126.804195895514,6.04078064464193,0,6200.48198227376,0,0,0,1.225
637.622779607702,18.8282443147458,1,3,35.2662420050856,126.958471218308,6.04234200417159,0,6205.06148057756,0,0,0,1.225
637.872779607702,18.8353289468855,1,3,35.3090553043653,127.112599095715,6.0439032976692,0,6209.64178673698,0,0,0,1.225
638.122779607702,18.842404997985,1,3,35.3518277949307,127.266580061751,6.04546452517616,0,6214.22290074871,0,0,0,1.225
638.372779607702,18.8494724969448,1,3,35.3945596242617,127.420414647342,6.04702568673656,0,6218.80482261169,0,0,0,1.225
638.622779607702,18.8565314725021,1,3,35.4372509389865,127.574103380351,6.04858678239179,0,6223.38755232268,0,0,0,1.225
638.872779607702,18.8635819532319,1,3,35.4799018848889,127.7276467856,6.0501478121837,0,6227.97108987883,0,0,0,1.225
639.122779607702,18.8706239675484,1,3,35.5225126069149,127.881045384893,6.0517087761541,0,6232.55543527732,0,0,0,1.225
639.372779607702,18.8776575437058,1,3,35.5650832491792,128.034299697045,6.05326967434439,0,6237.14058851497,0,0,0,1.225
639.622779607702,18.8846827098004,1,3,35.6076139549723,128.1874102379,6.05483050679777,0,6241.7265495901,0,0,0,1.225
639.872779607702,18.891699493771,1,3,35.6501048667661,128.340377520358,6.05639127355562,0,6246.31331849959,0,0,0,1.225
640.122779607702,18.8987079234007,1,3,35.6925561262216,128.493202054398,6.05795197465795,0,6250.90089523925,0,0,0,1.225
640.372779607702,18.9057080263178,1,3,35.734967874194,128.645884347098,6.05951261014616,0,6255.489279806,0,0,0,1.225
640.622779607702,18.9126998299973,1,3,35.7773402507401,128.798424902664,6.06107318006207,0,6260.07847219715,0,0,0,1.225
640.872779607702,18.9196833617616,1,3,35.819673395124,128.950824222447,6.06263368444752,0,6264.66847241004,0,0,0,1.225
641.122779607702,18.9266586487823,1,3,35.8619674458235,129.103082804965,6.06419412334253,0,6269.25928044057,0,0,0,1.225
641.372779607702,18.9336257180809,1,3,35.9042225405361,129.25520114593,6.06575449678712,0,6273.85089628467,0,0,0,1.225
641.622779607702,18.9405845965303,1,3,35.9464388161851,129.407179738266,6.06731480482267,0,6278.44331993937,0,0,0,1.225
641.872779607702,18.9475353108556,1,3,35.988616408926,129.559019072134,6.06887504748875,0,6283.03655140027,0,0,0,1.225
642.122779607702,18.9544778876355,1,3,36.0307554541519,129.710719634947,6.07043522482718,0,6287.63059066482,0,0,0,1.225
642.372779607702,18.9614123533034,1,3,36.0728560864998,129.862281911399,6.07199533687754,0,6292.22543772868,0,0,0,1.225
642.622779607702,18.9683387341482,1,3,36.1149184398562,130.013706383482,6.07355538368029,0,6296.82109258823,0,0,0,1.225
642.872779607702,18.975257056316,1,3,36.156942647363,130.164993530507,6.07511536527409,0,6301.41755523845,0,0,0,1.225
643.122779607702,18.9821673458106,1,3,36.1989288414235,130.316143829125,6.07667528169986,0,6306.01482567615,0,0,0,1.225
643.372779607702,18.989069628495,1,3,36.2408771537075,130.467157753347,6.07823513299763,0,6310.61290389741,0,0,0,1.225
643.622779607702,18.9959639300921,1,3,36.2827877151573,130.618035774566,6.07979491920605,0,6315.21178989729,0,0,0,1.225
643.872779607702,19.0028502761861,1,3,36.3246606559932,130.768778361576,6.08135464036422,0,6319.81148367118,0,0,0,1.225
644.122779607702,19.0097286922236,1,3,36.3664961057191,130.919385980589,6.08291429651308,0,6324.41198521599,0,0,0,1.225
644.372779607702,19.016599203514,1,3,36.4082941931277,131.06985909526,6.08447388769082,0,6329.01329452645,0,0,0,1.225
644.622779607702,19.0234618352313,1,3,36.450055046306,131.220198166702,6.08603341393609,0,6333.61541159768,0,0,0,1.225
644.872779607702,19.0303166124147,1,3,36.491778792641,131.370403653508,6.08759287528937,0,6338.21833642628,0,0,0,1.225
645.122779607702,19.0371635599699,1,3,36.5334655588245,131.520476011768,6.0891522717875,0,6342.82206900594,0,0,0,1.225
645.372779607702,19.0440027026696,1,3,36.5751154708585,131.67041569509,6.09071160347048,0,6347.42660933294,0,0,0,1.225
645.622779607702,19.050834065155,1,3,36.6167286540604,131.820223154618,6.09227087037561,0,6352.0319574014,0,0,0,1.225
645.872779607702,19.0576576719365,1,3,36.6583052330685,131.969898839047,6.09383007254337,0,6356.638113208,0,0,0,1.225
646.122779607702,19.0644735473949,1,3,36.6998453318466,132.119443194648,6.09538921001058,0,6361.24507674652,0,0,0,1.225
646.372779607702,19.071281715782,1,3,36.741349073689,132.26885666528,6.0969482828159,0,6365.85284801224,0,0,0,1.225
646.622779607702,19.078082201222,1,3,36.7828165812261,132.418139692414,6.09850729099662,0,6370.46142699935,0,0,0,1.225
646.872779607702,19.0848750277121,1,3,36.8242479764287,132.567292715143,6.1000662345914,0,6375.07081370316,0,0,0,1.225
647.122779607702,19.0916602191235,1,3,36.8656433806135,132.716316170209,6.10162511363797,0,6379.68100811827,0,0,0,1.225
647.372779607702,19.0984377992025,1,3,36.9070029144474,132.865210492011,6.10318392817408,0,6384.29201023931,0,0,0,1.225
647.622779607702,19.1052077915711,1,3,36.9483266979525,133.013976112629,6.10474267823702,0,6388.90382006055,0,0,0,1.225
647.872779607702,19.1119702197284,1,3,36.9896148505111,133.16261346184,6.10630136386408,0,6393.5164375763,0,0,0,1.225
648.122779607702,19.118725107051,1,3,37.0308674908703,133.311122967133,6.10785998509209,0,6398.12986278052,0,0,0,1.225
648.372779607702,19.1254724767941,1,3,37.0720847371463,133.459505053727,6.10941854196062,0,6402.74409566937,0,0,0,1.225
648.622779607702,19.1322123520925,1,3,37.1132667068297,133.607760144587,6.11097703450378,0,6407.35913623465,0,0,0,1.225
648.872779607702,19.1389447559612,1,3,37.1544135167895,133.755888660442,6.11253546275975,0,6411.97498447149,0,0,0,1.225
649.122779607702,19.1456697112966,1,3,37.195525283278,133.903891019801,6.11409382676584,0,6416.59164037428,0,0,0,1.225
649.372779607702,19.1523872408771,1,3,37.2366021219351,134.051767638966,6.11565212655796,0,6421.20910393637,0,0,0,1.225
649.622779607702,19.1590973673639,1,3,37.277644147793,134.199518932055,6.11721036217341,0,6425.82737515218,0,0,0,1.225
649.872779607702,19.1658001133022,1,3,37.3186514752803,134.347145311009,6.11876853364811,0,6430.4464540151,0,0,0,1.225
650.122779607702,19.1724955011217,1,3,37.3596242182266,134.494647185616,6.12032664101889,0,6435.06634051925,0,0,0,1.225
650.372779607702,19.1791835531376,1,3,37.4005624898669,134.642024963521,6.12188468432078,0,6439.6870346573,0,0,0,1.225
650.622779607702,19.1858642915514,1,3,37.4414664028456,134.789279050244,6.12344266359105,0,6444.30853642379,0,0,0,1.225
650.872779607702,19.1925377384514,1,3,37.4823360692211,134.936409849196,6.12500057886518,0,6448.9308458118,0,0,0,1.225
651.122779607702,19.1992039158141,1,3,37.5231716004697,135.083417761691,6.12655843017819,0,6453.55396281407,0,0,0,1.225
651.372779607702,19.2058628455046,1,3,37.56397310749,135.230303186964,6.12811621756782,0,6458.17788742556,0,0,0,1.225
651.622779607702,19.2125145492773,1,3,37.604740700607,135.377066522185,6.12967394106772,0,6462.80261963796,0,0,0,1.225
651.872779607702,19.2191590487771,1,3,37.6454744895762,135.523708162474,6.13123160071564,0,6467.42815944624,0,0,0,1.225
652.122779607702,19.2257963655398,1,3,37.6861745835877,135.670228500916,6.13278919654431,0,6472.05450684142,0,0,0,1.225
652.372779607702,19.232426520993,1,3,37.7268410912699,135.816627928572,6.13434672859057,0,6476.6816618178,0,0,0,1.225
652.622779607702,19.2390495364568,1,3,37.7674741206942,135.962906834499,6.13590419688808,0,6481.30962436714,0,0,0,1.225
652.872779607702,19.2456654331448,1,3,37.808073779378,136.109065605761,6.13746160147412,0,6485.93839448414,0,0,0,1.225
653.122779607702,19.2522742321644,1,3,37.8486401742897,136.255104627443,6.13901894238143,0,6490.56797215989,0,0,0,1.225
653.372779607702,19.258875954518,1,3,37.8891734118516,136.401024282666,6.14057621964685,0,6495.19835738876,0,0,0,1.225
653.622779607702,19.2654706211036,1,3,37.9296735979444,136.5468249526,6.14213343330357,0,6499.82955016224,0,0,0,1.225
653.872779607702,19.2720582527152,1,3,37.9701408379107,136.692507016479,6.14369058338571,0,6504.46155047254,0,0,0,1.225
654.122779607702,19.278638870044,1,3,38.0105752365589,136.838070851612,6.14524766992918,0,6509.09435831339,0,0,0,1.225
654.372779607702,19.285212493679,1,3,38.0509768981669,136.983516833401,6.14680469296763,0,6513.72797367668,0,0,0,1.225
654.622779607702,19.2917791441072,1,3,38.0913459264858,137.128845335349,6.14836165253428,0,6518.36239655397,0,0,0,1.225
654.872779607702,19.2983388417152,1,3,38.1316824247436,137.274056729077,6.14991854866457,0,6522.99762693867,0,0,0,1.225
655.122779607702,19.3048916067891,1,3,38.1719864956491,137.419151384337,6.15147538139126,0,6527.63366482199,0,0,0,1.225
655.372779607702,19.3114374595156,1,3,38.2122582413949,137.564129669022,6.15303215074982,0,6532.27051019738,0,0,0,1.225
655.622779607702,19.3179764199827,1,3,38.2524977636616,137.708991949182,6.15458885677299,0,6536.90816305611,0,0,0,1.225
655.872779607702,19.32450850818,1,3,38.2927051636209,137.853738589035,6.15614549949441,0,6541.5466233902,0,0,0,1.225
656.122779607702,19.331033744,1,3,38.3328805419396,137.998369950982,6.15770207894684,0,6546.18589119095,0,0,0,1.225
656.372779607702,19.337552147238,1,3,38.3730239987825,138.142886395617,6.15925859516483,0,6550.82596645114,0,0,0,1.225
656.622779607702,19.3440637375935,1,3,38.4131356338164,138.287288281739,6.16081504818112,0,6555.46684916212,0,0,0,1.225
656.872779607702,19.3505685346703,1,3,38.4532155462131,138.431575966367,6.16237143802937,0,6560.10853931598,0,0,0,1.225
657.122779607702,19.3570665579776,1,3,38.4932638346532,138.575749804751,6.1639277647414,0,6564.75103690337,0,0,0,1.225
657.372779607702,19.3635578269301,1,3,38.533280597329,138.719810150384,6.16548402835087,0,6569.39434191642,0,0,0,1.225
657.622779607702,19.3700423608493,1,3,38.5732659319483,138.863757355014,6.16704022889098,0,6574.03845434691,0,0,0,1.225
657.872779607702,19.3765201789635,1,3,38.6132199357374,139.007591768654,6.16859636639492,0,6578.68337418664,0,0,0,1.225
658.122779607702,19.3829913004088,1,3,38.6531427054444,139.1513137396,6.17015244089271,0,6583.32910142488,0,0,0,1.225
658.372779607702,19.3894557442298,1,3,38.6930343373426,139.294923614433,6.17170845241935,0,6587.97563605491,0,0,0,1.225
658.622779607702,19.3959135293797,1,3,38.7328949272338,139.438421738042,6.17326440100715,0,6592.62297806787,0,0,0,1.225
658.872779607702,19.4023646747215,1,3,38.772724570451,139.581808453624,6.1748202866861,0,6597.27112745308,0,0,0,1.225
659.122779607702,19.4088091990284,2,3,38.8125233618622,139.725084102704,6.17637610949077,0,6601.92008420352,0,0,0,1.225
659.372779607702,19.4152471209841,2,3,38.8522913958731,139.868249025143,6.1779318694521,0,6606.56984830927,0,0,0,1.225
659.622779607702,19.4216784591841,2,3,38.8920287664304,140.011303559149,6.17948756660098,0,6611.22041976044,0,0,0,1.225
659.872779607702,19.4281032321353,2,3,38.9317355670248,140.154248041289,6.18104320097154,0,6615.8717985497,0,0,0,1.225
660.122779607702,19.4345214582576,2,3,38.9714118906941,140.297082806499,6.18259877259379,0,6620.52398466646,0,0,0,1.225
660.372779607702,19.4409331558837,2,3,39.0110578300263,140.439808188095,6.18415428149956,0,6625.17697810161,0,0,0,1.225
660.622779607702,19.4473383432601,2,3,39.0506734771625,140.582424517785,6.18570972772068,0,6629.83077884605,0,0,0,1.225
660.872779607702,19.4537370385477,2,3,39.0902589237998,140.724932125679,6.18726511128853,0,6634.48538689033,0,0,0,1.225
661.122779607702,19.460129259822,2,3,39.1298142611947,140.867331340301,6.18882043223311,0,6639.14080222393,0,0,0,1.225
661.372779607702,19.4665150250739,2,3,39.1693395801652,141.009622488595,6.1903756905881,0,6643.79702483927,0,0,0,1.225
661.622779607702,19.4728943522104,2,3,39.2088349710947,141.151805895941,6.19193088638167,0,6648.45405472441,0,0,0,1.225
661.872779607702,19.4792672590548,2,3,39.2483005239341,141.293881886163,6.19348601964657,0,6653.11189187105,0,0,0,1.225
662.122779607702,19.4856337633476,2,3,39.287736328205,141.435850781538,6.19504109041281,0,6657.77053626876,0,0,0,1.225
662.372779607702,19.4919938827467,2,3,39.3271424730026,141.577712902809,6.19659609871223,0,6662.42998790855,0,0,0,1.225
662.622779607702,19.4983476348284,2,3,39.3665190469981,141.719468569193,6.19815104457257,0,6667.09024677818,0,0,0,1.225
662.872779607702,19.5046950370872,2,3,39.4058661384421,141.861118098391,6.19970592802792,0,6671.75131287054,0,0,0,1.225
663.122779607702,19.5110361069372,2,3,39.4451838351667,142.0026618066,6.20126074910695,0,6676.41318617414,0,0,0,1.225
663.372779607702,19.517370861712,2,3,39.4844722245889,142.14410000852,6.20281550783966,0,6681.07586667863,0,0,0,1.225
663.622779607702,19.5236993186655,2,3,39.5237313937128,142.285433017366,6.20437020425652,0,6685.73935437402,0,0,0,1.225
663.872779607702,19.5300214949721,2,3,39.5629614291324,142.426661144877,6.20592483838664,0,6690.40364924924,0,0,0,1.225
664.122779607702,19.5363374077278,2,3,39.6021624170345,142.567784701324,6.20747941026139,0,6695.06875129507,0,0,0,1.225
664.372779607702,19.54264707395,2,3,39.6413344432012,142.708803995524,6.20903391991123,0,6699.73466050158,0,0,0,1.225
664.622779607702,19.5489505105787,2,3,39.6804775930122,142.849719334844,6.21058836736256,0,6704.40137685557,0,0,0,1.225
664.872779607702,19.5552477344763,2,3,39.7195919514482,142.990531025213,6.21214275264947,0,6709.06890035005,0,0,0,1.225
665.122779607702,19.5615387624287,2,3,39.7586776030926,143.131239371133,6.21369707579788,0,6713.7372309715,0,0,0,1.225
665.372779607702,19.5678236111455,2,3,39.7977346321348,143.271844675685,6.21525133683826,0,6718.40636871004,0,0,0,1.225
665.622779607702,19.5741022972604,2,3,39.836763122372,143.412347240539,6.21680553580063,0,6723.07631355545,0,0,0,1.225
665.872779607702,19.5803748373319,2,3,39.8757631572125,143.552747365965,6.21835967271363,0,6727.74706549645,0,0,0,1.225
666.122779607702,19.5866412478436,2,3,39.9147348196776,143.693045350839,6.21991374760637,0,6732.41862452211,0,0,0,1.225
666.372779607702,19.5929015452048,2,3,39.9536781924044,143.833241492656,6.22146776050704,0,6737.09099062082,0,0,0,1.225
666.622779607702,19.599155745751,2,3,39.9925933576482,143.973336087533,6.22302171144611,0,6741.76416378279,0,0,0,1.225
666.872779607702,19.6054038657442,2,3,40.0314803972846,144.113329430224,6.22457560045177,0,6746.43814399641,0,0,0,1.225
667.122779607702,19.6116459213735,2,3,40.0703393928125,144.253221814125,6.22612942755177,0,6751.11293124975,0,0,0,1.225
667.372779607702,19.6178819287554,2,3,40.1091704253561,144.393013531282,6.22768319277566,0,6755.78852553234,0,0,0,1.225
667.622779607702,19.6241119039346,2,3,40.1479735756675,144.532704872403,6.22923689615072,0,6760.4649268319,0,0,0,1.225
667.872779607702,19.6303358628839,2,3,40.1867489241287,144.672296126863,6.23079053770743,0,6765.14213513873,0,0,0,1.225
668.122779607702,19.6365538215053,2,3,40.2254965507544,144.811787582716,6.23234411747262,0,6769.82015044021,0,0,0,1.225
668.372779607702,19.6427657956299,2,3,40.264216535194,144.951179526698,6.23389763547448,0,6774.49897272485,0,0,0,1.225
668.622779607702,19.6489718010187,2,3,40.302908956734,145.090472244243,6.23545109174074,0,6779.1786019808,0,0,0,1.225
668.872779607702,19.6551718533626,2,3,40.3415738943004,145.229666019482,6.23700448630007,0,6783.85903819696,0,0,0,1.225
669.122779607702,19.6613659682836,2,3,40.3802114264608,145.368761135259,6.23855781917928,0,6788.54028136078,0,0,0,1.225
669.372779607702,19.6675541613342,2,3,40.4188216314265,145.507757873135,6.24011109040748,0,6793.22233146154,0,0,0,1.225
669.622779607702,19.6737364479989,2,3,40.4574045870552,145.646656513399,6.24166430001242,0,6797.90518848748,0,0,0,1.225
669.872779607702,19.6799128436938,2,3,40.4959603708528,145.78545733507,6.24321744802046,0,6802.58885242571,0,0,0,1.225
670.122779607702,19.6860833637674,2,3,40.5344890599758,145.924160615913,6.24477053445889,0,6807.27332326413,0,0,0,1.225
670.372779607702,19.6922480235009,2,3,40.5729907312335,146.06276663244,6.24632355935591,0,6811.95860099135,0,0,0,1.225
670.622779607702,19.6984068381087,2,3,40.6114654610897,146.201275659923,6.24787652273835,0,6816.64468559493,0,0,0,1.225
670.872779607702,19.7045598227389,2,3,40.6499133256656,146.339687972396,6.24942942463304,0,6821.33157706242,0,0,0,1.225
671.122779607702,19.7107069924732,2,3,40.6883344007413,146.478003842669,6.25098226506771,0,6826.01927538213,0,0,0,1.225
671.372779607702,19.7168483623281,2,3,40.7267287617583,146.61622354233,6.25253504406828,0,6830.70778054092,0,0,0,1.225
671.622779607702,19.7229839472547,2,3,40.7650964838214,146.754347341757,6.25408776166296,0,6835.3970925275,0,0,0,1.225
671.872779607702,19.7291137621391,2,3,40.8034376417006,146.892375510122,6.25564041787811,0,6840.0872113291,0,0,0,1.225
672.122779607702,19.7352378218033,2,3,40.8417523098337,147.030308315401,6.25719301273966,0,6844.77813693266,0,0,0,1.225
672.372779607702,19.741356141005,2,3,40.8800405623277,147.16814602438,6.25874554627353,0,6849.46986932508,0,0,0,1.225
672.622779607702,19.7474687344384,2,3,40.9183024729613,147.305888902661,6.26029801850837,0,6854.16240849549,0,0,0,1.225
672.872779607702,19.7535756167344,2,3,40.9565381151868,147.443537214672,6.26185042946781,0,6858.85575442902,0,0,0,1.225
673.122779607702,19.759676802461,2,3,40.9947475621318,147.581091223674,6.26340277918007,0,6863.54990711446,0,0,0,1.225
673.372779607702,19.7657723061236,2,3,41.0329308866016,147.718551191766,6.26495506767105,0,6868.24486653879,0,0,0,1.225
673.622779607702,19.7718621421656,2,3,41.0710881610809,147.855917379891,6.26650729496578,0,6872.94063268827,0,0,0,1.225
673.872779607702,19.7779463249686,2,3,41.1092194577359,147.993190047849,6.26805946109016,0,6877.63720554991,0,0,0,1.225
674.122779607702,19.784024868853,2,3,41.1473248484161,148.130369454298,6.26961156607194,0,6882.3345851122,0,0,0,1.225
674.372779607702,19.7900977880777,2,3,41.1854044046563,148.267455856763,6.27116360993432,0,6887.03277135999,0,0,0,1.225
674.622779607702,19.7961650968416,2,3,41.2234581976785,148.404449511643,6.27271559270594,0,6891.73176428251,0,0,0,1.225
674.872779607702,19.8022268092827,2,3,41.2614862983936,148.541350674217,6.27426751440862,0,6896.43156386356,0,0,0,1.225
675.122779607702,19.8082829394794,2,3,41.2994887774037,148.678159598653,6.27581937507102,0,6901.13217009239,0,0,0,1.225
675.372779607702,19.8143335014506,2,3,41.3374657050035,148.814876538013,6.27737117471634,0,6905.83358295393,0,0,0,1.225
675.622779607702,19.8203785091556,2,3,41.3754171511825,148.951501744257,6.27892291337048,0,6910.53580243527,0,0,0,1.225
675.872779607702,19.8264179764954,2,3,41.4133431856264,149.088035468255,6.28047459105846,0,6915.23882852282,0,0,0,1.225
676.122779607702,19.8324519173119,2,3,41.4512438777196,149.224477959791,6.28202620780712,0,6919.94266120443,0,0,0,1.225
676.372779607702,19.8384803453891,2,3,41.4891192965463,149.360829467567,6.28357776363919,0,6924.64730046471,0,0,0,1.225
676.622779607702,19.8445032744532,2,3,41.5269695108926,149.497090239213,6.28512925857967,0,6929.3527462901,0,0,0,1.225
676.872779607702,19.850520718173,2,3,41.5647945892484,149.633260521294,6.28668069265314,0,6934.05899866668,0,0,0,1.225
677.122779607702,19.8565326901597,2,3,41.6025945998089,149.769340559312,6.28823206588686,0,6938.76605758273,0,0,0,1.225
677.372779607702,19.8625392039683,2,3,41.6403696104765,149.905330597715,6.28978337830267,0,6943.47392302218,0,0,0,1.225
677.622779607702,19.8685402730968,2,3,41.6781196888625,150.041230879905,6.29133462992604,0,6948.1825949719,0,0,0,1.225
677.872779607702,19.8745359109872,2,3,41.715844902289,150.17704164824,6.29288582078107,0,6952.89207341764,0,0,0,1.225
678.122779607702,19.8805261310259,2,3,41.75354531779,150.312763144044,6.2944369508914,0,6957.60235834485,0,0,0,1.225
678.372779607702,19.8865109465436,2,3,41.7912210021141,150.448395607611,6.2959880202834,0,6962.31344974113,0,0,0,1.225
678.622779607702,19.8924903708157,2,3,41.8288720217251,150.58393927821,6.29753902897892,0,6967.0253475905,0,0,0,1.225
678.872779607702,19.898464417063,2,3,41.8664984428045,150.719394394096,6.2990899770025,0,6971.73805187914,0,0,0,1.225
679.122779607702,19.9044330984516,2,3,41.9041003312527,150.85476119251,6.30064086437824,0,6976.45156259288,0,0,0,1.225
679.372779607702,19.9103964280933,2,3,41.941677752691,150.990039909688,6.3021916911307,0,6981.16587971797,0,0,0,1.225
679.622779607702,19.9163544190464,2,3,41.9792307724627,151.125230780866,6.30374245728217,0,6985.8810032388,0,0,0,1.225
679.872779607702,19.922307084315,2,3,42.0167594556352,151.260334040287,6.3052931628572,0,6990.59693314162,0,0,0,1.225
680.122779607702,19.9282544368504,2,3,42.0542638670016,151.395349921206,6.30684380787898,0,6995.3136694116,0,0,0,1.225
680.372779607702,19.9341964895507,2,3,42.0917440710819,151.530278655895,6.30839439237207,0,7000.03121203502,0,0,0,1.225
680.622779607702,19.9401332552613,2,3,42.129200132125,151.66512047565,6.30994491635784,0,7004.7495609956,0,0,0,1.225
680.872779607702,19.9460647467754,2,3,42.16663211411,151.799875610796,6.31149537985993,0,7009.46871627893,0,0,0,1.225
681.122779607702,19.9519909768338,2,3,42.204040080748,151.934544290693,6.31304578290246,0,7014.18867787094,0,0,0,1.225
681.372779607702,19.9579119581259,2,3,42.2414240954834,152.06912674374,6.31459612550861,0,7018.90944575687,0,0,0,1.225
681.622779607702,19.9638277032893,2,3,42.2787842214957,152.203623197384,6.31614640770113,0,7023.63101992159,0,0,0,1.225
681.872779607702,19.9697382249107,2,3,42.3161205217006,152.338033878122,6.31769662950182,0,7028.35340034928,0,0,0,1.225
682.122779607702,19.9756435355255,2,3,42.3534330587522,152.472359011508,6.31924679093481,0,7033.07658702593,0,0,0,1.225
682.372779607702,19.981543647619,2,3,42.3907218950437,152.606598822157,6.32079689202192,0,7037.80057993573,0,0,0,1.225
682.622779607702,19.9874385736256,2,3,42.4279870927097,152.740753533755,6.32234693278542,0,7042.52537906324,0,0,0,1.225
682.872779607702,19.9933283259303,2,3,42.465228713627,152.874823369057,6.32389691324897,0,7047.25098439415,0,0,0,1.225
683.122779607702,19.9992129168677,2,3,42.5024468194164,153.008808549899,6.32544683343349,0,7051.97739591194,0,0,0,1.225
683.372779607702,20.0050923587234,2,3,42.5396414714443,153.142709297199,6.32699669336307,0,7056.70461360268,0,0,0,1.225
683.622779607702,20.0109666637336,2,3,42.5768127308236,153.276525830965,6.32854649305909,0,7061.43263745025,0,0,0,1.225
683.872779607702,20.0168358440856,2,3,42.613960658416,153.410258370298,6.33009623254384,0,7066.16146743929,0,0,0,1.225
684.122779607702,20.022699911918,2,3,42.6510853148325,153.543907133397,6.33164591184004,0,7070.8911035548,0,0,0,1.225
684.372779607702,20.0285588793212,2,3,42.6881867604355,153.677472337568,6.33319553096771,0,7075.62154577961,0,0,0,1.225
684.622779607702,20.0344127583373,2,3,42.72526505534,153.810954199224,6.3347450899505,0,7080.35279409948,0,0,0,1.225
684.872779607702,20.0402615609606,2,3,42.7623202594146,153.944352933893,6.33629458880887,0,7085.08484849763,0,0,0,1.225
685.122779607702,20.046105299138,2,3,42.7993524322838,154.077668756222,6.33784402756555,0,7089.81770895912,0,0,0,1.225
685.372779607702,20.0519439847688,2,3,42.8363616333284,154.210901879982,6.33939340624147,0,7094.55137546755,0,0,0,1.225
685.622779607702,20.0577776297057,2,3,42.8733479216875,154.344052518075,6.34094272485845,0,7099.28584800727,0,0,0,1.225
685.872779607702,20.0636062457541,2,3,42.9103113562596,154.477120882534,6.34249198343832,0,7104.02112656264,0,0,0,1.225
686.122779607702,20.0694298446732,2,3,42.947251995704,154.610107184534,6.344041182002,0,7108.75721111731,0,0,0,1.225
686.372779607702,20.0752484381759,2,3,42.9841698984422,154.743011634392,6.34559032057177,0,7113.49410165602,0,0,0,1.225
686.622779607702,20.081062037929,2,3,43.0210651226591,154.875834441573,6.34713939916628,0,7118.23179816063,0,0,0,1.225
686.872779607702,20.0868706555538,2,3,43.0579377263045,155.008575814696,6.34868841780917,0,7122.97030061699,0,0,0,1.225
687.122779607702,20.0926743026256,2,3,43.0947877670943,155.14123596154,6.35023737651954,0,7127.70960900736,0,0,0,1.225
687.372779607702,20.098472990675,2,3,43.1316153025117,155.273815089042,6.35178627531923,0,7132.44972331614,0,0,0,1.225
687.622779607702,20.1042667311872,2,3,43.1684203898087,155.406313403311,6.35333511422868,0,7137.1906435267,0,0,0,1.225
687.872779607702,20.1100555356029,2,3,43.2052030860072,155.538731109626,6.35488389326838,0,7141.9323696224,0,0,0,1.225
688.122779607702,20.1158394153181,2,3,43.2419634479004,155.671068412441,6.35643261246105,0,7146.67490158842,0,0,0,1.225
688.372779607702,20.1216183816847,2,3,43.2787015320542,155.803325515395,6.35798127182443,0,7151.41823940598,0,0,0,1.225
688.622779607702,20.1273924460103,2,3,43.3154173948079,155.935502621309,6.35952987137989,0,7156.1623830592,0,0,0,1.225
688.872779607702,20.1331616195591,2,3,43.3521110922762,156.067599932194,6.36107841114972,0,7160.90733253294,0,0,0,1.225
689.122779607702,20.1389259135514,2,3,43.3887826803499,156.19961764926,6.36262689115028,0,7165.65308780733,0,0,0,1.225
689.372779607702,20.1446853391644,2,3,43.4254322146974,156.33155597291,6.36417531140614,0,7170.3996488691,0,0,0,1.225
689.622779607702,20.1504399075322,2,3,43.4620597507655,156.463415102756,6.36572367193367,0,7175.1470156984,0,0,0,1.225
689.872779607702,20.1561896297459,2,3,43.4986653437813,156.595195237613,6.36727197275513,0,7179.89518828014,0,0,0,1.225
690.122779607702,20.1619345168542,2,3,43.5352490487529,156.726896575511,6.3688202138901,0,7184.64416659706,0,0,0,1.225
690.372779607702,20.1676745798632,2,3,43.5718109204708,156.858519313695,6.37036839535767,0,7189.39395063154,0,0,0,1.225
690.622779607702,20.173409829737,2,3,43.6083510135087,156.990063648631,6.37191651717831,0,7194.14454036707,0,0,0,1.225
690.872779607702,20.1791402773977,2,3,43.6448693822255,157.121529776012,6.37346457937156,0,7198.8959357864,0,0,0,1.225
691.122779607702,20.1848659337258,2,3,43.6813660807656,157.252917890756,6.37501258195653,0,7203.64813687197,0,0,0,1.225
691.372779607702,20.1905868095602,2,3,43.7178411630605,157.384228187018,6.37656052495322,0,7208.40114360692,0,0,0,1.225
691.622779607702,20.1963029156985,2,3,43.7542946828299,157.515460858188,6.37810840838074,0,7213.15495597368,0,0,0,1.225
691.872779607702,20.2020142628975,2,3,43.790726693583,157.646616096899,6.37965623225955,0,7217.90957395581,0,0,0,1.225
692.122779607702,20.2077208618729,2,3,43.8271372486191,157.777694095029,6.38120399660738,0,7222.66499753466,0,0,0,1.225
692.372779607702,20.2134227233,2,3,43.8635264010295,157.908695043706,6.38275170144425,0,7227.42122669342,0,0,0,1.225
692.622779607702,20.2191198578136,2,3,43.8998942036979,158.039619133312,6.38429934678788,0,7232.1782614135,0,0,0,1.225
692.872779607702,20.2248122760084,2,3,43.936240709302,158.170466553487,6.38584693265921,0,7236.93610167883,0,0,0,1.225
693.122779607702,20.230499988439,2,3,43.9725659703145,158.301237493132,6.38739445907731,0,7241.69474747191,0,0,0,1.225
693.372779607702,20.2361830056205,2,3,44.008870039004,158.431932140415,6.38894192605949,0,7246.45419877381,0,0,0,1.225
693.622779607702,20.2418613380283,2,3,44.0451529674364,158.562550682771,6.39048933362437,0,7251.21445556667,0,0,0,1.225
693.872779607702,20.2475349960985,2,3,44.0814148074755,158.693093306912,6.39203668179152,0,7255.97551783339,0,0,0,1.225
694.122779607702,20.253203990228,2,3,44.1176556107848,158.823560198825,6.39358397057913,0,7260.73738555578,0,0,0,1.225
694.372779607702,20.258868330775,2,3,44.153875428828,158.953951543781,6.39513120000674,0,7265.50005871676,0,0,0,1.225
694.622779607702,20.2645280280588,2,3,44.1900743128701,159.084267526333,6.39667837009119,0,7270.26353729708,0,0,0,1.225
694.872779607702,20.2701830923602,2,3,44.2262523139789,159.214508330324,6.39822548085203,0,7275.02782127967,0,0,0,1.225
695.122779607702,20.2758335339218,2,3,44.2624094830253,159.344674138891,6.39977253230654,0,7279.79291064565,0,0,0,1.225
695.372779607702,20.281479362948,2,3,44.2985458706853,159.474765134467,6.40131952447337,0,7284.55880537726,0,0,0,1.225
695.622779607702,20.2871205896054,2,3,44.33466152744,159.604781498784,6.40286645737024,0,7289.325505456,0,0,0,1.225
695.872779607702,20.2927572240229,2,3,44.3707565035775,159.734723412879,6.40441333101671,0,7294.09301086486,0,0,0,1.225
696.122779607702,20.2983892762916,2,3,44.4068308491934,159.864591057096,6.40596014542916,0,7298.86132158427,0,0,0,1.225
696.372779607702,20.3040167564658,2,3,44.4428846141921,159.994384611091,6.40750690062487,0,7303.6304375954,0,0,0,1.225
696.622779607702,20.3096396745621,2,3,44.4789178482874,160.124104253835,6.40905359662293,0,7308.4003588809,0,0,0,1.225
696.872779607702,20.3152580405606,2,3,44.5149306010042,160.253750163615,6.41060023344107,0,7313.17108542233,0,0,0,1.225
697.122779607702,20.3208718644045,2,3,44.5509229216786,160.383322518043,6.41214681109568,0,7317.94261720016,0,0,0,1.225
697.372779607702,20.3264811560005,2,3,44.5868948594598,160.512821494055,6.41369332960585,0,7322.71495419708,0,0,0,1.225
697.622779607702,20.3320859252189,2,3,44.6228464633104,160.642247267917,6.41523978898704,0,7327.48809639284,0,0,0,1.225
697.872779607702,20.3376861818938,2,3,44.6587777820076,160.771600015227,6.4167861892588,0,7332.26204377051,0,0,0,1.225
698.122779607702,20.3432819358234,2,3,44.6946888641442,160.900879910919,6.4183325304366,0,7337.03679630986,0,0,0,1.225
698.372779607702,20.3488731967699,2,3,44.7305797581297,161.030087129267,6.41987881253817,0,7341.81235399253,0,0,0,1.225
698.622779607702,20.3544599744603,2,3,44.7664505121909,161.159221843887,6.42142503558125,0,7346.58871680013,0,0,0,1.225
698.872779607702,20.3600422785857,2,3,44.802301174373,161.288284227743,6.42297119958175,0,7351.36588471285,0,0,0,1.225
699.122779607702,20.3656201188021,2,3,44.8381317925408,161.417274453147,6.42451730455832,0,7356.14385771306,0,0,0,1.225
699.372779607702,20.3711935047307,2,3,44.8739424143793,161.546192691765,6.42606335052551,0,7360.92263577986,0,0,0,1.225
699.622779607702,20.3767624459574,2,3,44.9097330873947,161.675039114621,6.42760933750333,0,7365.70221889675,0,0,0,1.225
699.872779607702,20.3823269520336,2,3,44.9455038589155,161.803813892096,6.42915526550496,0,7370.48260704177,0,0,0,1.225
700.122779607702,20.3878870324761,2,3,44.9812547760932,161.932517193935,6.43070113454951,0,7375.26380019767,0,0,0,1.225
700.372779607702,20.3934426967675,2,3,45.0169858859032,162.061149189251,6.43224694465243,0,7380.04579834434,0,0,0,1.225
700.622779607702,20.3989939543558,2,3,45.0526972351459,162.189710046525,6.43379269583056,0,7384.82860146275,0,0,0,1.225
700.872779607702,20.4045408146555,2,3,45.0883888704476,162.318199933612,6.43533838809935,0,7389.61220953279,0,0,0,1.225
701.122779607702,20.4100832870469,2,3,45.1240608382612,162.44661901774,6.43688402147654,0,7394.39662253618,0,0,0,1.225
701.372779607702,20.4156213808767,2,3,45.1597131848672,162.574967465522,6.4384295959776,0,7399.18184045284,0,0,0,1.225
701.622779607702,20.4211551054582,2,3,45.1953459563744,162.703245442948,6.43997511161933,0,7403.96786326376,0,0,0,1.225
701.872779607702,20.4266844700713,2,3,45.2309591987211,162.831453115396,6.44152056841676,0,7408.75469094851,0,0,0,1.225
702.122779607702,20.4322094839626,2,3,45.2665529576759,162.959590647633,6.44306596638717,0,7413.54232348849,0,0,0,1.225
702.372779607702,20.4377301563459,2,3,45.3021272788382,163.087658203818,6.44461130554464,0,7418.33076086255,0,0,0,1.225
702.622779607702,20.4432464964021,2,3,45.3376822076396,163.215655947503,6.44615658590737,0,7423.12000305281,0,0,0,1.225
702.872779607702,20.4487585132794,2,3,45.3732177893443,163.343584041639,6.44770180748947,0,7427.91005003817,0,0,0,1.225
703.122779607702,20.4542662160935,2,3,45.4087340690502,163.471442648581,6.44924697030638,0,7432.70090179857,0,0,0,1.225
703.372779607702,20.4597696139277,2,3,45.4442310916896,163.599231930083,6.4507920743763,0,7437.4925583162,0,0,0,1.225
703.622779607702,20.4652687158332,2,3,45.4797089020303,163.726952047309,6.45233711971196,0,7442.28501956885,0,0,0,1.225
703.872779607702,20.4707635308293,2,3,45.5151675446759,163.854603160833,6.45388210632973,0,7447.07828553725,0,0,0,1.225
704.122779607702,20.4762540679031,2,3,45.5506070640674,163.982185430643,6.45542703424326,0,7451.87235619994,0,0,0,1.225
704.372779607702,20.4817403360102,2,3,45.5860275044831,164.109699016139,6.45697190347255,0,7456.66723154058,0,0,0,1.225
704.622779607702,20.4872223440747,2,3,45.6214289100404,164.237144076145,6.45851671402852,0,7461.46291153555,0,0,0,1.225
704.872779607702,20.4927001009892,2,3,45.6568113246957,164.364520768904,6.46006146592845,0,7466.25939616635,0,0,0,1.225
705.122779607702,20.4981736156151,2,3,45.6921747922457,164.491829252085,6.46160615918507,0,7471.05668541082,0,0,0,1.225
705.372779607702,20.5036428967826,2,3,45.7275193563284,164.619069682782,6.46315079381657,0,7475.85477925119,0,0,0,1.225
705.622779607702,20.5091079532913,2,3,45.7628450604232,164.746242217524,6.46469536983659,0,7480.65367766606,0,0,0,1.225
705.872779607702,20.5145687939096,2,3,45.7981519478524,164.873347012269,6.46623988725787,0,7485.45338063332,0,0,0,1.225
706.122779607702,20.5200254273755,2,3,45.8334400617814,165.000384222413,6.4677843460986,0,7490.25388813522,0,0,0,1.225
706.372779607702,20.5254778623965,2,3,45.8687094452202,165.127354002793,6.46932874637059,0,7495.05520014893,0,0,0,1.225
706.622779607702,20.5309261076499,2,3,45.9039601410232,165.254256507683,6.47087308809114,0,7499.85731665599,0,0,0,1.225
706.872779607702,20.5363701717825,2,3,45.9391921918909,165.381091890807,6.47241737127388,0,7504.66023763505,0,0,0,1.225
707.122779607702,20.5418100634114,2,3,45.97440564037,165.507860305332,6.47396159593245,0,7509.46396306474,0,0,0,1.225
707.372779607702,20.5472457911235,2,3,46.0096005288547,165.634561903877,6.47550576208141,0,7514.26849292446,0,0,0,1.225
707.622779607702,20.5526773634762,2,3,46.0447768995871,165.761196838513,6.47704986973531,0,7519.0738271936,0,0,0,1.225
707.872779607702,20.5581047889973,2,3,46.0799347946577,165.887765260768,6.47859391890688,0,7523.8799658501,0,0,0,1.225
708.122779607702,20.563528076185,2,3,46.115074256007,166.014267321625,6.48013790961431,0,7528.68690887628,0,0,0,1.225
708.372779607702,20.5689472335082,2,3,46.1501953254253,166.140703171531,6.48168184186852,0,7533.49465624865,0,0,0,1.225
708.622779607702,20.5743622694069,2,3,46.1852980445541,166.267072960395,6.48322571568315,0,7538.3032079459,0,0,0,1.225
708.872779607702,20.5797731922917,2,3,46.2203824548865,166.393376837592,6.48476953107456,0,7543.11256394892,0,0,0,1.225
709.122779607702,20.5851800105445,2,3,46.2554485977681,166.519614951965,6.48631328805641,0,7547.92272423642,0,0,0,1.225
709.372779607702,20.5905827325186,2,3,46.2904965143974,166.645787451831,6.4878569866396,0,7552.73368878494,0,0,0,1.225
709.622779607702,20.5959813665383,2,3,46.3255262458271,166.771894484977,6.4894006268396,0,7557.54545757465,0,0,0,1.225
709.872779607702,20.6013759208998,2,3,46.360537832964,166.89793619867,6.49094420867095,0,7562.35803058502,0,0,0,1.225
710.122779607702,20.6067664038709,2,3,46.3955313165707,167.023912739655,6.49248773214731,0,7567.1714077948,0,0,0,1.225
710.372779607702,20.612152823691,2,3,46.4305067372654,167.149824254156,6.49403119728049,0,7571.98558918127,0,0,0,1.225
710.622779607702,20.6175351885716,2,3,46.4654641355232,167.275670887883,6.49557460408505,0,7576.80057472391,0,0,0,1.225
710.872779607702,20.6229135066963,2,3,46.5004035516764,167.401452786035,6.49711795257463,0,7581.61636440151,0,0,0,1.225
711.122779607702,20.6282877862209,2,3,46.5353250259154,167.527170093296,6.49866124276105,0,7586.43295819136,0,0,0,1.225
711.372779607702,20.6336580352733,2,3,46.5702285982895,167.652822953842,6.50020447465795,0,7591.25035607224,0,0,0,1.225
711.622779607702,20.6390242619542,2,3,46.6051143087074,167.778411511347,6.50174764828171,0,7596.06855802513,0,0,0,1.225
711.872779607702,20.6443864743367,2,3,46.6399821969376,167.903935908976,6.50329076364051,0,7600.88756402446,0,0,0,1.225
712.122779607702,20.6497446804668,2,3,46.6748323026099,168.029396289396,6.50483382074981,0,7605.70737405047,0,0,0,1.225
712.372779607702,20.6550988883631,2,3,46.7096646652152,168.154792794775,6.50637681962417,0,7610.52798808271,0,0,0,1.225
712.622779607702,20.6604491060174,2,3,46.7444793241066,168.280125566784,6.50791976027358,0,7615.34940609708,0,0,0,1.225
712.872779607702,20.6657953413946,2,3,46.7792763185,168.4053947466,6.5094626427117,0,7620.17162807239,0,0,0,1.225
713.122779607702,20.6711376024328,2,3,46.8140556874748,168.530600474909,6.51100546695125,0,7624.99465398676,0,0,0,1.225
713.372779607702,20.6764758970434,2,3,46.8488174699744,168.655742891908,6.51254823300587,0,7629.81848381901,0,0,0,1.225
713.622779607702,20.6818102331114,2,3,46.8835617048071,168.780822137305,6.5140909408874,0,7634.64311754654,0,0,0,1.225
713.872779607702,20.6871406184955,2,3,46.9182884306464,168.905838350327,6.51563359060765,0,7639.46855514673,0,0,0,1.225
714.122779607702,20.6924670610278,2,3,46.9529976860319,169.030791669715,6.51717618218026,0,7644.29479659845,0,0,0,1.225
714.372779607702,20.6977895685148,2,3,46.9876895093701,169.155682233732,6.51871871561616,0,7649.12184187837,0,0,0,1.225
714.622779607702,20.7031081487364,2,3,47.0223639389345,169.280510180164,6.52026119092898,0,7653.94969096536,0,0,0,1.225
714.872779607702,20.7084228094472,2,3,47.0570210128666,169.40527564632,6.52180360813145,0,7658.77834383758,0,0,0,1.225
715.122779607702,20.7137335583755,2,3,47.0916607691767,169.529978769036,6.52334596723449,0,7663.60780047173,0,0,0,1.225
715.372779607702,20.7190404032242,2,3,47.1262832457439,169.654619684678,6.52488826825083,0,7668.43806084596,0,0,0,1.225
715.622779607702,20.7243433516709,2,3,47.1608884803175,169.779198529143,6.52643051119139,0,7673.26912493699,0,0,0,1.225
715.872779607702,20.7296424113673,2,3,47.195476510517,169.903715437861,6.52797269606799,0,7678.10099272227,0,0,0,1.225
716.122779607702,20.7349375899403,2,3,47.2300473738329,170.028170545798,6.52951482289609,0,7682.93366418216,0,0,0,1.225
716.372779607702,20.7402288949912,2,3,47.2646011076275,170.152563987459,6.53105689168297,0,7687.76713929049,0,0,0,1.225
716.622779607702,20.7455163340965,2,3,47.2991377491353,170.276895896887,6.53259890244226,0,7692.60141802618,0,0,0,1.225
716.872779607702,20.7507999148078,2,3,47.3336573354636,170.401166407669,6.53414085518762,0,7697.43650036816,0,0,0,1.225
717.122779607702,20.7560796446516,2,3,47.3681599035931,170.525375652935,6.53568274992722,0,7702.27238629101,0,0,0,1.225
717.372779607702,20.7613555311301,2,3,47.4026454903786,170.649523765363,6.5372245866738,0,7707.10907577292,0,0,0,1.225
717.622779607702,20.7666275817205,2,3,47.4371141325497,170.773610877179,6.53876636543919,0,7711.94656879141,0,0,0,1.225
717.872779607702,20.7718958038757,2,3,47.4715658667108,170.897637120159,6.54030808623429,0,7716.78486532323,0,0,0,1.225
718.122779607702,20.7771602050243,2,3,47.5060007293425,171.021602625633,6.54184974907184,0,7721.62396534663,0,0,0,1.225
718.372779607702,20.7824207925706,2,3,47.5404187568015,171.145507524485,6.54339135396185,0,7726.46386883766,0,0,0,1.225
718.622779607702,20.7876775738946,2,3,47.5748199853217,171.269351947158,6.54493290091523,0,7731.30457577311,0,0,0,1.225
718.872779607702,20.7929305563525,2,3,47.6092044510143,171.393136023651,6.5464743899438,0,7736.14608613051,0,0,0,1.225
719.122779607702,20.7981797472764,2,3,47.6435721898687,171.516859883527,6.54801582105847,0,7740.98839988666,0,0,0,1.225
719.372779607702,20.8034251539746,2,3,47.6779232377529,171.640523655911,6.54955719426925,0,7745.83151701764,0,0,0,1.225
719.622779607702,20.8086667837318,2,3,47.7122576304143,171.764127469491,6.55109850958888,0,7750.67543750171,0,0,0,1.225
719.872779607702,20.8139046438091,2,3,47.7465754034798,171.887671452527,6.55263976702827,0,7755.52016131571,0,0,0,1.225
720.122779607702,20.819138741444,2,3,47.7808765924568,172.011155732845,6.5541809665956,0,7760.36568843428,0,0,0,1.225
720.372779607702,20.8243690838506,2,3,47.8151612327336,172.134580437841,6.55572210830451,0,7765.21201883643,0,0,0,1.225
720.622779607702,20.8295956782198,2,3,47.8494293595799,172.257945694488,6.5572631921641,0,7770.05915249755,0,0,0,1.225
720.872779607702,20.8348185317194,2,3,47.8836810081474,172.381251629331,6.55880421818529,0,7774.90708939447,0,0,0,1.225
721.122779607702,20.8400376514939,2,3,47.9179162134703,172.504498368493,6.56034518637716,0,7779.7558295026,0,0,0,1.225
721.372779607702,20.8452530446652,2,3,47.9521350104658,172.627686037677,6.56188609675337,0,7784.60537280098,0,0,0,1.225
721.622779607702,20.8504647183319,2,3,47.9863374339349,172.750814762166,6.56342694932209,0,7789.45571926429,0,0,0,1.225
721.872779607702,20.8556726795701,2,3,48.0205235185625,172.873884666825,6.56496774409334,0,7794.30686886865,0,0,0,1.225
722.122779607702,20.8608769354334,2,3,48.0546932989183,172.996895876106,6.56650848107802,0,7799.15882159096,0,0,0,1.225
722.372779607702,20.8660774929524,2,3,48.0888468094572,173.119848514046,6.56804916028705,0,7804.01157740809,0,0,0,1.225
722.622779607702,20.8712743591356,2,3,48.1229840845198,173.242742704271,6.56958978172861,0,7808.86513629473,0,0,0,1.225
722.872779607702,20.8764675409692,2,3,48.1571051583329,173.365578569999,6.57113034541544,0,7813.71949822924,0,0,0,1.225
723.122779607702,20.8816570454168,2,3,48.1912100650101,173.488356234036,6.57267085135663,0,7818.57466318705,0,0,0,1.225
723.372779607702,20.8868428794201,2,3,48.2252988385521,173.611075818788,6.57421129956037,0,7823.43063114289,0,0,0,1.225
723.622779607702,20.8920250498988,2,3,48.2593715128477,173.733737446252,6.57575169003758,0,7828.28740207366,0,0,0,1.225
723.872779607702,20.8972035637505,2,3,48.2934281216737,173.856341238025,6.57729202279734,0,7833.14497595482,0,0,0,1.225
724.122779607702,20.902378427851,2,3,48.3274686986959,173.978887315305,6.57883229785148,0,7838.00335276401,0,0,0,1.225
724.372779607702,20.9075496490543,2,3,48.3614932774691,174.101375798889,6.58037251520818,0,7842.86253247598,0,0,0,1.225
724.622779607702,20.9127172341928,2,3,48.3955018914384,174.223806809178,6.58191267487746,0,7847.72251506691,0,0,0,1.225
724.872779607702,20.9178811900774,2,3,48.4294945739386,174.346180466179,6.5834527768684,0,7852.5833005123,0,0,0,1.225
725.122779607702,20.9230415234973,2,3,48.4634713581958,174.468496889505,6.58499282119101,0,7857.44488878836,0,0,0,1.225
725.372779607702,20.9281982412205,2,3,48.4974322773271,174.590756198378,6.58653280785347,0,7862.30727986983,0,0,0,1.225
725.622779607702,20.9333513499937,2,3,48.5313773643414,174.712958511629,6.5880727368658,0,7867.17047373296,0,0,0,1.225
725.872779607702,20.9385008565425,2,3,48.5653066521399,174.835103947704,6.58961260823889,0,7872.03447035468,0,0,0,1.225
726.122779607702,20.9436467675713,2,3,48.5992201735166,174.95719262466,6.59115242198004,0,7876.89926970905,0,0,0,1.225
726.372779607702,20.9487890897634,2,3,48.6331179611585,175.079224660171,6.59269217809833,0,7881.76487177158,0,0,0,1.225
726.622779607702,20.9539278297813,2,3,48.6670000476466,175.201200171528,6.59423187660377,0,7886.63127651851,0,0,0,1.225
726.872779607702,20.9590629942669,2,3,48.7008664654558,175.323119275641,6.59577151750364,0,7891.4984839239,0,0,0,1.225
727.122779607702,20.9641945898409,2,3,48.7347172469559,175.444982089041,6.59731110081066,0,7896.36649396619,0,0,0,1.225
727.372779607702,20.9693226231039,2,3,48.7685524244115,175.566788727881,6.59885062652938,0,7901.23530661727,0,0,0,1.225
727.622779607702,20.9744471006355,2,3,48.8023720299831,175.688539307939,6.60039009467164,0,7906.10492185485,0,0,0,1.225
727.872779607702,20.9795680289952,2,3,48.836176095727,175.810233944617,6.60192950524379,0,7910.9753396523,0,0,0,1.225
728.122779607702,20.9846854147218,2,3,48.8699646535961,175.931872752946,6.60346885825766,0,7915.84655998734,0,0,0,1.225
728.372779607702,20.9897992643342,2,3,48.9037377354402,176.053455847585,6.60500815371779,0,7920.71858283187,0,0,0,1.225
728.622779607702,20.9949095843308,2,3,48.9374953730068,176.174983342824,6.60654739163783,0,7925.59140816509,0,0,0,1.225
728.872779607702,21.0000163811902,2,3,48.9712375979408,176.296455352587,6.60808657202051,0,7930.46503595747,0,0,0,1.225
729.122779607702,21.0051196613706,2,3,49.0049644417859,176.417871990429,6.60962569487856,0,7935.33946618747,0,0,0,1.225
729.372779607702,21.0102194313106,2,3,49.0386759359842,176.539233369543,6.61116476022016,0,7940.21469882994,0,0,0,1.225
729.622779607702,21.0153156974288,2,3,49.0723721118772,176.660539602758,6.61270376805169,0,7945.09073385826,0,0,0,1.225
729.872779607702,21.0204084661242,2,3,49.106053000706,176.781790802542,6.61424271838223,0,7949.96757124802,0,0,0,1.225
730.122779607702,21.0254977437761,2,3,49.139718633612,176.902987081003,6.61578161121997,0,7954.84521097406,0,0,0,1.225
730.372779607702,21.0305835367439,2,3,49.1733690416368,177.024128549892,6.61732044657128,0,7959.72365300979,0,0,0,1.225
730.622779607702,21.0356658513681,2,3,49.2070042557231,177.145215320603,6.61885922444799,0,7964.60289733298,0,0,0,1.225
730.872779607702,21.0407446939692,2,3,49.2406243067153,177.266247504175,6.62039794485645,0,7969.48294391704,0,0,0,1.225
731.122779607702,21.0458200708488,2,3,49.2742292253592,177.387225211293,6.62193660780304,0,7974.36379273538,0,0,0,1.225
731.372779607702,21.0508919882889,2,3,49.3078190423032,177.508148552292,6.62347521329684,0,7979.24544376362,0,0,0,1.225
731.622779607702,21.0559604525527,2,3,49.3413937880983,177.629017637154,6.62501376134605,0,7984.12789697662,0,0,0,1.225
731.872779607702,21.061025469884,2,3,49.3749534931984,177.749832575514,6.62655225195886,0,7989.01115234928,0,0,0,1.225
732.122779607702,21.0660870465079,2,3,49.4084981879614,177.870593476661,6.6280906851398,0,7993.89520985357,0,0,0,1.225
732.372779607702,21.0711451886303,2,3,49.4420279026487,177.991300449535,6.6296290609007,0,7998.7800694673,0,0,0,1.225
732.622779607702,21.0761999024384,2,3,49.4755426674264,178.111953602735,6.63116737924702,0,8003.66573116317,0,0,0,1.225
732.872779607702,21.0812511941007,2,3,49.5090425123652,178.232553044515,6.63270564018785,0,8008.55219491682,0,0,0,1.225
733.122779607702,21.0862990697669,2,3,49.5425274674412,178.353098882788,6.63424384372684,0,8013.43946069951,0,0,0,1.225
733.372779607702,21.0913435355681,2,3,49.5759975625359,178.473591225129,6.6357819898767,0,8018.32752848979,0,0,0,1.225
733.622779607702,21.0963845976171,2,3,49.609452827437,178.594030178773,6.63732007864019,0,8023.21639825821,0,0,0,1.225
733.872779607702,21.101422262008,2,3,49.6428932918385,178.714415850619,6.63885811002638,0,8028.10606998041,0,0,0,1.225
734.122779607702,21.1064565348167,2,3,49.6763189853413,178.834748347229,6.64039608404346,0,8032.99654363132,0,0,0,1.225
734.372779607702,21.1114874221006,2,3,49.7097299374536,178.955027774833,6.64193400069598,0,8037.88781918295,0,0,0,1.225
734.622779607702,21.1165149298993,2,3,49.743126177591,179.075254239328,6.64347185999395,0,8042.77989661167,0,0,0,1.225
734.872779607702,21.1215390642339,2,3,49.7765077350774,179.195427846279,6.64500966194282,0,8047.67277589025,0,0,0,1.225
735.122779607702,21.1265598311075,2,3,49.8098746391451,179.315548700922,6.64654740654896,0,8052.56645699217,0,0,0,1.225
735.372779607702,21.1315772365054,2,3,49.8432269189349,179.435616908166,6.64808509382146,0,8057.46093989309,0,0,0,1.225
735.622779607702,21.136591286395,2,3,49.8765646034973,179.55563257259,6.64962272376579,0,8062.35622456576,0,0,0,1.225
735.872779607702,21.1416019867255,2,3,49.9098877217919,179.675595798451,6.6511602963883,0,8067.2523109837,0,0,0,1.225
736.122779607702,21.1466093434288,2,3,49.9431963026887,179.795506689679,6.65269781169536,0,8072.14919912039,0,0,0,1.225
736.372779607702,21.151613362419,2,3,49.9764903749677,179.915365349884,6.65423526969607,0,8077.04688895152,0,0,0,1.225
736.622779607702,21.1566140495924,2,3,50.00976996732,180.035171882352,6.65577267039498,0,8081.94538044914,0,0,0,1.225
736.872779607702,21.161611410828,2,3,50.0430351083476,180.154926390051,6.65731001379936,0,8086.84467358747,0,0,0,1.225
737.122779607702,21.1666054519872,2,3,50.0762858265641,180.274628975631,6.65884729991467,0,8091.74476833931,0,0,0,1.225
737.372779607702,21.1715961789142,2,3,50.1095221503948,180.394279741421,6.66038452874818,0,8096.6456646789,0,0,0,1.225
737.622779607702,21.1765835974357,2,3,50.1427441081775,180.513878789439,6.66192170030808,0,8101.5473625812,0,0,0,1.225
737.872779607702,21.1815677133612,2,3,50.1759517281625,180.633426221385,6.66345881459711,0,8106.44986201684,0,0,0,1.225
738.122779607702,21.1865485324832,2,3,50.2091450385132,180.752922138647,6.66499587162343,0,8111.35316296079,0,0,0,1.225
738.372779607702,21.1915260605768,2,3,50.2423240673061,180.872366642302,6.66653287139434,0,8116.25726538731,0,0,0,1.225
738.622779607702,21.1965003034004,2,3,50.2754888425318,180.991759833114,6.66806981391437,0,8121.16216926847,0,0,0,1.225
738.872779607702,21.2014712666952,2,3,50.3086393920946,181.11110181154,6.66960669918899,0,8126.06787457709,0,0,0,1.225
739.122779607702,21.2064389561856,2,3,50.3417757438135,181.230392677729,6.67114352722547,0,8130.97438128743,0,0,0,1.225
739.372779607702,21.2114033775794,2,3,50.3748979254224,181.349632531521,6.67268029803108,0,8135.88168937376,0,0,0,1.225
739.622779607702,21.2163645365672,2,3,50.4080059645701,181.468821472453,6.67421701160856,0,8140.78979880671,0,0,0,1.225
739.872779607702,21.2213224388234,2,3,50.4410998888211,181.587959599756,6.67575366796518,0,8145.69870956057,0,0,0,1.225
740.122779607702,21.2262770900054,2,3,50.4741797256558,181.707047012361,6.67729026710822,0,8150.6084216096,0,0,0,1.225
740.372779607702,21.2312284957545,2,3,50.5072455024706,181.826083808894,6.67882680904131,0,8155.51893492519,0,0,0,1.225
740.622779607702,21.236176661695,2,3,50.5402972465788,181.945070087684,6.68036329377264,0,8160.43024948234,0,0,0,1.225
740.872779607702,21.2411215934352,2,3,50.5733349852104,182.064005946758,6.68189972130494,0,8165.34236525171,0,0,0,1.225
741.122779607702,21.246063296567,2,3,50.6063587455129,182.182891483846,6.68343609164367,0,8170.25528220614,0,0,0,1.225
741.372779607702,21.2510017766658,2,3,50.6393685545511,182.301726796384,6.68497240479883,0,8175.16900032209,0,0,0,1.225
741.622779607702,21.2559370392912,2,3,50.672364439308,182.420511981509,6.6865086607695,0,8180.08351956733,0,0,0,1.225
741.872779607702,21.2608690899863,2,3,50.705346426685,182.539247136066,6.68804485956662,0,8184.99883991907,0,0,0,1.225
742.122779607702,21.2657979342783,2,3,50.7383145435018,182.657932356606,6.68958100119198,0,8189.91496134723,0,0,0,1.225
742.372779607702,21.2707235776783,2,3,50.7712688164973,182.77656773939,6.69111708565379,0,8194.83188382686,0,0,0,1.225
742.622779607702,21.2756460256816,2,3,50.8042092723299,182.895153380387,6.69265311295385,0,8199.7496073279,0,0,0,1.225
742.872779607702,21.2805652837676,2,3,50.8371359375772,183.013689375278,6.69418908309945,0,8204.66813182467,0,0,0,1.225
743.122779607702,21.2854813573997,2,3,50.8700488387371,183.132175819454,6.69572499609603,0,8209.58745729001,0,0,0,1.225
743.372779607702,21.2903942520259,2,3,50.9029480022278,183.25061280802,6.69726085194634,0,8214.50758369463,0,0,0,1.225
743.622779607702,21.2953039730782,2,3,50.9358334543881,183.369000435797,6.69879665065764,0,8219.42851101282,0,0,0,1.225
743.872779607702,21.300210525973,2,3,50.9687052214777,183.48733879732,6.70033239223449,0,8224.35023921675,0,0,0,1.225
744.122779607702,21.3051139161115,2,3,51.0015633296776,183.605627986839,6.70186807668324,0,8229.27276828,0,0,0,1.225
744.372779607702,21.310014148879,2,3,51.0344078050905,183.723868098326,6.70340370400481,0,8234.19609817181,0,0,0,1.225
744.622779607702,21.3149112296456,2,3,51.0672386737411,183.842059225468,6.70493927420648,0,8239.12022886651,0,0,0,1.225
744.872779607702,21.3198051637659,2,3,51.1000559615761,183.960201461674,6.7064747872937,0,8244.04516033699,0,0,0,1.225
745.122779607702,21.3246959565793,2,3,51.1328596944651,184.078294900074,6.7080102432692,0,8248.97089255393,0,0,0,1.225
745.372779607702,21.3295836134099,2,3,51.1656498982003,184.196339633521,6.70954564213753,0,8253.89742548951,0,0,0,1.225
745.622779607702,21.3344681395666,2,3,51.1984265984973,184.31433575459,6.71108098390687,0,8258.82475911879,0,0,0,1.225
745.872779607702,21.3393495403433,2,3,51.2311898209952,184.432283355583,6.71261626857631,0,8263.75289340956,0,0,0,1.225
746.122779607702,21.3442278210187,2,3,51.2639395912567,184.550182528524,6.71415149615405,0,8268.6818283369,0,0,0,1.225
746.372779607702,21.3491029868565,2,3,51.2966759347691,184.668033365169,6.71568666664461,0,8273.61156387298,0,0,0,1.225
746.622779607702,21.3539750431056,2,3,51.3293988769437,184.785835956997,6.71722178004984,0,8278.54209998778,0,0,0,1.225
746.872779607702,21.358843995,2,3,51.3621084431169,184.903590395221,6.71875683637609,0,8283.47343665493,0,0,0,1.225
747.122779607702,21.3637098477586,2,3,51.3948046585499,185.02129677078,6.72029183562699,0,8288.40557384587,0,0,0,1.225
747.372779607702,21.3685726065859,2,3,51.4274875484294,185.138955174346,6.7218267778062,0,8293.33851153207,0,0,0,1.225
747.622779607702,21.3734322766716,2,3,51.4601571378677,185.256565696324,6.72336166291734,0,8298.27224968495,0,0,0,1.225
747.872779607702,21.3782888631905,2,3,51.4928134519033,185.374128426852,6.72489649096588,0,8303.20678827744,0,0,0,1.225
748.122779607702,21.3831423713032,2,3,51.5254565155006,185.491643455802,6.72643126195635,0,8308.14212728172,0,0,0,1.225
748.372779607702,21.3879928061554,2,3,51.5580863535508,185.609110872783,6.72796597589149,0,8313.07826666852,0,0,0,1.225
748.622779607702,21.3928401728787,2,3,51.590702990872,185.726530767139,6.72950063277494,0,8318.01520640929,0,0,0,1.225
748.872779607702,21.39768447659,2,3,51.6233064522093,185.843903227954,6.73103523261034,0,8322.95294647551,0,0,0,1.225
749.122779607702,21.402525722392,2,3,51.6558967622354,185.961228344047,6.73256977540314,0,8327.89148684008,0,0,0,1.225
749.372779607702,21.4073639153729,2,3,51.6884739455506,186.078506203982,6.73410426115515,0,8332.83082747302,0,0,0,1.225
749.622779607702,21.412199060607,2,3,51.7210380266833,186.19573689606,6.73563868987185,0,8337.77096834725,0,0,0,1.225
749.872779607702,21.417031163154,2,3,51.7535890300902,186.312920508325,6.73717306155595,0,8342.71190943352,0,0,0,1.225
750.122779607702,21.4218602280599,2,3,51.7861269801567,186.430057128564,6.73870737621019,0,8347.65365070257,0,0,0,1.225
750.372779607702,21.4266862603562,2,3,51.818651901197,186.547146844309,6.74024163384001,0,8352.59619212733,0,0,0,1.225
750.622779607702,21.4315092650606,2,3,51.8511638174545,186.664189742836,6.74177583444816,0,8357.53953367854,0,0,0,1.225
750.872779607702,21.436329247177,2,3,51.883662753102,186.781185911167,6.74330997803645,0,8362.48367532624,0,0,0,1.225
751.122779607702,21.4411462116949,2,3,51.9161487322421,186.898135436071,6.74484406461033,0,8367.42861704335,0,0,0,1.225
751.372779607702,21.4459601635905,2,3,51.9486217789075,187.015038404067,6.74637809417163,0,8372.3743587999,0,0,0,1.225
751.622779607702,21.4507711078259,2,3,51.981081917061,187.131894901419,6.7479120667258,0,8377.32090056883,0,0,0,1.225
751.872779607702,21.4555790493493,2,3,52.0135291705961,187.248705014146,6.74944598227285,0,8382.26824231873,0,0,0,1.225
752.122779607702,21.4603839930956,2,3,52.0459635633372,187.365468828014,6.75097984081913,0,8387.21638402324,0,0,0,1.225
752.372779607702,21.4651859439858,2,3,52.0783851190398,187.482186428543,6.75251364236556,0,8392.16532565169,0,0,0,1.225
752.622779607702,21.4699849069272,2,3,52.1107938613906,187.598857901006,6.75404738691668,0,8397.11506717628,0,0,0,1.225
752.872779607702,21.474780886814,2,3,52.1431898140082,187.71548333043,6.7555810744725,0,8402.06560856561,0,0,0,1.225
753.122779607702,21.4795738885264,2,3,52.1755730004431,187.832062801595,6.7571147050412,0,8407.0169497948,0,0,0,1.225
753.372779607702,21.4843639169315,2,3,52.2079434441779,187.948596399041,6.75864827862097,0,8411.96909083098,0,0,0,1.225
753.622779607702,21.489150976883,2,3,52.2403011686279,188.06508420706,6.76018179521634,0,8416.92203164638,0,0,0,1.225
753.872779607702,21.4939350732211,2,3,52.2726461971408,188.181526309707,6.76171525483005,0,8421.87577221177,0,0,0,1.225
754.122779607702,21.4987162107728,2,3,52.3049785529975,188.297922790791,6.76324865746574,0,8426.83031249865,0,0,0,1.225
754.372779607702,21.503494394352,2,3,52.3372982594122,188.414273733884,6.76478200312431,0,8431.78565247633,0,0,0,1.225
754.622779607702,21.5082696287592,2,3,52.3696053395327,188.530579222318,6.76631529181032,0,8436.74179211705,0,0,0,1.225
754.872779607702,21.513041918782,2,3,52.4018998164403,188.646839339185,6.76784852352466,0,8441.69873139013,0,0,0,1.225
755.122779607702,21.5178112691948,2,3,52.4341817131505,188.763054167342,6.76938169827099,0,8446.65647026707,0,0,0,1.225
755.372779607702,21.522577684759,2,3,52.4664510526133,188.879223789408,6.77091481605112,0,8451.61500871793,0,0,0,1.225
755.622779607702,21.527341170223,2,3,52.498707857713,188.995348287767,6.77244787686777,0,8456.57434671349,0,0,0,1.225
755.872779607702,21.5321017303223,2,3,52.5309521512689,189.111427744568,6.77398088072277,0,8461.5344842238,0,0,0,1.225
756.122779607702,21.5368593697796,2,3,52.5631839560351,189.227462241726,6.77551382761976,0,8466.49542122038,0,0,0,1.225
756.372779607702,21.5416140933047,2,3,52.5954032947013,189.343451860925,6.77704671755964,0,8471.45715767255,0,0,0,1.225
756.622779607702,21.5463659055945,2,3,52.6276101898928,189.459396683614,6.77857955054515,0,8476.4196935511,0,0,0,1.225
756.872779607702,21.5511148113335,2,3,52.6598046641704,189.575296791014,6.78011232657991,0,8481.38302882755,0,0,0,1.225
757.122779607702,21.5558608151932,2,3,52.6919867400314,189.691152264113,6.78164504566394,0,8486.34716347049,0,0,0,1.225
757.372779607702,21.5606039218326,2,3,52.7241564399092,189.806963183673,6.78317770779995,0,8491.31209745073,0,0,0,1.225
757.622779607702,21.5653441358982,2,3,52.7563137861736,189.922729630225,6.78471031298886,0,8496.27783073758,0,0,0,1.225
757.872779607702,21.5700814620238,2,3,52.7884588011316,190.038451684074,6.78624286123522,0,8501.24436330332,0,0,0,1.225
758.122779607702,21.5748159048308,2,3,52.820591507027,190.154129425297,6.78777535253994,0,8506.21169511726,0,0,0,1.225
758.372779607702,21.5795474689282,2,3,52.852711926041,190.269762933747,6.78930778690392,0,8511.17982614876,0,0,0,1.225
758.622779607702,21.5842761589126,2,3,52.8848200802922,190.385352289052,6.79084016432898,0,8516.14875636787,0,0,0,1.225
758.872779607702,21.5890019793681,2,3,52.9169159918373,190.500897570614,6.79237248481877,0,8521.11848574612,0,0,0,1.225
759.122779607702,21.5937249348666,2,3,52.9489996826707,190.616398857615,6.79390474837237,0,8526.0890142514,0,0,0,1.225
759.372779607702,21.5984450299679,2,3,52.9810711747253,190.731856229011,6.79543695499524,0,8531.06034185668,0,0,0,1.225
759.622779607702,21.6031622692194,2,3,53.0131304898723,190.84726976354,6.79696910468465,0,8536.03246852841,0,0,0,1.225
759.872779607702,21.6078766571564,2,3,53.0451776499218,190.962639539718,6.79850119744424,0,8541.00539423811,0,0,0,1.225
760.122779607702,21.6125881983021,2,3,53.0772126766227,191.077965635842,6.80003323327492,0,8545.97911895511,0,0,0,1.225
760.372779607702,21.6172968971676,2,3,53.1092355916634,191.193248129988,6.80156521218032,0,8550.95364265097,0,0,0,1.225
760.622779607702,21.622002758252,2,3,53.1412464166714,191.308487100017,6.80309713415954,0,8555.92896529355,0,0,0,1.225
760.872779607702,21.6267057860424,2,3,53.173245173214,191.423682623571,6.8046289992144,0,8560.90508685295,0,0,0,1.225
761.122779607702,21.631405985014,2,3,53.2052318827986,191.538834778075,6.80616080734762,0,8565.88200729996,0,0,0,1.225
761.372779607702,21.6361033596301,2,3,53.2372065668725,191.653943640741,6.8076925585583,0,8570.85972660248,0,0,0,1.225
761.622779607702,21.6407979143422,2,3,53.2691692468232,191.769009288564,6.80922425284916,0,8575.83824473132,0,0,0,1.225
761.872779607702,21.6454896535898,2,3,53.3011199439793,191.884031798325,6.8107558902193,0,8580.81756165436,0,0,0,1.225
762.122779607702,21.6501785818009,2,3,53.3330586796097,191.999011246595,6.81228747067416,0,8585.7976773446,0,0,0,1.225
762.372779607702,21.6548647033917,2,3,53.3649854749246,192.113947709729,6.81381899421103,0,8590.77859176848,0,0,0,1.225
762.622779607702,21.6595480227667,2,3,53.3969003510754,192.228841263871,6.81535046083172,0,8595.76030489607,0,0,0,1.225
762.872779607702,21.6642285443187,2,3,53.4288033291549,192.343691984958,6.81688187053715,0,8600.74281669675,0,0,0,1.225
763.122779607702,21.6689062724291,2,3,53.4606944301978,192.458499948712,6.81841322332912,0,8605.72612714057,0,0,0,1.225
763.372779607702,21.6735812114677,2,3,53.4925736751805,192.57326523065,6.81994451920946,0,8610.71023619763,0,0,0,1.225
763.622779607702,21.6782533657927,2,3,53.5244410850217,192.687987906078,6.82147575817635,0,8615.6951438351,0,0,0,1.225
763.872779607702,21.6829227397509,2,3,53.5562966805824,192.802668050097,6.82300694023252,0,8620.68085002378,0,0,0,1.225
764.122779607702,21.6875893376777,2,3,53.5881404826662,192.917305737598,6.82453806537615,0,8625.66735473086,0,0,0,1.225
764.372779607702,21.6922531638971,2,3,53.6199725120194,193.03190104327,6.82606913361178,0,8630.65465792858,0,0,0,1.225
764.622779607702,21.696914222722,2,3,53.6517927893314,193.146454041593,6.82760014493851,0,8635.64275958487,0,0,0,1.225
764.872779607702,21.7015725184537,2,3,53.6836013352348,193.260964806845,6.82913109935453,0,8640.63165966689,0,0,0,1.225
765.122779607702,21.7062280553823,2,3,53.7153981703057,193.3754334131,6.83066199686527,0,8645.62135814763,0,0,0,1.225
765.372779607702,21.7108808377868,2,3,53.7471833150637,193.489859934229,6.83219283746621,0,8650.61185499209,0,0,0,1.225
765.622779607702,21.7155308699352,2,3,53.7789567899724,193.604244443901,6.83372362116006,0,8655.60315017108,0,0,0,1.225
765.872779607702,21.720178156084,2,3,53.8107186154394,193.718587015582,6.83525434794774,0,8660.59524365396,0,0,0,1.225
766.122779607702,21.7248227004788,2,3,53.8424688118166,193.83288772254,6.83678501782924,0,8665.58813540936,0,0,0,1.225
766.372779607702,21.7294645073544,2,3,53.8742073994003,193.947146637841,6.83831563080457,0,8670.5818254059,0,0,0,1.225
766.622779607702,21.7341035809341,2,3,53.9059343984317,194.061363834354,6.83984618687464,0,8675.57631361295,0,0,0,1.225
766.872779607702,21.7387399254307,2,3,53.9376498290966,194.175539384748,6.84137668603944,0,8680.57159999914,0,0,0,1.225
767.122779607702,21.7433735450458,2,3,53.9693537115262,194.289673361494,6.84290712829716,0,8685.56768453164,0,0,0,1.225
767.372779607702,21.7480044439703,2,3,54.0010460657969,194.403765836869,6.84443751365234,0,8690.56456718272,0,0,0,1.225
767.622779607702,21.7526326263841,2,3,54.0327269119305,194.51781688295,6.84596784210044,0,8695.56224791738,0,0,0,1.225
767.872779607702,21.7572580964565,2,3,54.0643962698946,194.631826571621,6.84749811364327,0,8700.5607267057,0,0,0,1.225
768.122779607702,21.7618808583458,2,3,54.0960541596027,194.74579497457,6.84902832828175,0,8705.56000351704,0,0,0,1.225
768.372779607702,21.7665009161997,2,3,54.1277006009146,194.859722163292,6.85055848601587,0,8710.56007832002,0,0,0,1.225
768.622779607702,21.7711182741553,2,3,54.159335613636,194.97360820909,6.85208858684291,0,8715.56095108111,0,0,0,1.225
768.872779607702,21.775732936339,2,3,54.1909592175195,195.08745318307,6.8536186307665,0,8720.56262177184,0,0,0,1.225
769.122779607702,21.7803449068665,2,3,54.2225714322643,195.201257156151,6.85514861778211,0,8725.5650903572,0,0,0,1.225
769.372779607702,21.7849541898429,2,3,54.2541722775163,195.315020199059,6.85667854789426,0,8730.56835680947,0,0,0,1.225
769.622779607702,21.7895607893631,2,3,54.2857617728689,195.428742382328,6.85820842109842,0,8735.57242109363,0,0,0,1.225
769.872779607702,21.7941647095112,2,3,54.3173399378623,195.542423776304,6.85973823739823,0,8740.57728318122,0,0,0,1.225
770.122779607702,21.7987659543608,2,3,54.3489067919847,195.656064451145,6.86126799679005,0,8745.58294303797,0,0,0,1.225
770.372779607702,21.8033645279754,2,3,54.3804623546716,195.769664476818,6.86279769927387,0,8750.58940063251,0,0,0,1.225
770.622779607702,21.8079604344078,2,3,54.4120066453066,195.883223923104,6.86432734485152,0,8755.59665593491,0,0,0,1.225
770.872779607702,21.8125536777007,2,3,54.4435396832212,195.996742859596,6.86585693351935,0,8760.60470891091,0,0,0,1.225
771.122779607702,21.8171442618864,2,3,54.4750614876953,196.110221355703,6.86738646528011,0,8765.6135595313,0,0,0,1.225
771.372779607702,21.8217321909868,2,3,54.5065720779571,196.223659480646,6.86891594013014,0,8770.62320776182,0,0,0,1.225
771.622779607702,21.8263174690138,2,3,54.5380714731836,196.337057303461,6.87044535807127,0,8775.63365357254,0,0,0,1.225
771.872779607702,21.830900099969,2,3,54.5695596925005,196.450414893002,6.87197471910076,0,8780.64489692991,0,0,0,1.225
772.122779607702,21.8354800878439,2,3,54.6010367549826,196.563732317937,6.87350402321772,0,8785.65693780182,0,0,0,1.225
772.372779607702,21.8400574366197,2,3,54.6325026796537,196.677009646753,6.87503327042486,0,8790.6697761591,0,0,0,1.225
772.622779607702,21.8446321502678,2,3,54.6639574854872,196.790246947754,6.87656246071765,0,8795.68341196673,0,0,0,1.225
772.872779607702,21.8492042327492,2,3,54.695401191406,196.903444289062,6.87809159409608,0,8800.69784519332,0,0,0,1.225
773.122779607702,21.8537736880153,2,3,54.7268338162827,197.016601738618,6.87962067056105,0,8805.71307580825,0,0,0,1.225
773.372779607702,21.8583405200072,2,3,54.7582553789398,197.129719364183,6.88114969010894,0,8810.72910377722,0,0,0,1.225
773.622779607702,21.8629047326562,2,3,54.78966589815,197.24279723334,6.88267865273974,0,8815.74592906886,0,0,0,1.225
773.872779607702,21.8674663298836,2,3,54.8210653926362,197.35583541349,6.88420755845345,0,8820.76355165179,0,0,0,1.225
774.122779607702,21.872025315601,2,3,54.8524538810719,197.468833971859,6.88573640724826,0,8825.78197149318,0,0,0,1.225
774.372779607702,21.87658169371,2,3,54.8838313820812,197.581792975492,6.88726519912325,0,8830.80118856093,0,0,0,1.225
774.622779607702,21.8811354681024,2,3,54.9151979142388,197.69471249126,6.88879393407569,0,8835.82120282147,0,0,0,1.225
774.872779607702,21.8856866426604,2,3,54.9465534960707,197.807592585855,6.89032261210741,0,8840.84201424489,0,0,0,1.225
775.122779607702,21.8902352212564,2,3,54.977898146054,197.920433325795,6.89185123321386,0,8845.86362279616,0,0,0,1.225
775.372779607702,21.8947812077528,2,3,55.0092318826172,198.033234777422,6.89337979739503,0,8850.88602844391,0,0,0,1.225
775.622779607702,21.8993246060029,2,3,55.0405547241401,198.145997006904,6.89490830464911,0,8855.9092311553,0,0,0,1.225
775.872779607702,21.9038654198499,2,3,55.0718666889544,198.258720080236,6.896436754977,0,8860.93323089967,0,0,0,1.225
776.122779607702,21.9084036531276,2,3,55.1031677953437,198.371404063237,6.89796514837508,0,8865.95802764275,0,0,0,1.225
776.372779607702,21.9129393096602,2,3,55.1344580615435,198.484049021557,6.89949348484151,0,8870.98362135168,0,0,0,1.225
776.622779607702,21.9174723932625,2,3,55.1657375057418,198.596655020671,6.9010217643754,0,8876.01001199435,0,0,0,1.225
776.872779607702,21.9220029077395,2,3,55.1970061460787,198.709222125883,6.90254998697583,0,8881.03719953866,0,0,0,1.225
777.122779607702,21.9265308568871,2,3,55.2282640006469,198.821750402329,6.90407815264007,0,8886.06518395103,0,0,0,1.225
777.372779607702,21.9310562444915,2,3,55.259511087492,198.934239914971,6.90560626136903,0,8891.09396520081,0,0,0,1.225
777.622779607702,21.9355790743297,2,3,55.2907474246124,199.046690728605,6.90713431315726,0,8896.12354325225,0,0,0,1.225
777.872779607702,21.9400993501691,2,3,55.3219730299596,199.159102907854,6.90866230800384,0,8901.15391807322,0,0,0,1.225
778.122779607702,21.9446170757681,2,3,55.3531879214382,199.271476517178,6.91019024590878,0,8906.18508963235,0,0,0,1.225
778.372779607702,21.9491322548754,2,3,55.3843921169064,199.383811620863,6.91171812687116,0,8911.2170578975,0,0,0,1.225
778.622779607702,21.9536448912308,2,3,55.4155856341759,199.496108283033,6.91324595088554,0,8916.24982283293,0,0,0,1.225
778.872779607702,21.9581549885647,2,3,55.4467684910121,199.608366567644,6.91477371795099,0,8921.28338440652,0,0,0,1.225
779.122779607702,21.9626625505983,2,3,55.4779407051343,199.720586538484,6.91630142806753,0,8926.31774258687,0,0,0,1.225
779.372779607702,21.9671675810437,2,3,55.5091022942159,199.832768259177,6.9178290812315,0,8931.35289733968,0,0,0,1.225
779.622779607702,21.9716700836037,2,3,55.5402532758844,199.944911793184,6.9193566774411,0,8936.38884863209,0,0,0,1.225
779.872779607702,21.9761700619722,2,3,55.5713936677219,200.057017203799,6.92088421669359,0,8941.42559643053,0,0,0,1.225
780.122779607702,21.9806675198339,2,3,55.6025234872649,200.169084554154,6.92241169898807,0,8946.46314070287,0,0,0,1.225
780.372779607702,21.9851624608644,2,3,55.6336427520046,200.281113907217,6.92393912432271,0,8951.50148141626,0,0,0,1.225
780.622779607702,21.9896548887306,2,3,55.6647514793871,200.393105325794,6.92546649269298,0,8956.54061853566,0,0,0,1.225
780.872779607702,21.9941448070901,2,3,55.6958496868135,200.505058872529,6.92699380409977,0,8961.58055203039,0,0,0,1.225
781.122779607702,21.9986322195916,2,3,55.7269373916402,200.616974609905,6.92852105853854,0,8966.62128186542,0,0,0,1.225
781.372779607702,22.003117129875,2,3,55.7580146111788,200.728852600243,6.93004825600656,0,8971.66280800716,0,0,0,1.225
781.622779607702,22.0075995415712,2,3,55.7890813626963,200.840692905707,6.93157539650292,0,8976.70513042348,0,0,0,1.225
781.872779607702,22.0120794583023,2,3,55.8201376634157,200.952495588297,6.9331024800249,0,8981.74824908078,0,0,0,1.225
782.122779607702,22.0165568836816,2,3,55.8511835305155,201.064260709856,6.93462950656976,0,8986.79216394547,0,0,0,1.225
782.372779607702,22.0210318213135,2,3,55.8822189811304,201.175988332069,6.93615647613478,0,8991.83687498397,0,0,0,1.225
782.622779607702,22.0255042747938,2,3,55.9132440323509,201.287678516463,6.93768338871723,0,8996.88238216268,0,0,0,1.225
782.872779607702,22.0299742477094,2,3,55.944258701224,201.399331324406,6.93921024431529,0,9001.92868544873,0,0,0,1.225
783.122779607702,22.0344417436386,2,3,55.9752630047532,201.510946817111,6.94073704292532,0,9006.9757848078,0,0,0,1.225
783.372779607702,22.038906766151,2,3,56.0062569598983,201.622525055634,6.9422637845455,0,9012.02368020702,0,0,0,1.225
783.622779607702,22.0433693188074,2,3,56.0372405835761,201.734066100874,6.9437904691722,0,9017.07237161206,0,0,0,1.225
783.872779607702,22.0478294051603,2,3,56.0682138926601,201.845570013576,6.94531709680359,0,9022.12185899004,0,0,0,1.225
784.122779607702,22.0522870287533,2,3,56.0991769039809,201.957036854331,6.94684366743604,0,9027.17214230665,0,0,0,1.225
784.372779607702,22.0567421931217,2,3,56.1301296343262,202.068466683574,6.94837018106955,0,9032.22322153045,0,0,0,1.225
784.622779607702,22.061194901792,2,3,56.1610721004412,202.179859561588,6.94989663769593,0,9037.27509662347,0,0,0,1.225
784.872779607702,22.0656451582825,2,3,56.1920043190284,202.291215548502,6.951423037317,0,9042.32776755575,0,0,0,1.225
785.122779607702,22.0700929661027,2,3,56.222926306748,202.402534704293,6.9529493799273,0,9047.3812342915,0,0,0,1.225
785.372779607702,22.074538328754,2,3,56.253838080218,202.513817088785,6.95447566552411,0,9052.4354967971,0,0,0,1.225
785.622779607702,22.0789812497291,2,3,56.2847396560141,202.625062761651,6.95600189410379,0,9057.49055503822,0,0,0,1.225
785.872779607702,22.0834217325124,2,3,56.3156310506704,202.736271782413,6.95752806566543,0,9062.54640898269,0,0,0,1.225
786.122779607702,22.0878597805801,2,3,56.3465122806789,202.847444210444,6.95905418020448,0,9067.60305859544,0,0,0,1.225
786.372779607702,22.0922953973999,2,3,56.3773833624901,202.958580104965,6.9605802377182,0,9072.66050384287,0,0,0,1.225
786.622779607702,22.0967285864312,2,3,56.4082443125131,203.069679525047,6.96210623820389,0,9077.71874469134,0,0,0,1.225
786.872779607702,22.1011593511252,2,3,56.4390951471152,203.180742529615,6.96363218165516,0,9082.77778110433,0,0,0,1.225
787.122779607702,22.1055876949248,2,3,56.4699358826231,203.291769177443,6.96515806807201,0,9087.83761305039,0,0,0,1.225
787.372779607702,22.1100136212648,2,3,56.5007665353218,203.402759527158,6.96668389744991,0,9092.89824049446,0,0,0,1.225
787.622779607702,22.1144371335715,2,3,56.5315871214558,203.513713637241,6.96820966978703,0,9097.95966340362,0,0,0,1.225
787.872779607702,22.1188582352635,2,3,56.5623976572286,203.624631566023,6.969735385077,0,9103.02188174135,0,0,0,1.225
788.122779607702,22.1232769297508,2,3,56.5931981588032,203.735513371691,6.97126104331983,0,9108.08489547619,0,0,0,1.225
788.372779607702,22.1276932204357,2,3,56.6239886423018,203.846359112286,6.97278664450732,0,9113.14870457014,0,0,0,1.225
788.622779607702,22.1321071107122,2,3,56.6547691238064,203.957168845703,6.97431218864131,0,9118.21330899321,0,0,0,1.225
788.872779607702,22.1365186039661,2,3,56.6855396193588,204.067942629692,6.97583767571359,0,9123.2787087074,0,0,0,1.225
789.122779607702,22.1409277035756,2,3,56.7163001449606,204.178680521858,6.97736310572509,0,9128.34490368199,0,0,0,1.225
789.372779607702,22.1453344129104,2,3,56.7470507165734,204.289382579664,6.97888847866761,0,9133.41189387895,0,0,0,1.225
789.622779607702,22.1497387353327,2,3,56.7777913501191,204.400048860429,6.98041379454025,0,9138.47967926612,0,0,0,1.225
789.872779607702,22.1541406741963,2,3,56.8085220614797,204.510679421327,6.98193905333846,0,9143.54825980838,0,0,0,1.225
790.122779607702,22.1585402328476,2,3,56.8392428664978,204.621274319392,6.9834642550577,0,9148.61763547065,0,0,0,1.225
790.372779607702,22.1629374146245,2,3,56.8699537809766,204.731833611516,6.98498939969613,0,9153.68780621999,0,0,0,1.225
790.622779607702,22.1673322228576,2,3,56.9006548206798,204.842357354447,6.98651448724831,0,9158.75877202057,0,0,0,1.225
790.872779607702,22.1717246608693,2,3,56.9313460013321,204.952845604795,6.98803951771151,0,9163.83053283875,0,0,0,1.225
791.122779607702,22.1761147319743,2,3,56.9620273386191,205.063298419029,6.98956449108027,0,9168.90308863868,0,0,0,1.225
791.372779607702,22.1805024394794,2,3,56.9926988481875,205.173715853475,6.99108940735096,0,9173.97643938598,0,0,0,1.225
791.622779607702,22.1848877866839,2,3,57.0233605456454,205.284097964323,6.99261426651992,0,9179.05058504627,0,0,0,1.225
791.872779607702,22.1892707768792,2,3,57.0540124465619,205.394444807623,6.99413906858445,0,9184.12552558587,0,0,0,1.225
792.122779607702,22.1936514133488,2,3,57.0846545664679,205.504756439285,6.99566381353816,0,9189.20126096823,0,0,0,1.225
792.372779607702,22.1980296993689,2,3,57.1152869208559,205.615032915081,6.99718850137742,0,9194.27779115893,0,0,0,1.225
792.622779607702,22.2024056382077,2,3,57.1459095251801,205.725274290648,6.99871313209951,0,9199.35511612433,0,0,0,1.225
792.872779607702,22.206779233126,2,3,57.1765223948564,205.835480621483,7.00023770569896,0,9204.43323582856,0,0,0,1.225
793.122779607702,22.2111504873768,2,3,57.207125545263,205.945651962947,7.00176222217306,0,9209.51215023796,0,0,0,1.225
793.372779607702,22.2155194042057,2,3,57.2377189917401,206.055788370264,7.00328668151451,0,9214.5918593152,0,0,0,1.225
793.622779607702,22.2198859868505,2,3,57.2683027495902,206.165889898525,7.00481108372242,0,9219.67236302807,0,0,0,1.225
793.872779607702,22.2242502385418,2,3,57.298876834078,206.275956602681,7.0063354287895,0,9224.75366133924,0,0,0,1.225
794.122779607702,22.2286121625023,2,3,57.3294412604311,206.385988537552,7.00785971671212,0,9229.83575421432,0,0,0,1.225
794.372779607702,22.2329717619475,2,3,57.3599960438394,206.495985757822,7.00938394748755,0,9234.91864161961,0,0,0,1.225
794.622779607702,22.2373290400853,2,3,57.3905411994557,206.60594831804,7.01090812111124,0,9240.00232351997,0,0,0,1.225
794.872779607702,22.2416840001163,2,3,57.4210767423957,206.715876272624,7.01243223757592,0,9245.08679987808,0,0,0,1.225
795.122779607702,22.2460366452334,2,3,57.451602687738,206.825769675857,7.01395629687886,0,9250.17207066024,0,0,0,1.225
795.372779607702,22.2503869786225,2,3,57.4821190505246,206.935628581888,7.01548029901551,0,9255.2581358313,0,0,0,1.225
795.622779607702,22.2547350034619,2,3,57.5126258457604,207.045453044737,7.0170042439795,0,9260.34499535466,0,0,0,1.225
795.872779607702,22.2590807229225,2,3,57.543123088414,207.15524311829,7.01852813176993,0,9265.43264919806,0,0,0,1.225
796.122779607702,22.263424140168,2,3,57.5736107934173,207.264998856302,7.02005196237951,0,9270.52109732418,0,0,0,1.225
796.372779607702,22.2677652583547,2,3,57.604088975666,207.374720312398,7.0215757358028,0,9275.61033969712,0,0,0,1.225
796.622779607702,22.2721040806319,2,3,57.6345576500194,207.48440754007,7.02309945203615,0,9280.70037628245,0,0,0,1.225
796.872779607702,22.2764406101413,2,3,57.6650168313006,207.594060592682,7.02462311107502,0,9285.791207045,0,0,0,1.225
797.122779607702,22.2807748500177,2,3,57.695466534297,207.703679523469,7.02614671291485,0,9290.88283194961,0,0,0,1.225
797.372779607702,22.2851068033883,2,3,57.7259067737597,207.813264385535,7.02767025754838,0,9295.97525095891,0,0,0,1.225
797.622779607702,22.2894364733736,2,3,57.7563375644044,207.922815231856,7.02919374497378,0,9301.06846403993,0,0,0,1.225
797.872779607702,22.2937638630865,2,3,57.7867589209108,208.032332115279,7.03071717518469,0,9306.16247115603,0,0,0,1.225
798.122779607702,22.2980889756331,2,3,57.8171708579234,208.141815088524,7.03224054817565,0,9311.2572722713,0,0,0,1.225
798.372779607702,22.3024118141123,2,3,57.847573390051,208.251264204184,7.03376386394211,0,9316.35286735056,0,0,0,1.225
798.622779607702,22.3067323816158,2,3,57.8779665318672,208.360679514722,7.03528712247953,0,9321.44925635862,0,0,0,1.225
798.872779607702,22.3110506812283,2,3,57.9083502979105,208.470061072478,7.03681032378063,0,9326.54643925813,0,0,0,1.225
799.122779607702,22.3153667160275,2,3,57.9387247026841,208.579408929663,7.03833346784359,0,9331.64441601606,0,0,0,1.225
799.372779607702,22.3196804890842,2,3,57.9690897606564,208.688723138363,7.03985655465931,0,9336.74318659359,0,0,0,1.225
799.622779607702,22.3239920034619,2,3,57.999445486261,208.79800375054,7.04137958422598,0,9341.8427509577,0,0,0,1.225
799.872779607702,22.3283012622173,2,3,58.0297918938966,208.907250818028,7.04290255653814,0,9346.94310907248,0,0,0,1.225
800.122779607702,22.3326082684003,2,3,58.0601289979275,209.016464392539,7.04442547158851,0,9352.04426090053,0,0,0,1.225
800.372779607702,22.3369130250536,2,3,58.0904568126833,209.12564452566,7.04594832937164,0,9357.14620640593,0,0,0,1.225
800.622779607702,22.3412155352132,2,3,58.1207753524593,209.234791268853,7.0474711298848,0,9362.24894555491,0,0,0,1.225
800.872779607702,22.3455158019081,2,3,58.1510846315165,209.343904673459,7.04899387311889,0,9367.35247830863,0,0,0,1.225
801.122779607702,22.3498138281604,2,3,58.1813846640817,209.452984790694,7.05051655907209,0,9372.45680463407,0,0,0,1.225
801.372779607702,22.3541096169855,2,3,58.2116754643477,209.562031671652,7.05203918773805,0,9377.56192449455,0,0,0,1.225
801.622779607702,22.358403171392,2,3,58.2419570464734,209.671045367304,7.05356175910856,0,9382.66783785193,0,0,0,1.225
801.872779607702,22.3626944943816,2,3,58.2722294245837,209.780025928501,7.05508427318091,0,9387.77454467246,0,0,0,1.225
802.122779607702,22.3669835889491,2,3,58.3024926127701,209.888973405972,7.05660672994873,0,9392.88204491945,0,0,0,1.225
802.372779607702,22.3712704580828,2,3,58.33274662509,209.997887850324,7.05812912940746,0,9397.99033855768,0,0,0,1.225
802.622779607702,22.3755551047642,2,3,58.3629914755677,210.106769312044,7.05965147154802,0,9403.09942554826,0,0,0,1.225
802.872779607702,22.3798375319681,2,3,58.3932271781939,210.215617841498,7.0611737563695,0,9408.20930585889,0,0,0,1.225
803.122779607702,22.3841177426624,2,3,58.4234537469262,210.324433488934,7.06269598386098,0,9413.31997944922,0,0,0,1.225
803.372779607702,22.3883957398086,2,3,58.4536711956887,210.433216304479,7.06421815402064,0,9418.43144628621,0,0,0,1.225
803.622779607702,22.3926715263615,2,3,58.4838795383729,210.541966338142,7.0657402668412,0,9423.54370633241,0,0,0,1.225
803.872779607702,22.3969451052692,2,3,58.5140787888368,210.650683639812,7.06726232231813,0,9428.65675955258,0,0,0,1.225
804.122779607702,22.4012164794732,2,3,58.5442689609059,210.759368259261,7.06878432044232,0,9433.77060590785,0,0,0,1.225
804.372779607702,22.4054856519085,2,3,58.5744500683728,210.868020246142,7.07030626121286,0,9438.88524536585,0,0,0,1.225
804.622779607702,22.4097526255034,2,3,58.6046221249976,210.976639649991,7.07182814461885,0,9444.00067788625,0,0,0,1.225
804.872779607702,22.4140174031798,2,3,58.6347851445077,211.085226520228,7.07334997065664,0,9449.1169034345,0,0,0,1.225
805.122779607702,22.4182799878531,2,3,58.664939140598,211.193780906153,7.07487173931986,0,9454.23392197389,0,0,0,1.225
805.372779607702,22.4225403824319,2,3,58.6950841269314,211.302302856953,7.07639345060215,0,9459.3517334677,0,0,0,1.225
805.622779607702,22.4267985898188,2,3,58.7252201171382,211.410792421697,7.07791510449897,0,9464.47033788065,0,0,0,1.225
805.872779607702,22.4310546129095,2,3,58.7553471248167,211.51924964934,7.07943670100121,0,9469.58973517384,0,0,0,1.225
806.122779607702,22.4353084545935,2,3,58.7854651635332,211.62767458872,7.08095824010616,0,9474.70992531343,0,0,0,1.225
806.372779607702,22.4395601177538,2,3,58.8155742468222,211.73606728856,7.08247972180561,0,9479.83090826125,0,0,0,1.225
806.622779607702,22.4438096052671,2,3,58.8456743881862,211.84442779747,7.08400114609321,0,9484.95268398055,0,0,0,1.225
806.872779607702,22.4480569200035,2,3,58.875765601096,211.952756163946,7.08552251296442,0,9490.07525243604,0,0,0,1.225
807.122779607702,22.452302064827,2,3,58.9058478989908,212.061052436367,7.08704382241012,0,9495.19861358879,0,0,0,1.225
807.372779607702,22.4565450425951,2,3,58.9359212952784,212.169316663002,7.0885650744267,0,9500.32276740424,0,0,0,1.225
807.622779607702,22.4607858561591,2,3,58.965985803335,212.277548892006,7.09008626900595,0,9505.44771384418,0,0,0,1.225
807.872779607702,22.4650245083638,2,3,58.9960414365057,212.38574917142,7.09160740614243,0,9510.57345287257,0,0,0,1.225
808.122779607702,22.4692610020479,2,3,59.0260882081041,212.493917549175,7.09312848582886,0,9515.69998445194,0,0,0,1.225
808.372779607702,22.4734953400438,2,3,59.056126131413,212.602054073087,7.09464950806068,0,9520.82730854697,0,0,0,1.225
808.622779607702,22.4777275251776,2,3,59.0861552196839,212.710158790862,7.09617047282882,0,9525.9554251187,0,0,0,1.225
808.872779607702,22.4819575602693,2,3,59.1161754861376,212.818231750096,7.09769138012871,0,9531.08433413184,0,0,0,1.225
809.122779607702,22.4861854481325,2,3,59.146186943964,212.926272998271,7.09921222995126,0,9536.21403554741,0,0,0,1.225
809.372779607702,22.4904111915749,2,3,59.1761896063223,213.03428258276,7.10073302229375,0,9541.34452933155,0,0,0,1.225
809.622779607702,22.4946347933977,2,3,59.2061834863409,213.142260550827,7.10225375714617,0,9546.47581544457,0,0,0,1.225
809.872779607702,22.4988562563962,2,3,59.2361685971179,213.250206949624,7.10377443450398,0,9551.60789385114,0,0,0,1.225
810.122779607702,22.5030755833594,2,3,59.2661449517209,213.358121826195,7.10529505435989,0,9556.74076451374,0,0,0,1.225
810.372779607702,22.5072927770705,2,3,59.2961125631871,213.466005227474,7.10681561670572,0,9561.87442739411,0,0,0,1.225
810.622779607702,22.5115078403062,2,3,59.3260714445236,213.573857200285,7.10833612153601,0,9567.0088824562,0,0,0,1.225
810.872779607702,22.5157207758375,2,3,59.3560216087072,213.681677791346,7.1098565688435,0,9572.14412966248,0,0,0,1.225
811.122779607702,22.519931586429,2,3,59.3859630686847,213.789467047265,7.1113769586218,0,9577.28016897613,0,0,0,1.225
811.372779607702,22.5241402748396,2,3,59.4158958373729,213.897225014543,7.11289729086366,0,9582.41700035962,0,0,0,1.225
811.622779607702,22.5283468438219,2,3,59.445819927659,214.004951739572,7.1144175655636,0,9587.55462377688,0,0,0,1.225
811.872779607702,22.5325512961228,2,3,59.4757353524,214.11264726864,7.11593778271254,0,9592.6930391889,0,0,0,1.225
812.122779607702,22.5367536344829,2,3,59.5056421244236,214.220311647925,7.11745794230319,0,9597.83224655813,0,0,0,1.225
812.372779607702,22.5409538616371,2,3,59.5355402565278,214.3279449235,7.11897804433102,0,9602.97224584921,0,0,0,1.225
812.622779607702,22.5451519803142,2,3,59.5654297614809,214.435547141331,7.12049808878601,0,9608.11303702239,0,0,0,1.225
812.872779607702,22.5493479932373,2,3,59.5953106520222,214.54311834728,7.12201807566544,0,9613.25462004376,0,0,0,1.225
813.122779607702,22.5535419031232,2,3,59.6251829408614,214.650658587101,7.12353800495748,0,9618.39699487212,0,0,0,1.225
813.372779607702,22.5577337126832,2,3,59.655046640679,214.758167906444,7.12505787665668,0,9623.54016147135,0,0,0,1.225
813.622779607702,22.5619234246225,2,3,59.6849017641266,214.865646350856,7.12657769075668,0,9628.68411980461,0,0,0,1.225
813.872779607702,22.5661110416406,2,3,59.7147483238265,214.973093965776,7.12809744725018,0,9633.82886983433,0,0,0,1.225
814.122779607702,22.570296566431,2,3,59.7445863323723,215.08051079654,7.12961714612902,0,9638.9744115222,0,0,0,1.225
814.372779607702,22.5744800016816,2,3,59.7744158023286,215.187896888383,7.13113678738591,0,9644.12074483064,0,0,0,1.225
814.622779607702,22.5786613500744,2,3,59.8042367462312,215.295252286432,7.13265637101449,0,9649.26786972279,0,0,0,1.225
814.872779607702,22.5828406142855,2,3,59.8340491765874,215.402577035715,7.13417589700748,0,9654.41578616105,0,0,0,1.225
815.122779607702,22.5870177969854,2,3,59.8638531058757,215.509871181153,7.1356953653567,0,9659.56449410712,0,0,0,1.225
815.372779607702,22.5911929008388,2,3,59.8936485465464,215.617134767567,7.13721477605304,0,9664.71399352192,0,0,0,1.225
815.622779607702,22.5953659285047,2,3,59.9234355110211,215.724367839676,7.13873412909379,0,9669.8642843715,0,0,0,1.225
815.872779607702,22.5995368826362,2,3,59.9532140116933,215.831570442096,7.14025342446621,0,9675.01536661388,0,0,0,1.225
816.122779607702,22.6037057658811,2,3,59.9829840609281,215.938742619341,7.14177266216666,0,9680.16724021437,0,0,0,1.225
816.372779607702,22.6078725808812,2,3,60.0127456710626,216.045884415825,7.14329184218514,0,9685.31990513316,0,0,0,1.225
816.622779607702,22.6120373302728,2,3,60.0424988544058,216.152995875861,7.14481096451709,0,9690.47336133483,0,0,0,1.225
816.872779607702,22.6162000166863,2,3,60.0722436232386,216.260077043659,7.14633002915161,0,9695.62760877882,0,0,0,1.225
817.122779607702,22.6203606427469,2,3,60.1019799898143,216.367127963332,7.14784903608233,0,9700.78264742825,0,0,0,1.225
817.372779607702,22.6245192110738,2,3,60.1317079663582,216.47414867889,7.14936798530107,0,9705.93847724476,0,0,0,1.225
817.622779607702,22.6286757242809,2,3,60.1614275650679,216.581139234245,7.15088687680054,0,9711.09509819071,0,0,0,1.225
817.872779607702,22.6328301849764,2,3,60.1911387981134,216.688099673208,7.15240571057439,0,9716.25251022918,0,0,0,1.225
818.122779607702,22.6369825957629,2,3,60.2208416776373,216.795030039494,7.15392448661169,0,9721.41071331962,0,0,0,1.225
818.372779607702,22.6411329592374,2,3,60.2505362157544,216.901930376716,7.1554432049079,0,9726.56970742656,0,0,0,1.225
818.622779607702,22.6452812779917,2,3,60.2802224245525,217.008800728389,7.15696186545392,0,9731.7294925109,0,0,0,1.225
818.872779607702,22.6494275546117,2,3,60.3099003160919,217.115641137931,7.15848046824067,0,9736.89006853352,0,0,0,1.225
819.122779607702,22.6535717916781,2,3,60.3395699024059,217.222451648661,7.15999901326268,0,9742.05143545822,0,0,0,1.225
819.372779607702,22.657713991766,2,3,60.3692311955003,217.329232303801,7.16151750050994,0,9747.21359324514,0,0,0,1.225
819.622779607702,22.661854157445,2,3,60.3988842073543,217.435983146475,7.16303592997519,0,9752.37654185662,0,0,0,1.225
819.872779607702,22.6659922912793,2,3,60.4285289499198,217.542704219711,7.16455430165024,0,9757.54028125425,0,0,0,1.225
820.122779607702,22.6701286586068,2,3,60.4428030394425,217.594090941993,-0.263241447482869,0,3817.20585630319,0,0,0,1.225
820.372779607702,22.6742657970624,2,3,60.3856575431986,217.388367155515,-27.3559679140517,0,0,17864.5878615321,0,0,1.225
820.622779607702,22.6784097404224,2,3,60.2724284976539,216.980742591554,-27.2920317645476,0,0,17828.5012968403,0,0,1.225
820.872779607702,22.6825614742014,2,3,60.1592517433978,216.573306276232,-27.2282349526131,0,0,17792.4909958066,0,0,1.225
821.122779607702,22.6867210241366,2,3,60.0461269965661,216.166057187638,-27.1645771984658,0,0,17756.5568113379,0,0,1.225
821.372779607702,22.6908884161103,2,3,59.9330539721815,215.758994299853,-27.1010582228409,0,0,17720.698596601,0,0,1.225
821.622779607702,22.6950636761511,2,3,59.8200323841434,215.352116582916,-27.0376777469855,0,0,17684.9162050184,0,0,1.225
821.872779607702,22.6992468304348,2,3,59.7070619452176,214.945423002783,-26.9744354926606,0,0,17649.2094902701,0,0,1.225
822.122779607702,22.703437905286,2,3,59.5941423670259,214.538912521293,-26.9113311821402,0,0,17613.5783062935,0,0,1.225
822.372779607702,22.707636927179,2,3,59.4812733600354,214.132584096128,-26.8483645382103,0,0,17578.0225072825,0,0,1.225
822.622779607702,22.7118439227392,2,3,59.3684546335482,213.726436680773,-26.7855352841616,0,0,17542.5419476821,0,0,1.225
822.872779607702,22.7160589187444,2,3,59.25568589569,213.320469224484,-26.7228431438007,0,0,17507.1364821976,0,0,1.225
823.122779607702,22.7202819421259,2,3,59.1429668534,212.91468067224,-26.6602878414396,0,0,17471.8059657866,0,0,1.225
823.372779607702,22.72451301997,2,3,59.0302972124191,212.509069964709,-26.5978691018981,0,0,17436.5502536609,0,0,1.225
823.622779607702,22.7287521795191,2,3,58.9176766772794,212.103636038206,-26.535586650507,0,0,17401.3692012897,0,0,1.225
823.872779607702,22.7329994481731,2,3,58.8051049512925,211.698377824653,-26.4734402130971,0,0,17366.2626643911,0,0,1.225
824.122779607702,22.7372548534907,2,3,58.6925817365385,211.293294251539,-26.411429516008,0,0,17331.2304989388,0,0,1.225
824.372779607702,22.7415184231906,2,3,58.580106733854,210.888384241875,-26.3495542860828,0,0,17296.2725611592,0,0,1.225
824.622779607702,22.7457901851532,2,3,58.467679642821,210.483646714156,-26.2878142506697,0,0,17261.3887075316,0,0,1.225
824.872779607702,22.7500701674218,2,3,58.3553001617546,210.079080582316,-26.226209137616,0,0,17226.5787947851,0,0,1.225
825.122779607702,22.7543583982037,2,3,58.2429679876914,209.674684755689,-26.1647386752747,0,0,17191.842679903,0,0,1.225
825.372779607702,22.758654905872,2,3,58.1306828163777,209.27045813896,-26.1034025924964,0,0,17157.1802201173,0,0,1.225
825.622779607702,22.7629597189668,2,3,58.0184443422566,208.866399632124,-26.0422006186345,0,0,17122.5912729128,0,0,1.225
825.872779607702,22.7672728661966,2,3,57.9062522584563,208.462508130443,-25.9811324835409,0,0,17088.0756960242,0,0,1.225
826.122779607702,22.7715943764401,2,3,57.7941062567776,208.058782524399,-25.9201979175641,0,0,17053.6333474346,0,0,1.225
826.372779607702,22.775924278747,2,3,57.682006027681,207.655221699651,-25.8593966515546,0,0,17019.26408538,0,0,1.225
826.622779607702,22.7802626023402,2,3,57.569951260274,207.251824536986,-25.7987284168539,0,0,16984.9677683415,0,0,1.225
826.872779607702,22.7846093766166,2,3,57.4579416422985,206.848589912275,-25.738192945304,0,0,16950.744255052,0,0,1.225
827.122779607702,22.7889646311494,2,3,57.3459768601176,206.445516696423,-25.6777899692397,0,0,16916.5934044914,0,0,1.225
827.372779607702,22.7933283956887,2,3,57.2340565987023,206.042603755328,-25.6175192214905,0,0,16882.5150758877,0,0,1.225
827.622779607702,22.797700700164,2,3,57.1221805416184,205.639849949826,-25.5573804353789,0,0,16848.5091287164,0,0,1.225
827.872779607702,22.8020815746848,2,3,57.0103483710126,205.237254135645,-25.4973733447232,0,0,16814.5754227025,0,0,1.225
828.122779607702,22.8064710495432,2,3,56.8985597675994,204.834815163358,-25.4374976838262,0,0,16780.7138178121,0,0,1.225
828.372779607702,22.8108691552144,2,3,56.7868144106469,204.432531878329,-25.3777531874903,0,0,16746.9241742648,0,0,1.225
828.622779607702,22.8152759223594,2,3,56.6751119779629,204.030403120666,-25.3181395910033,0,0,16713.2063525222,0,0,1.225
828.872779607702,22.8196913818259,2,3,56.5634521458808,203.628427725171,-25.2586566301397,0,0,16679.5602132899,0,0,1.225
829.122779607702,22.8241155646499,2,3,56.4518345892453,203.226604521283,-25.199304041168,0,0,16645.9856175225,0,0,1.225
829.372779607702,22.8285485020582,2,3,56.3402589813982,202.824932333033,-25.1400815608404,0,0,16612.482426417,0,0,1.225
829.622779607702,22.832990225469,2,3,56.228724994163,202.423409978987,-25.0809889263983,0,0,16579.0505014163,0,0,1.225
829.872779607702,22.8374407664945,2,3,56.1172322978309,202.022036272191,-25.0220258755671,0,0,16545.6897042062,0,0,1.225
830.122779607702,22.8419001569421,2,3,56.0057805611455,201.620810020124,-24.9631921465589,0,0,16512.3998967169,0,0,1.225
830.372779607702,22.8463684288162,2,3,55.8943694512875,201.219730024635,-24.9044874780684,0,0,16479.1809411211,0,0,1.225
830.622779607702,22.8508456143205,2,3,55.7829986338597,200.818795081895,-24.8459116092745,0,0,16446.0326998344,0,0,1.225
830.872779607702,22.8553317458589,2,3,55.6716677728709,200.418003982335,-24.7874642798379,0,0,16412.9550355146,0,0,1.225
831.122779607702,22.859826856038,2,3,55.5603765307209,200.017355510595,-24.729145229906,0,0,16379.9478110651,0,0,1.225
831.372779607702,22.8643309776689,2,3,55.4491245681839,199.616848445462,-24.6709542000981,0,0,16347.0108896243,0,0,1.225
831.622779607702,22.8688441437686,2,3,55.3379115443931,199.216481559815,-24.6128909315239,0,0,16314.1441345793,0,0,1.225
831.872779607702,22.8733663875622,2,3,55.2267371168237,198.816253620565,-24.5549551657641,0,0,16281.347409552,0,0,1.225
832.122779607702,22.877897742485,2,3,55.1156009412769,198.416163388597,-24.4971466448815,0,0,16248.6205784075,0,0,1.225
832.372779607702,22.8824382421838,2,3,55.0045026718632,198.016209618708,-24.439465111418,0,0,16215.9635052521,0,0,1.225
832.622779607702,22.8869879205196,2,3,54.8934419609853,197.616391059547,-24.3819103083897,0,0,16183.3760544295,0,0,1.225
832.872779607702,22.8915468115689,2,3,54.7824184593209,197.216706453555,-24.3244819792899,0,0,16150.8580905239,0,0,1.225
833.122779607702,22.896114949626,2,3,54.6714318158057,196.817154536901,-24.2671798680876,0,0,16118.4094783588,0,0,1.225
833.372779607702,22.9006923692052,2,3,54.560481677616,196.417734039417,-24.2100037192276,0,0,16086.0300829971,0,0,1.225
833.622779607702,22.9052791050425,2,3,54.4495676901502,196.018443684541,-24.152953277624,0,0,16053.7197697364,0,0,1.225
833.872779607702,22.9098751920978,2,3,54.338689497012,195.619282189243,-24.096028288669,0,0,16021.4784041166,0,0,1.225
834.122779607702,22.9144806655569,2,3,54.227846739991,195.220248263968,-24.0392284982245,0,0,15989.3058519129,0,0,1.225
834.372779607702,22.9190955608338,2,3,54.1170390590454,194.821340612563,-23.9825536526232,0,0,15957.2019791372,0,0,1.225
834.622779607702,22.9237199135728,2,3,54.0062660922825,194.422557932217,-23.9260034986683,0,0,15925.1666520381,0,0,1.225
834.872779607702,22.9283537596505,2,3,53.8955274759404,194.023898913385,-23.8695777836338,0,0,15893.1997371014,0,0,1.225
835.122779607702,22.9329971351781,2,3,53.7848228443687,193.625362239727,-23.8132762552623,0,0,15861.3011010487,0,0,1.225
835.372779607702,22.9376500765036,2,3,53.6741518300091,193.226946588033,-23.7570986617629,0,0,15829.4706108357,0,0,1.225
835.622779607702,22.9423126202141,2,3,53.5635140633759,192.828650628153,-23.7010447518151,0,0,15797.7081336558,0,0,1.225
835.872779607702,22.9469848031381,2,3,53.4529091730364,192.430473022931,-23.6451142745636,0,0,15766.0135369363,0,0,1.225
836.122779607702,22.9516666623476,2,3,53.3423367855902,192.032412428125,-23.5893069796148,0,0,15734.3866883354,0,0,1.225
836.372779607702,22.9563582351606,2,3,53.2317965256497,191.634467492339,-23.5336226170484,0,0,15702.8274557524,0,0,1.225
836.622779607702,22.9610595591435,2,3,53.1212880158186,191.236636856947,-23.4780609374011,0,0,15671.3357073142,0,0,1.225
836.872779607702,22.9657706721134,2,3,53.010810876672,190.838919156019,-23.4226216916732,0,0,15639.9113113815,0,0,1.225
837.122779607702,22.9704916121404,2,3,52.9003647267345,190.441313016244,-23.3673046313334,0,0,15608.5541365524,0,0,1.225
837.372779607702,22.9752224175504,2,3,52.7899491824592,190.043817056853,-23.3121095083079,0,0,15577.2640516543,0,0,1.225
837.622779607702,22.9799631269272,2,3,52.679563858206,189.646429889542,-23.2570360749814,0,0,15546.0409257445,0,0,1.225
837.872779607702,22.9847137791151,2,3,52.5692083662195,189.24915011839,-23.2020840842051,0,0,15514.8846281174,0,0,1.225
838.122779607702,22.9894744132218,2,3,52.4588823166071,188.851976339786,-23.1472532892858,0,0,15483.7950282955,0,0,1.225
838.372779607702,22.9942450686205,2,3,52.348585317316,188.454907142338,-23.0925434439869,0,0,15452.7719960309,0,0,1.225
838.622779607702,22.9990257849526,2,3,52.2383169741109,188.057941106799,-23.0379543025356,0,0,15421.8154013113,0,0,1.225
838.872779607702,23.0038166021307,2,3,52.1280768905505,187.661076805982,-22.9834856196094,0,0,15390.9251143489,0,0,1.225
839.122779607702,23.0086175603408,2,3,52.0178646679644,187.264312804672,-22.9291371503496,0,0,15360.101005592,0,0,1.225
839.372779607702,23.0134287000453,2,3,51.9076799054291,186.867647659545,-22.8749086503449,0,0,15329.3429457121,0,0,1.225
839.622779607702,23.0182500619856,2,3,51.7975221997441,186.471079919079,-22.8207998756452,0,0,15298.6508056148,0,0,1.225
839.872779607702,23.0230816871852,2,3,51.6873911454079,186.074608123468,-22.7668105827506,0,0,15268.0244564317,0,0,1.225
840.122779607702,23.0279236169518,2,3,51.5772863345925,185.678230804533,-22.7129405286159,0,0,15237.4637695241,0,0,1.225
840.372779607702,23.0327758928811,2,3,51.4672073571194,185.28194648563,-22.659189470648,0,0,15206.9686164808,0,0,1.225
840.622779607702,23.0376385568589,2,3,51.3571538004336,184.885753681561,-22.6055571667066,0,0,15176.5388691195,0,0,1.225
840.872779607702,23.0425116510644,2,3,51.247125249578,184.489650898481,-22.5520433751008,0,0,15146.1743994842,0,0,1.225
841.122779607702,23.0473952179731,2,3,51.1371212871679,184.093636633804,-22.4986478545889,0,0,15115.8750798449,0,0,1.225
841.372779607702,23.0522893003598,2,3,51.0271414933638,183.69770937611,-22.4453703643821,0,0,15085.6407827011,0,0,1.225
841.622779607702,23.0571939413017,2,3,50.9171854458457,183.301867605045,-22.3922106641367,0,0,15055.4713807757,0,0,1.225
841.872779607702,23.0621091841812,2,3,50.8072527197852,182.906109791227,-22.3391685139577,0,0,15025.3667470185,0,0,1.225
842.122779607702,23.0670350726896,2,3,50.6973428878184,182.510434396146,-22.2862436743972,0,0,14995.3267546045,0,0,1.225
842.372779607702,23.0719716508295,2,3,50.5874555200182,182.114839872066,-22.2334359064544,0,0,14965.3512769347,0,0,1.225
842.622779607702,23.0769189629188,2,3,50.4775901838659,181.719324661917,-22.1807449715752,0,0,14935.4401876359,0,0,1.225
842.872779607702,23.0818770535933,2,3,50.3677464442227,181.323887199202,-22.1281706316449,0,0,14905.5933605548,0,0,1.225
843.122779607702,23.0868459678104,2,3,50.2579238633009,180.928525907883,-22.0757126490007,0,0,14875.8106697687,0,0,1.225
843.372779607702,23.0918257508523,2,3,50.1481220006342,180.533239202283,-22.0233707864154,0,0,14846.0919895723,0,0,1.225
843.622779607702,23.0968164483293,2,3,50.0383404130484,180.138025486974,-21.9711448071084,0,0,14816.4371944872,0,0,1.225
843.872779607702,23.1018181061834,2,3,49.9285786546307,179.742883156671,-21.9190344747403,0,0,14786.8461592573,0,0,1.225
844.122779607702,23.1068307706917,2,3,49.8188362766997,179.347810596119,-21.8670395534127,0,0,14757.3187588492,0,0,1.225
844.372779607702,23.1118544884698,2,3,49.7091128277737,178.952806179985,-21.8151598076674,0,0,14727.8548684519,0,0,1.225
844.622779607702,23.1168893064755,2,3,49.59940785354,178.557868272744,-21.7633950024856,0,0,14698.4543634759,0,0,1.225
844.872779607702,23.1219352720126,2,3,49.4897208968222,178.16299522856,-21.7117449032858,0,0,14669.1171195526,0,0,1.225
845.122779607702,23.1269924327342,2,3,49.3800514975486,177.768185391175,-21.6602092759267,0,0,14639.843012536,0,0,1.225
845.372779607702,23.1320608366466,2,3,49.2703991927191,177.373437093789,-21.6087878867011,0,0,14610.6319184984,0,0,1.225
845.622779607702,23.1371405321131,2,3,49.1607635163719,176.978748658939,-21.5574805023443,0,0,14581.4837137378,0,0,1.225
845.872779607702,23.1422315678578,2,3,49.0511439995496,176.584118398378,-21.5062868900213,0,0,14552.3982747669,0,0,1.225
846.122779607702,23.1473339929694,2,3,48.9415401702655,176.189544612956,-21.4552068173325,0,0,14523.3754783189,0,0,1.225
846.372779607702,23.1524478569053,2,3,48.8319515534685,175.795025592487,-21.4042400523185,0,0,14494.4152013512,0,0,1.225
846.622779607702,23.1575732094955,2,3,48.7223776710082,175.400559615629,-21.3533863634448,0,0,14465.517321033,0,0,1.225
846.872779607702,23.1627101009464,2,3,48.6128180415988,175.006144949756,-21.302645519615,0,0,14436.681714757,0,0,1.225
847.122779607702,23.1678585818455,2,3,48.5032721807833,174.61177985082,-21.2520172901659,0,0,14407.9082601347,0,0,1.225
847.372779607702,23.1730187031648,2,3,48.3937396008966,174.217462563228,-21.2015014448607,0,0,14379.1968349918,0,0,1.225
847.622779607702,23.1781905162656,2,3,48.2842198110283,173.823191319702,-21.1510977538956,0,0,14350.5473173739,0,0,1.225
847.872779607702,23.1833740729025,2,3,48.1747123169848,173.428964341145,-21.1008059879005,0,0,14321.9595855466,0,0,1.225
848.122779607702,23.188569425228,2,3,48.0652166212511,173.034779836504,-21.0506259179256,0,0,14293.4335179858,0,0,1.225
848.372779607702,23.1937766257964,2,3,47.9557322229517,172.640636002626,-21.0005573154567,0,0,14264.9689933894,0,0,1.225
848.622779607702,23.1989957275688,2,3,47.8462586178113,172.246531024121,-20.9505999524063,0,0,14236.565890671,0,0,1.225
848.872779607702,23.2042267839173,2,3,47.7367952981147,171.852463073213,-20.9007536011104,0,0,14208.2240889575,0,0,1.225
849.122779607702,23.2094698486298,2,3,47.627341752666,171.458430309598,-20.8510180343328,0,0,14179.9434675924,0,0,1.225
849.372779607702,23.2147249759143,2,3,47.5178974667476,171.064430880292,-20.8013930252646,0,0,14151.7239061361,0,0,1.225
849.622779607702,23.2199922204041,2,3,47.4084619220783,170.670462919482,-20.751878347518,0,0,14123.565284361,0,0,1.225
849.872779607702,23.2252716371624,2,3,47.2990345967704,170.276524548373,-20.7024737751317,0,0,14095.4674822558,0,0,1.225
850.122779607702,23.2305632816869,2,3,47.1896149652872,169.882613875034,-20.6531790825684,0,0,14067.430380024,0,0,1.225
850.372779607702,23.2358672099151,2,3,47.0802024983988,169.488728994236,-20.6039940447099,0,0,14039.4538580804,0,0,1.225
850.622779607702,23.2411834782292,2,3,46.9707966631379,169.094867987296,-20.5549184368629,0,0,14011.5377970555,0,0,1.225
850.872779607702,23.2465121434611,2,3,46.8613969227545,168.701028921916,-20.5059520347531,0,0,13983.6820777915,0,0,1.225
851.122779607702,23.2518532628977,2,3,46.7520027366702,168.307209852013,-20.4570946145259,0,0,13955.8865813424,0,0,1.225
851.372779607702,23.2572068942859,2,3,46.6426135604321,167.913408817556,-20.4083459527519,0,0,13928.1511889796,0,0,1.225
851.622779607702,23.2625730958383,2,3,46.5332288456648,167.519623844393,-20.3597058264122,0,0,13900.4757821794,0,0,1.225
851.872779607702,23.2679519262381,2,3,46.4238480400234,167.125852944084,-20.3111740129134,0,0,13872.8602426361,0,0,1.225
852.122779607702,23.273343444645,2,3,46.3144705871441,166.732094113719,-20.2627502900723,0,0,13845.3044522492,0,0,1.225
852.372779607702,23.2787477107005,2,3,46.2050959265954,166.338345335743,-20.2144344361304,0,0,13817.8082931359,0,0,1.225
852.622779607702,23.2841647845336,2,3,46.0957234938277,165.94460457778,-20.1662262297414,0,0,13790.3716476207,0,0,1.225
852.872779607702,23.2895947267668,2,3,45.9863527201222,165.55086979244,-20.1181254499697,0,0,13762.9943982351,0,0,1.225
853.122779607702,23.2950375985214,2,3,45.8769830325395,165.157138917142,-20.0701318763022,0,0,13735.6764277266,0,0,1.225
853.372779607702,23.3004934614238,2,3,45.7676138538671,164.763409873921,-20.0222452886364,0,0,13708.4176190501,0,0,1.225
853.622779607702,23.3059623776112,2,3,45.6582446025655,164.369680569236,-19.9744654672813,0,0,13681.2178553681,0,0,1.225
853.872779607702,23.3114444097381,2,3,45.5488746927149,163.975948893774,-19.9267921929604,0,0,13654.077020054,0,0,1.225
854.122779607702,23.316939620982,2,3,45.4395035339593,163.582212722254,-19.8792252468083,0,0,13626.9949966892,0,0,1.225
854.372779607702,23.3224480750501,2,3,45.3301305314512,163.188469913224,-19.8317644103699,0,0,13599.9716690627,0,0,1.225
854.622779607702,23.3279698361853,2,3,45.2207550857946,162.79471830886,-19.7844094656011,0,0,13573.0069211722,0,0,1.225
854.872779607702,23.333504969173,2,3,45.111376592987,162.400955734753,-19.7371601948689,0,0,13546.1006372241,0,0,1.225
855.122779607702,23.3390535393474,2,3,45.0019944443615,162.007179999701,-19.690016380946,0,0,13519.2527016295,0,0,1.225
855.372779607702,23.3446156125983,2,3,44.8926080265265,161.613388895496,-19.6429778070151,0,0,13492.4629990078,0,0,1.225
855.622779607702,23.3501912553779,2,3,44.7832167213057,161.2195801967,-19.5960442566679,0,0,13465.7314141864,0,0,1.225
855.872779607702,23.3557805347078,2,3,44.6738199056762,160.825751660434,-19.5492155139,0,0,13439.0578321963,0,0,1.225
856.122779607702,23.3613835181857,2,3,44.5644169517064,160.431901026143,-19.502491363115,0,0,13412.4421382763,0,0,1.225
856.372779607702,23.3670002739927,2,3,44.4550072264923,160.038026015372,-19.4558715891212,0,0,13385.88421787,0,0,1.225
856.622779607702,23.3726308709006,2,3,44.3455900920928,159.644124331534,-19.4093559771304,0,0,13359.3839566253,0,0,1.225
856.872779607702,23.378275378279,2,3,44.2361649054644,159.250193659672,-19.3629443127625,0,0,13332.9412403983,0,0,1.225
857.122779607702,23.3839338661029,2,3,44.1267310183945,158.85623166622,-19.3166363820346,0,0,13306.5559552451,0,0,1.225
857.372779607702,23.3896064049606,2,3,44.0172877774334,158.46223599876,-19.2704319713725,0,0,13280.2279874303,0,0,1.225
857.622779607702,23.3952930660606,2,3,43.9078345238256,158.068204285772,-19.2243308675984,0,0,13253.9572234185,0,0,1.225
857.872779607702,23.4009939212403,2,3,43.7983705934395,157.674134136382,-19.1783328579409,0,0,13227.7435498818,0,0,1.225
858.122779607702,23.4067090429733,2,3,43.6888953166966,157.280023140108,-19.1324377300261,0,0,13201.5868536933,0,0,1.225
858.372779607702,23.4124385043779,2,3,43.5794080184988,156.885868866596,-19.0866452718801,0,0,13175.4870219289,0,0,1.225
858.622779607702,23.4181823792251,2,3,43.4699080181548,156.491668865357,-19.0409552719298,0,0,13149.4439418685,0,0,1.225
858.872779607702,23.4239407419471,2,3,43.3603946293056,156.0974206655,-18.9953675189968,0,0,13123.4575009914,0,0,1.225
859.122779607702,23.4297136676457,2,3,43.2508671598476,155.703121775451,-18.9498818023053,0,0,13097.5275869824,0,0,1.225
859.372779607702,23.435501232101,2,3,43.1413249118562,155.308769682682,-18.9044979114738,0,0,13071.6540877258,0,0,1.225
859.622779607702,23.4413035117799,2,3,43.0317671815061,154.914361853422,-18.859215636518,0,0,13045.8368913078,0,0,1.225
859.872779607702,23.4471205838455,2,3,42.9221932589919,154.519895732371,-18.8140347678482,0,0,13020.0758860147,0,0,1.225
860.122779607702,23.452952526166,2,3,42.8126024284465,154.125368742407,-18.7689550962714,0,0,12994.3709603345,0,0,1.225
860.372779607702,23.4587994173237,2,3,42.7029939678579,153.730778284288,-18.7239764129872,0,0,12968.7220029544,0,0,1.225
860.622779607702,23.4646613366246,2,3,42.5933671489853,153.336121736347,-18.6790985095909,0,0,12943.1289027629,0,0,1.225
860.872779607702,23.4705383641079,2,3,42.4837212372733,152.941396454184,-18.63432117807,0,0,12917.5915488476,0,0,1.225
861.122779607702,23.4764305805558,2,3,42.3740554917644,152.546599770352,-18.5896442108019,0,0,12892.1098304934,0,0,1.225
861.372779607702,23.4823380675032,2,3,42.2643691650105,152.151728994038,-18.545067400561,0,0,12866.6836371886,0,0,1.225
861.622779607702,23.4882609072481,2,3,42.1546615029823,151.756781410736,-18.5005905405078,0,0,12841.312858616,0,0,1.225
861.872779607702,23.4941991828612,2,3,42.0449317449778,151.36175428192,-18.4562134241955,0,0,12815.997384659,0,0,1.225
862.122779607702,23.500152978197,2,3,41.9351791235283,150.966644844702,-18.4119358455641,0,0,12790.7371053964,0,0,1.225
862.372779607702,23.5061223779037,2,3,41.8254028643034,150.571450311492,-18.3677575989477,0,0,12765.5319111089,0,0,1.225
862.622779607702,23.5121074674348,2,3,41.715602186014,150.17616786965,-18.3236784790647,0,0,12740.3816922715,0,0,1.225
862.872779607702,23.5181083330592,2,3,41.6057763003138,149.78079468113,-18.279698281021,0,0,12715.286339556,0,0,1.225
863.122779607702,23.5241250618729,2,3,41.4959244116988,149.385327882116,-18.2358168003111,0,0,12690.2457438324,0,0,1.225
863.372779607702,23.5301577418101,2,3,41.386045717405,148.989764582658,-18.192033832815,0,0,12665.2597961663,0,0,1.225
863.622779607702,23.5362064616548,2,3,41.2761394073045,148.594101866296,-18.1483491747981,0,0,12640.3283878192,0,0,1.225
863.872779607702,23.5422713110527,2,3,41.1662046637993,148.198336789677,-18.1047626229133,0,0,12615.4514102506,0,0,1.225
864.122779607702,23.5483523805231,2,3,41.0562406617134,147.802466382168,-18.0612739741932,0,0,12590.6287551116,0,0,1.225
864.372779607702,23.5544497614707,2,3,40.9462465681834,147.40648764546,-18.0178830260561,0,0,12565.8603142501,0,0,1.225
864.622779607702,23.5605635461988,2,3,40.8362215425458,147.010397553165,-17.9745895763062,0,0,12541.1459797112,0,0,1.225
864.872779607702,23.5666938279211,2,3,40.7261647362236,146.614193050405,-17.9313934231254,0,0,12516.4856437308,0,0,1.225
865.122779607702,23.5728407007751,2,3,40.6160752926101,146.217871053396,-17.8882943650779,0,0,12491.8791987394,0,0,1.225
865.372779607702,23.5790042598349,2,3,40.5059523469505,145.821428449022,-17.8452922011129,0,0,12467.3265373647,0,0,1.225
865.622779607702,23.5851846011247,2,3,40.3957950262215,145.424862094397,-17.802386730556,0,0,12442.8275524248,0,0,1.225
865.872779607702,23.5913818216324,2,3,40.2856024490088,145.028168816432,-17.7595777531114,0,0,12418.3821369299,0,0,1.225
866.122779607702,23.5975960193233,2,3,40.1753737253817,144.631345411374,-17.7168650688673,0,0,12393.9901840874,0,0,1.225
866.372779607702,23.6038272931543,2,3,40.0651079567659,144.234388644357,-17.6742484782862,0,0,12369.651587294,0,0,1.225
866.622779607702,23.610075743088,2,3,39.9548042358135,143.837295248929,-17.6317277822086,0,0,12345.3662401387,0,0,1.225
866.872779607702,23.6163414701077,2,3,39.844461646271,143.440061926576,-17.5893027818543,0,0,12321.1340364044,0,0,1.225
867.122779607702,23.6226245762322,2,3,39.7340792628443,143.04268534624,-17.5469732788165,0,0,12296.9548700634,0,0,1.225
867.372779607702,23.6289251645308,2,3,39.6236561510612,142.64516214382,-17.5047390750656,0,0,12272.8286352802,0,0,1.225
867.622779607702,23.6352433391387,2,3,39.5131913671311,142.247488921672,-17.4625999729492,0,0,12248.7552264122,0,0,1.225
867.872779607702,23.6415792052732,2,3,39.4026839578028,141.84966224809,-17.4205557751839,0,0,12224.7345380031,0,0,1.225
868.122779607702,23.6479328692494,2,3,39.2921329602184,141.451678656786,-17.3786062848653,0,0,12200.766464791,0,0,1.225
868.372779607702,23.6543044384966,2,3,39.1815374017648,141.053534646353,-17.3367513054604,0,0,12176.850901703,0,0,1.225
868.622779607702,23.6606940215752,2,3,39.0708962999229,140.655226679722,-17.2949906408076,0,0,12152.9877438546,0,0,1.225
868.872779607702,23.6671017281934,2,3,38.9602086621125,140.256751183605,-17.253324095117,0,0,12129.1768865512,0,0,1.225
869.122779607702,23.6735276692249,2,3,38.8494734855355,139.858104547928,-17.2117514729716,0,0,12105.4182252884,0,0,1.225
869.372779607702,23.6799719567264,2,3,38.7386897570149,139.459283125254,-17.1702725793252,0,0,12081.7116557507,0,0,1.225
869.622779607702,23.6864347039554,2,3,38.6278564528314,139.060283230193,-17.1288872194996,0,0,12058.0570738097,0,0,1.225
869.872779607702,23.6929160253891,2,3,38.516972538556,138.661101138801,-17.0875951991848,0,0,12034.4543755245,0,0,1.225
870.122779607702,23.6994160367429,2,3,38.4060369688799,138.261733087968,-17.0463963244438,0,0,12010.9034571454,0,0,1.225
870.372779607702,23.7059348549893,2,3,38.2950486874404,137.862175274785,-17.0052904017039,0,0,11987.4042151074,0,0,1.225
870.622779607702,23.712472598378,2,3,38.1840066266436,137.462423855917,-16.9642772377611,0,0,11963.9565460338,0,0,1.225
870.872779607702,23.719029386455,2,3,38.0729097074833,137.06247494694,-16.9233566397766,0,0,11940.5603467337,0,0,1.225
871.122779607702,23.7256053400837,2,3,37.9617568393563,136.662324621683,-16.8825284152813,0,0,11917.2155142057,0,0,1.225
871.372779607702,23.7322005814651,2,3,37.8505469198736,136.261968911545,-16.8417923721668,0,0,11893.9219456312,0,0,1.225
871.622779607702,23.7388152341593,2,3,37.7392788346682,135.861403804806,-16.8011483186933,0,0,11870.6795383803,0,0,1.225
871.872779607702,23.7454494231067,2,3,37.6279514571986,135.460625245915,-16.7605960634824,0,0,11847.4881900069,0,0,1.225
872.122779607702,23.7521032746504,2,3,37.5165636485479,135.059629134772,-16.7201354155204,0,0,11824.3477982512,0,0,1.225
872.372779607702,23.7587769165584,2,3,37.4051142572192,134.658411325989,-16.6797661841588,0,0,11801.2582610403,0,0,1.225
872.622779607702,23.7654704780465,2,3,37.2936021189266,134.256967628136,-16.6394881791066,0,0,11778.2194764825,0,0,1.225
872.872779607702,23.7721840898023,2,3,37.1820260563813,133.855293802973,-16.5993012104377,0,0,11755.2313428729,0,0,1.225
873.122779607702,23.7789178840081,2,3,37.0703848790738,133.453385564666,-16.5592050885857,0,0,11732.2937586899,0,0,1.225
873.372779607702,23.7856719943665,2,3,36.9586773830508,133.051238578983,-16.5191996243461,0,0,11709.4066225973,0,0,1.225
873.622779607702,23.7924465561242,2,3,36.8469023506879,132.648848462476,-16.4792846288724,0,0,11686.5698334406,0,0,1.225
873.872779607702,23.7992417060984,2,3,36.7350585504568,132.246210781645,-16.4394599136776,0,0,11663.7832902493,0,0,1.225
874.122779607702,23.8060575827021,2,3,36.6231447366882,131.843321052077,-16.3997252906352,0,0,11641.0468922373,0,0,1.225
874.372779607702,23.8128943259713,2,3,36.5111596493286,131.440174737583,-16.3600805719725,0,0,11618.360538798,0,0,1.225
874.622779607702,23.8197520775916,2,3,36.3991020136926,131.036767249293,-16.3205255702778,0,0,11595.7241295102,0,0,1.225
874.872779607702,23.8266309809262,2,3,36.2869705402091,130.633093944753,-16.2810600984944,0,0,11573.1375641335,0,0,1.225
875.122779607702,23.8335311810442,2,3,36.1747639241627,130.229150126986,-16.2416839699226,0,0,11550.6007426099,0,0,1.225
875.372779607702,23.8404528247496,2,3,36.0624808454281,129.824931043541,-16.2023969982165,0,0,11528.1135650618,0,0,1.225
875.622779607702,23.8473960606107,2,3,35.9501199681999,129.42043188552,-16.1631989973857,0,0,11505.6759317935,0,0,1.225
875.872779607702,23.8543610389905,2,3,35.8376799407156,129.015647786576,-16.1240897817943,0,0,11483.2877432901,0,0,1.225
876.122779607702,23.8613479120779,2,3,35.7251593949724,128.6105738219,-16.0850691661603,0,0,11460.948900218,0,0,1.225
876.372779607702,23.8683568339187,2,3,35.6125569464375,128.205205007175,-16.0461369655527,0,0,11438.6593034219,0,0,1.225
876.622779607702,23.8753879604483,2,3,35.4998711937525,127.799536297509,-16.0072929953949,0,0,11416.4188539287,0,0,1.225
876.872779607702,23.8824414495247,2,3,35.3871007184299,127.393562586348,-15.968537071461,0,0,11394.2274529437,0,0,1.225
877.122779607702,23.8895174609624,2,3,35.2742440845437,126.987278704357,-15.9298690098772,0,0,11372.0850018528,0,0,1.225
877.372779607702,23.8966161565666,2,3,35.1612998384121,126.580679418284,-15.8912886271178,0,0,11349.991402219,0,0,1.225
877.622779607702,23.9037377001692,2,3,35.0482665082731,126.173759429783,-15.8527957400083,0,0,11327.9465557851,0,0,1.225
877.872779607702,23.9108822576642,2,3,34.9351426039526,125.766513374229,-15.8143901657263,0,0,11305.9503644748,0,0,1.225
878.122779607702,23.9180499970454,2,3,34.8219266165246,125.358935819489,-15.776071721793,0,0,11284.0027303859,0,0,1.225
878.372779607702,23.9252410884438,2,3,34.7086170179634,124.951021264668,-15.7378402260806,0,0,11262.1035557966,0,0,1.225
878.622779607702,23.9324557041666,2,3,34.5952122607874,124.542764138835,-15.6996954968081,0,0,11240.2527431622,0,0,1.225
878.872779607702,23.9396940187368,2,3,34.4817107776948,124.134158799701,-15.6616373525408,0,0,11218.450195115,0,0,1.225
879.122779607702,23.9469562089339,2,3,34.3681109811903,123.725199532285,-15.623665612191,0,0,11196.6958144648,0,0,1.225
879.372779607702,23.9542424538354,2,3,34.2544112632025,123.315880547529,-15.5857800950171,0,0,11174.9895041987,0,0,1.225
879.622779607702,23.9615529348592,2,3,34.1406099946926,122.906195980893,-15.5479806206204,0,0,11153.3311674786,0,0,1.225
879.872779607702,23.9688878358076,2,3,34.0267055252534,122.496139890912,-15.5102670089491,0,0,11131.7207076445,0,0,1.225
880.122779607702,23.9762473429115,2,3,33.9126961826983,122.085706257714,-15.472639080293,0,0,11110.1580282104,0,0,1.225
880.372779607702,23.9836316448764,2,3,33.7985802726402,121.674888981505,-15.435096655287,0,0,11088.6430328678,0,0,1.225
880.622779607702,23.9910409329293,2,3,33.6843560780603,121.263681881017,-15.3976395549066,0,0,11067.1756254814,0,0,1.225
880.872779607702,23.9984754008663,2,3,33.5700218588656,120.852078691916,-15.3602676004712,0,0,11045.7557100927,0,0,1.225
881.122779607702,24.0059352451024,2,3,33.4555758514359,120.440073065169,-15.3229806136405,0,0,11024.3831909173,0,0,1.225
881.372779607702,24.0134206647212,2,3,33.3410162681594,120.027658565374,-15.2857784164162,0,0,11003.0579723454,0,0,1.225
881.622779607702,24.0209318615272,2,3,33.2263412969557,119.61482866904,-15.2486608311378,0,0,10981.7799589404,0,0,1.225
881.872779607702,24.0284690400983,2,3,33.1115491007877,119.201576762836,-15.2116276804868,0,0,10960.5490554405,0,0,1.225
882.122779607702,24.0360324078401,2,3,32.9966378171607,118.787896141779,-15.1746787874827,0,0,10939.3651667575,0,0,1.225
882.372779607702,24.0436221750422,2,3,32.8816055576084,118.37378000739,-15.1378139754838,0,0,10918.2281979762,0,0,1.225
882.622779607702,24.0512385549343,2,3,32.7664504071653,117.959221465795,-15.1010330681847,0,0,10897.1380543533,0,0,1.225
882.872779607702,24.0588817637456,2,3,32.6511704238266,117.544213525776,-15.06433588962,0,0,10876.0946413205,0,0,1.225
883.122779607702,24.0665520207644,2,3,32.5357636379927,117.128749096774,-15.0277222641598,0,0,10855.097864481,0,0,1.225
883.372779607702,24.0742495483999,2,3,32.4202280518993,116.712820986838,-14.9911920165091,0,0,10834.1476296091,0,0,1.225
883.622779607702,24.0819745722453,2,3,32.3045616390334,116.29642190052,-14.9547449717093,0,0,10813.2438426516,0,0,1.225
883.872779607702,24.089727321143,2,3,32.1887623435322,115.879544436716,-14.9183809551364,0,0,10792.3864097269,0,0,1.225
884.122779607702,24.0975080272509,2,3,32.0728280795674,115.462181086442,-14.8820997925022,0,0,10771.5752371256,0,0,1.225
884.372779607702,24.105316926111,2,3,31.9567567307118,115.044324230563,-14.8459013098488,0,0,10750.8102313067,0,0,1.225
884.622779607702,24.1131542567194,2,3,31.8405461492897,114.625966137443,-14.8097853335562,0,0,10730.0912989037,0,0,1.225
884.872779607702,24.1210202615986,2,3,31.7241941557082,114.20709896055,-14.7737516903328,0,0,10709.4183467172,0,0,1.225
885.122779607702,24.1289151868716,2,3,31.6076985377722,113.78771473598,-14.7378002072207,0,0,10688.7912817193,0,0,1.225
885.372779607702,24.1368392823378,2,3,31.4910570499782,113.367805379921,-14.7019307115934,0,0,10668.2100110519,0,0,1.225
885.622779607702,24.1447928015511,2,3,31.3742674127906,112.947362686046,-14.6661430311553,0,0,10647.6744420268,0,0,1.225
885.872779607702,24.1527760019007,2,3,31.2573273118963,112.526378322827,-14.6304369939401,0,0,10627.184482124,0,0,1.225
886.122779607702,24.1607891446929,2,3,31.1402343974392,112.104843830781,-14.5948124283127,0,0,10606.7400389941,0,0,1.225
886.372779607702,24.1688324952368,2,3,31.0229862832326,111.682750619637,-14.5592691629656,0,0,10586.3410204551,0,0,1.225
886.622779607702,24.1769063229308,2,3,30.9055805459494,111.260089965418,-14.5238070269204,0,0,10565.9873344937,0,0,1.225
886.872779607702,24.1850109013527,2,3,30.7880147242893,110.836853007441,-14.4884258495274,0,0,10545.6788892659,0,0,1.225
887.122779607702,24.1931465083518,2,3,30.6702863181216,110.413030745238,-14.4531254604622,0,0,10525.4155930935,0,0,1.225
887.372779607702,24.2013134261441,2,3,30.5523927876035,109.988614035373,-14.4179056897299,0,0,10505.1973544685,0,0,1.225
887.622779607702,24.2095119414093,2,3,30.4343315522727,109.563593588182,-14.3827663676593,0,0,10485.0240820478,0,0,1.225
887.872779607702,24.2177423453921,2,3,30.3160999901128,109.137959964406,-14.3477073249062,0,0,10464.8956846569,0,0,1.225
888.122779607702,24.2260049340048,2,3,30.1976954365922,108.711703571732,-14.3127283924512,0,0,10444.8120712874,0,0,1.225
888.372779607702,24.2343000079344,2,3,30.079115183673,108.284814661223,-14.2778294015998,0,0,10424.7731510983,0,0,1.225
888.622779607702,24.2426278727517,2,3,29.9603564787916,107.85728332365,-14.2430101839802,0,0,10404.7788334134,0,0,1.225
888.872779607702,24.2509888390244,2,3,29.8414165238078,107.429099485708,-14.208270571545,0,0,10384.8290277235,0,0,1.225
889.122779607702,24.2593832224334,2,3,29.722292473922,107.000252906119,-14.1736103965693,0,0,10364.9236436848,0,0,1.225
889.372779607702,24.2678113438922,2,3,29.6029814365599,106.570733171616,-14.1390294916503,0,0,10345.0625911187,0,0,1.225
889.622779607702,24.2762735296708,2,3,29.4834804702221,106.1405296928,-14.1045276897075,0,0,10325.2457800127,0,0,1.225
889.872779607702,24.2847701115224,2,3,29.3637865832993,105.709631699877,-14.07010482398,0,0,10305.4731205173,0,0,1.225
890.122779607702,24.2933014268147,2,3,29.2438967328491,105.278028238257,-14.0357607280293,0,0,10285.7445229495,0,0,1.225
890.372779607702,24.3018678186649,2,3,29.1238078233359,104.845708164009,-14.001495235736,0,0,10266.0598977898,0,0,1.225
890.622779607702,24.3104696360793,2,3,29.0035167053298,104.412660139187,-13.9673081812989,0,0,10246.419155682,0,0,1.225
890.872779607702,24.3191072340969,2,3,28.8830201741648,103.978872626993,-13.9331993992382,0,0,10226.8222074353,0,0,1.225
891.122779607702,24.3277809739377,2,3,28.762314968554,103.544333886794,-13.8991687243895,0,0,10207.2689640204,0,0,1.225
891.372779607702,24.3364912231557,2,3,28.6413977691597,103.109031968975,-13.8652159919088,0,0,10187.7593365733,0,0,1.225
891.622779607702,24.345238355797,2,3,28.5202651971179,102.672954709624,-13.8313410372677,0,0,10168.2932363916,0,0,1.225
891.872779607702,24.3540227525627,2,3,28.3989138125132,102.236089725048,-13.797543696254,0,0,10148.8705749353,0,0,1.225
892.122779607702,24.3628448009774,2,3,28.2773401128049,101.798424406098,-13.7638238049735,0,0,10129.4912638284,0,0,1.225
892.372779607702,24.371704895563,2,3,28.1555405311999,101.35994591232,-13.7301811998452,0,0,10110.1552148552,0,0,1.225
892.622779607702,24.3806034380186,2,3,28.0335114349715,100.920641165898,-13.696615717605,0,0,10090.8623399634,0,0,1.225
892.872779607702,24.389540837406,2,3,27.9112491237217,100.480496845398,-13.6631271953017,0,0,10071.6125512612,0,0,1.225
893.122779607702,24.3985175103413,2,3,27.7887498275841,100.039499379303,-13.6297154702986,0,0,10052.4057610184,0,0,1.225
893.372779607702,24.4075338811939,2,3,27.6660097053661,99.5976349393179,-13.5963803802722,0,0,10033.2418816661,0,0,1.225
893.622779607702,24.4165903822913,2,3,27.5430248426265,99.1548894334553,-13.5631217632119,0,0,10014.1208257962,0,0,1.225
893.872779607702,24.4256874541312,2,3,27.4197912496864,98.7112484988712,-13.529939457419,0,0,9995.04250616074,0,0,1.225
894.122779607702,24.4348255456012,2,3,27.2963048595712,98.2666974944563,-13.4968333015063,0,0,9976.00683567225,0,0,1.225
894.372776662885,24.4440001824236,2,4,27.2297358234062,98.0270489642624,-1.02217467606763,12.3576418835415,0,0.281730257827689,0,0,1.225
894.62277077325,24.4531826009817,2,4,27.2213830139478,97.9969788502119,-0.797147466297922,12.3500615532007,179.23859870589,0,0,0,1.225
894.872764883615,24.4623675472228,2,4,27.2144077783887,97.9718680021995,-0.721698169957879,12.3437331788071,239.179413811786,0,0,0,1.225
895.12275899398,24.4715547392036,2,4,27.2080293629166,97.9489057064999,-0.666850202576927,12.3379476968889,282.67507808766,0,0,0,1.225
895.372753104346,24.4807440045036,2,4,27.2021041342147,97.9275748831729,-0.622750117220045,12.332574488811,317.599708658812,0,0,0,1.225
895.622747214711,24.4899352060537,2,4,27.1965513720756,97.907584939472,-0.585529526945528,12.3275401088991,347.043156647251,0,0,0,1.225
895.872741325076,24.4991282286295,2,4,27.1913172368095,97.8887420525141,-0.553191144179249,12.3227955512135,372.600010369376,0,0,0,1.225
896.122735435441,24.5083229722943,2,4,27.1863624947199,97.8709049809918,-0.524543759669825,12.3183050949053,395.220874292122,0,0,0,1.225
896.372729545807,24.5175193485856,2,4,27.1816569300871,97.8539649483137,-0.498809266477908,12.3140412244159,415.526413812785,0,0,0,1.225
896.622723656172,24.5267172780579,2,4,27.1771763675391,97.8378349231408,-0.475446296067712,12.3099819218721,433.94826727767,0,0,0,1.225
896.872717766537,24.5359166885868,2,4,27.1729009152033,97.8224432947318,-0.454060261237076,12.3061090691242,450.800905932908,0,0,0,1.225
897.122711876902,24.5451175141398,2,4,27.1688138504928,97.807729861774,-0.434353087390685,12.3024074340455,466.321781849559,0,0,0,1.225
897.372705987268,24.5543196938514,2,4,27.1649008740902,97.7936431467246,-0.416093122209656,12.2988639916524,480.695355280083,0,0,0,1.225
897.622700097633,24.5635231713065,2,4,27.161149588851,97.7801385198635,-0.399096127283554,12.295467449799,494.06826997736,0,0,0,1.225
897.872694207998,24.5727278939715,2,4,27.1575491232035,97.7671768435327,-0.383212737678588,12.2922079063202,506.559362860211,0,0,0,1.225
898.122688318364,24.5819338127342,2,4,27.1540898512401,97.7547234644643,-0.368319887299914,12.2890765941537,518.266506863333,0,0,0,1.225
898.372682428729,24.5911408815251,2,4,27.1507631797273,97.7427474470183,-0.354314767252482,12.2860656873606,529.271431416918,0,0,0,1.225
898.622676539094,24.6003490570012,2,4,27.1475613827641,97.7312209779509,-0.341110458707708,12.2831681505158,539.643206190452,0,0,0,1.225
898.872670649459,24.6095582982794,2,4,27.1444774711977,97.7201188963116,-0.328632705820882,12.2803776197393,549.440814889048,0,0,0,1.225
899.122664759825,24.6187685667083,2,4,27.1415050879305,97.7094183165498,-0.316817484839665,12.2776883073026,558.715093656337,0,0,0,1.225
899.37265887019,24.6279798256723,2,4,27.1386384228717,97.6990983223383,-0.305609141770908,12.2750949241228,567.510215814,0,0,0,1.225
899.622652980555,24.6371920404205,2,4,27.1358721430329,97.6891397149185,-0.294958944100821,12.2725926160505,575.864846271083,0,0,0,1.225
899.87264709092,24.6464051779178,2,4,27.1332013344698,97.6795248040913,-0.28482393936019,12.2701769109479,583.813051171051,0,0,0,1.225
900.122641201286,24.6556192067132,2,4,27.1306214536086,97.6702372329909,-0.275166044652118,12.2678436743168,591.385023334361,0,0,0,1.225
900.372635311651,24.664834096823,2,4,27.1281282860927,97.6612618299338,-0.265951312494473,12.2655890717784,598.607667102562,0,0,0,1.225
900.622629422016,24.6740498196271,2,4,27.12571791172,97.6525844821921,-0.257149332970608,12.2634095371035,605.50507450291,0,0,0,1.225
900.872623532381,24.6832663477759,2,4,27.1233866743592,97.644192027693,-0.248732742494693,12.2613017447801,612.098916421447,0,0,0,1.225
901.122617642747,24.6924836551064,2,4,27.1211311559716,97.6360721614977,-0.240676816843271,12.2592625863235,618.408766610686,0,0,0,1.225
901.372611753112,24.7017017165665,2,4,27.1189481540469,97.6282133545689,-0.232959131439842,12.2572891496981,624.452372100655,0,0,0,1.225
901.622605863477,24.7109205081464,2,4,27.1168346618956,97.620604782824,-0.225559275800674,12.255378701343,630.245880453301,0,0,0,1.225
901.872599973843,24.7201400068161,2,4,27.1147878513506,97.613236264862,-0.218458611944358,12.2535286703958,635.804031991195,0,0,0,1.225
902.122594084208,24.7293601904684,2,4,27.1128050575128,97.606098207046,-0.211640068779997,12.2517366347782,641.140323366579,0,0,0,1.225
902.372588194573,24.7385810378666,2,4,27.1108837652397,97.599181554863,-0.205087966131296,12.2500003088723,646.267147526867,0,0,0,1.225
902.622582304938,24.7478025285963,2,4,27.1090215971298,97.5924777496674,-0.198787863339645,12.2483175325609,651.195914107186,0,0,0,1.225
902.872576415304,24.7570246430214,2,4,27.1072163027965,97.5859786900674,-0.192726428387702,12.2466862614433,655.937153484311,0,0,0,1.225
903.122570525669,24.7662473622429,2,4,27.105465749259,97.5796766973322,-0.186891324235349,12.2451045580708,660.500607128108,0,0,0,1.225
903.372564636034,24.7754706680616,2,4,27.1037679123053,97.5735644842992,-0.18127110968538,12.2435705840685,664.89530638783,0,0,0,1.225
903.622558746399,24.7846945429425,2,4,27.1021208687049,97.5676351273377,-0.175855152577247,12.2420825930315,669.129641467236,0,0,0,1.225
903.872552856765,24.7939189699827,2,4,27.1005227891653,97.5618820409951,-0.170633553478648,12.2406389241011,673.211422046372,0,0,0,1.225
904.12254696713,24.8031439328805,2,4,27.0989719319457,97.5562989550045,-0.165597078372241,12.2392379961397,677.147930746847,0,0,0,1.225
904.372541077495,24.8123694159074,2,4,27.0974666370495,97.5508798933781,-0.160737099068924,12.2378783024335,680.945970450837,0,0,0,1.225
904.62253518786,24.8215954038817,2,4,27.0960053209306,97.5456191553503,-0.156045540301052,12.236558405865,684.61190630713,0,0,0,1.225
904.872529298226,24.8308218821432,2,4,27.094586471657,97.5405112979651,-0.151514832589266,12.2352769345016,688.151703145869,0,0,0,1.225
905.122523408591,24.8400488365306,2,4,27.0932086444808,97.5355511201308,-0.147137870147131,12.2340325775561,691.570958887633,0,0,0,1.225
905.372517518956,24.8492762533592,2,4,27.0918704577739,97.5307336479861,-0.142907973168276,12.2328240816801,694.874934468515,0,0,0,1.225
905.622511629321,24.8585041194007,2,4,27.0905705892897,97.526054121443,-0.138818853958969,12.2316502475548,698.068580708577,0,0,0,1.225
905.872505739687,24.8677324218634,2,4,27.0893077727188,97.5215079817877,-0.134864586446363,12.2305099267514,701.156562497515,0,0,0,1.225
906.122499850052,24.8769611483745,2,4,27.0880807945097,97.517090860235,-0.131039578658584,12.2294020188314,704.143280618832,0,0,0,1.225
906.372493960417,24.8861902869626,2,4,27.0868884909289,97.512798567344,-0.127338547831501,12.2283254686669,707.032891487118,0,0,0,1.225
906.622488070783,24.8954198260415,2,4,27.0857297453374,97.5086270832147,-0.123756497842948,12.2272792639576,709.829325036437,0,0,0,1.225
906.872482181148,24.9046497543946,2,4,27.0846034856642,97.5045725483912,-0.120288698714508,12.2262624329276,712.536300966552,0,0,0,1.225
907.122476291513,24.9138800611608,2,4,27.0835086820582,97.5006312554096,-0.11693066794983,12.2252740421854,715.157343530699,0,0,0,1.225
907.372470401878,24.9231107358203,2,4,27.0824443447034,97.4967996409323,-0.113678153519855,12.2243131947326,717.695795015679,0,0,0,1.225
907.622464512244,24.9323417681817,2,4,27.0814095217824,97.4930742784166,-0.11052711831419,12.2233790281081,720.154828057999,0,0,0,1.225
907.872458622609,24.9415731483692,2,4,27.0804032975762,97.4894518712743,-0.107473725909217,12.2224707126563,722.537456914838,0,0,0,1.225
908.122452732974,24.9508048668113,2,4,27.0794247906884,97.4859292464783,-0.104514327521775,12.2215874499092,724.846547794071,0,0,0,1.225
908.372446843339,24.9600369142291,2,4,27.0784731523838,97.4825033485816,-0.10164545002719,12.2207284710728,727.084828339714,0,0,0,1.225
908.622440953705,24.9692692816258,2,4,27.0775475650317,97.4791712341141,-0.0988637849363946,12.2198930356092,729.254896356435,0,0,0,1.225
908.87243506407,24.9785019602763,2,4,27.0766472406466,97.4759300663277,-0.0961661782448197,12.2190804299069,731.359227842485,0,0,0,1.225
909.122429174435,24.9877349417177,2,4,27.0757714195172,97.4727771102618,-0.09354962106506,12.2182899660324,733.400184400994,0,0,0,1.225
909.3724232848,24.9969682177397,2,4,27.0749193689183,97.469709728106,-0.09101124097351,12.2175209805572,735.380020085048,0,0,0,1.225
909.622417395166,25.006201780376,2,4,27.0740903818988,97.4667253748357,-0.0885482940054856,12.2167728334537,737.300887728577,0,0,0,1.225
909.872411505531,25.0154356218956,2,4,27.0732837761394,97.4638215941017,-0.0861581572390289,12.2160449070562,739.164844810543,0,0,0,1.225
910.122405615896,25.0246697347948,2,4,27.0724988928765,97.4609960143554,-0.0838383219151014,12.21533660508,740.97385889396,0,0,0,1.225
910.372399726262,25.0339041117895,2,4,27.0717350958864,97.4582463451911,-0.0815863870518713,12.2146473516975,742.729812673291,0,0,0,1.225
910.622393836627,25.0431387458074,2,4,27.0709917705255,97.4555703738919,-0.0794000535048904,12.2139765906644,744.434508668534,0,0,0,1.225
910.872387946992,25.0523736299813,2,4,27.0702683228232,97.4529659621636,-0.0772771184363274,12.2133237844941,746.089673595224,0,0,0,1.225
911.122382057357,25.0616087576422,2,4,27.0695641786236,97.450431043045,-0.0752154701646046,12.212688413677,747.696962433052,0,0,0,1.225
911.372376167723,25.0708441223124,2,4,27.0688787827725,97.4479636179811,-0.0732130833557867,12.2120699759405,749.257962223837,0,0,0,1.225
911.622370278088,25.0800797176997,2,4,27.0682115983472,97.4455617540501,-0.0712680145358008,12.2114679855483,750.774195615382,0,0,0,1.225
911.872364388453,25.0893155376911,2,4,27.0675621059258,97.4432235813328,-0.0693783978925643,12.2108819726358,752.247124175808,0,0,0,1.225
912.122358498818,25.098551576347,2,4,27.0669298028933,97.4409472904158,-0.0675424413484674,12.2103114825792,753.678151493841,0,0,0,1.225
912.372352609184,25.1077878278956,2,4,27.0663142027833,97.4387311300198,-0.0657584228818346,12.2097560753965,755.068626082009,0,0,0,1.225
912.622346719549,25.1170242867278,2,4,27.0657148346515,97.4365734047454,-0.0640246870773579,12.2092153251779,756.419844098632,0,0,0,1.225
912.872340829914,25.1262609473918,2,4,27.0651312424801,97.4344724729284,-0.0623396418879916,12.2086888195445,757.733051902478,0,0,0,1.225
913.122334940279,25.1354978045883,2,4,27.0645629846109,97.4324267445992,-0.0607017555967141,12.2081761591328,759.009448449266,0,0,0,1.225
913.372329050645,25.1447348531657,2,4,27.0640096332053,97.4304346795389,-0.0591095539556444,12.2076769571038,760.250187547899,0,0,0,1.225
913.62232316101,25.1539720881153,2,4,27.0634707737296,97.4284947854264,-0.0575616174979675,12.2071908386752,761.456379979993,0,0,0,1.225
913.872317271375,25.1632095045673,2,4,27.0629460044644,97.426605616072,-0.056056579004932,12.206717440676,762.62909549677,0,0,0,1.225
914.12231138174,25.1724470977863,2,4,27.0624349360366,97.4247657697317,-0.0545931211192797,12.2062564111202,763.769364700179,0,0,0,1.225
914.372305492106,25.1816848631671,2,4,27.0619371909717,97.422973887498,-0.0531699740951027,12.2058074088016,764.878180816142,0,0,0,1.225
914.622299602471,25.1909227962309,2,4,27.0614524032674,97.4212286517625,-0.0517859136709399,12.2053701029051,765.95650137042,0,0,0,1.225
914.872293712836,25.2001608926216,2,4,27.0609802179853,97.4195287847471,-0.0504397590661129,12.2049441726365,767.005249767017,0,0,0,1.225
915.122287823202,25.2093991481017,2,4,27.0605202908608,97.4178730470988,-0.0491303710816567,12.2045293068681,768.025316784001,0,0,0,1.225
915.372281933567,25.2186375585492,2,4,27.0600722879293,97.4162602365454,-0.0478566503072081,12.2041252037993,769.017561985558,0,0,0,1.225
915.622276043932,25.2278761199541,2,4,27.0596358851693,97.4146891866096,-0.0466175354213478,12.2037315706324,769.982815060256,0,0,0,1.225
915.872270154297,25.2371148284147,2,4,27.0592107681601,97.4131587653765,-0.0454120015863046,12.2033481232619,770.92187708473,0,0,0,1.225
916.122264264663,25.2463536801349,2,4,27.0587966317536,97.4116678743129,-0.0442390589186033,12.2029745859766,771.835521727473,0,0,0,1.225
916.372258375028,25.2555926714208,2,4,27.0583931797601,97.4102154471365,-0.0430977510483921,12.2026106911748,772.724496382501,0,0,0,1.225
916.622252485393,25.2648317986778,2,4,27.0580001246472,97.4088004487301,-0.0419871537431165,12.2022561790902,773.589523252322,0,0,0,1.225
916.872246595758,25.2740710584079,2,4,27.0576171872503,97.4074218741012,-0.0409063736071392,12.2019107975298,774.431300370882,0,0,0,1.225
917.122240706124,25.2833104472064,2,4,27.0572440964952,97.4060787473828,-0.0398545468443429,12.2015743016221,775.250502576826,0,0,0,1.225
917.372234816489,25.2925499617598,2,4,27.0568805891315,97.4047701208735,-0.0388308380784886,12.2012464535754,776.04778244122,0,0,0,1.225
917.622228926854,25.3017895988429,2,4,27.056526409477,97.403495074117,-0.0378344392374657,12.2009270224454,776.82377114479,0,0,0,1.225
917.872223037219,25.3110293553162,2,4,27.0561813091712,97.4022527130162,-0.0368645684855209,12.2006157839124,777.579079317387,0,0,0,1.225
918.122217147585,25.3202692281236,2,4,27.0558450469394,97.4010421689819,-0.0359204692105118,12.2003125200666,778.314297833996,0,0,0,1.225
918.37221125795,25.32950921429,2,4,27.0555173883652,97.3998625981148,-0.0350014090568635,12.2000170192022,779.029998574736,0,0,0,1.225
918.622205368315,25.338749310919,2,4,27.0551981056717,97.398713180418,-0.0341066790035471,12.199729075619,779.726735149359,0,0,0,1.225
918.87219947868,25.3479895151906,2,4,27.0548869775109,97.3975931190392,-0.033235592487988,12.1994484894315,780.405043585501,0,0,0,1.225
919.122193589046,25.3572298243593,2,4,27.0545837887616,97.3965016395417,-0.0323874845647635,12.1991750663853,781.06544298958,0,0,0,1.225
919.372187699411,25.3664702357516,2,4,27.0542883303339,97.395437989202,-0.0315617111077301,12.1989086176807,781.708436173392,0,0,0,1.225
919.622181809776,25.3757107467646,2,4,27.0540003989815,97.3944014363333,-0.0307576480451198,12.1986489598015,782.334510254773,0,0,0,1.225
919.872175920142,25.3849513548632,2,4,27.0537197971206,97.393391269634,-0.0299746906294268,12.1983959143519,782.944137230835,0,0,0,1.225
920.122170030507,25.3941920575792,2,4,27.0534463326553,97.3924067975591,-0.0292122527384436,12.1981493078977,783.537774526676,0,0,0,1.225
920.372164140872,25.4034328525085,2,4,27.0531798188096,97.3914473477147,-0.0284697662081315,12.1979089718142,784.115865519002,0,0,0,1.225
920.622158251237,25.41267373731,2,4,27.0529200739651,97.3905122662743,-0.0277466801955044,12.1976747421391,784.678840036095,0,0,0,1.225
920.872152361603,25.4219147097036,2,4,27.0526669215041,97.3896009174147,-0.0270424605642503,12.1974464594307,785.22711483994,0,0,0,1.225
921.122146471968,25.4311557674685,2,4,27.0524201896591,97.3887126827728,-0.0263565893015047,12.1972239686313,785.761094083754,0,0,0,1.225
921.372140582333,25.4403969084419,2,4,27.0521797113668,97.3878469609207,-0.0256885639564511,12.1970071189348,786.281169752376,0,0,0,1.225
921.622134692698,25.4496381305168,2,4,27.0519453241275,97.387003166859,-0.0250378971032525,12.1967957636597,786.787722083489,0,0,0,1.225
921.872128803064,25.4588794316411,2,4,27.0517168698689,97.3861807315279,-0.0244041158235358,12.1965897601258,787.281119973492,0,0,0,1.225
922.122122913429,25.4681208098158,2,4,27.0514941948151,97.3853791013343,-0.0237867612166181,12.1963889695352,787.761721361461,0,0,0,1.225
922.372117023794,25.4773622630934,2,4,27.0512771493598,97.3845977376955,-0.0231853879208738,12.196193256858,788.229873604456,0,0,0,1.225
922.622111134159,25.4866037895772,2,4,27.0510655879438,97.3838361165978,-0.0225995636610223,12.1960024907207,788.685913832354,0,0,0,1.225
922.872105244525,25.4958453874189,2,4,27.0508593689363,97.3830937281706,-0.0220288688108789,12.1958165432994,789.130169290555,0,0,0,1.225
923.12209935489,25.5050870548183,2,4,27.0506583545203,97.3823700762731,-0.0214728959740673,12.1956352902163,789.562957668557,0,0,0,1.225
923.372093465255,25.5143287900213,2,4,27.0504624105825,97.381664678097,-0.0209312495806496,12.1954586104389,789.984587416016,0,0,0,1.225
923.622087575621,25.523570591319,2,4,27.0502714066054,97.3809770637794,-0.0204035454978532,12.1952863861836,790.39535804776,0,0,0,1.225
923.872081685986,25.5328124570464,2,4,27.0500852155642,97.3803067760311,-0.0198894106614892,12.1951185028214,790.795560432445,0,0,0,1.225
924.122075796351,25.5420543855814,2,4,27.0499037138263,97.3796533697746,-0.0193884827141928,12.1949548487879,791.185477075964,0,0,0,1.225
924.372069906716,25.5512963753432,2,4,27.0497267810543,97.3790164117955,-0.0189004096620807,12.1947953154948,791.565382390315,0,0,0,1.225
924.622064017082,25.5605384247918,2,4,27.0495543001122,97.3783954804038,-0.0184248495436871,12.1946397972453,791.935542952826,0,0,0,1.225
924.872058127447,25.5697805324265,2,4,27.0493861569742,97.377790165107,-0.0179614701098143,12.1944881911518,792.296217756838,0,0,0,1.225
925.122052237812,25.5790226967849,2,4,27.0492222406368,97.3772000662927,-0.0175099485161161,12.1943403970561,792.647658452365,0,0,0,1.225
925.372046348177,25.5882649164421,2,4,27.0490624430338,97.3766247949216,-0.0170699710281873,12.1941963174523,792.990109576922,0,0,0,1.225
925.622040458543,25.5975071900096,2,4,27.0489066589529,97.3760639722304,-0.0166412327352932,12.1940558574124,793.323808779598,0,0,0,1.225
925.872034568908,25.6067495161342,2,4,27.0487547859565,97.3755172294434,-0.0162234372754689,12.1939189245134,793.648987036186,0,0,0,1.225
926.122028679273,25.6159918934973,2,4,27.0486067243037,97.3749842074932,-0.0158162965715317,12.1937854287674,793.965868855739,0,0,0,1.225
926.372022789638,25.6252343208138,2,4,27.0484623768751,97.3744645567502,-0.0154195305750525,12.1936552825538,794.274672480889,0,0,0,1.225
926.622016900004,25.6344767968314,2,4,27.0483216491002,97.3739579367606,-0.0150328670194223,12.193528400553,794.575610081044,0,0,0,1.225
926.872011010369,25.6437193203295,2,4,27.0481844488865,97.3734640159915,-0.0146560411829231,12.1934046996831,794.868887937699,0,0,0,1.225
927.122005120734,25.6529618901188,2,4,27.0480506865513,97.3729824715848,-0.0142887956597572,12.1932840990375,795.154706623525,0,0,0,1.225
927.371999231099,25.6622045050398,2,4,27.047920274755,97.3725129891182,-0.0139308801374434,12.1931665198251,795.433261176475,0,0,0,1.225
927.621993341465,25.6714471639627,2,4,27.0477931284368,97.3720552623727,-0.0135820511842172,12.1930518853119,795.70474126601,0,0,0,1.225
927.87198745183,25.6806898657865,2,4,27.0476691647523,97.3716089931083,-0.013242072042116,12.1929401207649,795.969331354905,0,0,0,1.225
928.121981562195,25.6899326094376,2,4,27.0475483030127,97.3711738908458,-0.012910712428705,12.1928311533968,796.227210854232,0,0,0,1.225
928.371975672561,25.6991753938701,2,4,27.0474304646262,97.3707496726543,-0.01258774834244,12.1927249123132,796.478554275564,0,0,0,1.225
928.621969782926,25.7084182180642,2,4,27.0473155730408,97.3703360629468,-0.0122729618794005,12.1926213284609,796.723531374169,0,0,0,1.225
928.871963893291,25.7176610810262,2,4,27.0472035536889,97.3699327932801,-0.0119661410516137,12.192520334578,796.962307291045,0,0,0,1.225
929.121958003656,25.7269039817873,2,4,27.0470943339337,97.3695396021612,-0.0116670796131095,12.1924218651451,797.195042688861,0,0,0,1.225
929.371952114022,25.7361469194033,2,4,27.0469878430167,97.3691562348601,-0.0113755768937062,12.1923258563382,797.421893881807,0,0,0,1.225
929.621946224387,25.7453898929538,2,4,27.0468840120074,97.3687824432267,-0.0110914376350708,12.192232245983,797.643012963722,0,0,0,1.225
929.871940334752,25.7546329015416,2,4,27.046782773754,97.3684179855142,-0.0108144718333721,12.1921409735106,797.858547931026,0,0,0,1.225
930.121934445117,25.7638759442922,2,4,27.0466840628352,97.3680626262068,-0.0105444945883013,12.1920519799137,798.068642800653,0,0,0,1.225
930.371928555483,25.773119020353,2,4,27.0465878155146,97.3677161358527,-0.0102813259557305,12.1919652077058,798.273437725151,0,0,0,1.225
930.621922665848,25.7823621288931,2,4,27.046493969695,97.3673782909022,-0.0100247908053732,12.1918806008792,798.473069103859,0,0,0,1.225
930.871916776213,25.7916052691024,2,4,27.0464024648749,97.3670488735496,-0.00977471868117354,12.1917981048665,798.667669691981,0,0,0,1.225
931.121910886578,25.8008484401912,2,4,27.0463132421058,97.3667276715808,-0.00953094367101848,12.1917176665018,798.857368702277,0,0,0,1.225
931.371904996944,25.8100916413897,2,4,27.0462262439511,97.3664144782238,-0.00929330427531234,12.1916392339831,799.042291907734,0,0,0,1.225
931.621899107309,25.8193348719474,2,4,27.0461414144458,97.366109092005,-0.00906164328282801,12.1915627568367,799.222561738485,0,0,0,1.225
931.871893217674,25.8285781311327,2,4,27.0460586990578,97.3658113166079,-0.00883580764883175,12.1914881858813,799.398297376983,0,0,0,1.225
932.12188732804,25.8378214182325,2,4,27.0459780446493,97.3655209607376,-0.0086156483793473,12.1914154731942,799.569614848321,0,0,0,1.225
932.371881438405,25.8470647325514,2,4,27.0458993994409,97.3652378379872,-0.0084010204147378,12.191344572078,799.736627111167,0,0,0,1.225
932.62187554877,25.8563080734116,2,4,27.0458227129749,97.3649617667096,-0.00819178252238284,12.1912754370278,799.899444141483,0,0,0,1.225
932.871869659135,25.8655514401522,2,4,27.0457479360811,97.3646925698918,-0.00798779718685448,12.1912080237006,800.058173018308,0,0,0,1.225
933.121863769501,25.8747948321291,2,4,27.0456750208426,97.3644300750333,-0.00778893050987038,12.1911422888838,800.212918001767,0,0,0,1.225
933.371857879866,25.8840382487141,2,4,27.0456039205631,97.3641741140273,-0.00759505210683642,12.1910781904663,800.363780613879,0,0,0,1.225
933.621851990231,25.8932816892949,2,4,27.045534589735,97.3639245230459,-0.00740603501157481,12.1910156874092,800.510859712858,0,0,0,1.225
933.871846100596,25.9025251532745,2,4,27.0454669840078,97.3636811424281,-0.00722175558014284,12.1909547397176,800.654251568205,0,0,0,1.225
934.121840210962,25.9117686400709,2,4,27.0454010601584,97.3634438165704,-0.00704209340079071,12.1908953084137,800.794049930931,0,0,0,1.225
934.371834321327,25.9210121491165,2,4,27.0453367760615,97.3632123938215,-0.00686693120573852,12.1908373555098,800.930346102381,0,0,0,1.225
934.621828431692,25.9302556798581,2,4,27.0452740906609,97.3629867263791,-0.00669615478158889,12.1907808439829,801.063229004195,0,0,0,1.225
934.871822542057,25.9394992317562,2,4,27.0452129639415,97.3627666701894,-0.00652965289065385,12.1907257377491,801.192785239583,0,0,0,1.225
935.121816652423,25.9487428042851,2,4,27.0451533569027,97.3625520848499,-0.00636731718568767,12.1906720016398,801.319099159923,0,0,0,1.225
935.371810762788,25.9579863969318,2,4,27.0450952315319,97.3623428335148,-0.00620904213371493,12.1906196013771,801.442252924126,0,0,0,1.225
935.621804873153,25.9672300091964,2,4,27.0450385507784,97.3621387828022,-0.00605472493803944,12.1905685035515,801.5623265595,0,0,0,1.225
935.871798983518,25.9764736405916,2,4,27.0449832785292,97.361939802705,-0.00590426546593779,12.1905186755987,801.679398018104,0,0,0,1.225
936.121793093884,25.9857172906419,2,4,27.0449293795842,97.3617457665031,-0.00575756617407898,12.1904700857783,801.79354323497,0,0,0,1.225
936.371787204249,25.994960958884,2,4,27.044876819633,97.3615565506786,-0.00561453204167497,12.190422703152,801.904836180165,0,0,0,1.225
936.621781314614,26.0042046448661,2,4,27.0448255652315,97.3613720348333,-0.00547507050044799,12.1903764975633,802.013348913454,0,0,0,1.225
936.87177542498,26.0134483481476,2,4,27.04477558378,97.361192101608,-0.00533909136869057,12.190331439617,802.119151635715,0,0,0,1.225
937.121769535345,26.0226920682989,2,4,27.0447268435012,97.3610166366042,-0.00520650678850895,12.1902875006599,802.222312737844,0,0,0,1.225
937.37176364571,26.0319358049012,2,4,27.044679313419,97.3608455283083,-0.00507723116397601,12.1902446527612,802.322898848973,0,0,0,1.225
937.621757756075,26.0411795575462,2,4,27.044632963338,97.3606786680169,-0.0049511810983746,12.1902028686945,802.420974885442,0,0,0,1.225
937.871751866441,26.0504233258356,2,4,27.0445877638236,97.3605159497651,-0.00482827533758019,12.1901621219193,802.516604094898,0,0,0,1.225
938.121745976806,26.0596671093812,2,4,27.0445436861821,97.3603572702557,-0.0047084347123066,12.1901223865636,802.609848101335,0,0,0,1.225
938.371740087171,26.0689109078043,2,4,27.0445007024421,97.3602025287914,-0.00459158208421719,12.1900836374065,802.700766947065,0,0,0,1.225
938.621734197536,26.0781547207358,2,4,27.0444587853355,97.3600516272078,-0.0044776422883979,12.1900458498618,802.789419137642,0,0,0,1.225
938.871728307902,26.0873985478157,2,4,27.0444179082802,97.3599044698086,-0.00436654208492559,12.1900089999618,802.87586167953,0,0,0,1.225
939.121722418267,26.0966423886931,2,4,27.0443780453619,97.3597609633029,-0.00425821010679819,12.1899730643409,802.960150120712,0,0,0,1.225
939.371716528632,26.1058862430257,2,4,27.0443391713176,97.3596210167432,-0.00415257680945657,12.189938020221,803.042338590056,0,0,0,1.225
939.621710638997,26.1151301104797,2,4,27.0443012615183,97.3594845414659,-0.00404957442394447,12.189903845396,803.122479833791,0,0,0,1.225
939.871704749363,26.1243739907298,2,4,27.0442642919536,97.359351451033,-0.00394913690938628,12.1898705182173,803.200625252564,0,0,0,1.225
940.121698859728,26.1336178834587,2,4,27.0442282392154,97.3592216611753,-0.00385119990887549,12.1898380175796,803.276824935788,0,0,0,1.225
940.371692970093,26.1428617883568,2,4,27.0441930804826,97.3590950897373,-0.003755700702862,12.189806322907,803.351127698011,0,0,0,1.225
940.621687080459,26.1521057051226,2,4,27.0441587935065,97.3589716566234,-0.00366257816981557,12.1897754141399,803.423581109504,0,0,0,1.225
940.871681190824,26.1613496334617,2,4,27.0441253565959,97.3588512837454,-0.0035717727414321,12.1897452717213,803.494231531215,0,0,0,1.225
941.121675301189,26.1705935730873,2,4,27.0440927486032,97.3587338949714,-0.00348322636284234,12.1897158765842,803.563124145769,0,0,0,1.225
941.371669411554,26.1798375237197,2,4,27.0440609489102,97.3586194160766,-0.00339688245350269,12.1896872101395,803.630302987923,0,0,0,1.225
941.62166352192,26.189081485086,2,4,27.0440299374151,97.3585077746943,-0.00331268586945027,12.1896592542634,803.695810973964,0,0,0,1.225
941.871657632285,26.1983254569201,2,4,27.0439996945193,97.3583989002693,-0.00323058286442111,12.189631991286,803.75968993203,0,0,0,1.225
942.12165174265,26.2075694389628,2,4,27.0439702011143,97.3582927240116,-0.0031505210546064,12.1896054039793,803.821980629549,0,0,0,1.225
942.371645853015,26.2168134309611,2,4,27.04394143857,97.3581891788519,-0.00307244938249923,12.1895794755467,803.882722801415,0,0,0,1.225
942.621639963381,26.2260574326682,2,4,27.0439133887217,97.358088199398,-0.00299631808369724,12.1895541896113,803.94195517583,0,0,0,1.225
942.871634073746,26.2353014438436,2,4,27.043886033859,97.3579897218923,-0.0029220786514315,12.1895295302059,803.999715501973,0,0,0,1.225
943.121628184111,26.2445454642528,2,4,27.0438593567141,97.3578936841706,-0.00284968380723461,12.1895054817622,804.056040572781,0,0,0,1.225
943.371622294476,26.253789493667,2,4,27.0438333404505,97.3578000256219,-0.00277908746501481,12.1894820291011,804.110966253024,0,0,0,1.225
943.621616404842,26.2630335318631,2,4,27.0438079686525,97.357708687149,-0.00271024470468003,12.1894591574225,804.164527499757,0,0,0,1.225
943.871610515207,26.2722775786237,2,4,27.0437832253139,97.3576196111301,-0.00264311173848578,12.1894368522962,804.216758388603,0,0,0,1.225
944.121604625572,26.2815216337366,2,4,27.0437590948284,97.3575327413822,-0.00257764588374964,12.1894150996519,804.267692134973,0,0,0,1.225
944.371598735937,26.290765696995,2,4,27.043735561979,97.3574480231243,-0.00251380553397418,12.1893938857708,804.317361116557,0,0,0,1.225
944.621592846303,26.3000097681971,2,4,27.0437126119284,97.3573654029421,-0.00245155013156143,12.1893731972762,804.365796894573,0,0,0,1.225
944.871586956668,26.3092538471463,2,4,27.0436902302094,97.357284828754,-0.00239084014007265,12.1893530211254,804.413030235389,0,0,0,1.225
945.121581067033,26.3184979336506,2,4,27.0436684027158,97.3572062497769,-0.00233163701898929,12.1893333446008,804.459091130153,0,0,0,1.225
945.371575177399,26.3277420275231,2,4,27.0436471156928,97.3571296164941,-0.00227390319665481,12.189314155302,804.504008815904,0,0,0,1.225
945.621569287764,26.3369861285813,2,4,27.0436263557287,97.3570548806232,-0.00221760204730948,12.1892954411377,804.547811793412,0,0,0,1.225
945.871563398129,26.3462302366474,2,4,27.0436061097458,97.356981995085,-0.00216269786676077,12.189277190318,804.59052784613,0,0,0,1.225
946.121557508494,26.3554743515477,2,4,27.0435863649926,97.3569109139734,-0.00210915584646216,12.1892593913469,804.632184060428,0,0,0,1.225
946.37155161886,26.3647184731132,2,4,27.0435671090349,97.3568415925257,-0.00205694205373118,12.1892420330146,804.672806840931,0,0,0,1.225
946.621545729225,26.3739626011789,2,4,27.0435483297484,97.3567739870944,-0.00200602340696504,12.1892251043907,804.71242192987,0,0,0,1.225
946.87153983959,26.3832067355838,2,4,27.0435300153107,97.3567080551185,-0.00195636765608611,12.1892085948169,804.751054422266,0,0,0,1.225
947.121533949955,26.3924508761711,2,4,27.0435121541936,97.356643755097,-0.00190794335889443,12.1891924939003,804.788728784388,0,0,0,1.225
947.371528060321,26.4016950227877,2,4,27.0434947351559,97.3565810465614,-0.00186071986242269,12.1891767915068,804.825468868236,0,0,0,1.225
947.621522170686,26.4109391752845,2,4,27.0434777472364,97.3565198900509,-0.00181466728269943,12.1891614777545,804.861297927298,0,0,0,1.225
947.871516281051,26.4201833335158,2,4,27.0434611797461,97.3564602470861,-0.00176975648451239,12.1891465430073,804.896238632322,0,0,0,1.225
948.121510391416,26.4294274973398,2,4,27.0434450222626,97.3564020801453,-0.00172595906185382,12.189131977869,804.93031308655,0,0,0,1.225
948.371504501782,26.4386716666181,2,4,27.0434292646222,97.3563453526398,-0.00168324732086712,12.189117773177,804.963542838967,0,0,0,1.225
948.621498612147,26.4479158412158,2,4,27.0434138969141,97.3562900288909,-0.00164159426142913,12.1891039199968,804.995948898646,0,0,0,1.225
948.871492722512,26.4571600210011,2,4,27.0433989094742,97.3562360741072,-0.00160097355850501,12.1890904096159,805.027551749285,0,0,0,1.225
949.121486832878,26.4664042058458,2,4,27.0433842928784,97.3561834543621,-0.00156135954623175,12.1890772335383,805.058371361576,0,0,0,1.225
949.371480943243,26.4756483956246,2,4,27.0433700379368,97.3561321365725,-0.00152272719995521,12.1890643834796,805.088427207213,0,0,0,1.225
949.621475053608,26.4848925902156,2,4,27.0433561356882,97.3560820884774,-0.00148505212167786,12.189051851361,805.11773827019,0,0,0,1.225
949.871469163973,26.4941367894995,2,4,27.0433425773937,97.3560332786175,-0.00144831052300535,12.1890396293046,805.146323060097,0,0,0,1.225
950.121463274339,26.5033809933604,2,4,27.043329354532,97.3559856763153,-0.00141247920968476,12.1890277096282,805.174199624159,0,0,0,1.225
950.371457384704,26.512625201685,2,4,27.0433164587931,97.3559392516553,-0.00137753556727967,12.1890160848405,805.201385558377,0,0,0,1.225
950.621451495069,26.5218694143629,2,4,27.0433038820736,97.3558939754651,-0.00134345754661796,12.1890047476363,805.227898018847,0,0,0,1.225
950.871445605434,26.5311136312864,2,4,27.0432916164713,97.3558498192968,-0.00131022364855738,12.1889936908918,805.253753733647,0,0,0,1.225
951.1214397158,26.5403578523504,2,4,27.0432796542803,97.3558067554091,-0.00127781291034282,12.1889829076602,805.278969013448,0,0,0,1.225
951.371433826165,26.5496020774526,2,4,27.043267987986,97.3557647567495,-0.00124620489355522,12.1889723911671,805.30355976086,0,0,0,1.225
951.62142793653,26.5588463064931,2,4,27.0432566102602,97.3557237969368,-0.00121537966819503,12.1889621348064,805.327541482887,0,0,0,1.225
951.871422046895,26.5680905393744,2,4,27.043245513957,97.3556838502452,-0.00118531780245015,12.1889521321359,805.350929298831,0,0,0,1.225
952.121416157261,26.5773347760016,2,4,27.0432346921075,97.355644891587,-0.00115600034928061,12.1889423768734,805.373737950754,0,0,0,1.225
952.371410267626,26.586579016282,2,4,27.0432241379159,97.3556068964974,-0.00112740883323051,12.1889328628927,805.395981813765,0,0,0,1.225
952.621404377991,26.5958232601253,2,4,27.0432138447552,97.3555698411186,-0.00109952524042341,12.1889235842193,805.417674903767,0,0,0,1.225
952.871398488356,26.6050675074433,2,4,27.0432038061624,97.3555337021847,-0.00107233200423744,12.1889145350273,805.438830888665,0,0,0,1.225
953.121392598722,26.6143117581502,2,4,27.0431940158353,97.3554984570072,-0.0010458119982565,12.1889057096352,805.459463093763,0,0,0,1.225
953.371386709087,26.623556012162,2,4,27.0431844676279,97.3554640834603,-0.0010199485201264,12.1888971025025,805.479584514438,0,0,0,1.225
953.621380819452,26.6328002693972,2,4,27.0431751555464,97.3554305599671,-0.000994725285415633,12.1888887082261,805.499207820821,0,0,0,1.225
953.871374929818,26.6420445297759,2,4,27.0431660737461,97.3553978654858,-0.00097012641419996,12.1888805215368,805.518345368302,0,0,0,1.225
954.121369040183,26.6512887932205,2,4,27.0431572165268,97.3553659794966,-0.000946136422422051,12.1888725372965,805.537009204223,0,0,0,1.225
954.371363150548,26.6605330596551,2,4,27.0431485783301,97.3553348819883,-0.000922740211204655,12.1888647504939,805.55521107621,0,0,0,1.225
954.621357260913,26.6697773290057,2,4,27.043140153735,97.355304553446,-0.000899923056845923,12.1888571562426,805.572962439969,0,0,0,1.225
954.871351371279,26.6790216012004,2,4,27.0431319374552,97.3552749748386,-0.000877670603543281,12.1888497497768,805.590274464901,0,0,0,1.225
955.121345481644,26.6882658761687,2,4,27.0431239243353,97.355246127607,-0.000855968850887582,12.1888425264492,805.607158043908,0,0,0,1.225
955.371339592009,26.6975101538422,2,4,27.0431161093477,97.3552179936518,-0.000834804148406008,12.1888354817277,805.623623797564,0,0,0,1.225
955.621333702374,26.7067544341538,2,4,27.0431084875896,97.3551905553226,-0.000814163183510985,12.1888286111924,805.639682083566,0,0,0,1.225
955.87132781274,26.7159987170384,2,4,27.0431010542795,97.3551637954062,-0.000794032976043082,12.1888219105329,805.655343000917,0,0,0,1.225
956.121321923105,26.7252430024323,2,4,27.0430938047545,97.3551376971161,-0.000774400867129443,12.1888153755458,805.670616398654,0,0,0,1.225
956.37131603347,26.7344872902736,2,4,27.0430867344672,97.3551122440818,-0.000755254513954065,12.1888090021319,805.685511879862,0,0,0,1.225
956.621310143835,26.7437315805017,2,4,27.0430798389829,97.3550874203384,-0.0007365818799805,12.1888027862934,805.700038809322,0,0,0,1.225
956.871304254201,26.7529758730576,2,4,27.0430731139768,97.3550632103165,-0.000718371227220972,12.1887967241316,805.714206319527,0,0,0,1.225
957.121298364566,26.7622201678837,2,4,27.0430665552313,97.3550395988325,-0.000700611110324518,12.1887908118445,805.728023315251,0,0,0,1.225
957.371292474931,26.771464464924,2,4,27.0430601586331,97.3550165710791,-0.00068329036702707,12.1887850457241,805.741498481031,0,0,0,1.225
957.621286585297,26.7807087641237,2,4,27.043053920171,97.3549941126157,-0.000666398114058633,12.1887794221546,805.754640284282,0,0,0,1.225
957.871280695662,26.7899530654293,2,4,27.0430478359331,97.3549722093593,-0.000649923736683848,12.1887739376095,805.767456983519,0,0,0,1.225
958.121274806027,26.7991973687889,2,4,27.0430419021044,97.3549508475758,-0.000633856885291308,12.1887685886495,805.779956630935,0,0,0,1.225
958.371268916392,26.8084416741517,2,4,27.0430361149642,97.3549300138712,-0.000618187465616261,12.188763371921,805.79214708008,0,0,0,1.225
958.621263026758,26.8176859814682,2,4,27.0430304708843,97.3549096951834,-0.000602905636012055,12.1887582841529,805.804035987907,0,0,0,1.225
958.871257137123,26.82693029069,2,4,27.043024966326,97.3548898787736,-0.000588001797218092,12.1887533221555,805.815630822814,0,0,0,1.225
959.121251247488,26.83617460177,2,4,27.0430195978385,97.3548705522185,-0.000573466589176512,12.1887484828179,805.826938867065,0,0,0,1.225
959.371245357853,26.8454189146624,2,4,27.0430143620562,97.3548517034024,-0.000559290884210827,12.1887437631063,805.837967222114,0,0,0,1.225
959.621239468219,26.8546632293223,2,4,27.0430092556971,97.3548333205096,-0.000545465781114065,12.188739160062,805.848722813209,0,0,0,1.225
959.871233578584,26.8639075457061,2,4,27.0430042755602,97.3548153920169,-0.000531982599236915,12.1887346707995,805.859212393997,0,0,0,1.225
960.121227688949,26.873151863771,2,4,27.042999418524,97.3547979066865,-0.000518832873485389,12.1887302925048,805.869442550407,0,0,0,1.225
960.371221799314,26.8823961834757,2,4,27.0429946815441,97.3547808535586,-0.000506008349091103,12.1887260224337,805.879419704715,0,0,0,1.225
960.62121590968,26.8916405047795,2,4,27.0429900616514,97.354764221945,-0.000493500975244666,12.1887218579096,805.889150120525,0,0,0,1.225
960.871210020045,26.9008848276429,2,4,27.0429855559505,97.3547480014219,-0.000481302901457613,12.1887177963225,805.898639905566,0,0,0,1.225
961.12120413041,26.9101291520273,2,4,27.0429811616176,97.3547321818234,-0.000469406471877931,12.1887138351267,805.907895016132,0,0,0,1.225
961.371198240775,26.9193734778953,2,4,27.0429768758987,97.3547167532354,-0.00045780422028772,12.1887099718399,805.916921260977,0,0,0,1.225
961.621192351141,26.92861780521,2,4,27.0429726961081,97.3547017059891,-0.000446488866010371,12.1887062040408,805.925724304489,0,0,0,1.225
961.871186461506,26.9378621339358,2,4,27.0429686196264,97.354687030655,-0.000435453307998709,12.1887025293683,805.934309671313,0,0,0,1.225
962.121180571871,26.9471064640377,2,4,27.0429646438992,97.354672718037,-0.000424690622106446,12.1886989455197,805.942682748442,0,0,0,1.225
962.371174682237,26.9563507954819,2,4,27.0429607664352,97.3546587591666,-0.000414194056085845,12.1886954502492,805.950848789116,0,0,0,1.225
962.621168792602,26.965595128235,2,4,27.0429569848048,97.3546451452972,-0.000403957023448479,12.1886920413667,805.958812917647,0,0,0,1.225
962.871162902967,26.9748394622647,2,4,27.0429532966385,97.3546318678984,-0.000393973103010481,12.1886887167361,805.966580129688,0,0,0,1.225
963.121157013332,26.9840837975395,2,4,27.0429496996254,97.3546189186514,-0.000384236031389031,12.1886854742745,805.974155298145,0,0,0,1.225
963.371151123698,26.9933281340286,2,4,27.0429461915119,97.3546062894427,-0.000374739700955946,12.1886823119501,805.981543174734,0,0,0,1.225
963.621145234063,27.002572471702,2,4,27.0429427701,97.3545939723598,-0.000365478154607962,12.1886792277817,805.988748394072,0,0,0,1.225
963.871139344428,27.0118168105305,2,4,27.0429394332461,97.3545819596861,-0.000356445584402462,12.188676219837,805.995775474694,0,0,0,1.225
964.121133454793,27.0210611504854,2,4,27.0429361788599,97.3545702438955,-0.000347636324963479,12.1886732862315,806.002628824241,0,0,0,1.225
964.371127565159,27.030305491539,2,4,27.0429330049024,97.3545588176486,-0.00033904485143529,12.1886704251273,806.009312741023,0,0,0,1.225
964.621121675524,27.0395498336641,2,4,27.0429299093853,97.354547673787,-0.000330665776526486,12.1886676347321,806.015831416306,0,0,0,1.225
964.871115785889,27.0487941768342,2,4,27.0429268903694,97.35453680533,-0.000322493845735013,12.1886649132978,806.02218893806,0,0,0,1.225
965.121109896254,27.0580385210234,2,4,27.0429239459636,97.3545262054691,-0.000314523935074382,12.1886622591196,806.028389292699,0,0,0,1.225
965.37110400662,27.0672828662067,2,4,27.0429210743234,97.3545158675644,-0.000306751046980844,12.1886596705348,806.034436368291,0,0,0,1.225
965.621098116985,27.0765272123594,2,4,27.0429182736501,97.3545057851402,-0.000299170308266982,12.1886571459219,806.040333956123,0,0,0,1.225
965.87109222735,27.0857715594576,2,4,27.0429155421892,97.3544959518811,-0.000291776966256265,12.1886546836996,806.046085753726,0,0,0,1.225
966.121086337715,27.0950159074779,2,4,27.0429128782299,97.3544863616278,-0.000284566385599745,12.1886522823256,806.051695367358,0,0,0,1.225
966.371080448081,27.1042602563975,2,4,27.0429102801037,97.3544770083733,-0.000277534046002262,12.1886499402956,806.057166313754,0,0,0,1.225
966.621074558446,27.1135046061943,2,4,27.0429077461831,97.3544678862592,-0.00027067553903914,12.1886476561428,806.062502022617,0,0,0,1.225
966.871068668811,27.1227489568464,2,4,27.0429052748811,97.354458989572,-0.000263986565655019,12.1886454284366,806.067705838554,0,0,0,1.225
967.121062779177,27.1319933083328,2,4,27.0429028646499,97.3544503127396,-0.000257462932980544,12.1886432557815,806.072781023561,0,0,0,1.225
967.371056889542,27.1412376606329,2,4,27.0429005139799,97.3544418503276,-0.000251100552285961,12.1886411368169,806.077730758609,0,0,0,1.225
967.621050999907,27.1504820137266,2,4,27.0428982213989,97.3544335970359,-0.000244895435115665,12.1886390702156,806.082558146671,0,0,0,1.225
967.871045110272,27.1597263675942,2,4,27.042895985471,97.3544255476957,-0.000238843693288207,12.1886370546834,806.087266212677,0,0,0,1.225
968.121039220638,27.1689707222167,2,4,27.0428938047961,97.3544176972658,-0.000232941532984435,12.1886350889579,806.091857908181,0,0,0,1.225
968.371033331003,27.1782150775753,2,4,27.0428916780083,97.3544100408298,-0.000227185256339149,12.1886331718082,806.096336110038,0,0,0,1.225
968.621027441368,27.1874594336519,2,4,27.0428896037758,97.3544025735928,-0.000221571255301867,12.1886313020334,806.100703625268,0,0,0,1.225
968.871021551733,27.1967037904288,2,4,27.0428875807996,97.3543952908786,-0.000216096012091582,12.1886294784628,806.104963190638,0,0,0,1.225
969.121015662099,27.2059481478886,2,4,27.0428856078129,97.3543881881263,-0.000210756095331321,12.1886276999542,806.109117475706,0,0,0,1.225
969.371009772464,27.2151925060144,2,4,27.0428836835801,97.3543812608882,-0.000205548158911244,12.188625965394,806.113169083685,0,0,0,1.225
969.621003882829,27.2244368647899,2,4,27.0428818068962,97.3543745048263,-0.000200468940397001,12.188624273696,806.11712055267,0,0,0,1.225
969.870997993194,27.2336812241989,2,4,27.0428799765861,97.3543679157099,-0.00019551525602738,12.1886226238007,806.120974359593,0,0,0,1.225
970.12099210356,27.2429255842258,2,4,27.0428781915036,97.3543614894129,-0.000190684002760732,12.188621014675,806.124732918543,0,0,0,1.225
970.370986213925,27.2521699448553,2,4,27.0428764505309,97.3543552219113,-0.000185972153045243,12.1886194453113,806.128398584908,0,0,0,1.225
970.62098032429,27.2614143060726,2,4,27.0428747525779,97.3543491092805,-0.000181376755273695,12.1886179147269,806.131973654968,0,0,0,1.225
970.870974434656,27.270658667863,2,4,27.0428730965814,97.354343147693,-0.000176894930372785,12.1886164219634,806.135460368582,0,0,0,1.225
971.120968545021,27.2799030302126,2,4,27.0428714815044,97.3543373334158,-0.000172523869984086,12.188614966086,806.138860910605,0,0,0,1.225
971.370962655386,27.2891473931073,2,4,27.0428699063356,97.3543316628083,-0.000168260836236671,12.1886135461832,806.142177411031,0,0,0,1.225
971.620956765751,27.2983917565339,2,4,27.0428683700889,97.3543261323199,-0.00016410315810905,12.1886121613659,806.145411947865,0,0,0,1.225
971.870950876117,27.307636120479,2,4,27.0428668718021,97.3543207384877,-0.000160048231201788,12.1886108107669,806.148566547269,0,0,0,1.225
972.120944986482,27.31688048493,2,4,27.0428654105374,97.3543154779346,-0.000156093515691097,12.1886094935407,806.151643185161,0,0,0,1.225
972.370939096847,27.3261248498743,2,4,27.0428639853796,97.3543103473667,-0.000152236533372904,12.1886082088624,806.154643789548,0,0,0,1.225
972.620933207212,27.3353692152996,2,4,27.0428625954366,97.3543053435717,-0.000148474869254509,12.1886069559277,806.157570239215,0,0,0,1.225
972.870927317578,27.3446135811943,2,4,27.042861239838,97.3543004634167,-0.000144806166552244,12.1886057339522,806.160424367696,0,0,0,1.225
973.120921427943,27.3538579475465,2,4,27.0428599177351,97.3542957038463,-0.00014122812714623,12.1886045421707,806.163207962876,0,0,0,1.225
973.370915538308,27.3631023143451,2,4,27.0428586283001,97.3542910618804,-0.000137738510216106,12.1886033798371,806.165922768052,0,0,0,1.225
973.620909648673,27.372346681579,2,4,27.0428573707258,97.3542865346129,-0.000134335129739857,12.1886022462236,806.168570483903,0,0,0,1.225
973.870903759039,27.3815910492375,2,4,27.0428561442248,97.3542821192092,-0.000131015854721192,12.1886011406206,806.171152768275,0,0,0,1.225
974.120897869404,27.39083541731,2,4,27.0428549480292,97.354277812905,-0.000127778605096727,12.1886000623357,806.173671239432,0,0,0,1.225
974.370891979769,27.4000797857863,2,4,27.04285378139,97.3542736130041,-0.000124621354009768,12.188599010694,806.176127474202,0,0,0,1.225
974.620886090134,27.4093241546564,2,4,27.042852643577,97.3542695168774,-0.00012154212439963,12.188597985037,806.17852301068,0,0,0,1.225
974.8708802005,27.4185685239107,2,4,27.0428515338778,97.3542655219602,-0.000118538987182605,12.1885969847226,806.180859349656,0,0,0,1.225
975.120874310865,27.4278128935397,2,4,27.0428504515976,97.3542616257515,-0.000115610061479339,12.1885960091246,806.183137954408,0,0,0,1.225
975.37086842123,27.4370572635339,2,4,27.042849396059,97.3542578258122,-0.000112753513477937,12.1885950576321,806.185360251581,0,0,0,1.225
975.620862531596,27.4463016338846,2,4,27.0428483666009,97.3542541197634,-0.000109967553932795,12.1885941296495,806.187527633169,0,0,0,1.225
975.870856641961,27.4555460045827,2,4,27.0428473625791,97.3542505052848,-0.000107250438619357,12.1885932245959,806.189641456121,0,0,0,1.225
976.120850752326,27.4647903756198,2,4,27.0428463833649,97.3542469801138,-0.000104600465150811,12.1885923419046,806.191703044867,0,0,0,1.225
976.370844862691,27.4740347469875,2,4,27.0428454283454,97.3542435420434,-0.000102015974569736,12.188591481023,806.193713690017,0,0,0,1.225
976.620838973057,27.4832791186776,2,4,27.0428444969226,97.3542401889214,-9.94953488469406e-05,12.1885906414123,806.195674650345,0,0,0,1.225
976.870833083422,27.4925234906821,2,4,27.0428435885135,97.3542369186486,-9.7037008607667e-05,12.1885898225468,806.197587154581,0,0,0,1.225
977.120827193787,27.5017678629934,2,4,27.0428427025494,97.3542337291777,-9.46394149506255e-05,12.1885890239138,806.199452399937,0,0,0,1.225
977.370821304152,27.5110122356037,2,4,27.0428418384756,97.3542306185123,-9.23010664920669e-05,12.1885882450135,806.201271554448,0,0,0,1.225
977.620815414518,27.5202566085057,2,4,27.0428409957514,97.3542275847049,-9.00204993657819e-05,12.1885874853582,806.203045756951,0,0,0,1.225
977.870809524883,27.5295009816922,2,4,27.042840173849,97.3542246258565,-8.77962849493116e-05,12.1885867444724,806.204776118888,0,0,0,1.225
978.120803635248,27.5387453551561,2,4,27.0428393722541,97.3542217401147,-8.56270307734631e-05,12.1885860218922,806.206463723553,0,0,0,1.225
978.370797745613,27.5479897288907,2,4,27.0428385904647,97.354218925673,-8.35113784758981e-05,12.1885853171655,806.208109627716,0,0,0,1.225
978.620791855979,27.5572341028892,2,4,27.0428378279916,97.3542161807698,-8.14480033463753e-05,12.1885846298509,806.209714861961,0,0,0,1.225
978.870785966344,27.5664784771451,2,4,27.0428370843574,97.3542135036868,-7.9435613417234e-05,12.1885839595183,806.211280431402,0,0,0,1.225
979.120780076709,27.5757228516521,2,4,27.0428363590967,97.3542108927481,-7.74729485538779e-05,12.188583305748,806.212807316389,0,0,0,1.225
979.370774187075,27.5849672264039,2,4,27.0428356517554,97.3542083463193,-7.55587806821543e-05,12.1885826681308,806.21429647231,0,0,0,1.225
979.62076829744,27.5942116013945,2,4,27.0428349618907,97.3542058628065,-7.36919099229106e-05,12.1885820462676,806.215748832665,0,0,0,1.225
979.870762407805,27.603455976618,2,4,27.0428342890708,97.354203440655,-7.18711686848165e-05,12.1885814397691,806.217165305777,0,0,0,1.225
980.12075651817,27.6127003520686,2,4,27.0428336328746,97.3542010783486,-7.00954166620259e-05,12.1885808482556,806.218546778777,0,0,0,1.225
980.370750628536,27.6219447277408,2,4,27.0428329928913,97.3541987744087,-6.83635415163132e-05,12.1885802713568,806.219894117042,0,0,0,1.225
980.620744738901,27.631189103629,2,4,27.0428323687203,97.354196527393,-6.66744593318324e-05,12.1885797087118,806.221208163818,0,0,0,1.225
980.870738849266,27.6404334797279,2,4,27.0428317599709,97.3541943358951,-6.50271125687046e-05,12.1885791599681,806.222489741837,0,0,0,1.225
981.120732959631,27.6496778560323,2,4,27.042831166262,97.354192198543,-6.34204698356402e-05,12.1885786247825,806.223739653493,0,0,0,1.225
981.370727069997,27.6589222325372,2,4,27.042830587222,97.3541901139991,-6.18535249804217e-05,12.1885781028198,806.224958681546,0,0,0,1.225
981.620721180362,27.6681666092375,2,4,27.0428300224884,97.3541880809584,-6.03252977720415e-05,12.1885775937534,806.226147588568,0,0,0,1.225
981.870715290727,27.6774109861285,2,4,27.0428294717079,97.3541860981483,-5.88348309447743e-05,12.1885770972645,806.227307119293,0,0,0,1.225
982.120709401092,27.6866553632055,2,4,27.0428289345355,97.3541841643278,-5.73811911076929e-05,12.1885766130425,806.228437999876,0,0,0,1.225
982.370703511458,27.6958997404637,2,4,27.0428284106351,97.3541822782864,-5.59634685172898e-05,12.1885761407842,806.229540938063,0,0,0,1.225
982.620697621823,27.7051441178989,2,4,27.0428278996787,97.3541804388435,-5.45807761679605e-05,12.1885756801941,806.230616623903,0,0,0,1.225
982.870691732188,27.7143884955065,2,4,27.0428274013466,97.3541786448478,-5.32322470634552e-05,12.1885752309837,806.231665731921,0,0,0,1.225
983.120685842553,27.7236328732824,2,4,27.0428269153267,97.3541768951763,-5.19170383097019e-05,12.188574792872,806.232688917836,0,0,0,1.225
983.370679952919,27.7328772512223,2,4,27.042826441315,97.3541751887338,-5.06343258850879e-05,12.1885743655847,806.233686822721,0,0,0,1.225
983.620674063284,27.7421216293223,2,4,27.0428259790145,97.3541735244524,-4.93833071416298e-05,12.1885739488544,806.234660071005,0,0,0,1.225
983.870668173649,27.7513660075784,2,4,27.0428255281361,97.3541719012901,-4.81631985311827e-05,12.1885735424202,806.235609272272,0,0,0,1.225
984.120662284015,27.7606103859866,2,4,27.0428250883975,97.3541703182312,-4.69732365149566e-05,12.1885731460277,806.236535020523,0,0,0,1.225
984.37065639438,27.7698547645433,2,4,27.0428246595235,97.3541687742846,-4.58126757444841e-05,12.1885727594289,806.237437895624,0,0,0,1.225
984.620650504745,27.7790991432448,2,4,27.0428242412456,97.354167268484,-4.46807901985154e-05,12.1885723823816,806.238318462387,0,0,0,1.225
984.87064461511,27.7883435220875,2,4,27.0428238333019,97.354165799887,-4.35768713639865e-05,12.1885720146501,806.23917727201,0,0,0,1.225
985.120638725476,27.7975879010679,2,4,27.0428234354373,97.3541643675742,-4.25002275538813e-05,12.1885716560039,806.240014862616,0,0,0,1.225
985.370632835841,27.8068322801827,2,4,27.0428230474026,97.3541629706492,-4.14501854988858e-05,12.1885713062188,806.240831757973,0,0,0,1.225
985.620626946206,27.8160766594284,2,4,27.0428226689549,97.3541616082376,-4.04260873914599e-05,12.1885709650757,806.241628469843,0,0,0,1.225
985.870621056571,27.8253210388019,2,4,27.0428222998574,97.3541602794867,-3.9427292932249e-05,12.1885706323611,806.242405496341,0,0,0,1.225
986.120615166937,27.8345654183,2,4,27.0428219398791,97.3541589835648,-3.84531756920195e-05,12.1885703078668,806.243163324834,0,0,0,1.225
986.370609277302,27.8438097979196,2,4,27.0428215887947,97.3541577196608,-3.75031265223442e-05,12.1885699913897,806.243902429208,0,0,0,1.225
986.620603387667,27.8530541776578,2,4,27.0428212463843,97.3541564869836,-3.65765510544332e-05,12.1885696827316,806.244623271852,0,0,0,1.225
986.870597498032,27.8622985575115,2,4,27.0428209124338,97.3541552847617,-3.56728687896171e-05,12.1885693816994,806.245326304387,0,0,0,1.225
987.120591608398,27.871542937478,2,4,27.042820586734,97.3541541122425,-3.47915142362432e-05,12.1885690881048,806.246011966741,0,0,0,1.225
987.370585718763,27.8807873175544,2,4,27.0428202690812,97.3541529686923,-3.39319357727794e-05,12.1885688017638,806.246680688057,0,0,0,1.225
987.620579829128,27.8900316977381,2,4,27.0428199592764,97.3541518533952,-3.30935949656774e-05,12.1885685224973,806.247332887226,0,0,0,1.225
987.870573939494,27.8992760780264,2,4,27.0428196571259,97.3541507656532,-3.22759677062682e-05,12.1885682501306,806.247968971973,0,0,0,1.225
988.120568049859,27.9085204584166,2,4,27.0428193624404,97.3541497047855,-3.14785414822133e-05,12.188567984493,806.248589341029,0,0,0,1.225
988.370562160224,27.9177648389064,2,4,27.0428190750356,97.3541486701281,-3.07008176512952e-05,12.1885677254185,806.249194382312,0,0,0,1.225
988.620559215407,27.9270070508027,2,5,27.0694820119492,97.4501352430169,5.77120218061214,0,5424.82617866546,0,0,0,1.225
988.870559215407,27.9362334682582,2,5,27.1227367877056,97.6418524357401,5.77277565906616,0,5429.26677032074,0,0,0,1.225
989.120559215407,27.9454418028957,2,5,27.1759016784244,97.833246042328,5.77434906187068,0,5433.70816881556,0,0,0,1.225
989.370559215407,27.9546321557361,2,5,27.2289772099162,98.0243179556982,5.77592238909619,0,5438.15037416465,0,0,0,1.225
989.620559215407,27.9638046268562,2,5,27.2819639030186,98.2150700508671,5.77749564081387,0,5442.59338638328,0,0,0,1.225
989.870559215407,27.9729593154012,2,5,27.3348622736623,98.4055041851844,5.77906881709396,0,5447.03720548606,0,0,0,1.225
990.120559215407,27.9820963195962,2,5,27.3876728329346,98.5956221985646,5.78064191800786,0,5451.48183148855,0,0,0,1.225
990.370559215407,27.9912157367589,2,5,27.4403960871426,98.7854259137135,5.78221494362583,0,5455.92726440541,0,0,0,1.225
990.620559215407,28.0003176633106,2,5,27.4930325378755,98.9749171363519,5.78378789401745,0,5460.37350425083,0,0,0,1.225
990.870559215407,28.0094021947882,2,5,27.5455826820654,99.1640976554354,5.78536076925275,0,5464.82055103939,0,0,0,1.225
991.120559215407,28.0184694258555,2,5,27.5980470120471,99.3529692433697,5.78693356940198,0,5469.26840478586,0,0,0,1.225
991.370559215407,28.0275194503142,2,5,27.6504260156177,99.5415336562237,5.78850629453427,0,5473.71706550419,0,0,0,1.225
991.620559215407,28.0365523611147,2,5,27.7027201760939,99.7297926339382,5.79007894471897,0,5478.16653320852,0,0,0,1.225
991.870559215407,28.0455682503675,2,5,27.7549299723697,99.917747900531,5.7916515200252,0,5482.61680791285,0,0,0,1.225
992.120559215407,28.0545672093531,2,5,27.8070558789722,100.1054011643,5.7932240205223,0,5487.0678896314,0,0,0,1.225
992.370559215407,28.063549328533,2,5,27.859098366117,100.292754118021,5.7947964462785,0,5491.51977837751,0,0,0,1.225
992.620559215407,28.0725146975596,2,5,27.9110578997625,100.479808439145,5.79636879736267,0,5495.97247416513,0,0,0,1.225
992.870559215407,28.0814634052866,2,5,27.9629349416633,100.666565789988,5.79794107384305,0,5500.42597700768,0,0,0,1.225
993.120559215407,28.0903955397786,2,5,28.0147299494231,100.853027817923,5.79951327578783,0,5504.88028691863,0,0,0,1.225
993.370559215407,28.0993111883214,2,5,28.0664433765461,101.039196155566,5.80108540326478,0,5509.3354039111,0,0,0,1.225
993.620559215407,28.1082104374311,2,5,28.1180756724881,101.225072420957,5.80265745634233,0,5513.79132799882,0,0,0,1.225
993.870559215407,28.1170933728639,2,5,28.1696272827069,101.410658217745,5.80422943508711,0,5518.24805919409,0,0,0,1.225
994.120559215407,28.1259600796252,2,5,28.2210986487112,101.59595513536,5.8058013395671,0,5522.70559751035,0,0,0,1.225
994.370559215407,28.1348106419793,2,5,28.2724902081094,101.780964749194,5.80737316984937,0,5527.16394296032,0,0,0,1.225
994.620559215407,28.1436451434576,2,5,28.3238023946575,101.965688620767,5.80894492600078,0,5531.62309555662,0,0,0,1.225
994.870559215407,28.1524636668684,2,5,28.3750356383059,102.150128297901,5.81051660808794,0,5536.08305531168,0,0,0,1.225
995.120559215407,28.1612662943049,2,5,28.4261903652458,102.334285314885,5.81208821617815,0,5540.54382223854,0,0,0,1.225
995.370559215407,28.1700531071543,2,5,28.4772669979551,102.518161192638,5.81365975033714,0,5545.005396349,0,0,0,1.225
995.620559215407,28.1788241861061,2,5,28.5282659552428,102.701757438874,5.81523121063151,0,5549.46777765561,0,0,0,1.225
995.870559215407,28.1875796111606,2,5,28.5791876522935,102.885075548257,5.81680259712698,0,5553.93096617025,0,0,0,1.225
996.120559215407,28.196319461637,2,5,28.6300325007109,103.068117002559,5.81837390988926,0,5558.39496190482,0,0,0,1.225
996.370559215407,28.2050438161814,2,5,28.6808009085604,103.250883270817,5.81994514898474,0,5562.85976487181,0,0,0,1.225
996.620559215407,28.2137527527751,2,5,28.7314932804117,103.433375809482,5.82151631447823,0,5567.32537508247,0,0,0,1.225
996.870559215407,28.2224463487422,2,5,28.7821100173801,103.615596062568,5.82308740643475,0,5571.79179254826,0,0,0,1.225
997.120559215407,28.2311246807575,2,5,28.8326515171673,103.797545461802,5.82465842492002,0,5576.25901728124,0,0,0,1.225
997.370559215407,28.239787824854,2,5,28.883118174102,103.979225426767,5.82622936999906,0,5580.72704929295,0,0,0,1.225
997.620559215407,28.2484358564304,2,5,28.9335103791793,104.160637365045,5.82780024173553,0,5585.19588859386,0,0,0,1.225
997.870559215407,28.2570688502587,2,5,28.9838285200999,104.34178267236,5.82937104019516,0,5589.66553519614,0,0,0,1.225
998.120559215407,28.2656868804912,2,5,29.0340729813088,104.522662732712,5.83094176544091,0,5594.1359891098,0,0,0,1.225
998.370559215407,28.2742900206679,2,5,29.0842441440329,104.703278918518,5.83251241753851,0,5598.60725034707,0,0,0,1.225
998.620559215407,28.2828783437235,2,5,29.1343423863185,104.883632590747,5.83408299655025,0,5603.07931891747,0,0,0,1.225
998.870559215407,28.2914519219942,2,5,29.1843680830681,105.063725099045,5.83565350254139,0,5607.55219483294,0,0,0,1.225
999.120559215407,28.3000108272251,2,5,29.2343216060769,105.243557781877,5.83722393557446,0,5612.02587810327,0,0,0,1.225
999.370559215407,28.3085551305762,2,5,29.284203324068,105.423131966645,5.83879429571311,0,5616.5003687392,0,0,0,1.225
999.620559215407,28.3170849026296,2,5,29.3340136027282,105.602448969821,5.84036458302103,0,5620.97566675148,0,0,0,1.225
999.870559215407,28.3256002133959,2,5,29.383752804742,105.781510097071,5.84193479756073,0,5625.45177215001,0,0,0,1.225
1000.12055921541,28.3341011323208,2,5,29.4334212898267,105.960316643376,5.84350493939496,0,5629.9286849449,0,0,0,1.225
1000.37055921541,28.3425877282911,2,5,29.4830194147652,106.138869893155,5.84507500858672,0,5634.40640514647,0,0,0,1.225
1000.62055921541,28.3510600696415,2,5,29.5325475334396,106.317171120382,5.8466450051983,0,5638.88493276453,0,0,0,1.225
1000.87055921541,28.3595182241605,2,5,29.5820059968639,106.49522158871,5.848214929292,0,5643.36426780893,0,0,0,1.225
1001.12055921541,28.3679622590964,2,5,29.6313951532162,106.673022551578,5.84978478092989,0,5647.84441028938,0,0,0,1.225
1001.37055921541,28.3763922411635,2,5,29.6807153478706,106.850575252334,5.85135456017406,0,5652.3253602156,0,0,0,1.225
1001.62055921541,28.3848082365482,2,5,29.7299669234282,107.027880924342,5.85292426708611,0,5656.80711759701,0,0,0,1.225
1001.87055921541,28.3932103109143,2,5,29.7791502197484,107.204940791094,5.85449390172721,0,5661.28968244267,0,0,0,1.225
1002.12055921541,28.4015985294095,2,5,29.8282655739788,107.381756066324,5.85606346415966,0,5665.7730547626,0,0,0,1.225
1002.37055921541,28.4099729566703,2,5,29.8773133205859,107.558327954109,5.85763295444394,0,5670.2572345654,0,0,0,1.225
1002.62055921541,28.4183336568282,2,5,29.9262937913841,107.734657648983,5.85920237264145,0,5674.74222186044,0,0,0,1.225
1002.87055921541,28.4266806935151,2,5,29.9752073155649,107.910746336034,5.86077171881288,0,5679.22801665654,0,0,0,1.225
1003.12055921541,28.4350141298683,2,5,30.0240542197261,108.086595191014,5.86234099301896,0,5683.7146189626,0,0,0,1.225
1003.37055921541,28.4433340285366,2,5,30.0728348278997,108.262205380439,5.86391019532016,0,5688.20202878735,0,0,0,1.225
1003.62055921541,28.451640451685,2,5,30.1215494615801,108.437578061688,5.86547932577628,0,5692.69024613899,0,0,0,1.225
1003.87055921541,28.4599334610002,2,5,30.1701984397513,108.612714383105,5.86704838444848,0,5697.17927102689,0,0,0,1.225
1004.12055921541,28.4682131176958,2,5,30.2187820789146,108.787615484093,5.86861737139566,0,5701.66910345858,0,0,0,1.225
1004.37055921541,28.476479482517,2,5,30.2673006931152,108.962282495215,5.87018628667852,0,5706.15974344313,0,0,0,1.225
1004.62055921541,28.4847326157462,2,5,30.3157545939683,109.136716538286,5.87175513035572,0,5710.65119098796,0,0,0,1.225
1004.87055921541,28.4929725772074,2,5,30.3641440906856,109.310918726468,5.87332390248775,0,5715.14344610201,0,0,0,1.225
1005.12055921541,28.5011994262713,2,5,30.412469490101,109.484890164364,5.87489260313305,0,5719.63650879261,0,0,0,1.225
1005.37055921541,28.5094132218601,2,5,30.4607310966955,109.658631948104,5.87646123235072,0,5724.13037906765,0,0,0,1.225
1005.62055921541,28.5176140224523,2,5,30.5089292126229,109.832145165442,5.87802979020034,0,5728.62505693544,0,0,0,1.225
1005.87055921541,28.5258018860873,2,5,30.5570641377336,110.005430895841,5.8795982767399,0,5733.12054240304,0,0,0,1.225
1006.12055921541,28.5339768703699,2,5,30.6051361696,110.17849021056,5.8811666920285,0,5737.61683547844,0,0,0,1.225
1006.37055921541,28.5421390324752,2,5,30.6531456035396,110.351324172743,5.88273503612436,0,5742.11393616894,0,0,0,1.225
1006.62055921541,28.5502884291525,2,5,30.701092732639,110.5239338375,5.88430330908545,0,5746.61184448172,0,0,0,1.225
1006.87055921541,28.5584251167305,2,5,30.7489778477775,110.696320251999,5.88587151096999,0,5751.11056042413,0,0,0,1.225
1007.12055921541,28.5665491511209,2,5,30.7968012376499,110.86848445554,5.88743964183573,0,5755.61008400321,0,0,0,1.225
1007.37055921541,28.5746605878233,2,5,30.8445631887892,111.040427479641,5.88900770174064,0,5760.11041522621,0,0,0,1.225
1007.62055921541,28.582759481929,2,5,30.8922639855892,111.212150348121,5.8905756907418,0,5764.61155409969,0,0,0,1.225
1007.87055921541,28.5908458881258,2,5,30.9399039103266,111.383654077176,5.89214360889719,0,5769.11350063096,0,0,0,1.225
1008.12055921541,28.5989198607013,2,5,30.9874832431827,111.554939675458,5.89371145626365,0,5773.61625482647,0,0,0,1.225
1008.37055921541,28.6069814535478,2,5,31.0350022622654,111.726008144156,5.89527923289779,0,5778.11981669248,0,0,0,1.225
1008.62055921541,28.6150307201658,2,5,31.08246124363,111.896860477068,5.89684693885738,0,5782.62418623624,0,0,0,1.225
1008.87055921541,28.6230677136683,2,5,31.1298604613002,112.067497660681,5.89841457419834,0,5787.12936346355,0,0,0,1.225
1009.12055921541,28.6310924867844,2,5,31.1772001872894,112.237920674242,5.89998213897729,0,5791.63534838078,0,0,0,1.225
1009.37055921541,28.6391050918635,2,5,31.2244806916204,112.408130489833,5.90154963325131,0,5796.14214099471,0,0,0,1.225
1009.62055921541,28.6471055808792,2,5,31.2717022423461,112.578128072446,5.90311705707563,0,5800.64974131069,0,0,0,1.225
1009.87055921541,28.6550940054324,2,5,31.3188651055694,112.74791438005,5.90468441050621,0,5805.15814933465,0,0,0,1.225
1010.12055921541,28.663070416756,2,5,31.3659695454625,112.917490363665,5.90625169359987,0,5809.66736507328,0,0,0,1.225
1010.37055921541,28.6710348657179,2,5,31.4130158242866,113.086856967432,5.90781890641119,0,5814.17738853147,0,0,0,1.225
1010.62055921541,28.6789874028246,2,5,31.4600042024112,113.25601512868,5.90938604899657,0,5818.6882197156,0,0,0,1.225
1010.87055921541,28.6869280782255,2,5,31.5069349383328,113.424965777998,5.91095312141124,0,5823.19985863118,0,0,0,1.225
1011.12055921541,28.6948569417156,2,5,31.5538082886934,113.593709839296,5.91252012370978,0,5827.7123052832,0,0,0,1.225
1011.37055921541,28.7027740427394,2,5,31.6006245082994,113.762248229878,5.91408705594745,0,5832.22555967723,0,0,0,1.225
1011.62055921541,28.7106794303944,2,5,31.6473838501394,113.930581860502,5.91565391817926,0,5836.73962181867,0,0,0,1.225
1011.87055921541,28.7185731534344,2,5,31.6940865654024,114.098711635449,5.91722071045979,0,5841.25449171261,0,0,0,1.225
1012.12055921541,28.7264552602729,2,5,31.7407329034956,114.266638452584,5.91878743284383,0,5845.77016936434,0,0,0,1.225
1012.37055921541,28.7343257989863,2,5,31.7873231120616,114.434363203422,5.92035408538527,0,5850.28665477846,0,0,0,1.225
1012.62055921541,28.7421848173176,2,5,31.833857436996,114.601886773186,5.92192066813845,0,5854.80394795994,0,0,0,1.225
1012.87055921541,28.7500323626789,2,5,31.8803361224644,114.769210040872,5.92348718115772,0,5859.32204891382,0,0,0,1.225
1013.12055921541,28.7578684821554,2,5,31.9267594109193,114.936333879309,5.92505362449674,0,5863.84095764459,0,0,0,1.225
1013.37055921541,28.765693222508,2,5,31.9731275431166,115.10325915522,5.92661999820916,0,5868.36067415679,0,0,0,1.225
1013.62055921541,28.7735066301767,2,5,32.0194407581322,115.269986729276,5.92818630234819,0,5872.88119845461,0,0,0,1.225
1013.87055921541,28.7813087512836,2,5,32.0656992933784,115.436517456162,5.9297525369675,0,5877.40253054264,0,0,0,1.225
1014.12055921541,28.7890996316359,2,5,32.1119033846195,115.60285218463,5.93131870212164,0,5881.92467042623,0,0,0,1.225
1014.37055921541,28.7968793167292,2,5,32.1580532659882,115.768991757558,5.93288479786088,0,5886.4476181073,0,0,0,1.225
1014.62055921541,28.8046478517498,2,5,32.2041491700008,115.934937012003,5.93445082424068,0,5890.97137359198,0,0,0,1.225
1014.87055921541,28.8124052815784,2,5,32.2501913275728,116.100688779262,5.93601678131336,0,5895.4959368839,0,0,0,1.225
1015.12055921541,28.8201516507926,2,5,32.2961799680343,116.266247884923,5.93758266912937,0,5900.02130798524,0,0,0,1.225
1015.37055921541,28.8278870036697,2,5,32.3421153191451,116.431615148922,5.93914848774421,0,5904.54748690222,0,0,0,1.225
1015.62055921541,28.8356113841899,2,5,32.3879976071093,116.596791385593,5.94071423720834,0,5909.0744736371,0,0,0,1.225
1015.87055921541,28.8433248360386,2,5,32.4338270565903,116.761777403725,5.94227991757316,0,5913.60226819286,0,0,0,1.225
1016.12055921541,28.8510274026095,2,5,32.4796038907255,116.926574006612,5.94384552889323,0,5918.13087057511,0,0,0,1.225
1016.37055921541,28.8587191270074,2,5,32.52532833114,117.091181992104,5.94541107121813,0,5922.66028078543,0,0,0,1.225
1016.62055921541,28.8664000520506,2,5,32.5710005979615,117.255602152662,5.94697654459924,0,5927.19049882692,0,0,0,1.225
1016.87055921541,28.8740702202736,2,5,32.6166209098342,117.419835275403,5.94854194909067,0,5931.72152470489,0,0,0,1.225
1017.12055921541,28.8817296739301,2,5,32.6621894839322,117.583882142156,5.95010728474108,0,5936.25335842029,0,0,0,1.225
1017.37055921541,28.889378454995,2,5,32.7077065359737,117.747743529505,5.95167255160231,0,5940.78599997668,0,0,0,1.225
1017.62055921541,28.8970166051676,2,5,32.7531722802343,117.911420208844,5.95323774972621,0,5945.3194493776,0,0,0,1.225
1017.87055921541,28.9046441658737,2,5,32.7985869295604,118.074912946418,5.95480287916325,0,5949.85370662557,0,0,0,1.225
1018.12055921541,28.9122611782683,2,5,32.8439506953824,118.238222503377,5.95636793996391,0,5954.38877172312,0,0,0,1.225
1018.37055921541,28.9198676832379,2,5,32.8892637877279,118.40134963582,5.95793293217912,0,5958.92464467317,0,0,0,1.225
1018.62055921541,28.9274637214034,2,5,32.9345264152342,118.564295094843,5.95949785585799,0,5963.46132547722,0,0,0,1.225
1018.87055921541,28.9350493331217,2,5,32.9797387851615,118.727059626581,5.96106271105236,0,5967.99881413897,0,0,0,1.225
1019.12055921541,28.9426245584891,2,5,33.0249011034053,118.889643972259,5.96262749781226,0,5972.53711066071,0,0,0,1.225
1019.37055921541,28.9501894373428,2,5,33.0700135745089,119.052048868232,5.96419221618726,0,5977.07621504437,0,0,0,1.225
1019.62055921541,28.9577440092638,2,5,33.1150764016755,119.214275046032,5.96575686622646,0,5981.61612729157,0,0,0,1.225
1019.87055921541,28.965288313579,2,5,33.1600897867807,119.37632323241,5.96732144798034,0,5986.15684740503,0,0,0,1.225
1020.12055921541,28.9728223893633,2,5,33.2050539303843,119.538194149383,5.96888596149802,0,5990.69837538641,0,0,0,1.225
1020.37055921541,28.9803462754422,2,5,33.2499690317421,119.699888514272,5.9704504068286,0,5995.2407112374,0,0,0,1.225
1020.62055921541,28.987860010394,2,5,33.294835288818,119.861407039745,5.97201478402121,0,5999.78385495972,0,0,0,1.225
1020.87055921541,28.9953636325515,2,5,33.3396528982953,120.022750433863,5.97357909312677,0,6004.32780655655,0,0,0,1.225
1021.12055921541,29.0028571800051,2,5,33.3844220555881,120.183919400117,5.97514333419167,0,6008.8725660275,0,0,0,1.225
1021.37055921541,29.0103406906039,2,5,33.4291429548531,120.344914637471,5.97670750726593,0,6013.41813337508,0,0,0,1.225
1021.62055921541,29.0178142019586,2,5,33.4738157890002,120.505736840401,5.97827161239775,0,6017.9645086004,0,0,0,1.225
1021.87055921541,29.0252777514435,2,5,33.5184407497041,120.666386698935,5.97983564963533,0,6022.51169170456,0,0,0,1.225
1022.12055921541,29.0327313761982,2,5,33.5630180274151,120.826864898694,5.98139961902825,0,6027.05968268983,0,0,0,1.225
1022.37055921541,29.04017511313,2,5,33.6075478113698,120.987172120931,5.98296352062334,0,6031.60848155626,0,0,0,1.225
1022.62055921541,29.0476089989158,2,5,33.6520302896018,121.147309042567,5.98452735446836,0,6036.15808830472,0,0,0,1.225
1022.87055921541,29.0550330700043,2,5,33.6964656489527,121.30727633623,5.98609112061149,0,6040.70850293642,0,0,0,1.225
1023.12055921541,29.0624473626176,2,5,33.740854075082,121.467074670295,5.98765481910186,0,6045.25972545335,0,0,0,1.225
1023.37055921541,29.0698519127535,2,5,33.7851957524779,121.62670470892,5.9892184499854,0,6049.81175585498,0,0,0,1.225
1023.62055921541,29.0772467561876,2,5,33.8294908644672,121.786167112082,5.9907820133094,0,6054.36459414187,0,0,0,1.225
1023.87055921541,29.0846319284746,2,5,33.8737395932259,121.945462535613,5.99234550912161,0,6058.91824031501,0,0,0,1.225
1024.12055921541,29.0920074649509,2,5,33.9179421197886,122.104591631239,5.99390893747022,0,6063.47269437574,0,0,0,1.225
1024.37055921541,29.099373400736,2,5,33.9620986240588,122.263555046612,5.99547229840118,0,6068.02795632365,0,0,0,1.225
1024.62055921541,29.1067297707345,2,5,34.0062092848186,122.422353425347,5.99703559196041,0,6072.58402615831,0,0,0,1.225
1024.87055921541,29.1140766096381,2,5,34.0502742797386,122.580987407059,5.99859881819566,0,6077.14090388081,0,0,0,1.225
1025.12055921541,29.1214139519272,2,5,34.0942937853868,122.739457627392,6.00016197715331,0,6081.69858949115,0,0,0,1.225
1025.37055921541,29.1287418318729,2,5,34.1382679772388,122.89776471806,6.00172506888021,0,6086.25708298972,0,0,0,1.225
1025.62055921541,29.1360602835385,2,5,34.182197029687,123.055909306873,6.00328809342091,0,6090.81638437515,0,0,0,1.225
1025.87055921541,29.1433693407817,2,5,34.2260811160496,123.213892017779,6.00485105082407,0,6095.37649364931,0,0,0,1.225
1026.12055921541,29.1506690372558,2,5,34.2699204085798,123.371713470887,6.00641394113427,0,6099.93741081088,0,0,0,1.225
1026.37055921541,29.1579594064119,2,5,34.3137150784752,123.529374282511,6.00797676439606,0,6104.49913585852,0,0,0,1.225
1026.62055921541,29.1652404815003,2,5,34.3574652958865,123.686875065191,6.00953952065765,0,6109.06166879386,0,0,0,1.225
1026.87055921541,29.1725122955722,2,5,34.4011712299261,123.844216427734,6.01110220996179,0,6113.62500961418,0,0,0,1.225
1027.12055921541,29.1797748814818,2,5,34.4448330486777,124.00139897524,6.01266483235622,0,6118.18915832076,0,0,0,1.225
1027.37055921541,29.1870282718873,2,5,34.4884509192039,124.158423309134,6.01422738788551,0,6122.7541149124,0,0,0,1.225
1027.62055921541,29.194272499253,2,5,34.5320250075558,124.315290027201,6.01578987659423,0,6127.31987938789,0,0,0,1.225
1027.87055921541,29.2015075958506,2,5,34.5755554787806,124.47199972361,6.01735229852784,0,6131.8864517468,0,0,0,1.225
1028.12055921541,29.2087335937612,2,5,34.6190424969308,124.628552988951,6.01891465373092,0,6136.45383198798,0,0,0,1.225
1028.37055921541,29.2159505248764,2,5,34.6624862250719,124.784950410259,6.02047694224893,0,6141.02202011103,0,0,0,1.225
1028.62055921541,29.2231584209002,2,5,34.7058868252908,124.941192571047,6.02203916412373,0,6145.59101611268,0,0,0,1.225
1028.87055921541,29.2303573133506,2,5,34.749244458704,125.097280051334,6.02360131940395,0,6150.16081999514,0,0,0,1.225
1029.12055921541,29.2375472335607,2,5,34.7925592854658,125.253213427677,6.02516340813054,0,6154.73143175443,0,0,0,1.225
1029.37055921541,29.2447282126807,2,5,34.835831464776,125.408993273194,6.02672543034896,0,6159.30285139028,0,0,0,1.225
1029.62055921541,29.2519002816791,2,5,34.8790611548876,125.564620157595,6.02828738610242,0,6163.87507890058,0,0,0,1.225
1029.87055921541,29.2590634713444,2,5,34.9222485131151,125.720094647215,6.02984927543503,0,6168.448114284,0,0,0,1.225
1030.12055921541,29.2662178122862,2,5,34.965393695842,125.875417305031,6.0314110983918,0,6173.02195753996,0,0,0,1.225
1030.37055921541,29.2733633349372,2,5,35.0084968585282,126.030588690702,6.03297285501367,0,6177.59660866461,0,0,0,1.225
1030.62055921541,29.2805000695542,2,5,35.0515581557179,126.185609360584,6.03453454534656,0,6182.17206765815,0,0,0,1.225
1030.87055921541,29.2876280462195,2,5,35.0945777410466,126.340479867768,6.03609616943322,0,6186.74833451824,0,0,0,1.225
1031.12055921541,29.2947472948428,2,5,35.1375557672493,126.495200762097,6.03765772731549,0,6191.32540924184,0,0,0,1.225
1031.37055921541,29.3018578451619,2,5,35.1804923861668,126.649772590201,6.03921921903793,0,6195.90329182813,0,0,0,1.225
1031.62055921541,29.3089597267447,2,5,35.2233877487538,126.804195895514,6.04078064464193,0,6200.48198227376,0,0,0,1.225
1031.87055921541,29.3160529689902,2,5,35.2662420050856,126.958471218308,6.04234200417159,0,6205.06148057756,0,0,0,1.225
1032.12055921541,29.32313760113,2,5,35.3090553043653,127.112599095715,6.0439032976692,0,6209.64178673698,0,0,0,1.225
1032.37055921541,29.3302136522294,2,5,35.3518277949307,127.266580061751,6.04546452517616,0,6214.22290074871,0,0,0,1.225
1032.62055921541,29.3372811511892,2,5,35.3945596242617,127.420414647342,6.04702568673656,0,6218.80482261169,0,0,0,1.225
1032.87055921541,29.3443401267465,2,5,35.4372509389865,127.574103380351,6.04858678239179,0,6223.38755232268,0,0,0,1.225
1033.12055921541,29.3513906074764,2,5,35.4799018848889,127.7276467856,6.0501478121837,0,6227.97108987883,0,0,0,1.225
1033.37055921541,29.3584326217928,2,5,35.5225126069149,127.881045384893,6.0517087761541,0,6232.55543527732,0,0,0,1.225
1033.62055921541,29.3654661979503,2,5,35.5650832491792,128.034299697045,6.05326967434439,0,6237.14058851497,0,0,0,1.225
1033.87055921541,29.3724913640448,2,5,35.6076139549723,128.1874102379,6.05483050679777,0,6241.7265495901,0,0,0,1.225
1034.12055921541,29.3795081480154,2,5,35.6501048667661,128.340377520358,6.05639127355562,0,6246.31331849959,0,0,0,1.225
1034.37055921541,29.3865165776451,2,5,35.6925561262216,128.493202054398,6.05795197465795,0,6250.90089523925,0,0,0,1.225
1034.62055921541,29.3935166805623,2,5,35.734967874194,128.645884347098,6.05951261014616,0,6255.489279806,0,0,0,1.225
1034.87055921541,29.4005084842417,2,5,35.7773402507401,128.798424902664,6.06107318006207,0,6260.07847219715,0,0,0,1.225
1035.12055921541,29.407492016006,2,5,35.819673395124,128.950824222447,6.06263368444752,0,6264.66847241004,0,0,0,1.225
1035.37055921541,29.4144673030267,2,5,35.8619674458235,129.103082804965,6.06419412334253,0,6269.25928044057,0,0,0,1.225
1035.62055921541,29.4214343723254,2,5,35.9042225405361,129.25520114593,6.06575449678712,0,6273.85089628467,0,0,0,1.225
1035.87055921541,29.4283932507748,2,5,35.9464388161851,129.407179738266,6.06731480482267,0,6278.44331993937,0,0,0,1.225
1036.12055921541,29.4353439651001,2,5,35.988616408926,129.559019072134,6.06887504748875,0,6283.03655140027,0,0,0,1.225
1036.37055921541,29.44228654188,2,5,36.0307554541519,129.710719634947,6.07043522482718,0,6287.63059066482,0,0,0,1.225
1036.62055921541,29.4492210075478,2,5,36.0728560864998,129.862281911399,6.07199533687754,0,6292.22543772868,0,0,0,1.225
1036.87055921541,29.4561473883926,2,5,36.1149184398562,130.013706383482,6.07355538368029,0,6296.82109258823,0,0,0,1.225
1037.12055921541,29.4630657105604,2,5,36.156942647363,130.164993530507,6.07511536527409,0,6301.41755523845,0,0,0,1.225
1037.37055921541,29.469976000055,2,5,36.1989288414235,130.316143829125,6.07667528169986,0,6306.01482567615,0,0,0,1.225
1037.62055921541,29.4768782827394,2,5,36.2408771537075,130.467157753347,6.07823513299763,0,6310.61290389741,0,0,0,1.225
1037.87055921541,29.4837725843365,2,5,36.2827877151573,130.618035774566,6.07979491920605,0,6315.21178989729,0,0,0,1.225
1038.12055921541,29.4906589304306,2,5,36.3246606559932,130.768778361576,6.08135464036422,0,6319.81148367118,0,0,0,1.225
1038.37055921541,29.497537346468,2,5,36.3664961057191,130.919385980589,6.08291429651308,0,6324.41198521599,0,0,0,1.225
1038.62055921541,29.5044078577584,2,5,36.4082941931277,131.06985909526,6.08447388769082,0,6329.01329452645,0,0,0,1.225
1038.87055921541,29.5112704894757,2,5,36.450055046306,131.220198166702,6.08603341393609,0,6333.61541159768,0,0,0,1.225
1039.12055921541,29.5181252666592,2,5,36.491778792641,131.370403653508,6.08759287528937,0,6338.21833642628,0,0,0,1.225
1039.37055921541,29.5249722142143,2,5,36.5334655588245,131.520476011768,6.0891522717875,0,6342.82206900594,0,0,0,1.225
1039.62055921541,29.531811356914,2,5,36.5751154708585,131.67041569509,6.09071160347048,0,6347.42660933294,0,0,0,1.225
1039.87055921541,29.5386427193994,2,5,36.6167286540604,131.820223154618,6.09227087037561,0,6352.0319574014,0,0,0,1.225
1040.12055921541,29.5454663261809,2,5,36.6583052330685,131.969898839047,6.09383007254337,0,6356.638113208,0,0,0,1.225
1040.37055921541,29.5522822016393,2,5,36.6998453318466,132.119443194648,6.09538921001058,0,6361.24507674652,0,0,0,1.225
1040.62055921541,29.5590903700265,2,5,36.741349073689,132.26885666528,6.0969482828159,0,6365.85284801224,0,0,0,1.225
1040.87055921541,29.5658908554665,2,5,36.7828165812261,132.418139692414,6.09850729099662,0,6370.46142699935,0,0,0,1.225
1041.12055921541,29.5726836819565,2,5,36.8242479764287,132.567292715143,6.1000662345914,0,6375.07081370316,0,0,0,1.225
1041.37055921541,29.5794688733679,2,5,36.8656433806135,132.716316170209,6.10162511363797,0,6379.68100811827,0,0,0,1.225
1041.62055921541,29.5862464534469,2,5,36.9070029144474,132.865210492011,6.10318392817408,0,6384.29201023931,0,0,0,1.225
1041.87055921541,29.5930164458156,2,5,36.9483266979525,133.013976112629,6.10474267823702,0,6388.90382006055,0,0,0,1.225
1042.12055921541,29.5997788739728,2,5,36.9896148505111,133.16261346184,6.10630136386408,0,6393.5164375763,0,0,0,1.225
1042.37055921541,29.6065337612954,2,5,37.0308674908703,133.311122967133,6.10785998509209,0,6398.12986278052,0,0,0,1.225
1042.62055921541,29.6132811310386,2,5,37.0720847371463,133.459505053727,6.10941854196062,0,6402.74409566937,0,0,0,1.225
1042.87055921541,29.6200210063369,2,5,37.1132667068297,133.607760144587,6.11097703450378,0,6407.35913623465,0,0,0,1.225
1043.12055921541,29.6267534102057,2,5,37.1544135167895,133.755888660442,6.11253546275975,0,6411.97498447149,0,0,0,1.225
1043.37055921541,29.633478365541,2,5,37.195525283278,133.903891019801,6.11409382676584,0,6416.59164037428,0,0,0,1.225
1043.62055921541,29.6401958951215,2,5,37.2366021219351,134.051767638966,6.11565212655796,0,6421.20910393637,0,0,0,1.225
1043.87055921541,29.6469060216083,2,5,37.277644147793,134.199518932055,6.11721036217341,0,6425.82737515218,0,0,0,1.225
1044.12055921541,29.6536087675466,2,5,37.3186514752803,134.347145311009,6.11876853364811,0,6430.4464540151,0,0,0,1.225
1044.37055921541,29.6603041553662,2,5,37.3596242182266,134.494647185616,6.12032664101889,0,6435.06634051925,0,0,0,1.225
1044.62055921541,29.6669922073821,2,5,37.4005624898669,134.642024963521,6.12188468432078,0,6439.6870346573,0,0,0,1.225
1044.87055921541,29.6736729457958,2,5,37.4414664028456,134.789279050244,6.12344266359105,0,6444.30853642379,0,0,0,1.225
1045.12055921541,29.6803463926958,2,5,37.4823360692211,134.936409849196,6.12500057886518,0,6448.9308458118,0,0,0,1.225
1045.37055921541,29.6870125700585,2,5,37.5231716004697,135.083417761691,6.12655843017819,0,6453.55396281407,0,0,0,1.225
1045.62055921541,29.693671499749,2,5,37.56397310749,135.230303186964,6.12811621756782,0,6458.17788742556,0,0,0,1.225
1045.87055921541,29.7003232035218,2,5,37.604740700607,135.377066522185,6.12967394106772,0,6462.80261963796,0,0,0,1.225
1046.12055921541,29.7069677030216,2,5,37.6454744895762,135.523708162474,6.13123160071564,0,6467.42815944624,0,0,0,1.225
1046.37055921541,29.7136050197843,2,5,37.6861745835877,135.670228500916,6.13278919654431,0,6472.05450684142,0,0,0,1.225
1046.62055921541,29.7202351752374,2,5,37.7268410912699,135.816627928572,6.13434672859057,0,6476.6816618178,0,0,0,1.225
1046.87055921541,29.7268581907013,2,5,37.7674741206942,135.962906834499,6.13590419688808,0,6481.30962436714,0,0,0,1.225
1047.12055921541,29.7334740873892,2,5,37.808073779378,136.109065605761,6.13746160147412,0,6485.93839448414,0,0,0,1.225
1047.37055921541,29.7400828864088,2,5,37.8486401742897,136.255104627443,6.13901894238143,0,6490.56797215989,0,0,0,1.225
1047.62055921541,29.7466846087625,2,5,37.8891734118516,136.401024282666,6.14057621964685,0,6495.19835738876,0,0,0,1.225
1047.87055921541,29.753279275348,2,5,37.9296735979444,136.5468249526,6.14213343330357,0,6499.82955016224,0,0,0,1.225
1048.12055921541,29.7598669069596,2,5,37.9701408379107,136.692507016479,6.14369058338571,0,6504.46155047254,0,0,0,1.225
1048.37055921541,29.7664475242885,2,5,38.0105752365589,136.838070851612,6.14524766992918,0,6509.09435831339,0,0,0,1.225
1048.62055921541,29.7730211479234,2,5,38.0509768981669,136.983516833401,6.14680469296763,0,6513.72797367668,0,0,0,1.225
1048.87055921541,29.7795877983516,2,5,38.0913459264858,137.128845335349,6.14836165253428,0,6518.36239655397,0,0,0,1.225
1049.12055921541,29.7861474959596,2,5,38.1316824247436,137.274056729077,6.14991854866457,0,6522.99762693867,0,0,0,1.225
1049.37055921541,29.7927002610335,2,5,38.1719864956491,137.419151384337,6.15147538139126,0,6527.63366482199,0,0,0,1.225
1049.62055921541,29.79924611376,2,5,38.2122582413949,137.564129669022,6.15303215074982,0,6532.27051019738,0,0,0,1.225
1049.87055921541,29.8057850742271,2,5,38.2524977636616,137.708991949182,6.15458885677299,0,6536.90816305611,0,0,0,1.225
1050.12055921541,29.8123171624245,2,5,38.2927051636209,137.853738589035,6.15614549949441,0,6541.5466233902,0,0,0,1.225
1050.37055921541,29.8188423982444,2,5,38.3328805419396,137.998369950982,6.15770207894684,0,6546.18589119095,0,0,0,1.225
1050.62055921541,29.8253608014824,2,5,38.3730239987825,138.142886395617,6.15925859516483,0,6550.82596645114,0,0,0,1.225
1050.87055921541,29.8318723918379,2,5,38.4131356338164,138.287288281739,6.16081504818112,0,6555.46684916212,0,0,0,1.225
1051.12055921541,29.8383771889147,2,5,38.4532155462131,138.431575966367,6.16237143802937,0,6560.10853931598,0,0,0,1.225
1051.37055921541,29.844875212222,2,5,38.4932638346532,138.575749804751,6.1639277647414,0,6564.75103690337,0,0,0,1.225
1051.62055921541,29.8513664811746,2,5,38.533280597329,138.719810150384,6.16548402835087,0,6569.39434191642,0,0,0,1.225
1051.87055921541,29.8578510150937,2,5,38.5732659319483,138.863757355014,6.16704022889098,0,6574.03845434691,0,0,0,1.225
1052.12055921541,29.8643288332079,2,5,38.6132199357374,139.007591768654,6.16859636639492,0,6578.68337418664,0,0,0,1.225
1052.37055921541,29.8707999546533,2,5,38.6531427054444,139.1513137396,6.17015244089271,0,6583.32910142488,0,0,0,1.225
1052.62055921541,29.8772643984742,2,5,38.6930343373426,139.294923614433,6.17170845241935,0,6587.97563605491,0,0,0,1.225
1052.87055921541,29.8837221836241,2,5,38.7328949272338,139.438421738042,6.17326440100715,0,6592.62297806787,0,0,0,1.225
1053.12055921541,29.8901733289659,2,5,38.772724570451,139.581808453624,6.1748202866861,0,6597.27112745308,0,0,0,1.225
1053.37055921541,29.8966178532728,2,5,38.8125233618622,139.725084102704,6.17637610949077,0,6601.92008420352,0,0,0,1.225
1053.62055921541,29.9030557752286,2,5,38.8522913958731,139.868249025143,6.1779318694521,0,6606.56984830927,0,0,0,1.225
1053.87055921541,29.9094871134285,2,5,38.8920287664304,140.011303559149,6.17948756660098,0,6611.22041976044,0,0,0,1.225
1054.12055921541,29.9159118863797,2,5,38.9317355670248,140.154248041289,6.18104320097154,0,6615.8717985497,0,0,0,1.225
1054.37055921541,29.922330112502,2,5,38.9714118906941,140.297082806499,6.18259877259379,0,6620.52398466646,0,0,0,1.225
1054.62055921541,29.9287418101281,2,5,39.0110578300263,140.439808188095,6.18415428149956,0,6625.17697810161,0,0,0,1.225
1054.87055921541,29.9351469975046,2,5,39.0506734771625,140.582424517785,6.18570972772068,0,6629.83077884605,0,0,0,1.225
1055.12055921541,29.9415456927921,2,5,39.0902589237998,140.724932125679,6.18726511128853,0,6634.48538689033,0,0,0,1.225
1055.37055921541,29.9479379140664,2,5,39.1298142611947,140.867331340301,6.18882043223311,0,6639.14080222393,0,0,0,1.225
1055.62055921541,29.9543236793183,2,5,39.1693395801652,141.009622488595,6.1903756905881,0,6643.79702483927,0,0,0,1.225
1055.87055921541,29.9607030064548,2,5,39.2088349710947,141.151805895941,6.19193088638167,0,6648.45405472441,0,0,0,1.225
1056.12055921541,29.9670759132992,2,5,39.2483005239341,141.293881886163,6.19348601964657,0,6653.11189187105,0,0,0,1.225
1056.37055921541,29.973442417592,2,5,39.287736328205,141.435850781538,6.19504109041281,0,6657.77053626876,0,0,0,1.225
1056.62055921541,29.9798025369912,2,5,39.3271424730026,141.577712902809,6.19659609871223,0,6662.42998790855,0,0,0,1.225
1056.87055921541,29.9861562890728,2,5,39.3665190469981,141.719468569193,6.19815104457257,0,6667.09024677818,0,0,0,1.225
1057.12055921541,29.9925036913316,2,5,39.4058661384421,141.861118098391,6.19970592802792,0,6671.75131287054,0,0,0,1.225
1057.37055921541,29.9988447611817,2,5,39.4451838351667,142.0026618066,6.20126074910695,0,6676.41318617414,0,0,0,1.225
1057.62055921541,30.0051795159565,2,5,39.4844722245889,142.14410000852,6.20281550783966,0,6681.07586667863,0,0,0,1.225
1057.87055921541,30.0115079729099,2,5,39.5237313937128,142.285433017366,6.20437020425652,0,6685.73935437402,0,0,0,1.225
1058.12055921541,30.0178301492165,2,5,39.5629614291324,142.426661144877,6.20592483838664,0,6690.40364924924,0,0,0,1.225
1058.37055921541,30.0241460619722,2,5,39.6021624170345,142.567784701324,6.20747941026139,0,6695.06875129507,0,0,0,1.225
1058.62055921541,30.0304557281944,2,5,39.6413344432012,142.708803995524,6.20903391991123,0,6699.73466050158,0,0,0,1.225
1058.87055921541,30.0367591648231,2,5,39.6804775930122,142.849719334844,6.21058836736256,0,6704.40137685557,0,0,0,1.225
1059.12055921541,30.0430563887207,2,5,39.7195919514482,142.990531025213,6.21214275264947,0,6709.06890035005,0,0,0,1.225
1059.37055921541,30.0493474166732,2,5,39.7586776030926,143.131239371133,6.21369707579788,0,6713.7372309715,0,0,0,1.225
1059.62055921541,30.05563226539,2,5,39.7977346321348,143.271844675685,6.21525133683826,0,6718.40636871004,0,0,0,1.225
1059.87055921541,30.0619109515048,2,5,39.836763122372,143.412347240539,6.21680553580063,0,6723.07631355545,0,0,0,1.225
1060.12055921541,30.0681834915763,2,5,39.8757631572125,143.552747365965,6.21835967271363,0,6727.74706549645,0,0,0,1.225
1060.37055921541,30.074449902088,2,5,39.9147348196776,143.693045350839,6.21991374760637,0,6732.41862452211,0,0,0,1.225
1060.62055921541,30.0807101994493,2,5,39.9536781924044,143.833241492656,6.22146776050704,0,6737.09099062082,0,0,0,1.225
1060.87055921541,30.0869643999955,2,5,39.9925933576482,143.973336087533,6.22302171144611,0,6741.76416378279,0,0,0,1.225
1061.12055921541,30.0932125199887,2,5,40.0314803972846,144.113329430224,6.22457560045177,0,6746.43814399641,0,0,0,1.225
1061.37055921541,30.0994545756179,2,5,40.0703393928125,144.253221814125,6.22612942755177,0,6751.11293124975,0,0,0,1.225
1061.62055921541,30.1056905829999,2,5,40.1091704253561,144.393013531282,6.22768319277566,0,6755.78852553234,0,0,0,1.225
1061.87055921541,30.111920558179,2,5,40.1479735756675,144.532704872403,6.22923689615072,0,6760.4649268319,0,0,0,1.225
1062.12055921541,30.1181445171284,2,5,40.1867489241287,144.672296126863,6.23079053770743,0,6765.14213513873,0,0,0,1.225
1062.37055921541,30.1243624757498,2,5,40.2254965507544,144.811787582716,6.23234411747262,0,6769.82015044021,0,0,0,1.225
1062.62055921541,30.1305744498744,2,5,40.264216535194,144.951179526698,6.23389763547448,0,6774.49897272485,0,0,0,1.225
1062.87055921541,30.1367804552631,2,5,40.302908956734,145.090472244243,6.23545109174074,0,6779.1786019808,0,0,0,1.225
1063.12055921541,30.1429805076071,2,5,40.3415738943004,145.229666019482,6.23700448630007,0,6783.85903819696,0,0,0,1.225
1063.37055921541,30.149174622528,2,5,40.3802114264608,145.368761135259,6.23855781917928,0,6788.54028136078,0,0,0,1.225
1063.62055921541,30.1553628155787,2,5,40.4188216314265,145.507757873135,6.24011109040748,0,6793.22233146154,0,0,0,1.225
1063.87055921541,30.1615451022434,2,5,40.4574045870552,145.646656513399,6.24166430001242,0,6797.90518848748,0,0,0,1.225
1064.12055921541,30.1677214979383,2,5,40.4959603708528,145.78545733507,6.24321744802046,0,6802.58885242571,0,0,0,1.225
1064.37055921541,30.1738920180118,2,5,40.5344890599758,145.924160615913,6.24477053445889,0,6807.27332326413,0,0,0,1.225
1064.62055921541,30.1800566777453,2,5,40.5729907312335,146.06276663244,6.24632355935591,0,6811.95860099135,0,0,0,1.225
1064.87055921541,30.1862154923532,2,5,40.6114654610897,146.201275659923,6.24787652273835,0,6816.64468559493,0,0,0,1.225
1065.12055921541,30.1923684769833,2,5,40.6499133256656,146.339687972396,6.24942942463304,0,6821.33157706242,0,0,0,1.225
1065.37055921541,30.1985156467176,2,5,40.6883344007413,146.478003842669,6.25098226506771,0,6826.01927538213,0,0,0,1.225
1065.62055921541,30.2046570165726,2,5,40.7267287617583,146.61622354233,6.25253504406828,0,6830.70778054092,0,0,0,1.225
1065.87055921541,30.2107926014991,2,5,40.7650964838214,146.754347341757,6.25408776166296,0,6835.3970925275,0,0,0,1.225
1066.12055921541,30.2169224163835,2,5,40.8034376417006,146.892375510122,6.25564041787811,0,6840.0872113291,0,0,0,1.225
1066.37055921541,30.2230464760477,2,5,40.8417523098337,147.030308315401,6.25719301273966,0,6844.77813693266,0,0,0,1.225
1066.62055921541,30.2291647952495,2,5,40.8800405623277,147.16814602438,6.25874554627353,0,6849.46986932508,0,0,0,1.225
1066.87055921541,30.2352773886829,2,5,40.9183024729613,147.305888902661,6.26029801850837,0,6854.16240849549,0,0,0,1.225
1067.12055921541,30.2413842709788,2,5,40.9565381151868,147.443537214672,6.26185042946781,0,6858.85575442902,0,0,0,1.225
1067.37055921541,30.2474854567054,2,5,40.9947475621318,147.581091223674,6.26340277918007,0,6863.54990711446,0,0,0,1.225
1067.62055921541,30.253580960368,2,5,41.0329308866016,147.718551191766,6.26495506767105,0,6868.24486653879,0,0,0,1.225
1067.87055921541,30.25967079641,2,5,41.0710881610809,147.855917379891,6.26650729496578,0,6872.94063268827,0,0,0,1.225
1068.12055921541,30.2657549792131,2,5,41.1092194577359,147.993190047849,6.26805946109016,0,6877.63720554991,0,0,0,1.225
1068.37055921541,30.2718335230974,2,5,41.1473248484161,148.130369454298,6.26961156607194,0,6882.3345851122,0,0,0,1.225
1068.62055921541,30.2779064423222,2,5,41.1854044046563,148.267455856763,6.27116360993432,0,6887.03277135999,0,0,0,1.225
1068.87055921541,30.283973751086,2,5,41.2234581976785,148.404449511643,6.27271559270594,0,6891.73176428251,0,0,0,1.225
1069.12055921541,30.2900354635271,2,5,41.2614862983936,148.541350674217,6.27426751440862,0,6896.43156386356,0,0,0,1.225
1069.37055921541,30.2960915937238,2,5,41.2994887774037,148.678159598653,6.27581937507102,0,6901.13217009239,0,0,0,1.225
1069.62055921541,30.302142155695,2,5,41.3374657050035,148.814876538013,6.27737117471634,0,6905.83358295393,0,0,0,1.225
1069.87055921541,30.3081871634001,2,5,41.3754171511825,148.951501744257,6.27892291337048,0,6910.53580243527,0,0,0,1.225
1070.12055921541,30.3142266307398,2,5,41.4133431856264,149.088035468255,6.28047459105846,0,6915.23882852282,0,0,0,1.225
1070.37055921541,30.3202605715563,2,5,41.4512438777196,149.224477959791,6.28202620780712,0,6919.94266120443,0,0,0,1.225
1070.62055921541,30.3262889996335,2,5,41.4891192965463,149.360829467567,6.28357776363919,0,6924.64730046471,0,0,0,1.225
1070.87055921541,30.3323119286977,2,5,41.5269695108926,149.497090239213,6.28512925857967,0,6929.3527462901,0,0,0,1.225
1071.12055921541,30.3383293724174,2,5,41.5647945892484,149.633260521294,6.28668069265314,0,6934.05899866668,0,0,0,1.225
1071.37055921541,30.3443413444042,2,5,41.6025945998089,149.769340559312,6.28823206588686,0,6938.76605758273,0,0,0,1.225
1071.62055921541,30.3503478582127,2,5,41.6403696104765,149.905330597715,6.28978337830267,0,6943.47392302218,0,0,0,1.225
1071.87055921541,30.3563489273412,2,5,41.6781196888625,150.041230879905,6.29133462992604,0,6948.1825949719,0,0,0,1.225
1072.12055921541,30.3623445652317,2,5,41.715844902289,150.17704164824,6.29288582078107,0,6952.89207341764,0,0,0,1.225
1072.37055921541,30.3683347852704,2,5,41.75354531779,150.312763144044,6.2944369508914,0,6957.60235834485,0,0,0,1.225
1072.62055921541,30.374319600788,2,5,41.7912210021141,150.448395607611,6.2959880202834,0,6962.31344974113,0,0,0,1.225
1072.87055921541,30.3802990250601,2,5,41.8288720217251,150.58393927821,6.29753902897892,0,6967.0253475905,0,0,0,1.225
1073.12055921541,30.3862730713074,2,5,41.8664984428045,150.719394394096,6.2990899770025,0,6971.73805187914,0,0,0,1.225
1073.37055921541,30.392241752696,2,5,41.9041003312527,150.85476119251,6.30064086437824,0,6976.45156259288,0,0,0,1.225
1073.62055921541,30.3982050823378,2,5,41.941677752691,150.990039909688,6.3021916911307,0,6981.16587971797,0,0,0,1.225
1073.87055921541,30.4041630732908,2,5,41.9792307724627,151.125230780866,6.30374245728217,0,6985.8810032388,0,0,0,1.225
1074.12055921541,30.4101157385595,2,5,42.0167594556352,151.260334040287,6.3052931628572,0,6990.59693314162,0,0,0,1.225
1074.37055921541,30.4160630910949,2,5,42.0542638670016,151.395349921206,6.30684380787898,0,6995.3136694116,0,0,0,1.225
1074.62055921541,30.4220051437951,2,5,42.0917440710819,151.530278655895,6.30839439237207,0,7000.03121203502,0,0,0,1.225
1074.87055921541,30.4279419095058,2,5,42.129200132125,151.66512047565,6.30994491635784,0,7004.7495609956,0,0,0,1.225
1075.12055921541,30.4338734010198,2,5,42.16663211411,151.799875610796,6.31149537985993,0,7009.46871627893,0,0,0,1.225
1075.37055921541,30.4397996310783,2,5,42.204040080748,151.934544290693,6.31304578290246,0,7014.18867787094,0,0,0,1.225
1075.62055921541,30.4457206123703,2,5,42.2414240954834,152.06912674374,6.31459612550861,0,7018.90944575687,0,0,0,1.225
1075.87055921541,30.4516363575338,2,5,42.2787842214957,152.203623197384,6.31614640770113,0,7023.63101992159,0,0,0,1.225
1076.12055921541,30.4575468791551,2,5,42.3161205217006,152.338033878122,6.31769662950182,0,7028.35340034928,0,0,0,1.225
1076.37055921541,30.46345218977,2,5,42.3534330587522,152.472359011508,6.31924679093481,0,7033.07658702593,0,0,0,1.225
1076.62055921541,30.4693523018634,2,5,42.3907218950437,152.606598822157,6.32079689202192,0,7037.80057993573,0,0,0,1.225
1076.87055921541,30.4752472278701,2,5,42.4279870927097,152.740753533755,6.32234693278542,0,7042.52537906324,0,0,0,1.225
1077.12055921541,30.4811369801747,2,5,42.465228713627,152.874823369057,6.32389691324897,0,7047.25098439415,0,0,0,1.225
1077.37055921541,30.4870215711121,2,5,42.5024468194164,153.008808549899,6.32544683343349,0,7051.97739591194,0,0,0,1.225
1077.62055921541,30.4929010129678,2,5,42.5396414714443,153.142709297199,6.32699669336307,0,7056.70461360268,0,0,0,1.225
1077.87055921541,30.498775317978,2,5,42.5768127308236,153.276525830965,6.32854649305909,0,7061.43263745025,0,0,0,1.225
1078.12055921541,30.50464449833,2,5,42.613960658416,153.410258370298,6.33009623254384,0,7066.16146743929,0,0,0,1.225
1078.37055921541,30.5105085661624,2,5,42.6510853148325,153.543907133397,6.33164591184004,0,7070.8911035548,0,0,0,1.225
1078.62055921541,30.5163675335656,2,5,42.6881867604355,153.677472337568,6.33319553096771,0,7075.62154577961,0,0,0,1.225
1078.87055921541,30.5222214125817,2,5,42.72526505534,153.810954199224,6.3347450899505,0,7080.35279409948,0,0,0,1.225
1079.12055921541,30.528070215205,2,5,42.7623202594146,153.944352933893,6.33629458880887,0,7085.08484849763,0,0,0,1.225
1079.37055921541,30.5339139533824,2,5,42.7993524322838,154.077668756222,6.33784402756555,0,7089.81770895912,0,0,0,1.225
1079.62055921541,30.5397526390133,2,5,42.8363616333284,154.210901879982,6.33939340624147,0,7094.55137546755,0,0,0,1.225
1079.87055921541,30.5455862839501,2,5,42.8733479216875,154.344052518075,6.34094272485845,0,7099.28584800727,0,0,0,1.225
1080.12055921541,30.5514148999985,2,5,42.9103113562596,154.477120882534,6.34249198343832,0,7104.02112656264,0,0,0,1.225
1080.37055921541,30.5572384989176,2,5,42.947251995704,154.610107184534,6.344041182002,0,7108.75721111731,0,0,0,1.225
1080.62055921541,30.5630570924203,2,5,42.9841698984422,154.743011634392,6.34559032057177,0,7113.49410165602,0,0,0,1.225
1080.87055921541,30.5688706921735,2,5,43.0210651226591,154.875834441573,6.34713939916628,0,7118.23179816063,0,0,0,1.225
1081.12055921541,30.5746793097982,2,5,43.0579377263045,155.008575814696,6.34868841780917,0,7122.97030061699,0,0,0,1.225
1081.37055921541,30.58048295687,2,5,43.0947877670943,155.14123596154,6.35023737651954,0,7127.70960900736,0,0,0,1.225
1081.62055921541,30.5862816449194,2,5,43.1316153025117,155.273815089042,6.35178627531923,0,7132.44972331614,0,0,0,1.225
1081.87055921541,30.5920753854317,2,5,43.1684203898087,155.406313403311,6.35333511422868,0,7137.1906435267,0,0,0,1.225
1082.12055921541,30.5978641898473,2,5,43.2052030860072,155.538731109626,6.35488389326838,0,7141.9323696224,0,0,0,1.225
1082.37055921541,30.6036480695625,2,5,43.2419634479004,155.671068412441,6.35643261246105,0,7146.67490158842,0,0,0,1.225
1082.62055921541,30.6094270359291,2,5,43.2787015320542,155.803325515395,6.35798127182443,0,7151.41823940598,0,0,0,1.225
1082.87055921541,30.6152011002547,2,5,43.3154173948079,155.935502621309,6.35952987137989,0,7156.1623830592,0,0,0,1.225
1083.12055921541,30.6209702738035,2,5,43.3521110922762,156.067599932194,6.36107841114972,0,7160.90733253294,0,0,0,1.225
1083.37055921541,30.6267345677958,2,5,43.3887826803499,156.19961764926,6.36262689115028,0,7165.65308780733,0,0,0,1.225
1083.62055921541,30.6324939934089,2,5,43.4254322146974,156.33155597291,6.36417531140614,0,7170.3996488691,0,0,0,1.225
1083.87055921541,30.6382485617766,2,5,43.4620597507655,156.463415102756,6.36572367193367,0,7175.1470156984,0,0,0,1.225
1084.12055921541,30.6439982839903,2,5,43.4986653437813,156.595195237613,6.36727197275513,0,7179.89518828014,0,0,0,1.225
1084.37055921541,30.6497431710986,2,5,43.5352490487529,156.726896575511,6.3688202138901,0,7184.64416659706,0,0,0,1.225
1084.62055921541,30.6554832341076,2,5,43.5718109204708,156.858519313695,6.37036839535767,0,7189.39395063154,0,0,0,1.225
1084.87055921541,30.6612184839814,2,5,43.6083510135087,156.990063648631,6.37191651717831,0,7194.14454036707,0,0,0,1.225
1085.12055921541,30.6669489316421,2,5,43.6448693822255,157.121529776012,6.37346457937156,0,7198.8959357864,0,0,0,1.225
1085.37055921541,30.6726745879702,2,5,43.6813660807656,157.252917890756,6.37501258195653,0,7203.64813687197,0,0,0,1.225
1085.62055921541,30.6783954638046,2,5,43.7178411630605,157.384228187018,6.37656052495322,0,7208.40114360692,0,0,0,1.225
1085.87055921541,30.684111569943,2,5,43.7542946828299,157.515460858188,6.37810840838074,0,7213.15495597368,0,0,0,1.225
1086.12055921541,30.6898229171419,2,5,43.790726693583,157.646616096899,6.37965623225955,0,7217.90957395581,0,0,0,1.225
1086.37055921541,30.6955295161174,2,5,43.8271372486191,157.777694095029,6.38120399660738,0,7222.66499753466,0,0,0,1.225
1086.62055921541,30.7012313775445,2,5,43.8635264010295,157.908695043706,6.38275170144425,0,7227.42122669342,0,0,0,1.225
1086.87055921541,30.706928512058,2,5,43.8998942036979,158.039619133312,6.38429934678788,0,7232.1782614135,0,0,0,1.225
1087.12055921541,30.7126209302528,2,5,43.936240709302,158.170466553487,6.38584693265921,0,7236.93610167883,0,0,0,1.225
1087.37055921541,30.7183086426835,2,5,43.9725659703145,158.301237493132,6.38739445907731,0,7241.69474747191,0,0,0,1.225
1087.62055921541,30.723991659865,2,5,44.008870039004,158.431932140415,6.38894192605949,0,7246.45419877381,0,0,0,1.225
1087.87055921541,30.7296699922728,2,5,44.0451529674364,158.562550682771,6.39048933362437,0,7251.21445556667,0,0,0,1.225
1088.12055921541,30.7353436503429,2,5,44.0814148074755,158.693093306912,6.39203668179152,0,7255.97551783339,0,0,0,1.225
1088.37055921541,30.7410126444725,2,5,44.1176556107848,158.823560198825,6.39358397057913,0,7260.73738555578,0,0,0,1.225
1088.62055921541,30.7466769850194,2,5,44.153875428828,158.953951543781,6.39513120000674,0,7265.50005871676,0,0,0,1.225
1088.87055921541,30.7523366823032,2,5,44.1900743128701,159.084267526333,6.39667837009119,0,7270.26353729708,0,0,0,1.225
1089.12055921541,30.7579917466046,2,5,44.2262523139789,159.214508330324,6.39822548085203,0,7275.02782127967,0,0,0,1.225
1089.37055921541,30.7636421881662,2,5,44.2624094830253,159.344674138891,6.39977253230654,0,7279.79291064565,0,0,0,1.225
1089.62055921541,30.7692880171924,2,5,44.2985458706853,159.474765134467,6.40131952447337,0,7284.55880537726,0,0,0,1.225
1089.87055921541,30.7749292438499,2,5,44.33466152744,159.604781498784,6.40286645737024,0,7289.325505456,0,0,0,1.225
1090.12055921541,30.7805658782673,2,5,44.3707565035775,159.734723412879,6.40441333101671,0,7294.09301086486,0,0,0,1.225
1090.37055921541,30.7861979305361,2,5,44.4068308491934,159.864591057096,6.40596014542916,0,7298.86132158427,0,0,0,1.225
1090.62055921541,30.7918254107102,2,5,44.4428846141921,159.994384611091,6.40750690062487,0,7303.6304375954,0,0,0,1.225
1090.87055921541,30.7974483288065,2,5,44.4789178482874,160.124104253835,6.40905359662293,0,7308.4003588809,0,0,0,1.225
1091.12055921541,30.8030666948051,2,5,44.5149306010042,160.253750163615,6.41060023344107,0,7313.17108542233,0,0,0,1.225
1091.37055921541,30.808680518649,2,5,44.5509229216786,160.383322518043,6.41214681109568,0,7317.94261720016,0,0,0,1.225
1091.62055921541,30.814289810245,2,5,44.5868948594598,160.512821494055,6.41369332960585,0,7322.71495419708,0,0,0,1.225
1091.87055921541,30.8198945794633,2,5,44.6228464633104,160.642247267917,6.41523978898704,0,7327.48809639284,0,0,0,1.225
1092.12055921541,30.8254948361382,2,5,44.6587777820076,160.771600015227,6.4167861892588,0,7332.26204377051,0,0,0,1.225
1092.37055921541,30.8310905900678,2,5,44.6946888641442,160.900879910919,6.4183325304366,0,7337.03679630986,0,0,0,1.225
1092.62055921541,30.8366818510144,2,5,44.7305797581297,161.030087129267,6.41987881253817,0,7341.81235399253,0,0,0,1.225
1092.87055921541,30.8422686287047,2,5,44.7664505121909,161.159221843887,6.42142503558125,0,7346.58871680013,0,0,0,1.225
1093.12055921541,30.8478509328301,2,5,44.802301174373,161.288284227743,6.42297119958175,0,7351.36588471285,0,0,0,1.225
1093.37055921541,30.8534287730466,2,5,44.8381317925408,161.417274453147,6.42451730455832,0,7356.14385771306,0,0,0,1.225
1093.62055921541,30.8590021589751,2,5,44.8739424143793,161.546192691765,6.42606335052551,0,7360.92263577986,0,0,0,1.225
1093.87055921541,30.8645711002018,2,5,44.9097330873947,161.675039114621,6.42760933750333,0,7365.70221889675,0,0,0,1.225
1094.12055921541,30.870135606278,2,5,44.9455038589155,161.803813892096,6.42915526550496,0,7370.48260704177,0,0,0,1.225
1094.37055921541,30.8756956867206,2,5,44.9812547760932,161.932517193935,6.43070113454951,0,7375.26380019767,0,0,0,1.225
1094.62055921541,30.8812513510119,2,5,45.0169858859032,162.061149189251,6.43224694465243,0,7380.04579834434,0,0,0,1.225
1094.87055921541,30.8868026086003,2,5,45.0526972351459,162.189710046525,6.43379269583056,0,7384.82860146275,0,0,0,1.225
1095.12055921541,30.8923494689,2,5,45.0883888704476,162.318199933612,6.43533838809935,0,7389.61220953279,0,0,0,1.225
1095.37055921541,30.8978919412913,2,5,45.1240608382612,162.44661901774,6.43688402147654,0,7394.39662253618,0,0,0,1.225
1095.62055921541,30.9034300351212,2,5,45.1597131848672,162.574967465522,6.4384295959776,0,7399.18184045284,0,0,0,1.225
1095.87055921541,30.9089637597027,2,5,45.1953459563744,162.703245442948,6.43997511161933,0,7403.96786326376,0,0,0,1.225
1096.12055921541,30.9144931243157,2,5,45.2309591987211,162.831453115396,6.44152056841676,0,7408.75469094851,0,0,0,1.225
1096.37055921541,30.920018138207,2,5,45.2665529576759,162.959590647633,6.44306596638717,0,7413.54232348849,0,0,0,1.225
1096.62055921541,30.9255388105903,2,5,45.3021272788382,163.087658203818,6.44461130554464,0,7418.33076086255,0,0,0,1.225
1096.87055921541,30.9310551506465,2,5,45.3376822076396,163.215655947503,6.44615658590737,0,7423.12000305281,0,0,0,1.225
1097.12055921541,30.9365671675238,2,5,45.3732177893443,163.343584041639,6.44770180748947,0,7427.91005003817,0,0,0,1.225
1097.37055921541,30.9420748703379,2,5,45.4087340690502,163.471442648581,6.44924697030638,0,7432.70090179857,0,0,0,1.225
1097.62055921541,30.9475782681721,2,5,45.4442310916896,163.599231930083,6.4507920743763,0,7437.4925583162,0,0,0,1.225
1097.87055921541,30.9530773700777,2,5,45.4797089020303,163.726952047309,6.45233711971196,0,7442.28501956885,0,0,0,1.225
1098.12055921541,30.9585721850737,2,5,45.5151675446759,163.854603160833,6.45388210632973,0,7447.07828553725,0,0,0,1.225
1098.37055921541,30.9640627221475,2,5,45.5506070640674,163.982185430643,6.45542703424326,0,7451.87235619994,0,0,0,1.225
1098.62055921541,30.9695489902546,2,5,45.5860275044831,164.109699016139,6.45697190347255,0,7456.66723154058,0,0,0,1.225
1098.87055921541,30.9750309983191,2,5,45.6214289100404,164.237144076145,6.45851671402852,0,7461.46291153555,0,0,0,1.225
1099.12055921541,30.9805087552336,2,5,45.6568113246957,164.364520768904,6.46006146592845,0,7466.25939616635,0,0,0,1.225
1099.37055921541,30.9859822698595,2,5,45.6921747922457,164.491829252085,6.46160615918507,0,7471.05668541082,0,0,0,1.225
1099.62055921541,30.991451551027,2,5,45.7275193563284,164.619069682782,6.46315079381657,0,7475.85477925119,0,0,0,1.225
1099.87055921541,30.9969166075357,2,5,45.7628450604232,164.746242217524,6.46469536983659,0,7480.65367766606,0,0,0,1.225
1100.12055921541,31.002377448154,2,5,45.7981519478524,164.873347012269,6.46623988725787,0,7485.45338063332,0,0,0,1.225
1100.37055921541,31.0078340816199,2,5,45.8334400617814,165.000384222413,6.4677843460986,0,7490.25388813522,0,0,0,1.225
1100.62055921541,31.013286516641,2,5,45.8687094452202,165.127354002793,6.46932874637059,0,7495.05520014893,0,0,0,1.225
1100.87055921541,31.0187347618943,2,5,45.9039601410232,165.254256507683,6.47087308809114,0,7499.85731665599,0,0,0,1.225
1101.12055921541,31.0241788260269,2,5,45.9391921918909,165.381091890807,6.47241737127388,0,7504.66023763505,0,0,0,1.225
1101.37055921541,31.0296187176558,2,5,45.97440564037,165.507860305332,6.47396159593245,0,7509.46396306474,0,0,0,1.225
1101.62055921541,31.0350544453679,2,5,46.0096005288547,165.634561903877,6.47550576208141,0,7514.26849292446,0,0,0,1.225
1101.87055921541,31.0404860177206,2,5,46.0447768995871,165.761196838513,6.47704986973531,0,7519.0738271936,0,0,0,1.225
1102.12055921541,31.0459134432417,2,5,46.0799347946577,165.887765260768,6.47859391890688,0,7523.8799658501,0,0,0,1.225
1102.37055921541,31.0513367304294,2,5,46.115074256007,166.014267321625,6.48013790961431,0,7528.68690887628,0,0,0,1.225
1102.62055921541,31.0567558877527,2,5,46.1501953254253,166.140703171531,6.48168184186852,0,7533.49465624865,0,0,0,1.225
1102.87055921541,31.0621709236513,2,5,46.1852980445541,166.267072960395,6.48322571568315,0,7538.3032079459,0,0,0,1.225
1103.12055921541,31.0675818465361,2,5,46.2203824548865,166.393376837592,6.48476953107456,0,7543.11256394892,0,0,0,1.225
1103.37055921541,31.072988664789,2,5,46.2554485977681,166.519614951965,6.48631328805641,0,7547.92272423642,0,0,0,1.225
1103.62055921541,31.078391386763,2,5,46.2904965143974,166.645787451831,6.4878569866396,0,7552.73368878494,0,0,0,1.225
1103.87055921541,31.0837900207827,2,5,46.3255262458271,166.771894484977,6.4894006268396,0,7557.54545757465,0,0,0,1.225
1104.12055921541,31.0891845751443,2,5,46.360537832964,166.89793619867,6.49094420867095,0,7562.35803058502,0,0,0,1.225
1104.37055921541,31.0945750581153,2,5,46.3955313165707,167.023912739655,6.49248773214731,0,7567.1714077948,0,0,0,1.225
1104.62055921541,31.0999614779354,2,5,46.4305067372654,167.149824254156,6.49403119728049,0,7571.98558918127,0,0,0,1.225
1104.87055921541,31.1053438428161,2,5,46.4654641355232,167.275670887883,6.49557460408505,0,7576.80057472391,0,0,0,1.225
1105.12055921541,31.1107221609408,2,5,46.5004035516764,167.401452786035,6.49711795257463,0,7581.61636440151,0,0,0,1.225
1105.37055921541,31.1160964404653,2,5,46.5353250259154,167.527170093296,6.49866124276105,0,7586.43295819136,0,0,0,1.225
1105.62055921541,31.1214666895177,2,5,46.5702285982895,167.652822953842,6.50020447465795,0,7591.25035607224,0,0,0,1.225
1105.87055921541,31.1268329161986,2,5,46.6051143087074,167.778411511347,6.50174764828171,0,7596.06855802513,0,0,0,1.225
1106.12055921541,31.1321951285812,2,5,46.6399821969376,167.903935908976,6.50329076364051,0,7600.88756402446,0,0,0,1.225
1106.37055921541,31.1375533347112,2,5,46.6748323026099,168.029396289396,6.50483382074981,0,7605.70737405047,0,0,0,1.225
1106.62055921541,31.1429075426075,2,5,46.7096646652152,168.154792794775,6.50637681962417,0,7610.52798808271,0,0,0,1.225
1106.87055921541,31.1482577602618,2,5,46.7444793241066,168.280125566784,6.50791976027358,0,7615.34940609708,0,0,0,1.225
1107.12055921541,31.153603995639,2,5,46.7792763185,168.4053947466,6.5094626427117,0,7620.17162807239,0,0,0,1.225
1107.37055921541,31.1589462566772,2,5,46.8140556874748,168.530600474909,6.51100546695125,0,7624.99465398676,0,0,0,1.225
1107.62055921541,31.1642845512878,2,5,46.8488174699744,168.655742891908,6.51254823300587,0,7629.81848381901,0,0,0,1.225
1107.87055921541,31.1696188873559,2,5,46.8835617048071,168.780822137305,6.5140909408874,0,7634.64311754654,0,0,0,1.225
1108.12055921541,31.1749492727399,2,5,46.9182884306464,168.905838350327,6.51563359060765,0,7639.46855514673,0,0,0,1.225
1108.37055921541,31.1802757152723,2,5,46.9529976860319,169.030791669715,6.51717618218026,0,7644.29479659845,0,0,0,1.225
1108.62055921541,31.1855982227592,2,5,46.9876895093701,169.155682233732,6.51871871561616,0,7649.12184187837,0,0,0,1.225
1108.87055921541,31.1909168029809,2,5,47.0223639389345,169.280510180164,6.52026119092898,0,7653.94969096536,0,0,0,1.225
1109.12055921541,31.1962314636916,2,5,47.0570210128666,169.40527564632,6.52180360813145,0,7658.77834383758,0,0,0,1.225
1109.37055921541,31.2015422126199,2,5,47.0916607691767,169.529978769036,6.52334596723449,0,7663.60780047173,0,0,0,1.225
1109.62055921541,31.2068490574687,2,5,47.1262832457439,169.654619684678,6.52488826825083,0,7668.43806084596,0,0,0,1.225
1109.87055921541,31.2121520059153,2,5,47.1608884803175,169.779198529143,6.52643051119139,0,7673.26912493699,0,0,0,1.225
1110.12055921541,31.2174510656118,2,5,47.195476510517,169.903715437861,6.52797269606799,0,7678.10099272227,0,0,0,1.225
1110.37055921541,31.2227462441847,2,5,47.2300473738329,170.028170545798,6.52951482289609,0,7682.93366418216,0,0,0,1.225
1110.62055921541,31.2280375492356,2,5,47.2646011076275,170.152563987459,6.53105689168297,0,7687.76713929049,0,0,0,1.225
1110.87055921541,31.2333249883409,2,5,47.2991377491353,170.276895896887,6.53259890244226,0,7692.60141802618,0,0,0,1.225
1111.12055921541,31.2386085690522,2,5,47.3336573354636,170.401166407669,6.53414085518762,0,7697.43650036816,0,0,0,1.225
1111.37055921541,31.243888298896,2,5,47.3681599035931,170.525375652935,6.53568274992722,0,7702.27238629101,0,0,0,1.225
1111.62055921541,31.2491641853745,2,5,47.4026454903786,170.649523765363,6.5372245866738,0,7707.10907577292,0,0,0,1.225
1111.87055921541,31.2544362359649,2,5,47.4371141325497,170.773610877179,6.53876636543919,0,7711.94656879141,0,0,0,1.225
1112.12055921541,31.2597044581201,2,5,47.4715658667108,170.897637120159,6.54030808623429,0,7716.78486532323,0,0,0,1.225
1112.37055921541,31.2649688592688,2,5,47.5060007293425,171.021602625633,6.54184974907184,0,7721.62396534663,0,0,0,1.225
1112.62055921541,31.270229446815,2,5,47.5404187568015,171.145507524485,6.54339135396185,0,7726.46386883766,0,0,0,1.225
1112.87055921541,31.275486228139,2,5,47.5748199853217,171.269351947158,6.54493290091523,0,7731.30457577311,0,0,0,1.225
1113.12055921541,31.2807392105969,2,5,47.6092044510143,171.393136023651,6.5464743899438,0,7736.14608613051,0,0,0,1.225
1113.37055921541,31.2859884015208,2,5,47.6435721898687,171.516859883527,6.54801582105847,0,7740.98839988666,0,0,0,1.225
1113.62055921541,31.291233808219,2,5,47.6779232377529,171.640523655911,6.54955719426925,0,7745.83151701764,0,0,0,1.225
1113.87055921541,31.2964754379763,2,5,47.7122576304143,171.764127469491,6.55109850958888,0,7750.67543750171,0,0,0,1.225
1114.12055921541,31.3017132980535,2,5,47.7465754034798,171.887671452527,6.55263976702827,0,7755.52016131571,0,0,0,1.225
1114.37055921541,31.3069473956884,2,5,47.7808765924568,172.011155732845,6.5541809665956,0,7760.36568843428,0,0,0,1.225
1114.62055921541,31.312177738095,2,5,47.8151612327336,172.134580437841,6.55572210830451,0,7765.21201883643,0,0,0,1.225
1114.87055921541,31.3174043324642,2,5,47.8494293595799,172.257945694488,6.5572631921641,0,7770.05915249755,0,0,0,1.225
1115.12055921541,31.3226271859638,2,5,47.8836810081474,172.381251629331,6.55880421818529,0,7774.90708939447,0,0,0,1.225
1115.37055921541,31.3278463057384,2,5,47.9179162134703,172.504498368493,6.56034518637716,0,7779.7558295026,0,0,0,1.225
1115.62055921541,31.3330616989096,2,5,47.9521350104658,172.627686037677,6.56188609675337,0,7784.60537280098,0,0,0,1.225
1115.87055921541,31.3382733725763,2,5,47.9863374339349,172.750814762166,6.56342694932209,0,7789.45571926429,0,0,0,1.225
1116.12055921541,31.3434813338146,2,5,48.0205235185625,172.873884666825,6.56496774409334,0,7794.30686886865,0,0,0,1.225
1116.37055921541,31.3486855896778,2,5,48.0546932989183,172.996895876106,6.56650848107802,0,7799.15882159096,0,0,0,1.225
1116.62055921541,31.3538861471968,2,5,48.0888468094572,173.119848514046,6.56804916028705,0,7804.01157740809,0,0,0,1.225
1116.87055921541,31.3590830133801,2,5,48.1229840845198,173.242742704271,6.56958978172861,0,7808.86513629473,0,0,0,1.225
1117.12055921541,31.3642761952136,2,5,48.1571051583329,173.365578569999,6.57113034541544,0,7813.71949822924,0,0,0,1.225
1117.37055921541,31.3694656996612,2,5,48.1912100650101,173.488356234036,6.57267085135663,0,7818.57466318705,0,0,0,1.225
1117.62055921541,31.3746515336646,2,5,48.2252988385521,173.611075818788,6.57421129956037,0,7823.43063114289,0,0,0,1.225
1117.87055921541,31.3798337041433,2,5,48.2593715128477,173.733737446252,6.57575169003758,0,7828.28740207366,0,0,0,1.225
1118.12055921541,31.385012217995,2,5,48.2934281216737,173.856341238025,6.57729202279734,0,7833.14497595482,0,0,0,1.225
1118.37055921541,31.3901870820954,2,5,48.3274686986959,173.978887315305,6.57883229785148,0,7838.00335276401,0,0,0,1.225
1118.62055921541,31.3953583032987,2,5,48.3614932774691,174.101375798889,6.58037251520818,0,7842.86253247598,0,0,0,1.225
1118.87055921541,31.4005258884373,2,5,48.3955018914384,174.223806809178,6.58191267487746,0,7847.72251506691,0,0,0,1.225
1119.12055921541,31.4056898443218,2,5,48.4294945739386,174.346180466179,6.5834527768684,0,7852.5833005123,0,0,0,1.225
1119.37055921541,31.4108501777417,2,5,48.4634713581958,174.468496889505,6.58499282119101,0,7857.44488878836,0,0,0,1.225
1119.62055921541,31.4160068954649,2,5,48.4974322773271,174.590756198378,6.58653280785347,0,7862.30727986983,0,0,0,1.225
1119.87055921541,31.4211600042382,2,5,48.5313773643414,174.712958511629,6.5880727368658,0,7867.17047373296,0,0,0,1.225
1120.12055921541,31.426309510787,2,5,48.5653066521399,174.835103947704,6.58961260823889,0,7872.03447035468,0,0,0,1.225
1120.37055921541,31.4314554218157,2,5,48.5992201735166,174.95719262466,6.59115242198004,0,7876.89926970905,0,0,0,1.225
1120.62055921541,31.4365977440078,2,5,48.6331179611585,175.079224660171,6.59269217809833,0,7881.76487177158,0,0,0,1.225
1120.87055921541,31.4417364840258,2,5,48.6670000476466,175.201200171528,6.59423187660377,0,7886.63127651851,0,0,0,1.225
1121.12055921541,31.4468716485113,2,5,48.7008664654558,175.323119275641,6.59577151750364,0,7891.4984839239,0,0,0,1.225
1121.37055921541,31.4520032440854,2,5,48.7347172469559,175.444982089041,6.59731110081066,0,7896.36649396619,0,0,0,1.225
1121.62055921541,31.4571312773483,2,5,48.7685524244115,175.566788727881,6.59885062652938,0,7901.23530661727,0,0,0,1.225
1121.87055921541,31.4622557548799,2,5,48.8023720299831,175.688539307939,6.60039009467164,0,7906.10492185485,0,0,0,1.225
1122.12055921541,31.4673766832396,2,5,48.836176095727,175.810233944617,6.60192950524379,0,7910.9753396523,0,0,0,1.225
1122.37055921541,31.4724940689662,2,5,48.8699646535961,175.931872752946,6.60346885825766,0,7915.84655998734,0,0,0,1.225
1122.62055921541,31.4776079185786,2,5,48.9037377354402,176.053455847585,6.60500815371779,0,7920.71858283187,0,0,0,1.225
1122.87055921541,31.4827182385753,2,5,48.9374953730068,176.174983342824,6.60654739163783,0,7925.59140816509,0,0,0,1.225
1123.12055921541,31.4878250354346,2,5,48.9712375979408,176.296455352587,6.60808657202051,0,7930.46503595747,0,0,0,1.225
1123.37055921541,31.492928315615,2,5,49.0049644417859,176.417871990429,6.60962569487856,0,7935.33946618747,0,0,0,1.225
1123.62055921541,31.498028085555,2,5,49.0386759359842,176.539233369543,6.61116476022016,0,7940.21469882994,0,0,0,1.225
1123.87055921541,31.5031243516732,2,5,49.0723721118772,176.660539602758,6.61270376805169,0,7945.09073385826,0,0,0,1.225
1124.12055921541,31.5082171203687,2,5,49.106053000706,176.781790802542,6.61424271838223,0,7949.96757124802,0,0,0,1.225
1124.37055921541,31.5133063980205,2,5,49.139718633612,176.902987081003,6.61578161121997,0,7954.84521097406,0,0,0,1.225
1124.62055921541,31.5183921909884,2,5,49.1733690416368,177.024128549892,6.61732044657128,0,7959.72365300979,0,0,0,1.225
1124.87055921541,31.5234745056125,2,5,49.2070042557231,177.145215320603,6.61885922444799,0,7964.60289733298,0,0,0,1.225
1125.12055921541,31.5285533482136,2,5,49.2406243067153,177.266247504175,6.62039794485645,0,7969.48294391704,0,0,0,1.225
1125.37055921541,31.5336287250932,2,5,49.2742292253592,177.387225211293,6.62193660780304,0,7974.36379273538,0,0,0,1.225
1125.62055921541,31.5387006425333,2,5,49.3078190423032,177.508148552292,6.62347521329684,0,7979.24544376362,0,0,0,1.225
1125.87055921541,31.5437691067971,2,5,49.3413937880983,177.629017637154,6.62501376134605,0,7984.12789697662,0,0,0,1.225
1126.12055921541,31.5488341241285,2,5,49.3749534931984,177.749832575514,6.62655225195886,0,7989.01115234928,0,0,0,1.225
1126.37055921541,31.5538957007523,2,5,49.4084981879614,177.870593476661,6.6280906851398,0,7993.89520985357,0,0,0,1.225
1126.62055921541,31.5589538428747,2,5,49.4420279026487,177.991300449535,6.6296290609007,0,7998.7800694673,0,0,0,1.225
1126.87055921541,31.5640085566828,2,5,49.4755426674264,178.111953602735,6.63116737924702,0,8003.66573116317,0,0,0,1.225
1127.12055921541,31.5690598483451,2,5,49.5090425123652,178.232553044515,6.63270564018785,0,8008.55219491682,0,0,0,1.225
1127.37055921541,31.5741077240113,2,5,49.5425274674412,178.353098882788,6.63424384372684,0,8013.43946069951,0,0,0,1.225
1127.62055921541,31.5791521898126,2,5,49.5759975625359,178.473591225129,6.6357819898767,0,8018.32752848979,0,0,0,1.225
1127.87055921541,31.5841932518615,2,5,49.609452827437,178.594030178773,6.63732007864019,0,8023.21639825821,0,0,0,1.225
1128.12055921541,31.5892309162524,2,5,49.6428932918385,178.714415850619,6.63885811002638,0,8028.10606998041,0,0,0,1.225
1128.37055921541,31.5942651890611,2,5,49.6763189853413,178.834748347229,6.64039608404346,0,8032.99654363132,0,0,0,1.225
1128.62055921541,31.5992960763451,2,5,49.7097299374536,178.955027774833,6.64193400069598,0,8037.88781918295,0,0,0,1.225
1128.87055921541,31.6043235841437,2,5,49.743126177591,179.075254239328,6.64347185999395,0,8042.77989661167,0,0,0,1.225
1129.12055921541,31.6093477184783,2,5,49.7765077350774,179.195427846279,6.64500966194282,0,8047.67277589025,0,0,0,1.225
1129.37055921541,31.614368485352,2,5,49.8098746391451,179.315548700922,6.64654740654896,0,8052.56645699217,0,0,0,1.225
1129.62055921541,31.6193858907499,2,5,49.8432269189349,179.435616908166,6.64808509382146,0,8057.46093989309,0,0,0,1.225
1129.87055921541,31.6243999406394,2,5,49.8765646034973,179.55563257259,6.64962272376579,0,8062.35622456576,0,0,0,1.225
1130.12055921541,31.6294106409699,2,5,49.9098877217919,179.675595798451,6.6511602963883,0,8067.2523109837,0,0,0,1.225
1130.37055921541,31.6344179976733,2,5,49.9431963026887,179.795506689679,6.65269781169536,0,8072.14919912039,0,0,0,1.225
1130.62055921541,31.6394220166634,2,5,49.9764903749677,179.915365349884,6.65423526969607,0,8077.04688895152,0,0,0,1.225
1130.87055921541,31.6444227038368,2,5,50.00976996732,180.035171882352,6.65577267039498,0,8081.94538044914,0,0,0,1.225
1131.12055921541,31.6494200650724,2,5,50.0430351083476,180.154926390051,6.65731001379936,0,8086.84467358747,0,0,0,1.225
1131.37055921541,31.6544141062317,2,5,50.0762858265641,180.274628975631,6.65884729991467,0,8091.74476833931,0,0,0,1.225
1131.62055921541,31.6594048331586,2,5,50.1095221503948,180.394279741421,6.66038452874818,0,8096.6456646789,0,0,0,1.225
1131.87055921541,31.6643922516801,2,5,50.1427441081775,180.513878789439,6.66192170030808,0,8101.5473625812,0,0,0,1.225
1132.12055921541,31.6693763676057,2,5,50.1759517281625,180.633426221385,6.66345881459711,0,8106.44986201684,0,0,0,1.225
1132.37055921541,31.6743571867276,2,5,50.2091450385132,180.752922138647,6.66499587162343,0,8111.35316296079,0,0,0,1.225
1132.62055921541,31.6793347148212,2,5,50.2423240673061,180.872366642302,6.66653287139434,0,8116.25726538731,0,0,0,1.225
1132.87055921541,31.6843089576448,2,5,50.2754888425318,180.991759833114,6.66806981391437,0,8121.16216926847,0,0,0,1.225
1133.12055921541,31.6892799209396,2,5,50.3086393920946,181.11110181154,6.66960669918899,0,8126.06787457709,0,0,0,1.225
1133.37055921541,31.6942476104301,2,5,50.3417757438135,181.230392677729,6.67114352722547,0,8130.97438128743,0,0,0,1.225
1133.62055921541,31.6992120318238,2,5,50.3748979254224,181.349632531521,6.67268029803108,0,8135.88168937376,0,0,0,1.225
1133.87055921541,31.7041731908116,2,5,50.4080059645701,181.468821472453,6.67421701160856,0,8140.78979880671,0,0,0,1.225
1134.12055921541,31.7091310930678,2,5,50.4410998888211,181.587959599756,6.67575366796518,0,8145.69870956057,0,0,0,1.225
1134.37055921541,31.7140857442499,2,5,50.4741797256558,181.707047012361,6.67729026710822,0,8150.6084216096,0,0,0,1.225
1134.62055921541,31.7190371499989,2,5,50.5072455024706,181.826083808894,6.67882680904131,0,8155.51893492519,0,0,0,1.225
1134.87055921541,31.7239853159394,2,5,50.5402972465788,181.945070087684,6.68036329377264,0,8160.43024948234,0,0,0,1.225
1135.12055921541,31.7289302476796,2,5,50.5733349852104,182.064005946758,6.68189972130494,0,8165.34236525171,0,0,0,1.225
1135.37055921541,31.7338719508114,2,5,50.6063587455129,182.182891483846,6.68343609164367,0,8170.25528220614,0,0,0,1.225
1135.62055921541,31.7388104309103,2,5,50.6393685545511,182.301726796384,6.68497240479883,0,8175.16900032209,0,0,0,1.225
1135.87055921541,31.7437456935356,2,5,50.672364439308,182.420511981509,6.6865086607695,0,8180.08351956733,0,0,0,1.225
1136.12055921541,31.7486777442307,2,5,50.705346426685,182.539247136066,6.68804485956662,0,8184.99883991907,0,0,0,1.225
1136.37055921541,31.7536065885227,2,5,50.7383145435018,182.657932356606,6.68958100119198,0,8189.91496134723,0,0,0,1.225
1136.62055921541,31.7585322319227,2,5,50.7712688164973,182.77656773939,6.69111708565379,0,8194.83188382686,0,0,0,1.225
1136.87055921541,31.763454679926,2,5,50.8042092723299,182.895153380387,6.69265311295385,0,8199.7496073279,0,0,0,1.225
1137.12055921541,31.768373938012,2,5,50.8371359375772,183.013689375278,6.69418908309945,0,8204.66813182467,0,0,0,1.225
1137.37055921541,31.7732900116442,2,5,50.8700488387371,183.132175819454,6.69572499609603,0,8209.58745729001,0,0,0,1.225
1137.62055921541,31.7782029062703,2,5,50.9029480022278,183.25061280802,6.69726085194634,0,8214.50758369463,0,0,0,1.225
1137.87055921541,31.7831126273226,2,5,50.9358334543881,183.369000435797,6.69879665065764,0,8219.42851101282,0,0,0,1.225
1138.12055921541,31.7880191802175,2,5,50.9687052214777,183.48733879732,6.70033239223449,0,8224.35023921675,0,0,0,1.225
1138.37055921541,31.7929225703559,2,5,51.0015633296776,183.605627986839,6.70186807668324,0,8229.27276828,0,0,0,1.225
1138.62055921541,31.7978228031234,2,5,51.0344078050905,183.723868098326,6.70340370400481,0,8234.19609817181,0,0,0,1.225
1138.87055921541,31.80271988389,2,5,51.0672386737411,183.842059225468,6.70493927420648,0,8239.12022886651,0,0,0,1.225
1139.12055921541,31.8076138180103,2,5,51.1000559615761,183.960201461674,6.7064747872937,0,8244.04516033699,0,0,0,1.225
1139.37055921541,31.8125046108237,2,5,51.1328596944651,184.078294900074,6.7080102432692,0,8248.97089255393,0,0,0,1.225
1139.62055921541,31.8173922676543,2,5,51.1656498982003,184.196339633521,6.70954564213753,0,8253.89742548951,0,0,0,1.225
1139.87055921541,31.822276793811,2,5,51.1984265984973,184.31433575459,6.71108098390687,0,8258.82475911879,0,0,0,1.225
1140.12055921541,31.8271581945877,2,5,51.2311898209952,184.432283355583,6.71261626857631,0,8263.75289340956,0,0,0,1.225
1140.37055921541,31.8320364752631,2,5,51.2639395912567,184.550182528524,6.71415149615405,0,8268.6818283369,0,0,0,1.225
1140.62055921541,31.836911641101,2,5,51.2966759347691,184.668033365169,6.71568666664461,0,8273.61156387298,0,0,0,1.225
1140.87055921541,31.8417836973501,2,5,51.3293988769437,184.785835956997,6.71722178004984,0,8278.54209998778,0,0,0,1.225
1141.12055921541,31.8466526492444,2,5,51.3621084431169,184.903590395221,6.71875683637609,0,8283.47343665493,0,0,0,1.225
1141.37055921541,31.8515185020031,2,5,51.3948046585499,185.02129677078,6.72029183562699,0,8288.40557384587,0,0,0,1.225
1141.62055921541,31.8563812608304,2,5,51.4274875484294,185.138955174346,6.7218267778062,0,8293.33851153207,0,0,0,1.225
1141.87055921541,31.861240930916,2,5,51.4601571378677,185.256565696324,6.72336166291734,0,8298.27224968495,0,0,0,1.225
1142.12055921541,31.8660975174349,2,5,51.4928134519033,185.374128426852,6.72489649096588,0,8303.20678827744,0,0,0,1.225
1142.37055921541,31.8709510255476,2,5,51.5254565155006,185.491643455802,6.72643126195635,0,8308.14212728172,0,0,0,1.225
1142.62055921541,31.8758014603998,2,5,51.5580863535508,185.609110872783,6.72796597589149,0,8313.07826666852,0,0,0,1.225
1142.87055921541,31.8806488271231,2,5,51.590702990872,185.726530767139,6.72950063277494,0,8318.01520640929,0,0,0,1.225
1143.12055921541,31.8854931308344,2,5,51.6233064522093,185.843903227954,6.73103523261034,0,8322.95294647551,0,0,0,1.225
1143.37055921541,31.8903343766364,2,5,51.6558967622354,185.961228344047,6.73256977540314,0,8327.89148684008,0,0,0,1.225
1143.62055921541,31.8951725696173,2,5,51.6884739455506,186.078506203982,6.73410426115515,0,8332.83082747302,0,0,0,1.225
1143.87055921541,31.9000077148514,2,5,51.7210380266833,186.19573689606,6.73563868987185,0,8337.77096834725,0,0,0,1.225
1144.12055921541,31.9048398173985,2,5,51.7535890300902,186.312920508325,6.73717306155595,0,8342.71190943352,0,0,0,1.225
1144.37055921541,31.9096688823043,2,5,51.7861269801567,186.430057128564,6.73870737621019,0,8347.65365070257,0,0,0,1.225
1144.62055921541,31.9144949146006,2,5,51.818651901197,186.547146844309,6.74024163384001,0,8352.59619212733,0,0,0,1.225
1144.87055921541,31.9193179193051,2,5,51.8511638174545,186.664189742836,6.74177583444816,0,8357.53953367854,0,0,0,1.225
1145.12055921541,31.9241379014214,2,5,51.883662753102,186.781185911167,6.74330997803645,0,8362.48367532624,0,0,0,1.225
1145.37055921541,31.9289548659394,2,5,51.9161487322421,186.898135436071,6.74484406461033,0,8367.42861704335,0,0,0,1.225
1145.62055921541,31.933768817835,2,5,51.9486217789075,187.015038404067,6.74637809417163,0,8372.3743587999,0,0,0,1.225
1145.87055921541,31.9385797620703,2,5,51.981081917061,187.131894901419,6.7479120667258,0,8377.32090056883,0,0,0,1.225
1146.12055921541,31.9433877035938,2,5,52.0135291705961,187.248705014146,6.74944598227285,0,8382.26824231873,0,0,0,1.225
1146.37055921541,31.94819264734,2,5,52.0459635633372,187.365468828014,6.75097984081913,0,8387.21638402324,0,0,0,1.225
1146.62055921541,31.9529945982302,2,5,52.0783851190398,187.482186428543,6.75251364236556,0,8392.16532565169,0,0,0,1.225
1146.87055921541,31.9577935611717,2,5,52.1107938613906,187.598857901006,6.75404738691668,0,8397.11506717628,0,0,0,1.225
1147.12055921541,31.9625895410584,2,5,52.1431898140082,187.71548333043,6.7555810744725,0,8402.06560856561,0,0,0,1.225
1147.37055921541,31.9673825427708,2,5,52.1755730004431,187.832062801595,6.7571147050412,0,8407.0169497948,0,0,0,1.225
1147.62055921541,31.972172571176,2,5,52.2079434441779,187.948596399041,6.75864827862097,0,8411.96909083098,0,0,0,1.225
1147.87055921541,31.9769596311274,2,5,52.2403011686279,188.06508420706,6.76018179521634,0,8416.92203164638,0,0,0,1.225
1148.12055921541,31.9817437274655,2,5,52.2726461971408,188.181526309707,6.76171525483005,0,8421.87577221177,0,0,0,1.225
1148.37055921541,31.9865248650172,2,5,52.3049785529975,188.297922790791,6.76324865746574,0,8426.83031249865,0,0,0,1.225
1148.62055921541,31.9913030485964,2,5,52.3372982594122,188.414273733884,6.76478200312431,0,8431.78565247633,0,0,0,1.225
1148.87055921541,31.9960782830036,2,5,52.3696053395327,188.530579222318,6.76631529181032,0,8436.74179211705,0,0,0,1.225
1149.12055921541,32.0008505730264,2,5,52.4018998164403,188.646839339185,6.76784852352466,0,8441.69873139013,0,0,0,1.225
1149.37055921541,32.0056199234392,2,5,52.4341817131505,188.763054167342,6.76938169827099,0,8446.65647026707,0,0,0,1.225
1149.62055921541,32.0103863390034,2,5,52.4664510526133,188.879223789408,6.77091481605112,0,8451.61500871793,0,0,0,1.225
1149.87055921541,32.0151498244674,2,5,52.498707857713,188.995348287767,6.77244787686777,0,8456.57434671349,0,0,0,1.225
1150.12055921541,32.0199103845668,2,5,52.5309521512689,189.111427744568,6.77398088072277,0,8461.5344842238,0,0,0,1.225
1150.37055921541,32.0246680240241,2,5,52.5631839560351,189.227462241726,6.77551382761976,0,8466.49542122038,0,0,0,1.225
1150.62055921541,32.0294227475491,2,5,52.5954032947013,189.343451860925,6.77704671755964,0,8471.45715767255,0,0,0,1.225
1150.87055921541,32.034174559839,2,5,52.6276101898928,189.459396683614,6.77857955054515,0,8476.4196935511,0,0,0,1.225
1151.12055921541,32.038923465578,2,5,52.6598046641704,189.575296791014,6.78011232657991,0,8481.38302882755,0,0,0,1.225
1151.37055921541,32.0436694694377,2,5,52.6919867400314,189.691152264113,6.78164504566394,0,8486.34716347049,0,0,0,1.225
1151.62055921541,32.0484125760771,2,5,52.7241564399092,189.806963183673,6.78317770779995,0,8491.31209745073,0,0,0,1.225
1151.87055921541,32.0531527901427,2,5,52.7563137861736,189.922729630225,6.78471031298886,0,8496.27783073758,0,0,0,1.225
1152.12055921541,32.0578901162683,2,5,52.7884588011316,190.038451684074,6.78624286123522,0,8501.24436330332,0,0,0,1.225
1152.37055921541,32.0626245590753,2,5,52.820591507027,190.154129425297,6.78777535253994,0,8506.21169511726,0,0,0,1.225
1152.62055921541,32.0673561231727,2,5,52.852711926041,190.269762933747,6.78930778690392,0,8511.17982614876,0,0,0,1.225
1152.87055921541,32.072084813157,2,5,52.8848200802922,190.385352289052,6.79084016432898,0,8516.14875636787,0,0,0,1.225
1153.12055921541,32.0768106336125,2,5,52.9169159918373,190.500897570614,6.79237248481877,0,8521.11848574612,0,0,0,1.225
1153.37055921541,32.081533589111,2,5,52.9489996826707,190.616398857615,6.79390474837237,0,8526.0890142514,0,0,0,1.225
1153.62055921541,32.0862536842123,2,5,52.9810711747253,190.731856229011,6.79543695499524,0,8531.06034185668,0,0,0,1.225
1153.87055921541,32.0909709234638,2,5,53.0131304898723,190.84726976354,6.79696910468465,0,8536.03246852841,0,0,0,1.225
1154.12055921541,32.0956853114008,2,5,53.0451776499218,190.962639539718,6.79850119744424,0,8541.00539423811,0,0,0,1.225
1154.37055921541,32.1003968525465,2,5,53.0772126766227,191.077965635842,6.80003323327492,0,8545.97911895511,0,0,0,1.225
1154.62055921541,32.105105551412,2,5,53.1092355916634,191.193248129988,6.80156521218032,0,8550.95364265097,0,0,0,1.225
1154.87055921541,32.1098114124964,2,5,53.1412464166714,191.308487100017,6.80309713415954,0,8555.92896529355,0,0,0,1.225
1155.12055921541,32.1145144402868,2,5,53.173245173214,191.423682623571,6.8046289992144,0,8560.90508685295,0,0,0,1.225
1155.37055921541,32.1192146392584,2,5,53.2052318827986,191.538834778075,6.80616080734762,0,8565.88200729996,0,0,0,1.225
1155.62055921541,32.1239120138746,2,5,53.2372065668725,191.653943640741,6.8076925585583,0,8570.85972660248,0,0,0,1.225
1155.87055921541,32.1286065685866,2,5,53.2691692468232,191.769009288564,6.80922425284916,0,8575.83824473132,0,0,0,1.225
1156.12055921541,32.1332983078342,2,5,53.3011199439793,191.884031798325,6.8107558902193,0,8580.81756165436,0,0,0,1.225
1156.37055921541,32.1379872360454,2,5,53.3330586796097,191.999011246595,6.81228747067416,0,8585.7976773446,0,0,0,1.225
1156.62055921541,32.1426733576362,2,5,53.3649854749246,192.113947709729,6.81381899421103,0,8590.77859176848,0,0,0,1.225
1156.87055921541,32.1473566770111,2,5,53.3969003510754,192.228841263871,6.81535046083172,0,8595.76030489607,0,0,0,1.225
1157.12055921541,32.1520371985632,2,5,53.4288033291549,192.343691984958,6.81688187053715,0,8600.74281669675,0,0,0,1.225
1157.37055921541,32.1567149266736,2,5,53.4606944301978,192.458499948712,6.81841322332912,0,8605.72612714057,0,0,0,1.225
1157.62055921541,32.1613898657121,2,5,53.4925736751805,192.57326523065,6.81994451920946,0,8610.71023619763,0,0,0,1.225
1157.87055921541,32.1660620200371,2,5,53.5244410850217,192.687987906078,6.82147575817635,0,8615.6951438351,0,0,0,1.225
1158.12055921541,32.1707313939953,2,5,53.5562966805824,192.802668050097,6.82300694023252,0,8620.68085002378,0,0,0,1.225
1158.37055921541,32.1753979919221,2,5,53.5881404826662,192.917305737598,6.82453806537615,0,8625.66735473086,0,0,0,1.225
1158.62055921541,32.1800618181416,2,5,53.6199725120194,193.03190104327,6.82606913361178,0,8630.65465792858,0,0,0,1.225
1158.87055921541,32.1847228769664,2,5,53.6517927893314,193.146454041593,6.82760014493851,0,8635.64275958487,0,0,0,1.225
1159.12055921541,32.1893811726981,2,5,53.6836013352348,193.260964806845,6.82913109935453,0,8640.63165966689,0,0,0,1.225
1159.37055921541,32.1940367096267,2,5,53.7153981703057,193.3754334131,6.83066199686527,0,8645.62135814763,0,0,0,1.225
1159.62055921541,32.1986894920313,2,5,53.7471833150637,193.489859934229,6.83219283746621,0,8650.61185499209,0,0,0,1.225
1159.87055921541,32.2033395241796,2,5,53.7789567899724,193.604244443901,6.83372362116006,0,8655.60315017108,0,0,0,1.225
1160.12055921541,32.2079868103284,2,5,53.8107186154394,193.718587015582,6.83525434794774,0,8660.59524365396,0,0,0,1.225
1160.37055921541,32.2126313547233,2,5,53.8424688118166,193.83288772254,6.83678501782924,0,8665.58813540936,0,0,0,1.225
1160.62055921541,32.2172731615988,2,5,53.8742073994003,193.947146637841,6.83831563080457,0,8670.5818254059,0,0,0,1.225
1160.87055921541,32.2219122351785,2,5,53.9059343984317,194.061363834354,6.83984618687464,0,8675.57631361295,0,0,0,1.225
1161.12055921541,32.2265485796751,2,5,53.9376498290966,194.175539384748,6.84137668603944,0,8680.57159999914,0,0,0,1.225
1161.37055921541,32.2311821992902,2,5,53.9693537115262,194.289673361494,6.84290712829716,0,8685.56768453164,0,0,0,1.225
1161.62055921541,32.2358130982147,2,5,54.0010460657969,194.403765836869,6.84443751365234,0,8690.56456718272,0,0,0,1.225
1161.87055921541,32.2404412806285,2,5,54.0327269119305,194.51781688295,6.84596784210044,0,8695.56224791738,0,0,0,1.225
1162.12055921541,32.2450667507009,2,5,54.0643962698946,194.631826571621,6.84749811364327,0,8700.5607267057,0,0,0,1.225
1162.37055921541,32.2496895125902,2,5,54.0960541596027,194.74579497457,6.84902832828175,0,8705.56000351704,0,0,0,1.225
1162.62055921541,32.2543095704441,2,5,54.1277006009146,194.859722163292,6.85055848601587,0,8710.56007832002,0,0,0,1.225
1162.87055921541,32.2589269283998,2,5,54.159335613636,194.97360820909,6.85208858684291,0,8715.56095108111,0,0,0,1.225
1163.12055921541,32.2635415905834,2,5,54.1909592175195,195.08745318307,6.8536186307665,0,8720.56262177184,0,0,0,1.225
1163.37055921541,32.2681535611109,2,5,54.2225714322643,195.201257156151,6.85514861778211,0,8725.5650903572,0,0,0,1.225
1163.62055921541,32.2727628440874,2,5,54.2541722775163,195.315020199059,6.85667854789426,0,8730.56835680947,0,0,0,1.225
1163.87055921541,32.2773694436075,2,5,54.2857617728689,195.428742382328,6.85820842109842,0,8735.57242109363,0,0,0,1.225
1164.12055921541,32.2819733637556,2,5,54.3173399378623,195.542423776304,6.85973823739823,0,8740.57728318122,0,0,0,1.225
1164.37055921541,32.2865746086052,2,5,54.3489067919847,195.656064451145,6.86126799679005,0,8745.58294303797,0,0,0,1.225
1164.62055921541,32.2911731822198,2,5,54.3804623546716,195.769664476818,6.86279769927387,0,8750.58940063251,0,0,0,1.225
1164.87055921541,32.2957690886523,2,5,54.4120066453066,195.883223923104,6.86432734485152,0,8755.59665593491,0,0,0,1.225
1165.12055921541,32.3003623319451,2,5,54.4435396832212,195.996742859596,6.86585693351935,0,8760.60470891091,0,0,0,1.225
1165.37055921541,32.3049529161308,2,5,54.4750614876953,196.110221355703,6.86738646528011,0,8765.6135595313,0,0,0,1.225
1165.62055921541,32.3095408452312,2,5,54.5065720779571,196.223659480646,6.86891594013014,0,8770.62320776182,0,0,0,1.225
1165.87055921541,32.3141261232582,2,5,54.5380714731836,196.337057303461,6.87044535807127,0,8775.63365357254,0,0,0,1.225
1166.12055921541,32.3187087542135,2,5,54.5695596925005,196.450414893002,6.87197471910076,0,8780.64489692991,0,0,0,1.225
1166.37055921541,32.3232887420883,2,5,54.6010367549826,196.563732317937,6.87350402321772,0,8785.65693780182,0,0,0,1.225
1166.62055921541,32.3278660908641,2,5,54.6325026796537,196.677009646753,6.87503327042486,0,8790.6697761591,0,0,0,1.225
1166.87055921541,32.3324408045122,2,5,54.6639574854872,196.790246947754,6.87656246071765,0,8795.68341196673,0,0,0,1.225
1167.12055921541,32.3370128869936,2,5,54.695401191406,196.903444289062,6.87809159409608,0,8800.69784519332,0,0,0,1.225
1167.37055921541,32.3415823422597,2,5,54.7268338162827,197.016601738618,6.87962067056105,0,8805.71307580825,0,0,0,1.225
1167.62055921541,32.3461491742516,2,5,54.7582553789398,197.129719364183,6.88114969010894,0,8810.72910377722,0,0,0,1.225
1167.87055921541,32.3507133869006,2,5,54.78966589815,197.24279723334,6.88267865273974,0,8815.74592906886,0,0,0,1.225
1168.12055921541,32.355274984128,2,5,54.8210653926362,197.35583541349,6.88420755845345,0,8820.76355165179,0,0,0,1.225
1168.37055921541,32.3598339698454,2,5,54.8524538810719,197.468833971859,6.88573640724826,0,8825.78197149318,0,0,0,1.225
1168.62055921541,32.3643903479544,2,5,54.8838313820812,197.581792975492,6.88726519912325,0,8830.80118856093,0,0,0,1.225
1168.87055921541,32.3689441223469,2,5,54.9151979142388,197.69471249126,6.88879393407569,0,8835.82120282147,0,0,0,1.225
1169.12055921541,32.3734952969049,2,5,54.9465534960707,197.807592585855,6.89032261210741,0,8840.84201424489,0,0,0,1.225
1169.37055921541,32.3780438755008,2,5,54.977898146054,197.920433325795,6.89185123321386,0,8845.86362279616,0,0,0,1.225
1169.62055921541,32.3825898619973,2,5,55.0092318826172,198.033234777422,6.89337979739503,0,8850.88602844391,0,0,0,1.225
1169.87055921541,32.3871332602473,2,5,55.0405547241401,198.145997006904,6.89490830464911,0,8855.9092311553,0,0,0,1.225
1170.12055921541,32.3916740740943,2,5,55.0718666889544,198.258720080236,6.896436754977,0,8860.93323089967,0,0,0,1.225
1170.37055921541,32.396212307372,2,5,55.1031677953437,198.371404063237,6.89796514837508,0,8865.95802764275,0,0,0,1.225
1170.62055921541,32.4007479639047,2,5,55.1344580615435,198.484049021557,6.89949348484151,0,8870.98362135168,0,0,0,1.225
1170.87055921541,32.4052810475069,2,5,55.1657375057418,198.596655020671,6.9010217643754,0,8876.01001199435,0,0,0,1.225
1171.12055921541,32.409811561984,2,5,55.1970061460787,198.709222125883,6.90254998697583,0,8881.03719953866,0,0,0,1.225
1171.37055921541,32.4143395111316,2,5,55.2282640006469,198.821750402329,6.90407815264007,0,8886.06518395103,0,0,0,1.225
1171.62055921541,32.418864898736,2,5,55.259511087492,198.934239914971,6.90560626136903,0,8891.09396520081,0,0,0,1.225
1171.87055921541,32.4233877285741,2,5,55.2907474246124,199.046690728605,6.90713431315726,0,8896.12354325225,0,0,0,1.225
1172.12055921541,32.4279080044136,2,5,55.3219730299596,199.159102907854,6.90866230800384,0,8901.15391807322,0,0,0,1.225
1172.37055921541,32.4324257300125,2,5,55.3531879214382,199.271476517178,6.91019024590878,0,8906.18508963235,0,0,0,1.225
1172.62055921541,32.4369409091198,2,5,55.3843921169064,199.383811620863,6.91171812687116,0,8911.2170578975,0,0,0,1.225
1172.87055921541,32.4414535454752,2,5,55.4155856341759,199.496108283033,6.91324595088554,0,8916.24982283293,0,0,0,1.225
1173.12055921541,32.4459636428091,2,5,55.4467684910121,199.608366567644,6.91477371795099,0,8921.28338440652,0,0,0,1.225
1173.37055921541,32.4504712048427,2,5,55.4779407051343,199.720586538484,6.91630142806753,0,8926.31774258687,0,0,0,1.225
1173.62055921541,32.4549762352881,2,5,55.5091022942159,199.832768259177,6.9178290812315,0,8931.35289733968,0,0,0,1.225
1173.87055921541,32.4594787378481,2,5,55.5402532758844,199.944911793184,6.9193566774411,0,8936.38884863209,0,0,0,1.225
1174.12055921541,32.4639787162166,2,5,55.5713936677219,200.057017203799,6.92088421669359,0,8941.42559643053,0,0,0,1.225
1174.37055921541,32.4684761740783,2,5,55.6025234872649,200.169084554154,6.92241169898807,0,8946.46314070287,0,0,0,1.225
1174.62055921541,32.4729711151089,2,5,55.6336427520046,200.281113907217,6.92393912432271,0,8951.50148141626,0,0,0,1.225
1174.87055921541,32.4774635429751,2,5,55.6647514793871,200.393105325794,6.92546649269298,0,8956.54061853566,0,0,0,1.225
1175.12055921541,32.4819534613345,2,5,55.6958496868135,200.505058872529,6.92699380409977,0,8961.58055203039,0,0,0,1.225
1175.37055921541,32.486440873836,2,5,55.7269373916402,200.616974609905,6.92852105853854,0,8966.62128186542,0,0,0,1.225
1175.62055921541,32.4909257841194,2,5,55.7580146111788,200.728852600243,6.93004825600656,0,8971.66280800716,0,0,0,1.225
1175.87055921541,32.4954081958156,2,5,55.7890813626963,200.840692905707,6.93157539650292,0,8976.70513042348,0,0,0,1.225
1176.12055921541,32.4998881125467,2,5,55.8201376634157,200.952495588297,6.9331024800249,0,8981.74824908078,0,0,0,1.225
1176.37055921541,32.504365537926,2,5,55.8511835305155,201.064260709856,6.93462950656976,0,8986.79216394547,0,0,0,1.225
1176.62055921541,32.508840475558,2,5,55.8822189811304,201.175988332069,6.93615647613478,0,8991.83687498397,0,0,0,1.225
1176.87055921541,32.5133129290383,2,5,55.9132440323509,201.287678516463,6.93768338871723,0,8996.88238216268,0,0,0,1.225
1177.12055921541,32.5177829019539,2,5,55.944258701224,201.399331324406,6.93921024431529,0,9001.92868544873,0,0,0,1.225
1177.37055921541,32.5222503978831,2,5,55.9752630047532,201.510946817111,6.94073704292532,0,9006.9757848078,0,0,0,1.225
1177.62055921541,32.5267154203954,2,5,56.0062569598983,201.622525055634,6.9422637845455,0,9012.02368020702,0,0,0,1.225
1177.87055921541,32.5311779730519,2,5,56.0372405835761,201.734066100874,6.9437904691722,0,9017.07237161206,0,0,0,1.225
1178.12055921541,32.5356380594047,2,5,56.0682138926601,201.845570013576,6.94531709680359,0,9022.12185899004,0,0,0,1.225
1178.37055921541,32.5400956829978,2,5,56.0991769039809,201.957036854331,6.94684366743604,0,9027.17214230665,0,0,0,1.225
1178.62055921541,32.5445508473661,2,5,56.1301296343262,202.068466683574,6.94837018106955,0,9032.22322153045,0,0,0,1.225
1178.87055921541,32.5490035560365,2,5,56.1610721004412,202.179859561588,6.94989663769593,0,9037.27509662347,0,0,0,1.225
1179.12055921541,32.5534538125269,2,5,56.1920043190284,202.291215548502,6.951423037317,0,9042.32776755575,0,0,0,1.225
1179.37055921541,32.5579016203471,2,5,56.222926306748,202.402534704293,6.9529493799273,0,9047.3812342915,0,0,0,1.225
1179.62055921541,32.5623469829984,2,5,56.253838080218,202.513817088785,6.95447566552411,0,9052.4354967971,0,0,0,1.225
1179.87055921541,32.5667899039735,2,5,56.2847396560141,202.625062761651,6.95600189410379,0,9057.49055503822,0,0,0,1.225
1180.12055921541,32.5712303867569,2,5,56.3156310506704,202.736271782413,6.95752806566543,0,9062.54640898269,0,0,0,1.225
1180.37055921541,32.5756684348246,2,5,56.3465122806789,202.847444210444,6.95905418020448,0,9067.60305859544,0,0,0,1.225
1180.62055921541,32.5801040516443,2,5,56.3773833624901,202.958580104965,6.9605802377182,0,9072.66050384287,0,0,0,1.225
1180.87055921541,32.5845372406757,2,5,56.4082443125131,203.069679525047,6.96210623820389,0,9077.71874469134,0,0,0,1.225
1181.12055921541,32.5889680053696,2,5,56.4390951471152,203.180742529615,6.96363218165516,0,9082.77778110433,0,0,0,1.225
1181.37055921541,32.5933963491693,2,5,56.4699358826231,203.291769177443,6.96515806807201,0,9087.83761305039,0,0,0,1.225
1181.62055921541,32.5978222755092,2,5,56.5007665353218,203.402759527158,6.96668389744991,0,9092.89824049446,0,0,0,1.225
1181.87055921541,32.602245787816,2,5,56.5315871214558,203.513713637241,6.96820966978703,0,9097.95966340362,0,0,0,1.225
1182.12055921541,32.6066668895079,2,5,56.5623976572286,203.624631566023,6.969735385077,0,9103.02188174135,0,0,0,1.225
1182.37055921541,32.6110855839953,2,5,56.5931981588032,203.735513371691,6.97126104331983,0,9108.08489547619,0,0,0,1.225
1182.62055921541,32.6155018746802,2,5,56.6239886423018,203.846359112286,6.97278664450732,0,9113.14870457014,0,0,0,1.225
1182.87055921541,32.6199157649566,2,5,56.6547691238064,203.957168845703,6.97431218864131,0,9118.21330899321,0,0,0,1.225
1183.12055921541,32.6243272582106,2,5,56.6855396193588,204.067942629692,6.97583767571359,0,9123.2787087074,0,0,0,1.225
1183.37055921541,32.62873635782,2,5,56.7163001449606,204.178680521858,6.97736310572509,0,9128.34490368199,0,0,0,1.225
1183.62055921541,32.6331430671548,2,5,56.7470507165734,204.289382579664,6.97888847866761,0,9133.41189387895,0,0,0,1.225
1183.87055921541,32.6375473895771,2,5,56.7777913501191,204.400048860429,6.98041379454025,0,9138.47967926612,0,0,0,1.225
1184.12055921541,32.6419493284408,2,5,56.8085220614797,204.510679421327,6.98193905333846,0,9143.54825980838,0,0,0,1.225
1184.37055921541,32.646348887092,2,5,56.8392428664978,204.621274319392,6.9834642550577,0,9148.61763547065,0,0,0,1.225
1184.62055921541,32.650746068869,2,5,56.8699537809766,204.731833611516,6.98498939969613,0,9153.68780621999,0,0,0,1.225
1184.87055921541,32.655140877102,2,5,56.9006548206798,204.842357354447,6.98651448724831,0,9158.75877202057,0,0,0,1.225
1185.12055921541,32.6595333151137,2,5,56.9313460013321,204.952845604795,6.98803951771151,0,9163.83053283875,0,0,0,1.225
1185.37055921541,32.6639233862187,2,5,56.9620273386191,205.063298419029,6.98956449108027,0,9168.90308863868,0,0,0,1.225
1185.62055921541,32.6683110937239,2,5,56.9926988481875,205.173715853475,6.99108940735096,0,9173.97643938598,0,0,0,1.225
1185.87055921541,32.6726964409284,2,5,57.0233605456454,205.284097964323,6.99261426651992,0,9179.05058504627,0,0,0,1.225
1186.12055921541,32.6770794311236,2,5,57.0540124465619,205.394444807623,6.99413906858445,0,9184.12552558587,0,0,0,1.225
1186.37055921541,32.6814600675933,2,5,57.0846545664679,205.504756439285,6.99566381353816,0,9189.20126096823,0,0,0,1.225
1186.62055921541,32.6858383536133,2,5,57.1152869208559,205.615032915081,6.99718850137742,0,9194.27779115893,0,0,0,1.225
1186.87055921541,32.6902142924521,2,5,57.1459095251801,205.725274290648,6.99871313209951,0,9199.35511612433,0,0,0,1.225
1187.12055921541,32.6945878873704,2,5,57.1765223948564,205.835480621483,7.00023770569896,0,9204.43323582856,0,0,0,1.225
1187.37055921541,32.6989591416212,2,5,57.207125545263,205.945651962947,7.00176222217306,0,9209.51215023796,0,0,0,1.225
1187.62055921541,32.7033280584501,2,5,57.2377189917401,206.055788370264,7.00328668151451,0,9214.5918593152,0,0,0,1.225
1187.87055921541,32.707694641095,2,5,57.2683027495902,206.165889898525,7.00481108372242,0,9219.67236302807,0,0,0,1.225
1188.12055921541,32.7120588927862,2,5,57.298876834078,206.275956602681,7.0063354287895,0,9224.75366133924,0,0,0,1.225
1188.37055921541,32.7164208167467,2,5,57.3294412604311,206.385988537552,7.00785971671212,0,9229.83575421432,0,0,0,1.225
1188.62055921541,32.7207804161919,2,5,57.3599960438394,206.495985757822,7.00938394748755,0,9234.91864161961,0,0,0,1.225
1188.87055921541,32.7251376943297,2,5,57.3905411994557,206.60594831804,7.01090812111124,0,9240.00232351997,0,0,0,1.225
1189.12055921541,32.7294926543607,2,5,57.4210767423957,206.715876272624,7.01243223757592,0,9245.08679987808,0,0,0,1.225
1189.37055921541,32.7338452994779,2,5,57.451602687738,206.825769675857,7.01395629687886,0,9250.17207066024,0,0,0,1.225
1189.62055921541,32.738195632867,2,5,57.4821190505246,206.935628581888,7.01548029901551,0,9255.2581358313,0,0,0,1.225
1189.87055921541,32.7425436577063,2,5,57.5126258457604,207.045453044737,7.0170042439795,0,9260.34499535466,0,0,0,1.225
1190.12055921541,32.7468893771669,2,5,57.543123088414,207.15524311829,7.01852813176993,0,9265.43264919806,0,0,0,1.225
1190.37055921541,32.7512327944124,2,5,57.5736107934173,207.264998856302,7.02005196237951,0,9270.52109732418,0,0,0,1.225
1190.62055921541,32.7555739125992,2,5,57.604088975666,207.374720312398,7.0215757358028,0,9275.61033969712,0,0,0,1.225
1190.87055921541,32.7599127348763,2,5,57.6345576500194,207.48440754007,7.02309945203615,0,9280.70037628245,0,0,0,1.225
1191.12055921541,32.7642492643858,2,5,57.6650168313006,207.594060592682,7.02462311107502,0,9285.791207045,0,0,0,1.225
1191.37055921541,32.7685835042621,2,5,57.695466534297,207.703679523469,7.02614671291485,0,9290.88283194961,0,0,0,1.225
1191.62055921541,32.7729154576328,2,5,57.7259067737597,207.813264385535,7.02767025754838,0,9295.97525095891,0,0,0,1.225
1191.87055921541,32.777245127618,2,5,57.7563375644044,207.922815231856,7.02919374497378,0,9301.06846403993,0,0,0,1.225
1192.12055921541,32.781572517331,2,5,57.7867589209108,208.032332115279,7.03071717518469,0,9306.16247115603,0,0,0,1.225
1192.37055921541,32.7858976298776,2,5,57.8171708579234,208.141815088524,7.03224054817565,0,9311.2572722713,0,0,0,1.225
1192.62055921541,32.7902204683567,2,5,57.847573390051,208.251264204184,7.03376386394211,0,9316.35286735056,0,0,0,1.225
1192.87055921541,32.7945410358602,2,5,57.8779665318672,208.360679514722,7.03528712247953,0,9321.44925635862,0,0,0,1.225
1193.12055921541,32.7988593354727,2,5,57.9083502979105,208.470061072478,7.03681032378063,0,9326.54643925813,0,0,0,1.225
1193.37055921541,32.803175370272,2,5,57.9387247026841,208.579408929663,7.03833346784359,0,9331.64441601606,0,0,0,1.225
1193.62055921541,32.8074891433286,2,5,57.9690897606564,208.688723138363,7.03985655465931,0,9336.74318659359,0,0,0,1.225
1193.87055921541,32.8118006577063,2,5,57.999445486261,208.79800375054,7.04137958422598,0,9341.8427509577,0,0,0,1.225
1194.12055921541,32.8161099164618,2,5,58.0297918938966,208.907250818028,7.04290255653814,0,9346.94310907248,0,0,0,1.225
1194.37055921541,32.8204169226447,2,5,58.0601289979275,209.016464392539,7.04442547158851,0,9352.04426090053,0,0,0,1.225
1194.62055921541,32.8247216792981,2,5,58.0904568126833,209.12564452566,7.04594832937164,0,9357.14620640593,0,0,0,1.225
1194.87055921541,32.8290241894576,2,5,58.1207753524593,209.234791268853,7.0474711298848,0,9362.24894555491,0,0,0,1.225
1195.12055921541,32.8333244561525,2,5,58.1510846315165,209.343904673459,7.04899387311889,0,9367.35247830863,0,0,0,1.225
1195.37055921541,32.8376224824049,2,5,58.1813846640817,209.452984790694,7.05051655907209,0,9372.45680463407,0,0,0,1.225
1195.62055921541,32.84191827123,2,5,58.2116754643477,209.562031671652,7.05203918773805,0,9377.56192449455,0,0,0,1.225
1195.87055921541,32.8462118256365,2,5,58.2419570464734,209.671045367304,7.05356175910856,0,9382.66783785193,0,0,0,1.225
1196.12055921541,32.850503148626,2,5,58.2722294245837,209.780025928501,7.05508427318091,0,9387.77454467246,0,0,0,1.225
1196.37055921541,32.8547922431935,2,5,58.3024926127701,209.888973405972,7.05660672994873,0,9392.88204491945,0,0,0,1.225
1196.62055921541,32.8590791123273,2,5,58.33274662509,209.997887850324,7.05812912940746,0,9397.99033855768,0,0,0,1.225
1196.87055921541,32.8633637590087,2,5,58.3629914755677,210.106769312044,7.05965147154802,0,9403.09942554826,0,0,0,1.225
1197.12055921541,32.8676461862125,2,5,58.3932271781939,210.215617841498,7.0611737563695,0,9408.20930585889,0,0,0,1.225
1197.37055921541,32.8719263969069,2,5,58.4234537469262,210.324433488934,7.06269598386098,0,9413.31997944922,0,0,0,1.225
1197.62055921541,32.8762043940531,2,5,58.4536711956887,210.433216304479,7.06421815402064,0,9418.43144628621,0,0,0,1.225
1197.87055921541,32.880480180606,2,5,58.4838795383729,210.541966338142,7.0657402668412,0,9423.54370633241,0,0,0,1.225
1198.12055921541,32.8847537595137,2,5,58.5140787888368,210.650683639812,7.06726232231813,0,9428.65675955258,0,0,0,1.225
1198.37055921541,32.8890251337177,2,5,58.5442689609059,210.759368259261,7.06878432044232,0,9433.77060590785,0,0,0,1.225
1198.62055921541,32.893294306153,2,5,58.5744500683728,210.868020246142,7.07030626121286,0,9438.88524536585,0,0,0,1.225
1198.87055921541,32.8975612797479,2,5,58.6046221249976,210.976639649991,7.07182814461885,0,9444.00067788625,0,0,0,1.225
1199.12055921541,32.9018260574243,2,5,58.6347851445077,211.085226520228,7.07334997065664,0,9449.1169034345,0,0,0,1.225
1199.37055921541,32.9060886420975,2,5,58.664939140598,211.193780906153,7.07487173931986,0,9454.23392197389,0,0,0,1.225
1199.62055921541,32.9103490366764,2,5,58.6950841269314,211.302302856953,7.07639345060215,0,9459.3517334677,0,0,0,1.225
1199.87055921541,32.9146072440633,2,5,58.7252201171382,211.410792421697,7.07791510449897,0,9464.47033788065,0,0,0,1.225
1200.12055921541,32.918863267154,2,5,58.7553471248167,211.51924964934,7.07943670100121,0,9469.58973517384,0,0,0,1.225
1200.37055921541,32.923117108838,2,5,58.7854651635332,211.62767458872,7.08095824010616,0,9474.70992531343,0,0,0,1.225
1200.62055921541,32.9273687719983,2,5,58.8155742468222,211.73606728856,7.08247972180561,0,9479.83090826125,0,0,0,1.225
1200.87055921541,32.9316182595115,2,5,58.8456743881862,211.84442779747,7.08400114609321,0,9484.95268398055,0,0,0,1.225
1201.12055921541,32.935865574248,2,5,58.875765601096,211.952756163946,7.08552251296442,0,9490.07525243604,0,0,0,1.225
1201.37055921541,32.9401107190715,2,5,58.9058478989908,212.061052436367,7.08704382241012,0,9495.19861358879,0,0,0,1.225
1201.62055921541,32.9443536968396,2,5,58.9359212952784,212.169316663002,7.0885650744267,0,9500.32276740424,0,0,0,1.225
1201.87055921541,32.9485945104035,2,5,58.965985803335,212.277548892006,7.09008626900595,0,9505.44771384418,0,0,0,1.225
1202.12055921541,32.9528331626083,2,5,58.9960414365057,212.38574917142,7.09160740614243,0,9510.57345287257,0,0,0,1.225
1202.37055921541,32.9570696562924,2,5,59.0260882081041,212.493917549175,7.09312848582886,0,9515.69998445194,0,0,0,1.225
1202.62055921541,32.9613039942883,2,5,59.056126131413,212.602054073087,7.09464950806068,0,9520.82730854697,0,0,0,1.225
1202.87055921541,32.9655361794221,2,5,59.0861552196839,212.710158790862,7.09617047282882,0,9525.9554251187,0,0,0,1.225
1203.12055921541,32.9697662145138,2,5,59.1161754861376,212.818231750096,7.09769138012871,0,9531.08433413184,0,0,0,1.225
1203.37055921541,32.973994102377,2,5,59.146186943964,212.926272998271,7.09921222995126,0,9536.21403554741,0,0,0,1.225
1203.62055921541,32.9782198458193,2,5,59.1761896063223,213.03428258276,7.10073302229375,0,9541.34452933155,0,0,0,1.225
1203.87055921541,32.9824434476421,2,5,59.2061834863409,213.142260550827,7.10225375714617,0,9546.47581544457,0,0,0,1.225
1204.12055921541,32.9866649106406,2,5,59.2361685971179,213.250206949624,7.10377443450398,0,9551.60789385114,0,0,0,1.225
1204.37055921541,32.9908842376039,2,5,59.2661449517209,213.358121826195,7.10529505435989,0,9556.74076451374,0,0,0,1.225
1204.62055921541,32.995101431315,2,5,59.2961125631871,213.466005227474,7.10681561670572,0,9561.87442739411,0,0,0,1.225
1204.87055921541,32.9993164945507,2,5,59.3260714445236,213.573857200285,7.10833612153601,0,9567.0088824562,0,0,0,1.225
1205.12055921541,33.003529430082,2,5,59.3560216087072,213.681677791346,7.1098565688435,0,9572.14412966248,0,0,0,1.225
1205.37055921541,33.0077402406735,2,5,59.3859630686847,213.789467047265,7.1113769586218,0,9577.28016897613,0,0,0,1.225
1205.62055921541,33.0119489290841,2,5,59.4158958373729,213.897225014543,7.11289729086366,0,9582.41700035962,0,0,0,1.225
1205.87055921541,33.0161554980664,2,5,59.445819927659,214.004951739572,7.1144175655636,0,9587.55462377688,0,0,0,1.225
1206.12055921541,33.0203599503673,2,5,59.4757353524,214.11264726864,7.11593778271254,0,9592.6930391889,0,0,0,1.225
1206.37055921541,33.0245622887274,2,5,59.5056421244236,214.220311647925,7.11745794230319,0,9597.83224655813,0,0,0,1.225
1206.62055921541,33.0287625158816,2,5,59.5355402565278,214.3279449235,7.11897804433102,0,9602.97224584921,0,0,0,1.225
1206.87055921541,33.0329606345587,2,5,59.5654297614809,214.435547141331,7.12049808878601,0,9608.11303702239,0,0,0,1.225
1207.12055921541,33.0371566474818,2,5,59.5953106520222,214.54311834728,7.12201807566544,0,9613.25462004376,0,0,0,1.225
1207.37055921541,33.0413505573677,2,5,59.6251829408614,214.650658587101,7.12353800495748,0,9618.39699487212,0,0,0,1.225
1207.62055921541,33.0455423669277,2,5,59.655046640679,214.758167906444,7.12505787665668,0,9623.54016147135,0,0,0,1.225
1207.87055921541,33.049732078867,2,5,59.6849017641266,214.865646350856,7.12657769075668,0,9628.68411980461,0,0,0,1.225
1208.12055921541,33.0539196958851,2,5,59.7147483238265,214.973093965776,7.12809744725018,0,9633.82886983433,0,0,0,1.225
1208.37055921541,33.0581052206755,2,5,59.7445863323723,215.08051079654,7.12961714612902,0,9638.9744115222,0,0,0,1.225
1208.62055921541,33.0622886559262,2,5,59.7744158023286,215.187896888383,7.13113678738591,0,9644.12074483064,0,0,0,1.225
1208.87055921541,33.0664700043189,2,5,59.8042367462312,215.295252286432,7.13265637101449,0,9649.26786972279,0,0,0,1.225
1209.12055921541,33.07064926853,2,5,59.8340491765874,215.402577035715,7.13417589700748,0,9654.41578616105,0,0,0,1.225
1209.37055921541,33.0748264512299,2,5,59.8638531058757,215.509871181153,7.1356953653567,0,9659.56449410712,0,0,0,1.225
1209.62055921541,33.0790015550833,2,5,59.8936485465464,215.617134767567,7.13721477605304,0,9664.71399352192,0,0,0,1.225
1209.87055921541,33.0831745827492,2,5,59.9234355110211,215.724367839676,7.13873412909379,0,9669.8642843715,0,0,0,1.225
1210.12055921541,33.0873455368807,2,5,59.9532140116933,215.831570442096,7.14025342446621,0,9675.01536661388,0,0,0,1.225
1210.37055921541,33.0915144201256,2,5,59.9829840609281,215.938742619341,7.14177266216666,0,9680.16724021437,0,0,0,1.225
1210.62055921541,33.0956812351257,2,5,60.0127456710626,216.045884415825,7.14329184218514,0,9685.31990513316,0,0,0,1.225
1210.87055921541,33.0998459845173,2,5,60.0424988544058,216.152995875861,7.14481096451709,0,9690.47336133483,0,0,0,1.225
1211.12055921541,33.1040086709308,2,5,60.0722436232386,216.260077043659,7.14633002915161,0,9695.62760877882,0,0,0,1.225
1211.37055921541,33.1081692969914,2,5,60.1019799898143,216.367127963332,7.14784903608233,0,9700.78264742825,0,0,0,1.225
1211.62055921541,33.1123278653183,2,5,60.1317079663582,216.47414867889,7.14936798530107,0,9705.93847724476,0,0,0,1.225
1211.87055921541,33.1164843785254,2,5,60.1614275650679,216.581139234245,7.15088687680054,0,9711.09509819071,0,0,0,1.225
1212.12055921541,33.1206388392209,2,5,60.1911387981134,216.688099673208,7.15240571057439,0,9716.25251022918,0,0,0,1.225
1212.37055921541,33.1247912500074,2,5,60.2208416776373,216.795030039494,7.15392448661169,0,9721.41071331962,0,0,0,1.225
1212.62055921541,33.1289416134819,2,5,60.2505362157544,216.901930376716,7.1554432049079,0,9726.56970742656,0,0,0,1.225
1212.87055921541,33.1330899322362,2,5,60.2802224245525,217.008800728389,7.15696186545392,0,9731.7294925109,0,0,0,1.225
1213.12055921541,33.1372362088563,2,5,60.3099003160919,217.115641137931,7.15848046824067,0,9736.89006853352,0,0,0,1.225
1213.37055921541,33.1413804459226,2,5,60.3395699024059,217.222451648661,7.15999901326268,0,9742.05143545822,0,0,0,1.225
1213.62055921541,33.1455226460105,2,5,60.3692311955003,217.329232303801,7.16151750050994,0,9747.21359324514,0,0,0,1.225
1213.87055921541,33.1496628116895,2,5,60.3988842073543,217.435983146475,7.16303592997519,0,9752.37654185662,0,0,0,1.225
1214.12055921541,33.1538009455238,2,5,60.4285289499198,217.542704219711,7.16455430165024,0,9757.54028125425,0,0,0,1.225
1214.37055921541,33.1579370500723,2,5,60.4581654351221,217.649395566439,7.1660726155269,0,9762.70481139962,0,0,0,1.225
1214.62055921541,33.1620711278882,2,5,60.4877936748595,217.756057229494,7.1675908715988,0,9767.87013225578,0,0,0,1.225
1214.87055921541,33.1662031815197,2,5,60.5174136810037,217.862689251613,7.16910906985504,0,9773.03624378213,0,0,0,1.225
1215.12055921541,33.1703332135093,2,5,60.5470254653998,217.969291675439,7.17062721029106,0,9778.20314594316,0,0,0,1.225
1215.37055921541,33.1744612263942,2,5,60.5766290398662,218.075864543518,7.17214529289504,0,9783.37083869754,0,0,0,1.225
1215.62055921541,33.1785872227064,2,5,60.6062244161951,218.182407898302,7.17366331766061,0,9788.53932200828,0,0,0,1.225
1215.87055921541,33.1827112049724,2,5,60.6358116061521,218.288921782147,7.17518128457868,0,9793.70859583623,0,0,0,1.225
1216.12055921541,33.1868331757135,2,5,60.6653906214764,218.395406237315,7.17669919364289,0,9798.8786601444,0,0,0,1.225
1216.37055921541,33.1909531374458,2,5,60.6949614738814,218.501861305973,7.17821704484322,0,9804.0495148929,0,0,0,1.225
1216.62055921541,33.1950710926797,2,5,60.7245241750538,218.608287030194,7.17973483817332,0,9809.22116004474,0,0,0,1.225
1216.87055921541,33.1991870439209,2,5,60.7540787366547,218.714683451957,7.18125257362044,0,9814.39359555781,0,0,0,1.225
1217.12055921541,33.2033009936694,2,5,60.7836251703191,218.821050613149,7.18277025118186,0,9819.56682139804,0,0,0,1.225
1217.37055921541,33.2074129444202,2,5,60.8131634876558,218.927388555561,7.18428787084576,0,9824.74083752404,0,0,0,1.225
1217.62055921541,33.2115228986629,2,5,60.8426937002481,219.033697320893,7.18580543260305,0,9829.91564389663,0,0,0,1.225
1217.87055921541,33.2156308588822,2,5,60.8722158196535,219.139976950753,7.18732293644825,0,9835.09124047951,0,0,0,1.225
1218.12055921541,33.2197368275574,2,5,60.9017298574037,219.246227486653,7.18884038237047,0,9840.26762723204,0,0,0,1.225
1218.37055921541,33.2238408071625,2,5,60.9312358250049,219.352448970018,7.19035777036243,0,9845.44480411645,0,0,0,1.225
1218.62055921541,33.2279428001665,2,5,60.9607337339378,219.458641442176,7.19187510041593,0,9850.62277109426,0,0,0,1.225
1218.87055921541,33.2320428090334,2,5,60.9902235956575,219.564804944367,7.19339237252007,0,9855.8015281248,0,0,0,1.225
1219.12055921541,33.2361408362218,2,5,61.0197054215939,219.670939517738,7.19490958666938,0,9860.98107517175,0,0,0,1.225
1219.37055921541,33.2402368841854,2,5,61.0491792231515,219.777045203345,7.19642674285296,0,9866.16141219444,0,0,0,1.225
1219.62055921541,33.2443309553726,2,5,61.0786450117097,219.883122042155,7.19794384106081,0,9871.34253915291,0,0,0,1.225
1219.87055921541,33.2484230522269,2,5,61.1081027986227,219.989170075042,7.19946088128836,0,9876.52445601155,0,0,0,1.225
1220.12055921541,33.2525131771866,2,5,61.1375525952196,220.09518934279,7.20097786352471,0,9881.70716272967,0,0,0,1.225
1220.37055921541,33.2566013326851,2,5,61.1669944128045,220.201179886096,7.20249478776077,0,9886.89065926803,0,0,0,1.225
1220.62055921541,33.2606875211506,2,5,61.1964282626568,220.307141745564,7.20401165398744,0,9892.07494558736,0,0,0,1.225
1220.87055921541,33.2647717450063,2,5,61.2258541560307,220.413074961711,7.20552846219653,0,9897.26002164916,0,0,0,1.225
1221.12055921541,33.2688540066705,2,5,61.255272104156,220.518979574962,7.20704521237985,0,9902.44588741488,0,0,0,1.225
1221.37055921541,33.2729343085564,2,5,61.2846821182375,220.624855625655,7.20856190452741,0,9907.63254284452,0,0,0,1.225
1221.62055921541,33.2770126530723,2,5,61.3140842094555,220.73070315404,7.21007853863011,0,9912.81998789883,0,0,0,1.225
1221.87055921541,33.2810890426214,2,5,61.343478388966,220.836522200277,7.21159511467977,0,9918.00822253924,0,0,0,1.225
1222.12055921541,33.2851634796022,2,5,61.3728646679,220.94231280444,7.21311163266819,0,9923.19724672722,0,0,0,1.225
1222.37055921541,33.2892359664079,2,5,61.4022430573646,221.048075006513,7.21462809258446,0,9928.38706042201,0,0,0,1.225
1222.62055921541,33.2933065054272,2,5,61.4316135684424,221.153808846393,7.2161444944195,0,9933.57766358433,0,0,0,1.225
1222.87055921541,33.2973750990435,2,5,61.4609762121916,221.25951436389,7.21766083816601,0,9938.76905617634,0,0,0,1.225
1223.12055921541,33.3014417496356,2,5,61.4903309996464,221.365191598727,7.21917712381492,0,9943.96123815873,0,0,0,1.225
1223.37055921541,33.3055064595772,2,5,61.5196779418169,221.470840590541,7.22069335135529,0,9949.15420949075,0,0,0,1.225
1223.62055921541,33.3095692312373,2,5,61.549017049689,221.57646137888,7.22220952077987,0,9954.34797013455,0,0,0,1.225
1223.87055921541,33.31363006698,2,5,61.5783483342247,221.682054003209,7.22372563207773,0,9959.54252004934,0,0,0,1.225
1224.12055921541,33.3176889691644,2,5,61.6076718063623,221.787618502904,7.2252416852416,0,9964.73785919727,0,0,0,1.225
1224.37055921541,33.3217459401451,2,5,61.6369874770159,221.893154917257,7.22675768025965,0,9969.93398753683,0,0,0,1.225
1224.62055921541,33.3258009822716,2,5,61.6662953570763,221.998663285475,7.2282736171237,0,9975.13090502941,0,0,0,1.225
1224.87055921541,33.3298540978888,2,5,61.6955954574101,222.104143646676,7.22978949582557,0,9980.32861163641,0,0,0,1.225
1225.12055921541,33.3339052893367,2,5,61.7248877888607,222.209596039899,7.23130531635616,0,9985.52710731849,0,0,0,1.225
1225.37055921541,33.3379545589505,2,5,61.7541723622478,222.315020504092,7.23282107870455,0,9990.72639203484,0,0,0,1.225
1225.62055921541,33.3420019090608,2,5,61.7834491883676,222.420417078124,7.23433678286165,0,9995.92646574611,0,0,0,1.225
1225.87055921541,33.3460473419933,2,5,61.812718277993,222.525785800775,7.23585242881654,0,10001.1273284115,0,0,0,1.225
1226.12055921541,33.3500908600691,2,5,61.8419796418733,222.631126710744,7.23736801656378,0,10006.3289799945,0,0,0,1.225
1226.37055921541,33.3541324656045,2,5,61.8712332907348,222.736439846645,7.23888354609062,0,10011.531420453,0,0,0,1.225
1226.62055921541,33.3581721609111,2,5,61.9004792352806,222.84172524701,7.24039901738979,0,10016.7346497489,0,0,0,1.225
1226.87055921541,33.3622099482959,2,5,61.9297174861905,222.946982950286,7.24191443044856,0,10021.9386678399,0,0,0,1.225
1227.12055921541,33.3662458300611,2,5,61.9589480541212,223.052212994836,7.24342978526056,0,10027.143474689,0,0,0,1.225
1227.37055921541,33.3702798085043,2,5,61.9881709497067,223.157415418944,7.24494508181397,0,10032.3490702545,0,0,0,1.225
1227.62055921541,33.3743118859186,2,5,62.0173861835577,223.262590260808,7.2464603201006,0,10037.5554544977,0,0,0,1.225
1227.87055921541,33.3783420645922,2,5,62.0465937662624,223.367737558545,7.24797550011135,0,10042.7626273792,0,0,0,1.225
1228.12055921541,33.3823703468088,2,5,62.0757937083859,223.472857350189,7.24949062183441,0,10047.9705888575,0,0,0,1.225
1228.37055921541,33.3863967348475,2,5,62.1049860204706,223.577949673694,7.25100568526159,0,10053.1793388939,0,0,0,1.225
1228.62055921541,33.3904212309829,2,5,62.1341707130365,223.683014566931,7.25252069038197,0,10058.3888774475,0,0,0,1.225
1228.87055921541,33.3944438374848,2,5,62.1633477965807,223.788052067691,7.25403563718646,0,10063.5992044789,0,0,0,1.225
1229.12055921541,33.3984645566186,2,5,62.1925172815779,223.893062213681,7.25555052566597,0,10068.8103199486,0,0,0,1.225
1229.37055921541,33.4024833906451,2,5,62.2216791784804,223.998045042529,7.25706535581048,0,10074.0222238166,0,0,0,1.225
1229.62055921541,33.4065003418206,2,5,62.2508334977179,224.103000591784,7.25858012760818,0,10079.2349160411,0,0,0,1.225
1229.87055921541,33.4105154123968,2,5,62.2799802496979,224.207928898912,7.26009484105271,0,10084.448396585,0,0,0,1.225
1230.12055921541,33.4145286046209,2,5,62.3091194448056,224.3128300013,7.26160949613131,0,10089.6626654058,0,0,0,1.225
1230.37055921541,33.4185399207355,2,5,62.3382510934041,224.417703936255,7.263124092834,0,10094.8777224634,0,0,0,1.225
1230.62055921541,33.422549362979,2,5,62.3673752058341,224.522550741003,7.26463863115259,0,10100.0935677191,0,0,0,1.225
1230.87055921541,33.4265569335851,2,5,62.3964917924145,224.627370452692,7.26615311107707,0,10105.3102011326,0,0,0,1.225
1231.12055921541,33.430562634783,2,5,62.425600863442,224.732163108391,7.26766753259471,0,10110.5276226616,0,0,0,1.225
1231.37055921541,33.4345664687975,2,5,62.4547024291914,224.836928745089,7.26918189569915,0,10115.7458322688,0,0,0,1.225
1231.62055921541,33.4385684378491,2,5,62.4837964999156,224.941667399696,7.27069620037764,0,10120.9648299119,0,0,0,1.225
1231.87055921541,33.4425685441536,2,5,62.5128830858457,225.046379109044,7.27221044661928,0,10126.1846155498,0,0,0,1.225
1232.12055921541,33.4465667899227,2,5,62.541962197191,225.151063909888,7.27372463441861,0,10131.4051891459,0,0,0,1.225
1232.37055921541,33.4505631773634,2,5,62.5710338441392,225.255721838901,7.27523876375926,0,10136.6265506551,0,0,0,1.225
1232.62055921541,33.4545577086784,2,5,62.6000980368562,225.360352932682,7.27675283463668,0,10141.8487000413,0,0,0,1.225
1232.87055921541,33.4585503860662,2,5,62.6291547854865,225.464957227752,7.27826684703723,0,10147.0716372615,0,0,0,1.225
1233.12055921541,33.4625412117207,2,5,62.658204100153,225.569534760551,7.27978080095181,0,10152.2953622762,0,0,0,1.225
1233.37055921541,33.4665301878316,2,5,62.687245990957,225.674085567445,7.2812946963686,0,10157.5198750435,0,0,0,1.225
1233.62055921541,33.4705173165842,2,5,62.7162804679787,225.778609684723,7.28280853328033,0,10162.7451755256,0,0,0,1.225
1233.87055921541,33.4745026001594,2,5,62.7453075412768,225.883107148597,7.28432231167426,0,10167.9712636799,0,0,0,1.225
1234.12055921541,33.4784860407338,2,5,62.7743272208887,225.987577995199,7.28583603154129,0,10173.1981394669,0,0,0,1.225
1234.37055921541,33.4824676404799,2,5,62.8033395168308,226.092022260591,7.28734969286961,0,10178.4258028448,0,0,0,1.225
1234.62055921541,33.4864474015657,2,5,62.832344439098,226.196439980753,7.28886329565103,0,10183.6542537749,0,0,0,1.225
1234.87055921541,33.490425326155,2,5,62.8613419976644,226.300831191592,7.29037683987281,0,10188.8834922147,0,0,0,1.225
1235.12055921541,33.4944014164071,2,5,62.890332202483,226.405195928939,7.29189032552495,0,10194.1135181238,0,0,0,1.225
1235.37055921541,33.4983756744775,2,5,62.9193150634859,226.509534228549,7.29340375259926,0,10199.3443314636,0,0,0,1.225
1235.62055921541,33.502348102517,2,5,62.9482905905842,226.613846126103,7.2949171210812,0,10204.5759321899,0,0,0,1.225
1235.87055921541,33.5063187026725,2,5,62.977258793668,226.718131657205,7.2964304309653,0,10209.8083202663,0,0,0,1.225
1236.12055921541,33.5102874770865,2,5,63.006219682607,226.822390857385,7.29794368223611,0,10215.0414956479,0,0,0,1.225
1236.37055921541,33.5142544278973,2,5,63.0351732672499,226.9266237621,7.29945687488544,0,10220.2754582959,0,0,0,1.225
1236.62055921541,33.518219557239,2,5,63.0641195574248,227.030830406729,7.30097000890146,0,10225.5102081685,0,0,0,1.225
1236.87055921541,33.5221828672415,2,5,63.0930585629391,227.135010826581,7.30248308427508,0,10230.7457452262,0,0,0,1.225
1237.12055921541,33.5261443600308,2,5,63.1219902935798,227.239165056887,7.3039961009963,0,10235.9820694287,0,0,0,1.225
1237.37055921541,33.5301040377282,2,5,63.1509147591133,227.343293132808,7.30550905905147,0,10241.2191807325,0,0,0,1.225
1237.62055921541,33.5340619024514,2,5,63.1798319692856,227.447395089428,7.30702195843151,0,10246.4570790983,0,0,0,1.225
1237.87055921541,33.5380179563135,2,5,63.2087419338223,227.55147096176,7.30853479912548,0,10251.6957644847,0,0,0,1.225
1238.12055921541,33.5419722014238,2,5,63.2376446624288,227.655520784744,7.3100475811234,0,10256.9352368516,0,0,0,1.225
1238.37055921541,33.5459246398873,2,5,63.2665401647901,227.759544593244,7.31156030441252,0,10262.1754961564,0,0,0,1.225
1238.62055921541,33.549875273805,2,5,63.2954284505709,227.863542422055,7.31307296898376,0,10267.4165423593,0,0,0,1.225
1238.87055921541,33.5538241052737,2,5,63.3243095294161,227.967514305898,7.3145855748262,0,10272.6583754194,0,0,0,1.225
1239.12055921541,33.5577711363862,2,5,63.3531834109501,228.07146027942,7.3160981219271,0,10277.9009952941,0,0,0,1.225
1239.37055921541,33.5617163692312,2,5,63.3820501047776,228.175380377199,7.31761061027828,0,10283.1444019443,0,0,0,1.225
1239.62055921541,33.5656598058934,2,5,63.4109096204831,228.279274633739,7.3191230398661,0,10288.3885953269,0,0,0,1.225
1239.87055921541,33.5696014484532,2,5,63.4397619676312,228.383143083472,7.32063541068146,0,10293.6335754021,0,0,0,1.225
1240.12055921541,33.5735412989873,2,5,63.4686071557669,228.486985760761,7.32214772271345,0,10298.8793421289,0,0,0,1.225
1240.37055921541,33.5774793595681,2,5,63.4974451944149,228.590802699894,7.32365997595025,0,10304.1258954652,0,0,0,1.225
1240.62055921541,33.5814156322642,2,5,63.5262760930806,228.69459393509,7.32517217038003,0,10309.3732353694,0,0,0,1.225
1240.87055921541,33.58535011914,2,5,63.5550998612495,228.798359500498,7.3266843059946,0,10314.6213618024,0,0,0,1.225
1241.12055921541,33.589282822256,2,5,63.5839165083875,228.902099430195,7.32819638277942,0,10319.8702747201,0,0,0,1.225
1241.37055921541,33.5932137436688,2,5,63.6127260439409,229.005813758187,7.32970840072358,0,10325.1199740813,0,0,0,1.225
1241.62055921541,33.5971428854308,2,5,63.6415284773363,229.109502518411,7.33122035981978,0,10330.3704598479,0,0,0,1.225
1241.87055921541,33.6010702495907,2,5,63.6703238179811,229.213165744732,7.33273226005167,0,10335.6217319743,0,0,0,1.225
1242.12055921541,33.604995838193,2,5,63.6991120752632,229.316803470947,7.33424410141288,0,10340.8737904229,0,0,0,1.225
1242.37055921541,33.6089196532784,2,5,63.727893258551,229.420415730783,7.33575588388794,0,10346.1266351489,0,0,0,1.225
1242.62055921541,33.6128416968837,2,5,63.7566673771936,229.524002557897,7.33726760746777,0,10351.3802661125,0,0,0,1.225
1242.87055921541,33.6167619710416,2,5,63.785434440521,229.627563985876,7.33877927214235,0,10356.6346832734,0,0,0,1.225
1243.12055921541,33.6206804777812,2,5,63.8141944578439,229.731100048238,7.34029087789713,0,10361.8898865873,0,0,0,1.225
1243.37055921541,33.6245972191274,2,5,63.8429474384538,229.834610778434,7.34180242472394,0,10367.1458760153,0,0,0,1.225
1243.62055921541,33.6285121971012,2,5,63.8716933916231,229.938096209843,7.34331391261003,0,10372.4026515147,0,0,0,1.225
1243.87055921541,33.6324254137201,2,5,63.9004323266051,230.041556375779,7.34482534154267,0,10377.6602130427,0,0,0,1.225
1244.12055921541,33.6363368709973,2,5,63.9291642526344,230.144991309484,7.34633671151278,0,10382.9185605597,0,0,0,1.225
1244.37055921541,33.6402465709423,2,5,63.9578891789263,230.248401044135,7.34784802250851,0,10388.1776940236,0,0,0,1.225
1244.62055921541,33.6441545155609,2,5,63.9866071146773,230.351785612838,7.34935927451443,0,10393.4376133895,0,0,0,1.225
1244.87055921541,33.6480607068549,2,5,64.0153180690651,230.455145048635,7.35087046752597,0,10398.6983186214,0,0,0,1.225
1245.12055921541,33.6519651468223,2,5,64.0440220512488,230.558479384496,7.35238160152585,0,10403.9598096729,0,0,0,1.225
1245.37055921541,33.6558678374572,2,5,64.0727190703684,230.661788653326,7.35389267650862,0,10409.222086507,0,0,0,1.225
1245.62055921541,33.6597687807501,2,5,64.1014091355455,230.765072887964,7.35540369245609,0,10414.4851490766,0,0,0,1.225
1245.87055921541,33.6636679786876,2,5,64.1300922558828,230.868332121178,7.35691464935917,0,10419.7489973421,0,0,0,1.225
1246.12055921541,33.6675654332524,2,5,64.1587684404648,230.971566385673,7.35842554720512,0,10425.0136312605,0,0,0,1.225
1246.37055921541,33.6714611464236,2,5,64.1874376983572,231.074775714086,7.35993638598666,0,10430.2790507936,0,0,0,1.225
1246.62055921541,33.6753551201765,2,5,64.2161000386072,231.177960138986,7.36144716568742,0,10435.5452558956,0,0,0,1.225
1246.87055921541,33.6792473564826,2,5,64.2447554702436,231.281119692877,7.36295788629832,0,10440.8122465268,0,0,0,1.225
1247.12055921541,33.6831378573096,2,5,64.2734040022771,231.384254408197,7.36446854780661,0,10446.0800226443,0,0,0,1.225
1247.37055921541,33.6870266246217,2,5,64.3020456436996,231.487364317319,7.36597915019956,0,10451.3485842054,0,0,0,1.225
1247.62055921541,33.690913660379,2,5,64.3306804034851,231.590449452546,7.36748969346809,0,10456.6179311703,0,0,0,1.225
1247.87055921541,33.6947989665382,2,5,64.3593082905893,231.693509846121,7.36900017759763,0,10461.8880634946,0,0,0,1.225
1248.12055921541,33.6986825450521,2,5,64.3879293139495,231.796545530218,7.37051060257727,0,10467.1589811371,0,0,0,1.225
1248.37055921541,33.7025643978701,2,5,64.4165434824851,231.899556536947,7.37202096839792,0,10472.4306840579,0,0,0,1.225
1248.62055921541,33.7064445269375,2,5,64.4451508050975,232.002542898351,7.37353127504321,0,10477.7031722112,0,0,0,1.225
1248.87055921541,33.7103229341963,2,5,64.4737512906698,232.105504646411,7.37504152250585,0,10482.9764455587,0,0,0,1.225
1249.12055921541,33.7141996215845,2,5,64.5023449480673,232.208441813042,7.37655171076767,0,10488.250504053,0,0,0,1.225
1249.37055921541,33.7180745910368,2,5,64.5309317861373,232.311354430094,7.3780618398232,0,10493.5253476574,0,0,0,1.225
1249.62055921541,33.7219478444839,2,5,64.5595118137094,232.414242529354,7.3795719096579,0,10498.8009763273,0,0,0,1.225
1249.87055921541,33.7258193838531,2,5,64.588085039595,232.517106142542,7.38108192025902,0,10504.0773900201,0,0,0,1.225
1250.12055921541,33.7296892110681,2,5,64.6166514725881,232.619945301317,7.38259187161202,0,10509.3545886914,0,0,0,1.225
1250.37055921541,33.7335573280487,2,5,64.6452111214648,232.722760037273,7.38410176371144,0,10514.6325723041,0,0,0,1.225
1250.62055921541,33.7374237367114,2,5,64.6737639949835,232.825550381941,7.38561159654091,0,10519.9113408126,0,0,0,1.225
1250.87055921541,33.741288438969,2,5,64.7023101018849,232.928316366786,7.38712137008952,0,10525.1908941754,0,0,0,1.225
1251.12055921541,33.7451514367306,2,5,64.7308494508923,233.031058023212,7.38863108434452,0,10530.4712323497,0,0,0,1.225
1251.37055921541,33.7490127319019,2,5,64.7593820507114,233.133775382561,7.39014073929684,0,10535.7523552954,0,0,0,1.225
1251.62055921541,33.7528723263849,2,5,64.7879079100302,233.236468476109,7.39165033492827,0,10541.0342629654,0,0,0,1.225
1251.87055921541,33.7567302220781,2,5,64.8164270375196,233.33913733507,7.39315987123155,0,10546.3169553211,0,0,0,1.225
1252.12055921541,33.7605864208765,2,5,64.8449394418327,233.441781990598,7.39466934819211,0,10551.6004323182,0,0,0,1.225
1252.37055921541,33.7644409246714,2,5,64.8734451316057,233.54440247378,7.39617876580087,0,10556.8846939166,0,0,0,1.225
1252.62055921541,33.7682937353507,2,5,64.901944115457,233.646998815645,7.39768812403781,0,10562.1697400677,0,0,0,1.225
1252.87055921541,33.7721448547987,2,5,64.9304364019883,233.749571047158,7.39919742290112,0,10567.4555707372,0,0,0,1.225
1253.12055921541,33.7759942848963,2,5,64.9589219997835,233.852119199221,7.40070666237261,0,10572.7421858779,0,0,0,1.225
1253.37055921541,33.7798420275208,2,5,64.9874009174099,233.954643302676,7.40221584243955,0,10578.0295854468,0,0,0,1.225
1253.62055921541,33.7836880845461,2,5,65.0158731634172,234.057143388302,7.40372496309283,0,10583.317769404,0,0,0,1.225
1253.87055921541,33.7875324578423,2,5,65.0443387463383,234.159619486818,7.40523402431427,0,10588.606737702,0,0,0,1.225
1254.12055921541,33.7913751492766,2,5,65.072797674689,234.26207162888,7.40674302609841,0,10593.8964903039,0,0,0,1.225
1254.37055921541,33.7952161607121,2,5,65.1012499569681,234.364499845085,7.40825196842889,0,10599.1870271636,0,0,0,1.225
1254.62055921541,33.799055494009,2,5,65.1296956016575,234.466904165967,7.40976085129478,0,10604.4783482398,0,0,0,1.225
1254.87055921541,33.8028931510235,2,5,65.1581346172223,234.569284622,7.41126967468335,0,10609.7704534893,0,0,0,1.225
1255.12055921541,33.806729133609,2,5,65.1865670121105,234.671641243598,7.41277843857824,0,10615.0633428665,0,0,0,1.225
1255.37055921541,33.8105634436148,2,5,65.2149927947536,234.773974061113,7.41428714297581,0,10620.3570163354,0,0,0,1.225
1255.62055921541,33.8143960828873,2,5,65.2434119735661,234.876283104838,7.4157957878524,0,10625.6514738445,0,0,0,1.225
1255.87055921541,33.8182270532692,2,5,65.271824556946,234.978568405006,7.41730437320621,0,10630.9467153595,0,0,0,1.225
1256.12055921541,33.8220563565999,2,5,65.3002305532744,235.080829991788,7.41881289901721,0,10636.2427408314,0,0,0,1.225
1256.37055921541,33.8258839947154,2,5,65.328629970916,235.183067895298,7.42032136527268,0,10641.5395502174,0,0,0,1.225
1256.62055921541,33.8297099694482,2,5,65.3570228182188,235.285282145588,7.42182977196717,0,10646.8371434802,0,0,0,1.225
1256.87055921541,33.8335342826277,2,5,65.3854091035143,235.387472772652,7.42333811908247,0,10652.1355205724,0,0,0,1.225
1257.12055921541,33.8373569360796,2,5,65.4137888351176,235.489639806423,7.42484640660405,0,10657.4346814495,0,0,0,1.225
1257.37055921541,33.8411779316265,2,5,65.4421620213272,235.591783276778,7.4263546345228,0,10662.7346260715,0,0,0,1.225
1257.62055921541,33.8449972710875,2,5,65.4705286704253,235.693903213531,7.4278628028278,0,10668.0353543967,0,0,0,1.225
1257.87055921541,33.8488149562783,2,5,65.4988887906777,235.79599964644,7.42937091149906,0,10673.3368663762,0,0,0,1.225
1258.12055921541,33.8526309890115,2,5,65.5272423903339,235.898072605202,7.43087896053112,0,10678.6391619728,0,0,0,1.225
1258.37055921541,33.8564453710962,2,5,65.5555894776271,236.000122119458,7.43238694991123,0,10683.9422411435,0,0,0,1.225
1258.62055921541,33.8602581043382,2,5,65.5839300607745,236.102148218788,7.4338948796194,0,10689.2461038393,0,0,0,1.225
1258.87055921541,33.8640691905399,2,5,65.6122641479768,236.204150932716,7.43540274964835,0,10694.5507500215,0,0,0,1.225
1259.12055921541,33.8678786315007,2,5,65.6405917474187,236.306130290707,7.43691055998715,0,10699.8561796485,0,0,0,1.225
1259.37055921541,33.8716864290165,2,5,65.6689128672688,236.408086322168,7.43841831061582,0,10705.1623926714,0,0,0,1.225
1259.62055921541,33.8754925848798,2,5,65.6972275156796,236.510019056447,7.43992600152706,0,10710.4693890514,0,0,0,1.225
1259.87055921541,33.8792971008801,2,5,65.7255357007878,236.611928522836,7.44143363270814,0,10715.7771687455,0,0,0,1.225
1260.12055921541,33.8830999788034,2,5,65.7538374307138,236.71381475057,7.44294120414088,0,10721.0857317061,0,0,0,1.225
1260.37055921541,33.8869012204325,2,5,65.7821327135624,236.815677768825,7.44444871581618,0,10726.395077893,0,0,0,1.225
1260.62055921541,33.8907008275472,2,5,65.8104215574222,236.91751760672,7.44595616772312,0,10731.7052072646,0,0,0,1.225
1260.87055921541,33.8944988019236,2,5,65.8387039703662,237.019334293318,7.44746355984353,0,10737.0161197733,0,0,0,1.225
1261.12055921541,33.898295145335,2,5,65.8669799604514,237.121127857625,7.44897089216829,0,10742.327815379,0,0,0,1.225
1261.37055921541,33.9020898595512,2,5,65.8952495357194,237.22289832859,7.45047816468286,0,10747.6402940369,0,0,0,1.225
1261.62055921541,33.9058829463389,2,5,65.9235127041956,237.324645735104,7.45198537737633,0,10752.9535557055,0,0,0,1.225
1261.87055921541,33.9096744074615,2,5,65.9517694738901,237.426370106004,7.45349253022869,0,10758.2676003356,0,0,0,1.225
1262.12055921541,33.9134642446794,2,5,65.9800198527972,237.52807147007,7.45499962323811,0,10763.582427893,0,0,0,1.225
1262.37055921541,33.9172524597496,2,5,66.0082638488956,237.629749856024,7.45650665638277,0,10768.898038327,0,0,0,1.225
1262.62055921541,33.9210390544259,2,5,66.0365014701485,237.731405292535,7.45801362964994,0,10774.2144315946,0,0,0,1.225
1262.87055921541,33.9248240304592,2,5,66.0647327245036,237.833037808213,7.4595205430287,0,10779.531607654,0,0,0,1.225
1263.12055921541,33.928607389597,2,5,66.092957619893,237.934647431615,7.46102739650814,0,10784.8495664634,0,0,0,1.225
1263.37055921541,33.9323891335837,2,5,66.1211761642336,238.036234191241,7.46253419007007,0,10790.1683079752,0,0,0,1.225
1263.62055921541,33.9361692641604,2,5,66.1493883654268,238.137798115536,7.46404092370358,0,10795.4878321477,0,0,0,1.225
1263.87055921541,33.9399477830654,2,5,66.1775942313585,238.239339232891,7.46554759739411,0,10800.8081389363,0,0,0,1.225
1264.12055921541,33.9437246920335,2,5,66.2057937698995,238.340857571638,7.46705421112893,0,10806.1292282976,0,0,0,1.225
1264.37055921541,33.9474999927966,2,5,66.2339869889053,238.442353160059,7.46856076489894,0,10811.4511001914,0,0,0,1.225
1264.62055921541,33.9512736870835,2,5,66.262173896216,238.543826026378,7.47006725868596,0,10816.77375457,0,0,0,1.225
1264.87055921541,33.9550457766197,2,5,66.2903544996567,238.645276198764,7.47157369247543,0,10822.0971913887,0,0,0,1.225
1265.12055921541,33.9588162631277,2,5,66.3185288070374,238.746703705335,7.47308006625644,0,10827.4214106058,0,0,0,1.225
1265.37055921541,33.962585148327,2,5,66.3466968261526,238.84810857415,7.47458638001808,0,10832.7464121794,0,0,0,1.225
1265.62055921541,33.9663524339339,2,5,66.3748585647823,238.949490833216,7.47609263374397,0,10838.0721960633,0,0,0,1.225
1265.87055921541,33.9701181216615,2,5,66.403014030691,239.050850510488,7.47759882741957,0,10843.3987622127,0,0,0,1.225
1266.12055921541,33.9738822132202,2,5,66.4311632316284,239.152187633862,7.47910496103032,0,10848.726110583,0,0,0,1.225
1266.37055921541,33.977644710317,2,5,66.4593061753293,239.253502231185,7.48061103457076,0,10854.0542411366,0,0,0,1.225
1266.62055921541,33.9814056146559,2,5,66.4874428695134,239.354794330248,7.48211704801724,0,10859.3831538216,0,0,0,1.225
1266.87055921541,33.9851649279379,2,5,66.5155733218857,239.456063958788,7.48362300136068,0,10864.7128485975,0,0,0,1.225
1267.12055921541,33.9889226518611,2,5,66.5436975401363,239.557311144491,7.48512889459198,0,10870.0433254238,0,0,0,1.225
1267.37055921541,33.9926787881203,2,5,66.5718155319405,239.658535914986,7.48663472768931,0,10875.3745842501,0,0,0,1.225
1267.62055921541,33.9964333384074,2,5,66.5999273049588,239.759738297852,7.48814050063993,0,10880.7066250329,0,0,0,1.225
1267.87055921541,34.0001863044114,2,5,66.628032866837,239.860918320613,7.48964621344203,0,10886.0394477376,0,0,0,1.225
1268.12055921541,34.003937687818,2,5,66.6561322252063,239.962076010743,7.49115186606468,0,10891.3730523064,0,0,0,1.225
1268.37055921541,34.0076874903103,2,5,66.6842253876832,240.063211395659,7.49265745850607,0,10896.7074387046,0,0,0,1.225
1268.62055921541,34.011435713568,2,5,66.7123123618695,240.16432450273,7.49416299074983,0,10902.0426068859,0,0,0,1.225
1268.87055921541,34.015182359268,2,5,66.7403931553525,240.265415359269,7.49566846277776,0,10907.3785568027,0,0,0,1.225
1269.12055921541,34.0189274290843,2,5,66.7684677757051,240.366483992538,7.4971738745844,0,10912.7152884172,0,0,0,1.225
1269.37055921541,34.0226709246877,2,5,66.7965362304854,240.467530429748,7.49867922615158,0,10918.0528016818,0,0,0,1.225
1269.62055921541,34.0264128477464,2,5,66.8245985272374,240.568554698055,7.50018451746291,0,10923.3910965502,0,0,0,1.225
1269.87055921541,34.0301531999251,2,5,66.8526546734903,240.669556824565,7.50168974850749,0,10928.7301729805,0,0,0,1.225
1270.12055921541,34.0338919828862,2,5,66.8807046767593,240.770536836333,7.50319491927075,0,10934.0700309276,0,0,0,1.225
1270.37055921541,34.0376291982886,2,5,66.9087485445449,240.871494760362,7.50470002973816,0,10939.4106703469,0,0,0,1.225
1270.62055921541,34.0413648477885,2,5,66.9367862843336,240.972430623601,7.50620507989697,0,10944.7520911948,0,0,0,1.225
1270.87055921541,34.0450989330392,2,5,66.9648179035974,241.073344452951,7.50771006973446,0,10950.0942934279,0,0,0,1.225
1271.12055921541,34.0488314556911,2,5,66.9928434097942,241.174236275259,7.50921499923243,0,10955.4372769984,0,0,0,1.225
1271.37055921541,34.0525624173915,2,5,67.0208628103675,241.275106117323,7.51071986838542,0,10960.7810418687,0,0,0,1.225
1271.62055921541,34.0562918197849,2,5,67.048876112747,241.375954005889,7.51222467716798,0,10966.1255879851,0,0,0,1.225
1271.87055921541,34.0600196645131,2,5,67.0768833243479,241.476779967652,7.51372942557646,0,10971.4709153114,0,0,0,1.225
1272.12055921541,34.0637459532147,2,5,67.1048844525715,241.577584029257,7.51523411359085,0,10976.8170237984,0,0,0,1.225
1272.37055921541,34.0674706875255,2,5,67.132879504805,241.678366217298,7.51673874119842,0,10982.1639134026,0,0,0,1.225
1272.62055921541,34.0711938690785,2,5,67.1608684884216,241.779126558318,7.51824330838645,0,10987.5115840804,0,0,0,1.225
1272.87055921541,34.0749154995038,2,5,67.1888514107805,241.87986507881,7.51974781513854,0,10992.8600357855,0,0,0,1.225
1273.12055921541,34.0786355804287,2,5,67.216828279227,241.980581805217,7.52125226144199,0,10998.2092684744,0,0,0,1.225
1273.37055921541,34.0823541134774,2,5,67.2447991010924,242.081276763933,7.52275664728404,0,11003.5592821035,0,0,0,1.225
1273.62055921541,34.0860711002715,2,5,67.2727638836941,242.181949981299,7.52426097264834,0,11008.9100766264,0,0,0,1.225
1273.87055921541,34.0897865424298,2,5,67.3007226343358,242.282601483609,7.52576523752032,0,11014.2616519982,0,0,0,1.225
1274.12055921541,34.093500441568,2,5,67.3286753603073,242.383231297106,7.52726944189089,0,11019.6140081782,0,0,0,1.225
1274.37055921541,34.0972127992991,2,5,67.3566220688847,242.483839447985,7.52877358573642,0,11024.9671451141,0,0,0,1.225
1274.62055921541,34.1009236172334,2,5,67.3845627673302,242.584425962389,7.53027766905507,0,11030.3210627711,0,0,0,1.225
1274.87055921541,34.1046328969782,2,5,67.4124974628924,242.684990866413,7.53178169182138,0,11035.6757610955,0,0,0,1.225
1275.12055921541,34.1083406401382,2,5,67.4404261628064,242.785534186103,7.53328565402626,0,11041.0312400466,0,0,0,1.225
1275.37055921541,34.112046848315,2,5,67.4683488742933,242.886055947456,7.53478955565697,0,11046.3874995808,0,0,0,1.225
1275.62055921541,34.1157515231076,2,5,67.496265604561,242.98655617642,7.53629339669533,0,11051.7445396503,0,0,0,1.225
1275.87055921541,34.1194546661123,2,5,67.5241763608036,243.087034898893,7.5377971771286,0,11057.1023602113,0,0,0,1.225
1276.12055921541,34.1231562789225,2,5,67.5520811502016,243.187492140726,7.53930089694404,0,11062.4609612203,0,0,0,1.225
1276.37055921541,34.1268563631287,2,5,67.5799799799222,243.28792792772,7.54080455612529,0,11067.8203426308,0,0,0,1.225
1276.62055921541,34.130554920319,2,5,67.6078728571191,243.388342285629,7.54230815465962,0,11073.1805043992,0,0,0,1.225
1276.87055921541,34.1342519520783,2,5,67.6357597889325,243.488735240157,7.54381169253065,0,11078.5414464789,0,0,0,1.225
1277.12055921541,34.1379474601158,2,5,67.6636314989016,243.589073396046,7.54028987935635,0,11079.8815514352,0,0,0,1.225
1277.37055921541,34.1416414470827,2,5,67.6914651424846,243.689274512944,7.52941218884553,0,11075.3329856591,0,0,0,1.225
1277.62055921541,34.1453339168603,2,5,67.7192472305761,243.789290030074,7.5185571699094,0,11070.7965670647,0,0,0,1.225
1277.87055921541,34.1490248734997,2,5,67.7469779101233,243.889120476444,7.50772474544465,0,11066.2722464458,0,0,0,1.225
1278.12055921541,34.1527143210358,2,5,67.7746573274316,243.988766378754,7.49691483873721,0,11061.7599748653,0,0,0,1.225
1278.37055921541,34.1564022634869,2,5,67.8022856281691,244.088228261409,7.48612737347685,0,11057.2597036667,0,0,0,1.225
1278.62055921541,34.1600887048553,2,5,67.8298629573703,244.187506646533,7.47536227376077,0,11052.7713844779,0,0,0,1.225
1278.87055921541,34.163773649127,2,5,67.8573894594398,244.286602053983,7.46461946406089,0,11048.2949691844,0,0,0,1.225
1279.12055921541,34.167457100272,2,5,67.8848652781563,244.385515001363,7.45389886925477,0,11043.8304099552,0,0,0,1.225
1279.37055921541,34.1711390622443,2,5,67.912290556676,244.484246004034,7.44320041459832,0,11039.3776592201,0,0,0,1.225
1279.62055921541,34.1748195389823,2,5,67.9396654375371,244.582795575134,7.43252402574217,0,11034.9366696841,0,0,0,1.225
1279.87055921541,34.1784985344083,2,5,67.9669900626627,244.681164225586,7.42186962870619,0,11030.5073943063,0,0,0,1.225
1280.12055921541,34.1821760524291,2,5,67.9942645733648,244.779352464113,7.41123714990135,0,11026.0897863183,0,0,0,1.225
1280.37055921541,34.1858520969358,2,5,68.0214891103484,244.877360797254,7.40062651611515,0,11021.6837992123,0,0,0,1.225
1280.62055921541,34.1895266718041,2,5,68.0486638137142,244.975189729371,7.39003765450434,0,11017.2893867356,0,0,0,1.225
1280.87055921541,34.1931997808941,2,5,68.0757888229631,245.072839762667,7.3794704925931,0,11012.9065028897,0,0,0,1.225
1281.12055921541,34.1968714280508,2,5,68.1028642769993,245.170311397198,7.36892495829488,0,11008.5351019473,0,0,0,1.225
1281.37055921541,34.2005416171038,2,5,68.129890314134,245.267605130882,7.35840097986329,0,11004.1751384137,0,0,0,1.225
1281.62055921541,34.2042103518675,2,5,68.1568670720888,245.36472145952,7.34789848594119,0,10999.8265670663,0,0,0,1.225
1281.87055921541,34.2078776361414,2,5,68.1837946879993,245.461660876798,7.33741740550977,0,10995.4893429137,0,0,0,1.225
1282.12055921541,34.2115434737098,2,5,68.2106732984187,245.558423874307,7.32695766793404,0,10991.1634212328,0,0,0,1.225
1282.37055921541,34.215207868342,2,5,68.2375030393208,245.655010941555,7.3165192029137,0,10986.848757529,0,0,0,1.225
1282.62055921541,34.2188708237929,2,5,68.2642840461041,245.751422565975,7.30610194051769,0,10982.5453075649,0,0,0,1.225
1282.87055921541,34.2225323438022,2,5,68.2910164535944,245.84765923294,7.29570581115695,0,10978.2530273378,0,0,0,1.225
1283.12055921541,34.2261924320951,2,5,68.3177003960488,245.943721425776,7.28533074560255,0,10973.9718730953,0,0,0,1.225
1283.37055921541,34.2298510923823,2,5,68.3443360071588,246.039609625772,7.27497667496391,0,10969.7018013171,0,0,0,1.225
1283.62055921541,34.2335083283598,2,5,68.3709234200537,246.135324312193,7.26464353069969,0,10965.442768725,0,0,0,1.225
1283.87055921541,34.2371641437092,2,5,68.3974627673035,246.230865962293,7.25433124460687,0,10961.1947322731,0,0,0,1.225
1284.12055921541,34.240818542098,2,5,68.4239541809228,246.326235051322,7.24403974882807,0,10956.9576491552,0,0,0,1.225
1284.37055921541,34.244471527179,2,5,68.4503977923737,246.421432052545,7.23376897584239,0,10952.7314767964,0,0,0,1.225
1284.62055921541,34.2481231025912,2,5,68.4767937325688,246.516457437248,7.22351885845455,0,10948.5161728454,0,0,0,1.225
1284.87055921541,34.2517732719592,2,5,68.5031421318748,246.611311674749,7.21328932982578,0,10944.3116951993,0,0,0,1.225
1285.12055921541,34.2554220388937,2,5,68.5294431201155,246.705995232416,7.20308032342291,0,10940.1180019627,0,0,0,1.225
1285.37055921541,34.2590694069915,2,5,68.555696826575,246.80050857567,7.19289177305654,0,10935.9350514787,0,0,0,1.225
1285.62055921541,34.2627153798352,2,5,68.5819033800007,246.894852168002,7.18272361285563,0,10931.7628023087,0,0,0,1.225
1285.87055921541,34.2663599609939,2,5,68.6080629086063,246.989026470983,7.17257577728378,0,10927.6012132456,0,0,0,1.225
1286.12055921541,34.2700031540229,2,5,68.6341755400754,247.083031944271,7.16244820112115,0,10923.4502432996,0,0,0,1.225
1286.37055921541,34.2736449624637,2,5,68.6602414015639,247.17686904563,7.15234081946437,0,10919.3098516979,0,0,0,1.225
1286.62055921541,34.2772853898442,2,5,68.6862606197035,247.270538230933,7.1422535677375,0,10915.1799978944,0,0,0,1.225
1286.87055921541,34.280924439679,2,5,68.7122333206044,247.364039954176,7.13218638166472,0,10911.0606415472,0,0,0,1.225
1287.12055921541,34.284562115469,2,5,68.7381596298586,247.457374667491,7.12213919730311,0,10906.9517425457,0,0,0,1.225
1287.37055921541,34.2881984207018,2,5,68.7640396725425,247.550542821153,7.11211195100987,0,10902.8532609838,0,0,0,1.225
1287.62055921541,34.2918333588519,2,5,68.7898735732202,247.643544863593,7.10210457945323,0,10898.7651571697,0,0,0,1.225
1287.87055921541,34.2954669333801,2,5,68.8156614559461,247.736381241406,7.09211701961249,0,10894.6873916254,0,0,0,1.225
1288.12055921541,34.2990991477346,2,5,68.841403444268,247.829052399365,7.08214920876708,0,10890.6199250782,0,0,0,1.225
1288.37055921541,34.3027300053501,2,5,68.8670996612301,247.921558780428,7.07220108450747,0,10886.5627184701,0,0,0,1.225
1288.62055921541,34.3063595096483,2,5,68.8927502293754,248.013900825751,7.06227258471699,0,10882.5157329428,0,0,0,1.225
1288.87055921541,34.3099876640382,2,5,68.918355270749,248.106078974697,7.05236364758821,0,10878.4789298513,0,0,0,1.225
1289.12055921541,34.3136144719156,2,5,68.9439149069008,248.198093664843,7.04247421160107,0,10874.4522707466,0,0,0,1.225
1289.37055921541,34.3172399366637,2,5,68.9694292588881,248.289945331997,7.03260421553932,0,10870.4357173886,0,0,0,1.225
1289.62055921541,34.3208640616529,2,5,68.9948984472785,248.381634410202,7.02275359847408,0,10866.4292317339,0,0,0,1.225
1289.87055921541,34.3244868502408,2,5,69.0203225921527,248.47316133175,7.01292229977844,0,10862.4327759469,0,0,0,1.225
1290.12055921541,34.3281083057725,2,5,69.0457018131075,248.564526527187,7.00311025910378,0,10858.4463123812,0,0,0,1.225
1290.37055921541,34.3317284315806,2,5,69.0710362292577,248.655730425328,6.99331741639435,0,10854.4698035917,0,0,0,1.225
1290.62055921541,34.3353472309851,2,5,69.0963259592396,248.746773453263,6.98354371187997,0,10850.5032123287,0,0,0,1.225
1290.87055921541,34.3389647072935,2,5,69.1215711212136,248.837656036369,6.97378908608152,0,10846.5465015424,0,0,0,1.225
1291.12055921541,34.3425808638011,2,5,69.1467718328662,248.928378598318,6.96405347978725,0,10842.5996343642,0,0,0,1.225
1291.37055921541,34.3461957037909,2,5,69.1719282114133,249.018941561088,6.95433683408373,0,10838.6625741316,0,0,0,1.225
1291.62055921541,34.3498092305336,2,5,69.1970403736028,249.10934534497,6.94463909032675,0,10834.7352843652,0,0,0,1.225
1291.87055921541,34.3534214472878,2,5,69.2221084357168,249.199590368581,6.93496019014674,0,10830.8177287729,0,0,0,1.225
1292.12055921541,34.3570323572999,2,5,69.2471325135745,249.289677048868,6.92530007545429,0,10826.9098712546,0,0,0,1.225
1292.37055921541,34.3606419638043,2,5,69.2721127225344,249.379605801124,6.91565868843099,0,10823.0116758953,0,0,0,1.225
1292.62055921541,34.3642502700236,2,5,69.2970491774975,249.469377038991,6.90603597153677,0,10819.1231069705,0,0,0,1.225
1292.87055921541,34.3678572791681,2,5,69.3219419929091,249.558991174473,6.89643186749163,0,10815.2441289326,0,0,0,1.225
1293.12055921541,34.3714629944367,2,5,69.346791282762,249.648448617943,6.88684631929027,0,10811.3747064217,0,0,0,1.225
1293.37055921541,34.3750674190161,2,5,69.3715971605983,249.737749778154,6.87727927018932,0,10807.5148042565,0,0,0,1.225
1293.62055921541,34.3786705560816,2,5,69.3963597395123,249.826895062244,6.86773066372189,0,10803.6643874456,0,0,0,1.225
1293.87055921541,34.3822724087966,2,5,69.421079132153,249.915884875751,6.85820044366665,0,10799.8234211629,0,0,0,1.225
1294.12055921541,34.385872980313,2,5,69.4457554507263,250.004719622615,6.84868855407694,0,10795.9918707712,0,0,0,1.225
1294.37055921541,34.3894722737711,2,5,69.4703888069976,250.093399705191,6.8391949392626,0,10792.1697018075,0,0,0,1.225
1294.62055921541,34.3930702922998,2,5,69.4949793122941,250.181925524259,6.82971954378991,0,10788.3568799838,0,0,0,1.225
1294.87055921541,34.3966670390164,2,5,69.5195270775072,250.270297479026,6.82026231248528,0,10784.5533711892,0,0,0,1.225
1295.12055921541,34.4002625170269,2,5,69.5440322130949,250.358515967142,6.81082319042434,0,10780.7591414822,0,0,0,1.225
1295.37055921541,34.403856729426,2,5,69.5684948290843,250.446581384703,6.80140212294282,0,10776.974157099,0,0,0,1.225
1295.62055921541,34.4074496792973,2,5,69.5929150350735,250.534494126265,6.79199905562382,0,10773.1983844436,0,0,0,1.225
1295.87055921541,34.4110413697128,2,5,69.6172929402346,250.622254584845,6.78261393429966,0,10769.4317900896,0,0,0,1.225
1296.12055921541,34.4146318037338,2,5,69.6416286533154,250.709863151936,6.77324670506277,0,10765.6743407888,0,0,0,1.225
1296.37055921541,34.4182209844102,2,5,69.665922282642,250.797320217511,6.76389731423478,0,10761.9260034468,0,0,0,1.225
1296.62055921541,34.4218089147809,2,5,69.6901739361208,250.884626170035,6.75456570839378,0,10758.1867451446,0,0,0,1.225
1296.87055921541,34.4253955978739,2,5,69.7143837212412,250.971781396468,6.74525183436162,0,10754.4565331291,0,0,0,1.225
1297.12055921541,34.4289810367064,2,5,69.7385517450775,251.058786282279,6.73595563920026,0,10750.7353348099,0,0,0,1.225
1297.37055921541,34.4325652342845,2,5,69.7626781142912,251.145641211448,6.72667707021537,0,10747.0231177625,0,0,0,1.225
1297.62055921541,34.4361481936035,2,5,69.7867629351333,251.23234656648,6.71741607494369,0,10743.3198497183,0,0,0,1.225
1297.87055921541,34.4397299176482,2,5,69.8108063134463,251.318902728407,6.70817260117656,0,10739.6254985835,0,0,0,1.225
1298.12055921541,34.4433104093924,2,5,69.8348083546668,251.405310076801,6.69894659692545,0,10735.9400324115,0,0,0,1.225
1298.37055921541,34.4468896717994,2,5,69.8587691638272,251.491568989778,6.68973801044558,0,10732.2634194226,0,0,0,1.225
1298.62055921541,34.4504677078218,2,5,69.8826888455579,251.577679844008,6.68054679022316,0,10728.5956279928,0,0,0,1.225
1298.87055921541,34.4540445204018,2,5,69.9065675040897,251.663643014723,6.67137288497543,0,10724.9366266551,0,0,0,1.225
1299.12055921541,34.4576201124709,2,5,69.930405243256,251.749458875722,6.66221624365426,0,10721.2863841017,0,0,0,1.225
1299.37055921541,34.4611944869505,2,5,69.9542021664945,251.83512779938,6.65307681543709,0,10717.6448691774,0,0,0,1.225
1299.62055921541,34.4647676467512,2,5,69.9779583768495,251.920650156658,6.64395454973419,0,10714.0120508851,0,0,0,1.225
1299.87055921541,34.4683395947736,2,5,70.001673976974,252.006026317106,6.63484939617774,0,10710.3878983776,0,0,0,1.225
1300.12055921541,34.4719103339078,2,5,70.0253490691318,252.091256648874,6.62576130462367,0,10706.7723809587,0,0,0,1.225
1300.37055921541,34.4754798670337,2,5,70.0489837551995,252.176341518718,6.61669022516253,0,10703.1654680927,0,0,0,1.225
1300.62055921541,34.4790481970211,2,5,70.0725781366685,252.261281292007,6.60763610809227,0,10699.5671293821,0,0,0,1.225
1300.87055921541,34.4826153267295,2,5,70.0961323146472,252.34607633273,6.59859890394364,0,10695.9773345884,0,0,0,1.225
1301.12055921541,34.4861812590087,2,5,70.1196463898627,252.430727003506,6.58957856346024,0,10692.3960536161,0,0,0,1.225
1301.37055921541,34.4897459966979,2,5,70.1431204626629,252.515233665587,6.58057503760392,0,10688.8232565173,0,0,0,1.225
1301.62055921541,34.4933095426268,2,5,70.166554633019,252.599596678868,6.57158827756575,0,10685.2589135006,0,0,0,1.225
1301.87055921541,34.4968718996149,2,5,70.1899490005265,252.683816401895,6.56261823473687,0,10681.7029949074,0,0,0,1.225
1302.12055921541,34.5004330704718,2,5,70.2133036644081,252.767893191869,6.55366486072853,0,10678.1554712289,0,0,0,1.225
1302.37055921541,34.5039930579975,2,5,70.2366187235149,252.851827404654,6.54472810736843,0,10674.6163131027,0,0,0,1.225
1302.62055921541,34.507551864982,2,5,70.2598942763289,252.935619394784,6.53580792669345,0,10671.0854913071,0,0,0,1.225
1302.87055921541,34.5111094942055,2,5,70.2831304209647,253.019269515473,6.52690427095331,0,10667.5629767644,0,0,0,1.225
1303.12055921541,34.5146659484387,2,5,70.3063272551711,253.102778118616,6.51801709260144,0,10664.0487405338,0,0,0,1.225
1303.37055921541,34.5182212304426,2,5,70.3294848763337,253.186145554801,6.50914634431138,0,10660.542753824,0,0,0,1.225
1303.62055921541,34.5217753429684,2,5,70.3526033814759,253.269372173313,6.50029197894582,0,10657.0449879694,0,0,0,1.225
1303.87055921541,34.5253282887581,2,5,70.3756828672617,253.352458322142,6.49145394959123,0,10653.5554144573,0,0,0,1.225
1304.12055921541,34.5288800705438,2,5,70.3987234299967,253.435404347988,6.4826322095214,0,10650.074004899,0,0,0,1.225
1304.37055921541,34.5324306910483,2,5,70.4217251656306,253.51821059627,6.47382671223204,0,10646.6007310579,0,0,0,1.225
1304.62055921541,34.5359801529852,2,5,70.4446881697585,253.600877411131,6.46503741140259,0,10643.1355648184,0,0,0,1.225
1304.87055921541,34.5395284590584,2,5,70.4676125376233,253.683405135444,6.45626426093077,0,10639.6784782144,0,0,0,1.225
1305.12055921541,34.5430756119626,2,5,70.4904983641168,253.765794110821,6.44750721489436,0,10636.2294433983,0,0,0,1.225
1305.37055921541,34.5466216143832,2,5,70.5133457437823,253.848044677616,6.43876622758944,0,10632.7884326719,0,0,0,1.225
1305.62055921541,34.5501664689964,2,5,70.5361547708156,253.930157174936,6.43004125349762,0,10629.3554184604,0,0,0,1.225
1305.87055921541,34.5537101784692,2,5,70.5589255390673,254.012131940642,6.42133224729696,0,10625.9303733211,0,0,0,1.225
1306.12055921541,34.5572527454594,2,5,70.5816581420445,254.09396931136,6.41263916386197,0,10622.5132699433,0,0,0,1.225
1306.37055921541,34.5607941726157,2,5,70.6043526729123,254.175669622484,6.40396195826725,0,10619.1040811518,0,0,0,1.225
1306.62055921541,34.5643344625778,2,5,70.6270092244956,254.257233208184,6.39530058577111,0,10615.7027798936,0,0,0,1.225
1306.87055921541,34.5678736179764,2,5,70.6496278892811,254.338660401412,6.38665500182651,0,10612.3093392467,0,0,0,1.225
1307.12055921541,34.571411641433,2,5,70.6722087594187,254.419951533907,6.37802516208103,0,10608.9237324205,0,0,0,1.225
1307.37055921541,34.5749485355604,2,5,70.6947519267235,254.501106936204,6.36941102236051,0,10605.5459327424,0,0,0,1.225
1307.62055921541,34.5784843029624,2,5,70.717257482677,254.582126937637,6.36081253869816,0,10602.1759136816,0,0,0,1.225
1307.87055921541,34.582018946234,2,5,70.7397255184294,254.663011866346,6.35222966729089,0,10598.8136488138,0,0,0,1.225
1308.12055921541,34.5855524679615,2,5,70.7621561248008,254.743762049283,6.3436623645357,0,10595.4591118509,0,0,0,1.225
1308.37055921541,34.5890848707221,2,5,70.7845493922832,254.824377812219,6.33511058702243,0,10592.112276635,0,0,0,1.225
1308.62055921541,34.5926161570845,2,5,70.8069054110417,254.90485947975,6.32657429150095,0,10588.7731171125,0,0,0,1.225
1308.87055921541,34.5961463296088,2,5,70.8292242709167,254.9852073753,6.31805343492852,0,10585.4416073717,0,0,0,1.225
1309.12055921541,34.5996753908464,2,5,70.8515060614251,255.06542182113,6.30954797442428,0,10582.1177216067,0,0,0,1.225
1309.37055921541,34.6032033433398,2,5,70.873750871762,255.145503138343,6.30105786730383,0,10578.8014341455,0,0,0,1.225
1309.62055921541,34.6067301896234,2,5,70.8959587908026,255.225451646889,6.29258307105374,0,10575.4927194291,0,0,0,1.225
1309.87055921541,34.6102559322227,2,5,70.9181299071033,255.305267665572,6.28412354334068,0,10572.1915520192,0,0,0,1.225
1310.12055921541,34.613780573655,2,5,70.9402643089037,255.384951512053,6.27567924200775,0,10568.8979065956,0,0,0,1.225
1310.37055921541,34.617304116429,2,5,70.962362084128,255.464503502861,6.26725012508359,0,10565.611757963,0,0,0,1.225
1310.62055921541,34.620826563045,2,5,70.9844233203866,255.543923953392,6.25883615075873,0,10562.3330810329,0,0,0,1.225
1310.87055921541,34.624347915995,2,5,71.0064481049777,255.62321317792,6.25043727740558,0,10559.0618508391,0,0,0,1.225
1311.12055921541,34.6278681777626,2,5,71.0284365248886,255.702371489599,6.24205346357121,0,10555.798042532,0,0,0,1.225
1311.37055921541,34.6313873508231,2,5,71.0503886667977,255.781399200472,6.23368466797183,0,10552.541631375,0,0,0,1.225
1311.62055921541,34.6349054376437,2,5,71.0723046170756,255.860296621472,6.2253308495001,0,10549.2925927497,0,0,0,1.225
1311.87055921541,34.6384224406833,2,5,71.0941844617868,255.939064062432,6.21699196721056,0,10546.0509021444,0,0,0,1.225
1312.12055921541,34.6419383623925,2,5,71.1160282866911,256.017701832088,6.20866798034149,0,10542.8165351722,0,0,0,1.225
1312.37055921541,34.645453205214,2,5,71.1378361772454,256.096210238083,6.20035884828394,0,10539.5894675458,0,0,0,1.225
1312.62055921541,34.6489669715822,2,5,71.1596082186048,256.174589586977,6.19206453061088,0,10536.3696751011,0,0,0,1.225
1312.87055921541,34.6524796639235,2,5,71.1813444956243,256.252840184247,6.18378498704988,0,10533.1571337756,0,0,0,1.225
1313.12055921541,34.6559912846564,2,5,71.2030450928602,256.330962334297,6.17552017749949,0,10529.9518196213,0,0,0,1.225
1313.37055921541,34.6595018361913,2,5,71.2247100945716,256.408956340458,6.16727006202927,0,10526.7537088049,0,0,0,1.225
1313.62055921541,34.6630113209306,2,5,71.2463395847217,256.486822504998,6.15903460086702,0,10523.5627775978,0,0,0,1.225
1313.87055921541,34.6665197412689,2,5,71.2679336469797,256.564561129127,6.15081375439877,0,10520.3790023761,0,0,0,1.225
1314.12055921541,34.6700270995928,2,5,71.2894923647216,256.642172512998,6.14260748317975,0,10517.2023596295,0,0,0,1.225
1314.37055921541,34.6735333982813,2,5,71.311015821032,256.719656955715,6.13441574792523,0,10514.032825954,0,0,0,1.225
1314.62055921541,34.6770386397052,2,5,71.3325040987055,256.79701475534,6.12623850951422,0,10510.8703780549,0,0,0,1.225
1314.87055921541,34.680542826228,2,5,71.353957280248,256.874246208893,6.11807572897305,0,10507.7149927339,0,0,0,1.225
1315.12055921541,34.684045960205,2,5,71.3753754478782,256.951351612362,6.10992736750086,0,10504.5666469096,0,0,0,1.225
1315.37055921541,34.6875480439842,2,5,71.3967586835289,257.028331260704,6.10179338644775,0,10501.4253176,0,0,0,1.225
1315.62055921541,34.6910490799057,2,5,71.4181070688485,257.105185447855,6.09367374731846,0,10498.2909819253,0,0,0,1.225
1315.87055921541,34.694549070302,2,5,71.4394206852021,257.181914466728,6.08556841177779,0,10495.1636171128,0,0,0,1.225
1316.12055921541,34.698048017498,2,5,71.4606996136732,257.258518609224,6.07747734164514,0,10492.0432004925,0,0,0,1.225
1316.37055921541,34.7015459238112,2,5,71.4819439350649,257.334998166234,6.06940049889636,0,10488.9297094983,0,0,0,1.225
1316.62055921541,34.7050427915514,2,5,71.5031537299014,257.411353427645,6.061337845651,0,10485.8231216582,0,0,0,1.225
1316.87055921541,34.708538623021,2,5,71.5243290784287,257.487584682343,6.05328934418867,0,10482.7234146075,0,0,0,1.225
1317.12055921541,34.7120334205147,2,5,71.545470060617,257.563692218221,6.04525495695088,0,10479.6305660903,0,0,0,1.225
1317.37055921541,34.7155271863203,2,5,71.5665767561612,257.63967632218,6.03723464650466,0,10476.5445539303,0,0,0,1.225
1317.62055921541,34.7190199227176,2,5,71.5876492444824,257.715537280137,6.02922837558617,0,10473.465356066,0,0,0,1.225
1317.87055921541,34.7225116319794,2,5,71.6086876047292,257.791275377025,6.02123610707895,0,10470.3929505332,0,0,0,1.225
1318.12055921541,34.7260023163712,3,5,71.6296919157794,257.866890896806,6.01325780401021,0,10467.3273154625,0,0,0,1.225
1318.37055921541,34.729491978151,3,5,71.6506622562407,257.942384122466,6.00529342955451,0,10464.2684290817,0,0,0,1.225
1318.62055921541,34.7329806195697,3,5,71.6715987044521,258.017755336027,5.9973429470374,0,10461.2162697193,0,0,0,1.225
1318.87055921541,34.7364682428709,3,5,71.6925013384856,258.093004818548,5.98940631992627,0,10458.1708157971,0,0,0,1.225
1319.12055921541,34.739954850291,3,5,71.713370236147,258.168132850129,5.9814835118359,0,10455.1320458347,0,0,0,1.225
1319.37055921541,34.7434404440594,3,5,71.7342054749775,258.243139709919,5.97357448652656,0,10452.099938448,0,0,0,1.225
1319.62055921541,34.746925026398,3,5,71.7550071322545,258.318025676116,5.96567920790039,0,10449.0744723466,0,0,0,1.225
1319.87055921541,34.7504085995219,3,5,71.7757752849934,258.392791025976,5.95779763999963,0,10446.0556263322,0,0,0,1.225
1320.12055921541,34.7538911656392,3,5,71.7965100099484,258.467436035814,5.94992974701563,0,10443.043379306,0,0,0,1.225
1320.37055921541,34.7573727269506,3,5,71.817211383614,258.54196098101,5.94207549327439,0,10440.0377102574,0,0,0,1.225
1320.62055921541,34.7608532856502,3,5,71.837879482226,258.616366136014,5.93423484324558,0,10437.0385982708,0,0,0,1.225
1320.87055921541,34.7643328439249,3,5,71.8585143817629,258.690651774346,5.92640776153712,0,10434.046022522,0,0,0,1.225
1321.12055921541,34.7678114039546,3,5,71.8791161579469,258.764818168609,5.91859421289701,0,10431.0599622791,0,0,0,1.225
1321.37055921541,34.7712889679125,3,5,71.8996848862456,258.838865590484,5.91079416221328,0,10428.080396903,0,0,0,1.225
1321.62055921541,34.7747655379647,3,5,71.9202206418722,258.91279431074,5.90300757450314,0,10425.1073058386,0,0,0,1.225
1321.87055921541,34.7782411162706,3,5,71.940723499788,258.986604599237,5.89523441493293,0,10422.1406686308,0,0,0,1.225
1322.12055921541,34.7817157049827,3,5,71.9611935347023,259.060296724928,5.88747464879998,0,10419.1804649101,0,0,0,1.225
1322.37055921541,34.7851893062468,3,5,71.9816308210745,259.133870955868,5.87972824152894,0,10416.2266743899,0,0,0,1.225
1322.62055921541,34.7886619222017,3,5,72.0020354331148,259.207327559213,5.87199515869179,0,10413.2792768824,0,0,0,1.225
1322.87055921541,34.7921335549798,3,5,72.0224074447854,259.280666801228,5.86427536598421,0,10410.3382522797,0,0,0,1.225
1323.12055921541,34.7956042067065,3,5,72.042746929802,259.353888947287,5.85656882924559,0,10407.4035805701,0,0,0,1.225
1323.37055921541,34.7990738795008,3,5,72.0630539616343,259.426994261883,5.84887551443899,0,10404.475241822,0,0,0,1.225
1323.62055921541,34.8025425754747,3,5,72.0833286135077,259.499983008628,5.84119538765299,0,10401.5532161856,0,0,0,1.225
1323.87055921541,34.806010296734,3,5,72.1035709584042,259.572855450255,5.83352841512897,0,10398.6374839146,0,0,0,1.225
1324.12055921541,34.8094770453775,3,5,72.1237810690636,259.645611848629,5.82587456321926,0,10395.7280253327,0,0,0,1.225
1324.37055921541,34.8129428234978,3,5,72.1439590179845,259.718252464744,5.81823379841444,0,10392.824820856,0,0,0,1.225
1324.62055921541,34.8164076331807,3,5,72.1641048774255,259.790777558732,5.81060608732696,0,10389.9278509795,0,0,0,1.225
1324.87055921541,34.8198714765057,3,5,72.1842187194062,259.863187389862,5.80299139670751,0,10387.0370962905,0,0,0,1.225
1325.12055921541,34.8233343555456,3,5,72.2043006157085,259.935482216551,5.79538969342684,0,10384.1525374539,0,0,0,1.225
1325.37055921541,34.826796272367,3,5,72.2243506378775,260.007662296359,5.78780094448302,0,10381.2741552185,0,0,0,1.225
1325.62055921541,34.8302572290298,3,5,72.2443688572228,260.079727886002,5.78022511701056,0,10378.4019304237,0,0,0,1.225
1325.87055921541,34.8337172275879,3,5,72.264355344819,260.151679241348,5.77266217825127,0,10375.535843977,0,0,0,1.225
1326.12055921541,34.8371762700884,3,5,72.2843101715077,260.223516617428,5.76511209558703,0,10372.6758768799,0,0,0,1.225
1326.37055921541,34.8406343585724,3,5,72.3042334078978,260.295240268432,5.7575748365216,0,10369.8220102132,0,0,0,1.225
1326.62055921541,34.8440914950745,3,5,72.3241251243667,260.36685044772,5.75005036867697,0,10366.9742251346,0,0,0,1.225
1326.87055921541,34.847547681623,3,5,72.3439853910619,260.438347407823,5.74253865979881,0,10364.1325028831,0,0,0,1.225
1327.12055921541,34.8510029202402,3,5,72.3638142779011,260.509731400444,5.73503967776014,0,10361.2968247815,0,0,0,1.225
1327.37055921541,34.8544572129418,3,5,72.3836118545741,260.581002676467,5.72755339055584,0,10358.4671722325,0,0,0,1.225
1327.62055921541,34.8579105617376,3,5,72.4033781905434,260.652161485956,5.72007976629357,0,10355.6435267115,0,0,0,1.225
1327.87055921541,34.861362968631,3,5,72.4231133550452,260.723208078163,5.71261877320831,0,10352.8258697782,0,0,0,1.225
1328.12055921541,34.8648144356195,3,5,72.4428174170908,260.794142701527,5.70517037965692,0,10350.0141830724,0,0,0,1.225
1328.37055921541,34.8682649646943,3,5,72.462490445467,260.864965603681,5.69773455410541,0,10347.2084483036,0,0,0,1.225
1328.62055921541,34.8717145578405,3,5,72.4821325087377,260.935677031456,5.69031126515256,0,10344.4086472702,0,0,0,1.225
1328.87055921541,34.8751632170371,3,5,72.5017436752446,261.006277230881,5.68290048150266,0,10341.614761838,0,0,0,1.225
1329.12055921541,34.8786109442572,3,5,72.5213240131083,261.07676644719,5.67550217198186,0,10338.8267739527,0,0,0,1.225
1329.37055921541,34.8820577414678,3,5,72.5408735902292,261.147144924825,5.66811630553275,0,10336.0446656363,0,0,0,1.225
1329.62055921541,34.8855036106299,3,5,72.5603924742887,261.217412907439,5.66074285122158,0,10333.2684189924,0,0,0,1.225
1329.87055921541,34.8889485536985,3,5,72.5798807327497,261.287570637899,5.65338177821468,0,10330.4980161879,0,0,0,1.225
1330.12055921541,34.8923925726227,3,5,72.5993384328581,261.357618358289,5.64603305580749,0,10327.7334394758,0,0,0,1.225
1330.37055921541,34.8958356693457,3,5,72.6187656416437,261.427556309917,5.63869665340644,0,10324.974671181,0,0,0,1.225
1330.62055921541,34.8992778458047,3,5,72.6381624259208,261.497384733315,5.63137254052162,0,10322.2216936947,0,0,0,1.225
1330.87055921541,34.9027191039312,3,5,72.6575288522895,261.567103868242,5.62406068679047,0,10319.4744894931,0,0,0,1.225
1331.12055921541,34.9061594456507,3,5,72.6768649871365,261.636713953692,5.61676106195773,0,10316.7330411214,0,0,0,1.225
1331.37055921541,34.9095988728829,3,5,72.6961708966362,261.70621522789,5.60947363587729,0,10313.9973311956,0,0,0,1.225
1331.62055921541,34.9130373875418,3,5,72.7154466467513,261.775607928305,5.60219837851218,0,10311.2673424025,0,0,0,1.225
1331.87055921541,34.9164749915355,3,5,72.7346923032341,261.844892291643,5.59493525995458,0,10308.5430575155,0,0,0,1.225
1332.12055921541,34.9199116867665,3,5,72.7539079316275,261.914068553859,5.5876842503767,0,10305.8244593558,0,0,0,1.225
1332.37055921541,34.9233474751314,3,5,72.7730935972654,261.983136950155,5.58044532009444,0,10303.1115308428,0,0,0,1.225
1332.62055921541,34.9267823585213,3,5,72.7922493652741,262.052097714987,5.57321843950012,0,10300.4042549411,0,0,0,1.225
1332.87055921541,34.9302163388214,3,5,72.811375300573,262.120951082063,5.56600357912066,0,10297.7026147064,0,0,0,1.225
1333.12055921541,34.9336494179115,3,5,72.8304714678758,262.189697284353,5.55880070957755,0,10295.006593254,0,0,0,1.225
1333.37055921541,34.9370815976655,3,5,72.8495379316909,262.258336554087,5.55160980159962,0,10292.3161737688,0,0,0,1.225
1333.62055921541,34.9405128799519,3,5,72.8685747563226,262.326869122761,5.54443082603393,0,10289.6313395142,0,0,0,1.225
1333.87055921541,34.9439432666334,3,5,72.8875820058722,262.39529522114,5.53726375382575,0,10286.9520738163,0,0,0,1.225
1334.12055921541,34.9473727595675,3,5,72.9065597442384,262.463615079258,5.53010855602406,0,10284.2783600678,0,0,0,1.225
1334.37055921541,34.9508013606058,3,5,72.9255080351187,262.531828926427,5.52296520378331,0,10281.6101817303,0,0,0,1.225
1334.62055921541,34.9542290715946,3,5,72.9444269420097,262.599936991235,5.51583366837076,0,10278.9475223394,0,0,0,1.225
1334.87055921541,34.9576558943746,3,5,72.9633165282087,262.667939501551,5.5087139211555,0,10276.2903654965,0,0,0,1.225
1335.12055921541,34.961081830781,3,5,72.9821768568139,262.73583668453,5.50160593360306,0,10273.6386948645,0,0,0,1.225
1335.37055921541,34.9645068826437,3,5,73.0010079907256,262.803628766612,5.4945096772899,0,10270.9924941793,0,0,0,1.225
1335.62055921541,34.9679310517871,3,5,73.0198099926471,262.87131597353,5.48742512389617,0,10268.3517472439,0,0,0,1.225
1335.87055921541,34.9713543400302,3,5,73.0385829250853,262.938898530307,5.48035224519663,0,10265.7164379216,0,0,0,1.225
1336.12055921541,34.9747767491866,3,5,73.0573268503517,263.006376661266,5.4732910130715,0,10263.0865501445,0,0,0,1.225
1336.37055921541,34.9781982810645,3,5,73.0760418305635,263.073750590029,5.46624139951018,0,10260.4620679167,0,0,0,1.225
1336.62055921541,34.9816189374668,3,5,73.094727927644,263.141020539518,5.45920337658936,0,10257.8429752965,0,0,0,1.225
1336.87055921541,34.9850387201913,3,5,73.1133852033235,263.208186731965,5.4521769164985,0,10255.229256417,0,0,0,1.225
1337.12055921541,34.9884576310301,3,5,73.1320137191406,263.275249388906,5.44516199151803,0,10252.6208954692,0,0,0,1.225
1337.37055921541,34.9918756717703,3,5,73.1506135364425,263.342208731193,5.43815857403024,0,10250.0178767098,0,0,0,1.225
1337.62055921541,34.9952928441937,3,5,73.1691847163859,263.409064978989,5.43116663651927,0,10247.4201844622,0,0,0,1.225
1337.87055921541,34.9987091500769,3,5,73.1877273199381,263.475818351777,5.42418615156021,0,10244.8278031072,0,0,0,1.225
1338.12055921541,35.0021245911912,3,5,73.2062414078777,263.54246906836,5.4172170918373,0,10242.2407170978,0,0,0,1.225
1338.37055921541,35.0055391693027,3,5,73.2247270407951,263.609017346863,5.41025943012573,0,10239.6589109449,0,0,0,1.225
1338.62055921541,35.0089528861726,3,5,73.2431842790939,263.675463404738,5.40331313929528,0,10237.08236922,0,0,0,1.225
1338.87055921541,35.0123657435565,3,5,73.2616131829911,263.741807458768,5.39637819231575,0,10234.5110765597,0,0,0,1.225
1339.12055921541,35.0157777432054,3,5,73.2800138125182,263.808049725065,5.38945456225338,0,10231.9450176628,0,0,0,1.225
1339.37055921541,35.0191888868647,3,5,73.298386227522,263.874190419079,5.38254222226169,0,10229.3841772831,0,0,0,1.225
1339.62055921541,35.0225991762751,3,5,73.3167304876653,263.940229755595,5.37564114560519,0,10226.8285402487,0,0,0,1.225
1339.87055921541,35.026008613172,3,5,73.3350466524278,264.00616794874,5.36875130562657,0,10224.2780914352,0,0,0,1.225
1340.12055921541,35.0294171992858,3,5,73.3533347811067,264.072005211984,5.36187267577952,0,10221.7328157924,0,0,0,1.225
1340.37055921541,35.0328249363421,3,5,73.3715949328175,264.137741758143,5.35500522959046,0,10219.1926983138,0,0,0,1.225
1340.62055921541,35.0362318260612,3,5,73.3898271664951,264.203377799382,5.34814894070041,0,10216.65772407,0,0,0,1.225
1340.87055921541,35.0396378701585,3,5,73.4080315408941,264.268913547219,5.34130378282316,0,10214.1278781751,0,0,0,1.225
1341.12055921541,35.0430430703445,3,5,73.4262081145898,264.334349212523,5.33446972977981,0,10211.6031458148,0,0,0,1.225
1341.37055921541,35.0464474283248,3,5,73.444356945979,264.399685005524,5.32764675548242,0,10209.0835122332,0,0,0,1.225
1341.62055921541,35.0498509457999,3,5,73.4624780932806,264.46492113581,5.32083483392489,0,10206.5689627252,0,0,0,1.225
1341.87055921541,35.0532536244656,3,5,73.4805716145364,264.530057812331,5.31403393919936,0,10204.0594826504,0,0,0,1.225
1342.12055921541,35.0566554660127,3,5,73.498637567612,264.595095243403,5.30724404548528,0,10201.5550574237,0,0,0,1.225
1342.37055921541,35.0600564721272,3,5,73.5166760101973,264.66003363671,5.30046512705485,0,10199.05567252,0,0,0,1.225
1342.62055921541,35.0634566444901,3,5,73.5346869998074,264.724873199307,5.29369715826761,0,10196.5613134701,0,0,0,1.225
1342.87055921541,35.0668559847778,3,5,73.5526705937834,264.78961413762,5.2869401135722,0,10194.0719658618,0,0,0,1.225
1343.12055921541,35.0702544946618,3,5,73.5706268492928,264.854256657454,5.28019396751188,0,10191.5876153447,0,0,0,1.225
1343.37055921541,35.0736521758087,3,5,73.5885558233305,264.91880096399,5.27345869471174,0,10189.1082476196,0,0,0,1.225
1343.62055921541,35.0770490298805,3,5,73.6064575727197,264.983247261791,5.266734269886,0,10186.6338484448,0,0,0,1.225
1343.87055921541,35.0804450585343,3,5,73.624332154112,265.047595754803,5.26002066783985,0,10184.1644036376,0,0,0,1.225
1344.12055921541,35.0838402634227,3,5,73.6421796239888,265.11184664636,5.25331786345851,0,10181.6998990653,0,0,0,1.225
1344.37055921541,35.0872346461933,3,5,73.6600000386616,265.176000139182,5.24662583171812,0,10179.2403206539,0,0,0,1.225
1344.62055921541,35.0906282084893,3,5,73.6777934542728,265.240056435382,5.23994454768763,0,10176.7856543904,0,0,0,1.225
1344.87055921541,35.0940209519489,3,5,73.6955599267963,265.304015736467,5.23327398651054,0,10174.3358863072,0,0,0,1.225
1345.12055921541,35.0974128782059,3,5,73.7132995120386,265.367878243339,5.22661412342313,0,10171.8910024976,0,0,0,1.225
1345.37055921541,35.1008039888893,3,5,73.731012265639,265.4316441563,5.21996493374536,0,10169.450989108,0,0,0,1.225
1345.62055921541,35.1041942856237,3,5,73.7486982430705,265.495313675054,5.21332639287903,0,10167.0158323368,0,0,0,1.225
1345.87055921541,35.1075837700289,3,5,73.7663574996404,265.558886998706,5.20669847631325,0,10164.5855184387,0,0,0,1.225
1346.12055921541,35.11097244372,3,5,73.7839900904915,265.622364325769,5.20008115961355,0,10162.1600337161,0,0,0,1.225
1346.37055921541,35.114360308308,3,5,73.8015960706017,265.685745854166,5.19347441844729,0,10159.7393645393,0,0,0,1.225
1346.62055921541,35.1177473653988,3,5,73.819175494786,265.749031781229,5.18687822854918,0,10157.3234973192,0,0,0,1.225
1346.87055921541,35.1211336165941,3,5,73.8367284176959,265.812222303705,5.18029256573936,0,10154.9124185215,0,0,0,1.225
1347.12055921541,35.1245190634911,3,5,73.8542548938211,265.875317617756,5.17371740591807,0,10152.5061146629,0,0,0,1.225
1347.37055921541,35.1279037076822,3,5,73.8717549774895,265.938317918962,5.16715272507463,0,10150.104572318,0,0,0,1.225
1347.62055921541,35.1312875507558,3,5,73.8892287228682,266.001223402325,5.16059849927478,0,10147.7077781093,0,0,0,1.225
1347.87055921541,35.1346705942954,3,5,73.906676183964,266.06403426227,5.15405470466976,0,10145.3157187147,0,0,0,1.225
1348.12055921541,35.1380528398803,3,5,73.9240974146242,266.126750692647,5.14752131748355,0,10142.9283808568,0,0,0,1.225
1348.37055921541,35.1414342890853,3,5,73.9414924685371,266.189372886734,5.14099831402928,0,10140.5457513168,0,0,0,1.225
1348.62055921541,35.1448149434807,3,5,73.9588613992327,266.251901037238,5.13448567069463,0,10138.1678169224,0,0,0,1.225
1348.87055921541,35.1481948046327,3,5,73.9762042600833,266.3143353363,5.12798336395281,0,10135.7945645566,0,0,0,1.225
1349.12055921541,35.1515738741027,3,5,73.9935211043045,266.376675975496,5.12149137034612,0,10133.4259811449,0,0,0,1.225
1349.37055921541,35.1549521534481,3,5,74.010811984955,266.438923145838,5.11500966650601,0,10131.0620536711,0,0,0,1.225
1349.62055921541,35.1583296442218,3,5,74.0280769549383,266.501077037778,5.1085382291385,0,10128.7027691658,0,0,0,1.225
1349.87055921541,35.1617063479724,3,5,74.0453160670026,266.563137841209,5.10207703502238,0,10126.3481147051,0,0,0,1.225
1350.12055921541,35.1650822662442,3,5,74.0625293737415,266.62510574547,5.09562606102918,0,10123.9980774264,0,0,0,1.225
1350.37055921541,35.1684574005772,3,5,74.079716927595,266.686980939342,5.08918528409049,0,10121.6526445024,0,0,0,1.225
1350.62055921541,35.1718317525071,3,5,74.0968787808497,266.748763611059,5.0827546812252,0,10119.3118031631,0,0,0,1.225
1350.87055921541,35.1752053235654,3,5,74.1140149856397,266.810453948303,5.07633422952495,0,10116.975540684,0,0,0,1.225
1351.12055921541,35.1785781152793,3,5,74.131125593947,266.872052138209,5.06992390616506,0,10114.6438443947,0,0,0,1.225
1351.37055921541,35.1819501291718,3,5,74.1482106576024,266.933558367369,5.06352368838452,0,10112.3167016635,0,0,0,1.225
1351.62055921541,35.1853213667616,3,5,74.1652702282858,266.994972821829,5.05713355350781,0,10109.9940999145,0,0,0,1.225
1351.87055921541,35.1886918295634,3,5,74.182304357527,267.056295687097,5.05075347893398,0,10107.6760266187,0,0,0,1.225
1352.12055921541,35.1920615190876,3,5,74.1993130967062,267.117527148142,5.0443834421294,0,10105.3624692889,0,0,0,1.225
1352.37055921541,35.1954304368404,3,5,74.2162964970546,267.178667389397,5.03802342064591,0,10103.0534154937,0,0,0,1.225
1352.62055921541,35.1987985843239,3,5,74.2332546096553,267.239716594759,5.03167339210086,0,10100.7488528416,0,0,0,1.225
1352.87055921541,35.2021659630362,3,5,74.2501874854433,267.300674947596,5.02533333418978,0,10098.4487689917,0,0,0,1.225
1353.12055921541,35.2055325744709,3,5,74.2670951752066,267.361542630744,5.019003224681,0,10096.1531516487,0,0,0,1.225
1353.37055921541,35.2088984201179,3,5,74.2839777295867,267.422319826512,5.01268304142104,0,10093.8619885679,0,0,0,1.225
1353.62055921541,35.2122635014629,3,5,74.3008351990788,267.483006716684,5.00637276231828,0,10091.5752675416,0,0,0,1.225
1353.87055921541,35.2156278199875,3,5,74.3176676340329,267.543603482519,5.00007236536294,0,10089.2929764156,0,0,0,1.225
1354.12055921541,35.2189913771691,3,5,74.3344750846542,267.604110304755,4.99378182861255,0,10087.0151030775,0,0,0,1.225
1354.37055921541,35.2223541744814,3,5,74.3512576010035,267.664527363613,4.98750113020105,0,10084.7416354638,0,0,0,1.225
1354.62055921541,35.2257162133937,3,5,74.3680152329979,267.724854838793,4.98123024833149,0,10082.4725615544,0,0,0,1.225
1354.87055921541,35.2290774953716,3,5,74.3847480304116,267.785092909482,4.9749691612742,0,10080.2078693708,0,0,0,1.225
1355.12055921541,35.2324380218765,3,5,74.4014560428758,267.845241754353,4.96871784738687,0,10077.9475469927,0,0,0,1.225
1355.37055921541,35.2357977943659,3,5,74.4181393198802,267.905301551569,4.96247628507444,0,10075.6915825255,0,0,0,1.225
1355.62055921541,35.2391568142933,3,5,74.4347979107727,267.965272478782,4.9562444528292,0,10073.4399641327,0,0,0,1.225
1355.87055921541,35.2425150831085,3,5,74.4514318647605,268.025154713138,4.95002232920524,0,10071.1926800154,0,0,0,1.225
1356.12055921541,35.2458726022569,3,5,74.4680412309105,268.084948431278,4.94380989282945,0,10068.9497184209,0,0,0,1.225
1356.37055921541,35.2492293731803,3,5,74.4846260581497,268.144653809339,4.93760712239964,0,10066.7110676419,0,0,0,1.225
1356.62055921541,35.2525853973167,3,5,74.501186395266,268.204271022958,4.93141399667911,0,10064.4767160114,0,0,0,1.225
1356.87055921541,35.2559406760998,3,5,74.5177222909085,268.263800247271,4.92523049450392,0,10062.2466519092,0,0,0,1.225
1357.12055921541,35.2592952109597,3,5,74.5342337935883,268.323241656918,4.91905659477743,0,10060.0208637569,0,0,0,1.225
1357.37055921541,35.2626490033228,3,5,74.5507209516789,268.382595426044,4.91289227646485,0,10057.7993400145,0,0,0,1.225
1357.62055921541,35.2660020546112,3,5,74.5671838134166,268.4418617283,4.90673751861323,0,10055.5820691955,0,0,0,1.225
1357.87055921541,35.2693543662435,3,5,74.5836224269015,268.501040736845,4.90059230032602,0,10053.3690398471,0,0,0,1.225
1358.12055921541,35.2727059396345,3,5,74.6000368400973,268.56013262435,4.89445660077217,0,10051.1602405574,0,0,0,1.225
1358.37055921541,35.276056776195,3,5,74.6164271008326,268.619137562997,4.88833039919336,0,10048.9556599612,0,0,0,1.225
1358.62055921541,35.2794068773322,3,5,74.6327932568009,268.678055724483,4.88221367490223,0,10046.7552867387,0,0,0,1.225
1358.87055921541,35.2827562444493,3,5,74.6491353555614,268.736887280021,4.87610640726962,0,10044.5591096053,0,0,0,1.225
1359.12055921541,35.2861048789459,3,5,74.6654534445394,268.795632400342,4.87000857573184,0,10042.3671173172,0,0,0,1.225
1359.37055921541,35.2894527822179,3,5,74.6817475710268,268.854291255696,4.86392015980164,0,10040.1792986808,0,0,0,1.225
1359.62055921541,35.2927999556573,3,5,74.6980177821826,268.912864015858,4.85784113904265,0,10037.9956425316,0,0,0,1.225
1359.87055921541,35.2961464006525,3,5,74.7142641250338,268.971350850122,4.85177149309493,0,10035.8161377551,0,0,0,1.225
1360.12055921541,35.2994921185881,3,5,74.7304866464751,269.02975192731,4.84571120165856,0,10033.6407732738,0,0,0,1.225
1360.37055921541,35.3028371108451,3,5,74.7466853932704,269.088067415773,4.83966024450274,0,10031.469538054,0,0,0,1.225
1360.62055921541,35.3061813788008,3,5,74.7628604120524,269.146297483389,4.83361860145851,0,10029.3024211005,0,0,0,1.225
1360.87055921541,35.3095249238288,3,5,74.7790117493237,269.204442297565,4.82758625241331,0,10027.1394114522,0,0,0,1.225
1361.12055921541,35.312867747299,3,5,74.7951394514572,269.262502025246,4.82156317733279,0,10024.9804981994,0,0,0,1.225
1361.37055921541,35.3162098505778,3,5,74.8112435646964,269.320476832907,4.81554935623535,0,10022.8256704635,0,0,0,1.225
1361.62055921541,35.3195512350279,3,5,74.8273241351559,269.378366886561,4.80954476920488,0,10020.6749174074,0,0,0,1.225
1361.87055921541,35.3228919020082,3,5,74.8433812088222,269.43617235176,4.80354939639437,0,10018.5282282384,0,0,0,1.225
1362.12055921541,35.3262318528744,3,5,74.859414831554,269.493893393594,4.79756321800778,0,10016.3855921935,0,0,0,1.225
1362.37055921541,35.3295710889783,3,5,74.8754250490825,269.551530176697,4.79158621432543,0,10014.2469985599,0,0,0,1.225
1362.62055921541,35.3329096116682,3,5,74.8914119070122,269.609082865244,4.7856183656786,0,10012.1124366548,0,0,0,1.225
1362.87055921541,35.3362474222888,3,5,74.9073754508213,269.666551622957,4.77965965246585,0,10009.9818958383,0,0,0,1.225
1363.12055921541,35.3395845221815,3,5,74.9233157258621,269.723936613103,4.77371005514215,0,10007.855365505,0,0,0,1.225
1363.37055921541,35.3429209126837,3,5,74.9392327773614,269.781237998501,4.76776955423702,0,10005.7328350983,0,0,0,1.225
1363.62055921541,35.3462565951297,3,5,74.9551266504213,269.838455941517,4.76183813032185,0,10003.6142940842,0,0,0,1.225
1363.87055921541,35.3495915708502,3,5,74.9709973900193,269.89559060407,4.75591576404804,0,10001.4997319823,0,0,0,1.225
1364.12055921541,35.3529258411721,3,5,74.9868450410092,269.952642147633,4.75000243610702,0,9999.38913833338,0,0,0,1.225
1364.37055921541,35.3562594074193,3,5,75.002669648121,270.009610733236,4.74409812727754,0,9997.28250273758,0,0,0,1.225
1364.62055921541,35.3595922709118,3,5,75.0184712559619,270.066496521463,4.73820281836925,0,9995.17981480909,0,0,0,1.225
1364.87055921541,35.3629244329665,3,5,75.0342499090165,270.123299672459,4.73231649027002,0,9993.08106421415,0,0,0,1.225
1365.12055921541,35.3662558948965,3,5,75.0500056516473,270.18002034593,4.7264391239205,0,9990.9862406507,0,0,0,1.225
1365.37055921541,35.3695866580117,3,5,75.0657385280952,270.236658701143,4.72057070032497,0,9988.89533385708,0,0,0,1.225
1365.62055921541,35.3729167236185,3,5,75.0814485824799,270.293214896928,4.71471120054775,0,9986.80833360923,0,0,0,1.225
1365.87055921541,35.3762460930199,3,5,75.0971358588004,270.349689091682,4.70886060569865,0,9984.72522970905,0,0,0,1.225
1366.12055921541,35.3795747675155,3,5,75.1128004009356,270.406081443368,4.70301889696384,0,9982.64601200912,0,0,0,1.225
1366.37055921541,35.3829027484016,3,5,75.1284422526444,270.46239210952,4.69718605557682,0,9980.57067038955,0,0,0,1.225
1366.62055921541,35.3862300369709,3,5,75.1440614575665,270.518621247239,4.6913620628311,0,9978.49919476812,0,0,0,1.225
1366.87055921541,35.389556634513,3,5,75.1596580592226,270.574769013201,4.68554690008023,0,9976.43157510031,0,0,0,1.225
1367.12055921541,35.392882542314,3,5,75.1752321010149,270.630835563654,4.67974054873594,0,9974.36780137796,0,0,0,1.225
1367.37055921541,35.3962077616566,3,5,75.1907836262278,270.68682105442,4.67394299025909,0,9972.30786362193,0,0,0,1.225
1367.62055921541,35.3995322938204,3,5,75.206312678028,270.742725640901,4.66815420617968,0,9970.25175189816,0,0,0,1.225
1367.87055921541,35.4028561400815,3,5,75.2218192994651,270.798549478075,4.66237417807315,0,9968.19945629885,0,0,0,1.225
1368.12055921541,35.4061793017127,3,5,75.237303533472,270.854292720499,4.65660288757681,0,9966.15096695549,0,0,0,1.225
1368.37055921541,35.4095017799837,3,5,75.2527654228653,270.909955522315,4.65084031639344,0,9964.10627404189,0,0,0,1.225
1368.62055921541,35.4128235761606,3,5,75.2682050103459,270.965538037245,4.64508644626221,0,9962.06536775087,0,0,0,1.225
1368.87055921541,35.4161446915064,3,5,75.2836223384992,271.021040418597,4.63934125899686,0,9960.02823832485,0,0,0,1.225
1369.12055921541,35.4194651272811,3,5,75.2990174497957,271.076462819264,4.63360473645116,0,9957.99487602829,0,0,0,1.225
1369.37055921541,35.4227848847409,3,5,75.3143903865913,271.131805391729,4.62787686054071,0,9955.9652711651,0,0,0,1.225
1369.62055921541,35.4261039651393,3,5,75.329741191128,271.187068288061,4.62215761324842,0,9953.9394140831,0,0,0,1.225
1369.87055921541,35.4294223697262,3,5,75.3450699055339,271.242251659922,4.61644697659176,0,9951.91729514785,0,0,0,1.225
1370.12055921541,35.4327400997486,3,5,75.3603765718238,271.297355658566,4.61074493265005,0,9949.89890476446,0,0,0,1.225
1370.37055921541,35.43605715645,3,5,75.3756612319,271.35238043484,4.60505146356809,0,9947.8842333806,0,0,0,1.225
1370.62055921541,35.4393735410709,3,5,75.390923927552,271.407326139187,4.59936655152705,0,9945.87327146319,0,0,0,1.225
1370.87055921541,35.4426892548485,3,5,75.4061647004573,271.462192921646,4.59369017876998,0,9943.86600951881,0,0,0,1.225
1371.12055921541,35.4460042990171,3,5,75.4213835921822,271.516980931856,4.58802232760354,0,9941.86243809523,0,0,0,1.225
1371.37055921541,35.4493186748076,3,5,75.4365806441814,271.571690319053,4.58236298037082,0,9939.86254775957,0,0,0,1.225
1371.62055921541,35.4526323834476,3,5,75.451755897799,271.626321232076,4.57671211948036,0,9937.8663291216,0,0,0,1.225
1371.87055921541,35.4559454261621,3,5,75.4669093942687,271.680873819367,4.57106972738984,0,9935.87377282072,0,0,0,1.225
1372.12055921541,35.4592578041724,3,5,75.4820411747143,271.735348228972,4.56543578660603,0,9933.88486952597,0,0,0,1.225
1372.37055921541,35.4625695186971,3,5,75.4971512801499,271.78974460854,4.55981027969392,0,9931.89960994331,0,0,0,1.225
1372.62055921541,35.4658805709514,3,5,75.5122397514806,271.84406310533,4.55419318926761,0,9929.91798480839,0,0,0,1.225
1372.87055921541,35.4691909621477,3,5,75.5273066295025,271.898303866209,4.54858449799758,0,9927.93998489242,0,0,0,1.225
1373.12055921541,35.4725006934951,3,5,75.5423519549037,271.952467037653,4.54298418860162,0,9925.9656009949,0,0,0,1.225
1373.37055921541,35.4758097661998,3,5,75.5573757682641,272.006552765751,4.53739224385026,0,9923.994823948,0,0,0,1.225
1373.62055921541,35.4791181814648,3,5,75.572378110056,272.060561196201,4.53180864657224,0,9922.02764462101,0,0,0,1.225
1373.87055921541,35.48242594049,3,5,75.5873590206446,272.11449247432,4.52623337963632,0,9920.06405390575,0,0,0,1.225
1374.12055921541,35.4857330444726,3,5,75.6023185402883,272.168346745038,4.52066642596765,0,9918.10404272973,0,0,0,1.225
1374.37055921541,35.4890394946063,3,5,75.6172567091391,272.222124152901,4.51510776854411,0,9916.14760205326,0,0,0,1.225
1374.62055921541,35.4923452920822,3,5,75.6321735672431,272.275824842075,4.50955739039273,0,9914.19472286659,0,0,0,1.225
1374.87055921541,35.4956504380881,3,5,75.6470691545405,272.329448956346,4.50401527458962,0,9912.24539618988,0,0,0,1.225
1375.12055921541,35.4989549338091,3,5,75.6619435108664,272.382996639119,4.49848140426366,0,9910.29961307623,0,0,0,1.225
1375.37055921541,35.502258780427,3,5,75.6767966759512,272.436468033424,4.49295576259829,0,9908.35736461304,0,0,0,1.225
1375.62055921541,35.5055619791208,3,5,75.6916286894205,272.489863281914,4.48743833281151,0,9906.41864190617,0,0,0,1.225
1375.87055921541,35.5088645310665,3,5,75.7064395907961,272.543182526866,4.48192909819045,0,9904.48343610749,0,0,0,1.225
1376.12055921541,35.5121664374372,3,5,75.7212294194958,272.596425910185,4.4764280420568,0,9902.55173838735,0,0,0,1.225
1376.37055921541,35.515467699403,3,5,75.7359982148343,272.649593573403,4.47093514778499,0,9900.6235399491,0,0,0,1.225
1376.62055921541,35.5187683181311,3,5,75.750746016023,272.702685657683,4.46545039880584,0,9898.69883203207,0,0,0,1.225
1376.87055921541,35.5220682947856,3,5,75.7654728621711,272.755702303816,4.45997377858839,0,9896.777605897,0,0,0,1.225
1377.12055921541,35.5253676305281,3,5,75.7801787922851,272.808643652226,4.45450527066168,0,9894.85985284358,0,0,0,1.225
1377.37055921541,35.5286663265169,3,5,75.7948638452699,272.861509842972,4.44904485859479,0,9892.94556419444,0,0,0,1.225
1377.62055921541,35.5319643839075,3,5,75.8095280599289,272.914301015744,4.44359252600407,0,9891.034731301,0,0,0,1.225
1377.87055921541,35.5352618038526,3,5,75.8241714749643,272.967017309872,4.43814825656227,0,9889.12734555075,0,0,0,1.225
1378.12055921541,35.5385585875021,3,5,75.8387941289775,273.019658864319,4.43271203398035,0,9887.2233983528,0,0,0,1.225
1378.37055921541,35.5418547360027,3,5,75.8533960604694,273.07222581769,4.42728384202564,0,9885.32288115236,0,0,0,1.225
1378.62055921541,35.5451502504987,3,5,75.8679773078409,273.124718308227,4.42186366450915,0,9883.42578542065,0,0,0,1.225
1378.87055921541,35.5484451321312,3,5,75.8825379093933,273.177136473816,4.41645148528551,0,9881.5321026549,0,0,0,1.225
1379.12055921541,35.5517393820386,3,5,75.8970779033284,273.229480451982,4.41104728826576,0,9879.64182438856,0,0,0,1.225
1379.37055921541,35.5550330013565,3,5,75.911597327749,273.281750379897,4.40565105739188,0,9877.75494217098,0,0,0,1.225
1379.62055921541,35.5583259912177,3,5,75.9260962206594,273.333946394374,4.40026277667675,0,9875.87144759939,0,0,0,1.225
1379.87055921541,35.561618352752,3,5,75.9405746199655,273.386068631876,4.39488243015694,0,9873.99133228117,0,0,0,1.225
1380.12055921541,35.5649100870866,3,5,75.9550325634751,273.43811722851,4.38951000192901,0,9872.11458786293,0,0,0,1.225
1380.37055921541,35.5682011953459,3,5,75.9694700888987,273.490092320035,4.38414547612774,0,9870.24120601305,0,0,0,1.225
1380.62055921541,35.5714916786515,3,5,75.9838872338494,273.541994041858,4.37878883693884,0,9868.37117843196,0,0,0,1.225
1380.87055921541,35.5747815381222,3,5,75.9982840358434,273.593822529036,4.37344006858802,0,9866.5044968434,0,0,0,1.225
1381.12055921541,35.5780707748741,3,5,76.0126605323002,273.645577916281,4.36809915536105,0,9864.64115301042,0,0,0,1.225
1381.37055921541,35.581359836829,3,5,75.9857102497274,273.548556899019,-20.7536953281178,0,0,10237.3107137178,0,0,1.225
1381.62055921541,35.5846517011855,3,5,75.890420140393,273.205512505415,-37.1354769525024,0,0,23358.6917163353,0,0,1.225
1381.87055921541,35.5879485824602,3,5,75.7681290531305,272.76526459127,-37.0504785416142,0,0,23311.1404916078,0,0,1.225
1382.12055921541,35.5912507874501,3,5,75.6459208765246,272.325315155488,-36.9656612760791,0,0,23263.687377717,0,0,1.225
1382.37055921541,35.5945583297525,3,5,75.5237954140177,271.885663490464,-36.8810248000154,0,0,23216.3321897158,0,0,1.225
1382.62055921541,35.5978712230217,3,5,75.401752468685,271.446308887266,-36.7965687581745,0,0,23169.0747429675,0,0,1.225
1382.87055921541,35.6011894809694,3,5,75.2797918432318,271.007250635635,-36.7122927959426,0,0,23121.9148531479,0,0,1.225
1383.12055921541,35.6045131173652,3,5,75.1579133399903,270.568488023965,-36.6281965593553,0,0,23074.8523362565,0,0,1.225
1383.37055921541,35.6078421460368,3,5,75.0361167609164,270.130020339299,-36.5442796950829,0,0,23027.8870086062,0,0,1.225
1383.62055921541,35.6111765808703,3,5,74.9144019075872,269.691846867314,-36.4605418504325,0,0,22981.0186868244,0,0,1.225
1383.87055921541,35.614516435811,3,5,74.7927685811975,269.253966892311,-36.376982673346,0,0,22934.2471878521,0,0,1.225
1384.12055921541,35.6178617248633,3,5,74.6712165825569,268.816379697205,-36.2936018124074,0,0,22887.5723289501,0,0,1.225
1384.37055921541,35.6212124620912,3,5,74.5497457120868,268.379084563513,-36.2103989168318,0,0,22840.9939276906,0,0,1.225
1384.62055921541,35.6245686616187,3,5,74.4283557698173,267.942080771342,-36.1273736364565,0,0,22794.5118019503,0,0,1.225
1384.87055921541,35.6279303376302,3,5,74.3070465553835,267.505367599381,-36.0445256217754,0,0,22748.1257699385,0,0,1.225
1385.12055921541,35.631297504371,3,5,74.1858178680232,267.068944324884,-35.9618545238918,0,0,22701.8356501593,0,0,1.225
1385.37055921541,35.6346701761473,3,5,74.0646695065731,266.632810223663,-35.8793599945475,0,0,22655.6412614355,0,0,1.225
1385.62055921541,35.638048367327,3,5,73.9436012694658,266.196964570077,-35.7970416861117,0,0,22609.5424229001,0,0,1.225
1385.87055921541,35.6414320923398,3,5,73.8226129547262,265.761406637014,-35.7148992515886,0,0,22563.5389540026,0,0,1.225
1386.12055921541,35.6448213656779,3,5,73.701704359969,265.326135695888,-35.6329323445989,0,0,22517.6306744945,0,0,1.225
1386.37055921541,35.648216201896,3,5,73.5808752823943,264.89115101662,-35.5511406193909,0,0,22471.8174044388,0,0,1.225
1386.62055921541,35.6516166156119,3,5,73.4601255187854,264.456451867628,-35.4695237308479,0,0,22426.0989642159,0,0,1.225
1386.87055921541,35.6550226215071,3,5,73.3394548655046,264.022037515816,-35.3880813344713,0,0,22380.4751745108,0,0,1.225
1387.12055921541,35.6584342343268,3,5,73.2188631184899,263.587907226564,-35.3068130863776,0,0,22334.9458563106,0,0,1.225
1387.37055921541,35.6618514688807,3,5,73.0983500732523,263.154060263708,-35.2257186433162,0,0,22289.5108309195,0,0,1.225
1387.62055921541,35.665274340043,3,5,72.9779155248713,262.720495889537,-35.1447976626532,0,0,22244.1699199459,0,0,1.225
1387.87055921541,35.6687028627533,3,5,72.8575592679922,262.287213364772,-35.0640498023731,0,0,22198.9229453044,0,0,1.225
1388.12055921541,35.6721370520166,3,5,72.7372810968222,261.85421194856,-34.9834747210843,0,0,22153.7697292201,0,0,1.225
1388.37055921541,35.6755769229039,3,5,72.6170808051271,261.421490898458,-34.9030720780011,0,0,22108.710094215,0,0,1.225
1388.62055921541,35.6790224905526,3,5,72.4969581862275,260.989049470419,-34.8228415329759,0,0,22063.7438631339,0,0,1.225
1388.87055921541,35.682473770167,3,5,72.3769130329953,260.556886918783,-34.7427827464544,0,0,22018.8708591087,0,0,1.225
1389.12055921541,35.6859307770187,3,5,72.25694513785,260.12500249626,-34.6628953795062,0,0,21974.0909055836,0,0,1.225
1389.37055921541,35.6893935264469,3,5,72.1370542927554,259.693395453919,-34.5831790938173,0,0,21929.4038263092,0,0,1.225
1389.62055921541,35.692862033859,3,5,72.0172402892152,259.262065041175,-34.5036335516797,0,0,21884.8094453346,0,0,1.225
1389.87055921541,35.696336314731,3,5,71.89750291827,258.831010505772,-34.4242584160111,0,0,21840.3075870232,0,0,1.225
1390.12055921541,35.699816384608,3,5,71.7778419704929,258.400231093775,-34.3450533503183,0,0,21795.8980760246,0,0,1.225
1390.37055921541,35.7033022591044,3,5,71.6582572359864,257.969726049551,-34.2660180187358,0,0,21751.5807373048,0,0,1.225
1390.62055921541,35.7067939539049,3,5,71.5387485043778,257.53949461576,-34.1871520860004,0,0,21707.3553961265,0,0,1.225
1390.87055921541,35.7102914847642,3,5,71.4193155648158,257.109536033337,-34.1084552174525,0,0,21663.2218780512,0,0,1.225
1391.12055921541,35.7137948675081,3,5,71.2999582059669,256.679849541481,-34.029927079042,0,0,21619.1800089432,0,0,1.225
1391.37055921541,35.7173041180338,3,5,71.1806762160106,256.250434377638,-33.9515673373298,0,0,21575.2296149721,0,0,1.225
1391.62055921541,35.7208192523102,3,5,71.0614693826361,255.82128977749,-33.873375659472,0,0,21531.3705225993,0,0,1.225
1391.87055921541,35.7243402863784,3,5,70.9423374930383,255.392414974938,-33.7953517132373,0,0,21487.6025585937,0,0,1.225
1392.12055921541,35.7278672363525,3,5,70.8232803339135,254.963809202089,-33.7174951669913,0,0,21443.9255500182,0,0,1.225
1392.37055921541,35.7314001184197,3,5,70.7042976914553,254.535471689239,-33.6398056896978,0,0,21400.339324232,0,0,1.225
1392.62055921541,35.7349389488409,3,5,70.5853893513507,254.107401664862,-33.5622829509321,0,0,21356.843708901,0,0,1.225
1392.87055921541,35.7384837439513,3,5,70.4665550987759,253.679598355593,-33.4849266208548,0,0,21313.4385319774,0,0,1.225
1393.12055921541,35.7420345201609,3,5,70.3477947183922,253.252060986212,-33.4077363702436,0,0,21270.1236217254,0,0,1.225
1393.37055921541,35.7455912939549,3,5,70.2291079943414,252.824788779629,-33.3307118704561,0,0,21226.8988066917,0,0,1.225
1393.62055921541,35.749154081894,3,5,70.1104947102422,252.397780956872,-33.2538527934503,0,0,21183.7639157225,0,0,1.225
1393.87055921541,35.7527229006156,3,5,69.9919546491851,251.971036737066,-33.1771588117917,0,0,21140.7187779694,0,0,1.225
1394.12055921541,35.7562977668333,3,5,69.8734875937289,251.544555337424,-33.1006295986226,0,0,21097.7632228647,0,0,1.225
1394.37055921541,35.7598786973385,3,5,69.7550933258956,251.118335973224,-33.0242648276962,0,0,21054.8970801499,0,0,1.225
1394.62055921541,35.763465709,3,5,69.6367716271665,250.692377857799,-32.9480641733444,0,0,21012.1201798493,0,0,1.225
1394.87055921541,35.7670588187652,3,5,69.5185222784775,250.266680202519,-32.8720273104955,0,0,20969.4323522854,0,0,1.225
1395.12055921541,35.7706580436603,3,5,69.4003450602148,249.841242216773,-32.7961539146709,0,0,20926.8334280759,0,0,1.225
1395.37055921541,35.7742634007909,3,5,69.2822397522101,249.416063107956,-32.7204436619832,0,0,20884.3232381328,0,0,1.225
1395.62055921541,35.7778749073423,3,5,69.1642061337362,248.99114208145,-32.6448962291197,0,0,20841.9016136495,0,0,1.225
1395.87055921541,35.7814925805807,3,5,69.0462439835023,248.566478340608,-32.5695112933827,0,0,20799.5683861333,0,0,1.225
1396.12055921541,35.785116437853,3,5,68.9283530796495,248.142071086738,-32.4942885326273,0,0,20757.323387356,0,0,1.225
1396.37055921541,35.7887464965879,3,5,68.8105331997459,247.717919519085,-32.4192276253234,0,0,20715.166449404,0,0,1.225
1396.62055921541,35.7923827742962,3,5,68.6927841207821,247.294022834816,-32.344328250505,0,0,20673.0974046375,0,0,1.225
1396.87055921541,35.7960252885714,3,5,68.5751056191662,246.870380228998,-32.2695900878043,0,0,20631.116085719,0,0,1.225
1397.12055921541,35.7996740570903,3,5,68.4574974707189,246.446990894588,-32.1950128174249,0,0,20589.2223255912,0,0,1.225
1397.37055921541,35.8033290976137,3,5,68.3399594506691,246.023854022409,-32.1205961201686,0,0,20547.4159574995,0,0,1.225
1397.62055921541,35.8069904279866,3,5,68.2224913336482,245.600968801133,-32.0463396773976,0,0,20505.6968149619,0,0,1.225
1397.87055921541,35.8106580661393,3,5,68.1050928936859,245.178334417269,-31.9722431710597,0,0,20464.0647317893,0,0,1.225
1398.12055921541,35.8143320300876,3,5,67.9877639042048,244.755950055137,-31.8983062837015,0,0,20422.5195420961,0,0,1.225
1398.37055921541,35.8180123379337,3,5,67.8705041380154,244.333814896856,-31.8245286984165,0,0,20381.0610802602,0,0,1.225
1398.62055921541,35.8216990078663,3,5,67.753313367311,243.91192812232,-31.7509100988955,0,0,20339.6891809618,0,0,1.225
1398.87055921541,35.825392058162,3,5,67.6361913636624,243.490288909185,-31.6774501693999,0,0,20298.4036791643,0,0,1.225
1399.12055921541,35.829091507185,3,5,67.5191378980132,243.068896432848,-31.6041485947662,0,0,20257.2044101167,0,0,1.225
1399.37055921541,35.8327973733887,3,5,67.4021527406739,242.647749866426,-31.5310050604057,0,0,20216.0912093545,0,0,1.225
1399.62055921541,35.8365096753153,3,5,67.2852356613169,242.226848380741,-31.4580192523008,0,0,20175.0639126968,0,0,1.225
1399.87055921541,35.8402284315973,3,5,67.1683864289714,241.806191144297,-31.3851908570086,0,0,20134.1223562494,0,0,1.225
1400.12055921541,35.8439536609577,3,5,67.0516048120174,241.385777323263,-31.3125195616522,0,0,20093.2663763984,0,0,1.225
1400.37055921541,35.8476853822106,3,5,66.934890578181,240.965606081452,-31.2400050539363,0,0,20052.4958098229,0,0,1.225
1400.62055921541,35.8514236142622,3,5,66.8182434945281,240.545676580301,-31.1676470221209,0,0,20011.8104934741,0,0,1.225
1400.87055921541,35.855168376111,3,5,66.7016633274595,240.125987978854,-31.0954451550442,0,0,19971.210264594,0,0,1.225
1401.12055921541,35.8589196868489,3,5,66.585149842705,239.706539433738,-31.0233991421064,0,0,19930.6949607032,0,0,1.225
1401.37055921541,35.8626775656615,3,5,66.4687028053175,239.287330099143,-30.9515086732827,0,0,19890.2644196108,0,0,1.225
1401.62055921541,35.8664420318291,3,5,66.352321979668,238.868359126805,-30.8797734390992,0,0,19849.9184793962,0,0,1.225
1401.87055921541,35.870213104727,3,5,66.236007129439,238.44962566598,-30.8081931306569,0,0,19809.6569784282,0,0,1.225
1402.12055921541,35.8739908038267,3,5,66.1197580176192,238.031128863429,-30.7367674396191,0,0,19769.4797553552,0,0,1.225
1402.37055921541,35.877775148696,3,5,66.0035744064976,237.612867863391,-30.6654960582164,0,0,19729.3866491095,0,0,1.225
1402.62055921541,35.8815661590002,3,5,65.8874560576571,237.194841807566,-30.5943786792268,0,0,19689.3774988924,0,0,1.225
1402.87055921541,35.8853638545025,3,5,65.7714027319693,236.777049835089,-30.5234149959997,0,0,19649.4521441925,0,0,1.225
1403.12055921541,35.889168255065,3,5,65.6554141895874,236.359491082515,-30.4526047024501,0,0,19609.6104247822,0,0,1.225
1403.37055921541,35.8929793806489,3,5,65.5394901899413,235.942164683789,-30.3819474930369,0,0,19569.8521807005,0,0,1.225
1403.62055921541,35.896797251316,3,5,65.4236304917302,235.525069770229,-30.3114430627847,0,0,19530.1772522707,0,0,1.225
1403.87055921541,35.9006218872287,3,5,65.3078348529174,235.108205470503,-30.2410911072784,0,0,19490.5854800963,0,0,1.225
1404.12055921541,35.9044533086511,3,5,65.1921030307234,234.691570910604,-30.1708913226539,0,0,19451.0767050539,0,0,1.225
1404.37055921541,35.9082915359498,3,5,65.0764347816196,234.275165213831,-30.1008434056057,0,0,19411.6507682998,0,0,1.225
1404.62055921541,35.9121365895943,3,5,64.9608298613222,233.85898750076,-30.0309470533757,0,0,19372.3075112611,0,0,1.225
1404.87055921541,35.9159884901584,3,5,64.8452880247853,233.443036889227,-29.9612019637698,0,0,19333.0467756492,0,0,1.225
1405.12055921541,35.9198472583202,3,5,64.7298090261947,233.027312494301,-29.8916078351394,0,0,19293.8684034457,0,0,1.225
1405.37055921541,35.9237129148635,3,5,64.6143926189611,232.61181342826,-29.8221643663892,0,0,19254.7722369086,0,0,1.225
1405.62055921541,35.9275854806783,3,5,64.4990385557135,232.196538800568,-29.7528712569692,0,0,19215.7581185663,0,0,1.225
1405.87055921541,35.9314649767615,3,5,64.3837465882923,231.781487717852,-29.68372820689,0,0,19176.8258912302,0,0,1.225
1406.12055921541,35.935351424218,3,5,64.268516467743,231.366659283875,-29.6147349166986,0,0,19137.9753979754,0,0,1.225
1406.37055921541,35.9392448442613,3,5,64.1533479443084,230.95205259951,-29.5458910875004,0,0,19099.2064821593,0,0,1.225
1406.62055921541,35.9431452582142,3,5,64.0382407674226,230.537666762721,-29.4771964209422,0,0,19060.5189874072,0,0,1.225
1406.87055921541,35.9470526875102,3,5,63.9231946857035,230.123500868532,-29.4086506192161,0,0,19021.9127576169,0,0,1.225
1407.12055921541,35.9509671536934,3,5,63.8082094469456,229.709554009004,-29.3402533850594,0,0,18983.3876369577,0,0,1.225
1407.37055921541,35.9548886784202,3,5,63.6932847981133,229.295825273208,-29.2720044217594,0,0,18944.9434698757,0,0,1.225
1407.62055921541,35.9588172834598,3,5,63.5784204853333,228.8823137472,-29.2039034331383,0,0,18906.5801010813,0,0,1.225
1407.87055921541,35.9627529906948,3,5,63.4636162538874,228.469018513994,-29.1359501235647,0,0,18868.297375559,0,0,1.225
1408.12055921541,35.9666958221226,3,5,63.348871848205,228.055938653538,-29.0681441979477,0,0,18830.0951385628,0,0,1.225
1408.37055921541,35.9706457998559,3,5,63.234187011856,227.643073242682,-29.0004853617402,0,0,18791.9732356191,0,0,1.225
1408.62055921541,35.9746029461236,3,5,63.1195614875429,227.230421355154,-28.9329733209297,0,0,18753.9315125201,0,0,1.225
1408.87055921541,35.978567283272,3,5,63.0049950170934,226.817982061536,-28.8656077820442,0,0,18715.9698153282,0,0,1.225
1409.12055921541,35.9825388337654,3,5,62.8904873414526,226.40575442923,-28.7983884521491,0,0,18678.0879903742,0,0,1.225
1409.37055921541,35.9865176201868,3,5,62.7760382006755,225.993737522432,-28.7313150388482,0,0,18640.2858842582,0,0,1.225
1409.62055921541,35.9905036652395,3,5,62.6616473339186,225.581930402107,-28.66438725028,0,0,18602.5633438471,0,0,1.225
1409.87055921541,35.9944969917474,3,5,62.5473144794326,225.170332125957,-28.597604795119,0,0,18564.9202162758,0,0,1.225
1410.12055921541,35.9984976226563,3,5,62.433039374554,224.758941748394,-28.5309673825714,0,0,18527.3563489442,0,0,1.225
1410.37055921541,36.0025055810346,3,5,62.3188217556973,224.34775832051,-28.4644747223811,0,0,18489.8715895221,0,0,1.225
1410.62055921541,36.0065208900745,3,5,62.2046613583466,223.936780890048,-28.3981265248185,0,0,18452.4657859408,0,0,1.225
1410.87055921541,36.0105435730928,3,5,62.0905579170472,223.52600850137,-28.331922500689,0,0,18415.1387863998,0,0,1.225
1411.12055921541,36.0145736535318,3,5,61.9765111653979,223.115440195432,-28.2658623613306,0,0,18377.8904393657,0,0,1.225
1411.37055921541,36.0186111549604,3,5,61.8625208360418,222.705075009751,-28.1999458186065,0,0,18340.720593566,0,0,1.225
1411.62055921541,36.0226561010754,3,5,61.7485866606583,222.29491197837,-28.1341725849088,0,0,18303.6290979929,0,0,1.225
1411.87055921541,36.0267085157019,3,5,61.6347083699543,221.884950131835,-28.0685423731638,0,0,18266.6158019072,0,0,1.225
1412.12055921541,36.0307684227947,3,5,61.5208856936554,221.475188497159,-28.003054896817,0,0,18229.6805548273,0,0,1.225
1412.37055921541,36.0348358464392,3,5,61.4071183604975,221.065626097791,-27.9377098698424,0,0,18192.8232065364,0,0,1.225
1412.62055921541,36.0389108108527,3,5,61.2934060982175,220.656261953583,-27.8725070067439,0,0,18156.0436070842,0,0,1.225
1412.87055921541,36.0429933403849,3,5,61.1797486335444,220.24709508076,-27.8074460225425,0,0,18119.3416067768,0,0,1.225
1413.12055921541,36.0470834595195,3,5,61.0661456921906,219.838124491886,-27.7425266327891,0,0,18082.7170561872,0,0,1.225
1413.37055921541,36.051181192875,3,5,60.9525969988422,219.429349195832,-27.6777485535513,0,0,18046.1698061452,0,0,1.225
1413.62055921541,36.055286565206,3,5,60.83910227715,219.02076819774,-27.6131115014232,0,0,18009.6997077454,0,0,1.225
1413.87055921541,36.0593996014039,3,5,60.7256612497203,218.612380498993,-27.5486151935156,0,0,17973.3066123396,0,0,1.225
1414.12055921541,36.0635203264983,3,5,60.6122736381052,218.204185097179,-27.4842593474641,0,0,17936.9903715437,0,0,1.225
1414.37055921541,36.0676487656581,3,5,60.4989391627929,217.796180986055,-27.420043681419,0,0,17900.75083723,0,0,1.225
1414.62055921541,36.0717849441927,3,5,60.3856575431986,217.388367155515,-27.3559679140517,0,0,17864.5878615321,0,0,1.225
1414.87055921541,36.0759288875527,3,5,60.2724284976539,216.980742591554,-27.2920317645476,0,0,17828.5012968403,0,0,1.225
1415.12055921541,36.0800806213317,3,5,60.1592517433978,216.573306276232,-27.2282349526131,0,0,17792.4909958066,0,0,1.225
1415.37055921541,36.0842401712669,3,5,60.0461269965661,216.166057187638,-27.1645771984658,0,0,17756.5568113379,0,0,1.225
1415.62055921541,36.0884075632406,3,5,59.9330539721815,215.758994299853,-27.1010582228409,0,0,17720.698596601,0,0,1.225
1415.87055921541,36.0925828232814,3,5,59.8200323841434,215.352116582916,-27.0376777469855,0,0,17684.9162050184,0,0,1.225
1416.12055921541,36.0967659775651,3,5,59.7070619452176,214.945423002783,-26.9744354926606,0,0,17649.2094902701,0,0,1.225
1416.37055921541,36.1009570524163,3,5,59.5941423670259,214.538912521293,-26.9113311821402,0,0,17613.5783062935,0,0,1.225
1416.62055921541,36.1051560743093,3,5,59.4812733600354,214.132584096128,-26.8483645382103,0,0,17578.0225072825,0,0,1.225
1416.87055921541,36.1093630698695,3,5,59.3684546335482,213.726436680773,-26.7855352841616,0,0,17542.5419476821,0,0,1.225
1417.12055921541,36.1135780658747,3,5,59.25568589569,213.320469224484,-26.7228431438007,0,0,17507.1364821976,0,0,1.225
1417.37055921541,36.1178010892562,3,5,59.1429668534,212.91468067224,-26.6602878414396,0,0,17471.8059657866,0,0,1.225
1417.62055921541,36.1220321671004,3,5,59.0302972124191,212.509069964709,-26.5978691018981,0,0,17436.5502536609,0,0,1.225
1417.87055921541,36.1262713266495,3,5,58.9176766772794,212.103636038206,-26.535586650507,0,0,17401.3692012897,0,0,1.225
1418.12055921541,36.1305185953034,3,5,58.8051049512925,211.698377824653,-26.4734402130971,0,0,17366.2626643911,0,0,1.225
1418.37055921541,36.134774000621,3,5,58.6925817365385,211.293294251539,-26.411429516008,0,0,17331.2304989388,0,0,1.225
1418.62055921541,36.1390375703209,3,5,58.580106733854,210.888384241875,-26.3495542860828,0,0,17296.2725611592,0,0,1.225
1418.87055921541,36.1433093322836,3,5,58.467679642821,210.483646714156,-26.2878142506697,0,0,17261.3887075316,0,0,1.225
1419.12055921541,36.1475893145521,3,5,58.3553001617546,210.079080582316,-26.226209137616,0,0,17226.5787947851,0,0,1.225
1419.37055921541,36.151877545334,3,5,58.2429679876914,209.674684755689,-26.1647386752747,0,0,17191.842679903,0,0,1.225
1419.62055921541,36.1561740530023,3,5,58.1306828163777,209.27045813896,-26.1034025924964,0,0,17157.1802201173,0,0,1.225
1419.87055921541,36.1604788660971,3,5,58.0184443422566,208.866399632124,-26.0422006186345,0,0,17122.5912729128,0,0,1.225
1420.12055921541,36.1647920133269,3,5,57.9062522584563,208.462508130443,-25.9811324835409,0,0,17088.0756960242,0,0,1.225
1420.37055921541,36.1691135235704,3,5,57.7941062567776,208.058782524399,-25.9201979175641,0,0,17053.6333474346,0,0,1.225
1420.62055921541,36.1734434258773,3,5,57.682006027681,207.655221699651,-25.8593966515546,0,0,17019.26408538,0,0,1.225
1420.87055921541,36.1777817494705,3,5,57.569951260274,207.251824536986,-25.7987284168539,0,0,16984.9677683415,0,0,1.225
1421.12055921541,36.182128523747,3,5,57.4579416422985,206.848589912275,-25.738192945304,0,0,16950.744255052,0,0,1.225
1421.37055921541,36.1864837782797,3,5,57.3459768601176,206.445516696423,-25.6777899692397,0,0,16916.5934044914,0,0,1.225
1421.62055921541,36.1908475428191,3,5,57.2340565987023,206.042603755328,-25.6175192214905,0,0,16882.5150758877,0,0,1.225
1421.87055921541,36.1952198472943,3,5,57.1221805416184,205.639849949826,-25.5573804353789,0,0,16848.5091287164,0,0,1.225
1422.12055921541,36.1996007218152,3,5,57.0103483710126,205.237254135645,-25.4973733447232,0,0,16814.5754227025,0,0,1.225
1422.37055921541,36.2039901966735,3,5,56.8985597675994,204.834815163358,-25.4374976838262,0,0,16780.7138178121,0,0,1.225
1422.62055921541,36.2083883023448,3,5,56.7868144106469,204.432531878329,-25.3777531874903,0,0,16746.9241742648,0,0,1.225
1422.87055921541,36.2127950694898,3,5,56.6751119779629,204.030403120666,-25.3181395910033,0,0,16713.2063525222,0,0,1.225
1423.12055921541,36.2172105289562,3,5,56.5634521458808,203.628427725171,-25.2586566301397,0,0,16679.5602132899,0,0,1.225
1423.37055921541,36.2216347117803,3,5,56.4518345892453,203.226604521283,-25.199304041168,0,0,16645.9856175225,0,0,1.225
1423.62055921541,36.2260676491885,3,5,56.3402589813982,202.824932333033,-25.1400815608404,0,0,16612.482426417,0,0,1.225
1423.87055921541,36.2305093725994,3,5,56.228724994163,202.423409978987,-25.0809889263983,0,0,16579.0505014163,0,0,1.225
1424.12055921541,36.2349599136248,3,5,56.1172322978309,202.022036272191,-25.0220258755671,0,0,16545.6897042062,0,0,1.225
1424.37055921541,36.2394193040724,3,5,56.0057805611455,201.620810020124,-24.9631921465589,0,0,16512.3998967169,0,0,1.225
1424.62055921541,36.2438875759466,3,5,55.8943694512875,201.219730024635,-24.9044874780684,0,0,16479.1809411211,0,0,1.225
1424.87055921541,36.2483647614508,3,5,55.7829986338597,200.818795081895,-24.8459116092745,0,0,16446.0326998344,0,0,1.225
1425.12055921541,36.2528508929892,3,5,55.6716677728709,200.418003982335,-24.7874642798379,0,0,16412.9550355146,0,0,1.225
1425.37055921541,36.2573460031683,3,5,55.5603765307209,200.017355510595,-24.729145229906,0,0,16379.9478110651,0,0,1.225
1425.62055921541,36.2618501247992,3,5,55.4491245681839,199.616848445462,-24.6709542000981,0,0,16347.0108896243,0,0,1.225
1425.87055921541,36.2663632908989,3,5,55.3379115443931,199.216481559815,-24.6128909315239,0,0,16314.1441345793,0,0,1.225
1426.12055921541,36.2708855346926,3,5,55.2267371168237,198.816253620565,-24.5549551657641,0,0,16281.347409552,0,0,1.225
1426.37055921541,36.2754168896153,3,5,55.1156009412769,198.416163388597,-24.4971466448815,0,0,16248.6205784075,0,0,1.225
1426.62055921541,36.2799573893142,3,5,55.0045026718632,198.016209618708,-24.439465111418,0,0,16215.9635052521,0,0,1.225
1426.87055921541,36.2845070676499,3,5,54.8934419609853,197.616391059547,-24.3819103083897,0,0,16183.3760544295,0,0,1.225
1427.12055921541,36.2890659586992,3,5,54.7824184593209,197.216706453555,-24.3244819792899,0,0,16150.8580905239,0,0,1.225
1427.37055921541,36.2936340967563,3,5,54.6714318158057,196.817154536901,-24.2671798680876,0,0,16118.4094783588,0,0,1.225
1427.62055921541,36.2982115163355,3,5,54.560481677616,196.417734039417,-24.2100037192276,0,0,16086.0300829971,0,0,1.225
1427.87055921541,36.3027982521728,3,5,54.4495676901502,196.018443684541,-24.152953277624,0,0,16053.7197697364,0,0,1.225
1428.12055921541,36.3073943392281,3,5,54.338689497012,195.619282189243,-24.096028288669,0,0,16021.4784041166,0,0,1.225
1428.37055921541,36.3119998126872,3,5,54.227846739991,195.220248263968,-24.0392284982245,0,0,15989.3058519129,0,0,1.225
1428.62055921541,36.3166147079641,3,5,54.1170390590454,194.821340612563,-23.9825536526232,0,0,15957.2019791372,0,0,1.225
1428.87055921541,36.3212390607031,3,5,54.0062660922825,194.422557932217,-23.9260034986683,0,0,15925.1666520381,0,0,1.225
1429.12055921541,36.3258729067808,3,5,53.8955274759404,194.023898913385,-23.8695777836338,0,0,15893.1997371014,0,0,1.225
1429.37055921541,36.3305162823084,3,5,53.7848228443687,193.625362239727,-23.8132762552623,0,0,15861.3011010487,0,0,1.225
1429.62055921541,36.3351692236339,3,5,53.6741518300091,193.226946588033,-23.7570986617629,0,0,15829.4706108357,0,0,1.225
1429.87055921541,36.3398317673444,3,5,53.5635140633759,192.828650628153,-23.7010447518151,0,0,15797.7081336558,0,0,1.225
1430.12055921541,36.3445039502684,3,5,53.4529091730364,192.430473022931,-23.6451142745636,0,0,15766.0135369363,0,0,1.225
1430.37055921541,36.3491858094779,3,5,53.3423367855902,192.032412428125,-23.5893069796148,0,0,15734.3866883354,0,0,1.225
1430.62055921541,36.3538773822909,3,5,53.2317965256497,191.634467492339,-23.5336226170484,0,0,15702.8274557524,0,0,1.225
1430.87055921541,36.3585787062738,3,5,53.1212880158186,191.236636856947,-23.4780609374011,0,0,15671.3357073142,0,0,1.225
1431.12055921541,36.3632898192437,3,5,53.010810876672,190.838919156019,-23.4226216916732,0,0,15639.9113113815,0,0,1.225
1431.37055921541,36.3680107592707,3,5,52.9003647267345,190.441313016244,-23.3673046313334,0,0,15608.5541365524,0,0,1.225
1431.62055921541,36.3727415646807,3,5,52.7899491824592,190.043817056853,-23.3121095083079,0,0,15577.2640516543,0,0,1.225
1431.87055921541,36.3774822740575,3,5,52.679563858206,189.646429889542,-23.2570360749814,0,0,15546.0409257445,0,0,1.225
1432.12055921541,36.3822329262455,3,5,52.5692083662195,189.24915011839,-23.2020840842051,0,0,15514.8846281174,0,0,1.225
1432.37055921541,36.3869935603521,3,5,52.4588823166071,188.851976339786,-23.1472532892858,0,0,15483.7950282955,0,0,1.225
1432.62055921541,36.3917642157508,3,5,52.348585317316,188.454907142338,-23.0925434439869,0,0,15452.7719960309,0,0,1.225
1432.87055921541,36.3965449320829,3,5,52.2383169741109,188.057941106799,-23.0379543025356,0,0,15421.8154013113,0,0,1.225
1433.12055921541,36.401335749261,3,5,52.1280768905505,187.661076805982,-22.9834856196094,0,0,15390.9251143489,0,0,1.225
1433.37055921541,36.4061367074711,3,5,52.0178646679644,187.264312804672,-22.9291371503496,0,0,15360.101005592,0,0,1.225
1433.62055921541,36.4109478471756,3,5,51.9076799054291,186.867647659545,-22.8749086503449,0,0,15329.3429457121,0,0,1.225
1433.87055921541,36.4157692091159,3,5,51.7975221997441,186.471079919079,-22.8207998756452,0,0,15298.6508056148,0,0,1.225
1434.12055921541,36.4206008343155,3,5,51.6873911454079,186.074608123468,-22.7668105827506,0,0,15268.0244564317,0,0,1.225
1434.37055921541,36.4254427640821,3,5,51.5772863345925,185.678230804533,-22.7129405286159,0,0,15237.4637695241,0,0,1.225
1434.62055921541,36.4302950400114,3,5,51.4672073571194,185.28194648563,-22.659189470648,0,0,15206.9686164808,0,0,1.225
1434.87055921541,36.4351577039892,3,5,51.3571538004336,184.885753681561,-22.6055571667066,0,0,15176.5388691195,0,0,1.225
1435.12055921541,36.4400307981947,3,5,51.247125249578,184.489650898481,-22.5520433751008,0,0,15146.1743994842,0,0,1.225
1435.37055921541,36.4449143651035,3,5,51.1371212871679,184.093636633804,-22.4986478545889,0,0,15115.8750798449,0,0,1.225
1435.62055921541,36.4498084474902,3,5,51.0271414933638,183.69770937611,-22.4453703643821,0,0,15085.6407827011,0,0,1.225
1435.87055921541,36.454713088432,3,5,50.9171854458457,183.301867605045,-22.3922106641367,0,0,15055.4713807757,0,0,1.225
1436.12055921541,36.4596283313116,3,5,50.8072527197852,182.906109791227,-22.3391685139577,0,0,15025.3667470185,0,0,1.225
1436.37055921541,36.4645542198199,3,5,50.6973428878184,182.510434396146,-22.2862436743972,0,0,14995.3267546045,0,0,1.225
1436.62055921541,36.4694907979599,3,5,50.5874555200182,182.114839872066,-22.2334359064544,0,0,14965.3512769347,0,0,1.225
1436.87055921541,36.4744381100491,3,5,50.4775901838659,181.719324661917,-22.1807449715752,0,0,14935.4401876359,0,0,1.225
1437.12055921541,36.4793962007237,3,5,50.3677464442227,181.323887199202,-22.1281706316449,0,0,14905.5933605548,0,0,1.225
1437.37055921541,36.4843651149408,3,5,50.2579238633009,180.928525907883,-22.0757126490007,0,0,14875.8106697687,0,0,1.225
1437.62055921541,36.4893448979827,3,5,50.1481220006342,180.533239202283,-22.0233707864154,0,0,14846.0919895723,0,0,1.225
1437.87055921541,36.4943355954597,3,5,50.0383404130484,180.138025486974,-21.9711448071084,0,0,14816.4371944872,0,0,1.225
1438.12055921541,36.4993372533138,3,5,49.9285786546307,179.742883156671,-21.9190344747403,0,0,14786.8461592573,0,0,1.225
1438.37055921541,36.504349917822,3,5,49.8188362766997,179.347810596119,-21.8670395534127,0,0,14757.3187588492,0,0,1.225
1438.62055921541,36.5093736356001,3,5,49.7091128277737,178.952806179985,-21.8151598076674,0,0,14727.8548684519,0,0,1.225
1438.87055921541,36.5144084536059,3,5,49.59940785354,178.557868272744,-21.7633950024856,0,0,14698.4543634759,0,0,1.225
1439.12055921541,36.519454419143,3,5,49.4897208968222,178.16299522856,-21.7117449032858,0,0,14669.1171195526,0,0,1.225
1439.37055921541,36.5245115798646,3,5,49.3800514975486,177.768185391175,-21.6602092759267,0,0,14639.843012536,0,0,1.225
1439.62055921541,36.5295799837769,3,5,49.2703991927191,177.373437093789,-21.6087878867011,0,0,14610.6319184984,0,0,1.225
1439.87055921541,36.5346596792434,3,5,49.1607635163719,176.978748658939,-21.5574805023443,0,0,14581.4837137378,0,0,1.225
1440.12055921541,36.5397507149881,3,5,49.0511439995496,176.584118398378,-21.5062868900213,0,0,14552.3982747669,0,0,1.225
1440.37055921541,36.5448531400997,3,5,48.9415401702655,176.189544612956,-21.4552068173325,0,0,14523.3754783189,0,0,1.225
1440.62055921541,36.5499670040357,3,5,48.8319515534685,175.795025592487,-21.4042400523185,0,0,14494.4152013512,0,0,1.225
1440.87055921541,36.5550923566258,3,5,48.7223776710082,175.400559615629,-21.3533863634448,0,0,14465.517321033,0,0,1.225
1441.12055921541,36.5602292480768,3,5,48.6128180415988,175.006144949756,-21.302645519615,0,0,14436.681714757,0,0,1.225
1441.37055921541,36.5653777289758,3,5,48.5032721807833,174.61177985082,-21.2520172901659,0,0,14407.9082601347,0,0,1.225
1441.62055921541,36.5705378502951,3,5,48.3937396008966,174.217462563228,-21.2015014448607,0,0,14379.1968349918,0,0,1.225
1441.87055921541,36.5757096633959,3,5,48.2842198110283,173.823191319702,-21.1510977538956,0,0,14350.5473173739,0,0,1.225
1442.12055921541,36.5808932200328,3,5,48.1747123169848,173.428964341145,-21.1008059879005,0,0,14321.9595855466,0,0,1.225
1442.37055921541,36.5860885723583,3,5,48.0652166212511,173.034779836504,-21.0506259179256,0,0,14293.4335179858,0,0,1.225
1442.62055921541,36.5912957729267,3,5,47.9557322229517,172.640636002626,-21.0005573154567,0,0,14264.9689933894,0,0,1.225
1442.87055921541,36.5965148746991,3,5,47.8462586178113,172.246531024121,-20.9505999524063,0,0,14236.565890671,0,0,1.225
1443.12055921541,36.6017459310477,3,5,47.7367952981147,171.852463073213,-20.9007536011104,0,0,14208.2240889575,0,0,1.225
1443.37055921541,36.6069889957601,3,5,47.627341752666,171.458430309598,-20.8510180343328,0,0,14179.9434675924,0,0,1.225
1443.62055921541,36.6122441230446,3,5,47.5178974667476,171.064430880292,-20.8013930252646,0,0,14151.7239061361,0,0,1.225
1443.87055921541,36.6175113675345,3,5,47.4084619220783,170.670462919482,-20.751878347518,0,0,14123.565284361,0,0,1.225
1444.12055921541,36.6227907842928,3,5,47.2990345967704,170.276524548373,-20.7024737751317,0,0,14095.4674822558,0,0,1.225
1444.37055921541,36.6280824288172,3,5,47.1896149652872,169.882613875034,-20.6531790825684,0,0,14067.430380024,0,0,1.225
1444.62055921541,36.6333863570455,3,5,47.0802024983988,169.488728994236,-20.6039940447099,0,0,14039.4538580804,0,0,1.225
1444.87055921541,36.6387026253596,3,5,46.9707966631379,169.094867987296,-20.5549184368629,0,0,14011.5377970555,0,0,1.225
1445.12055921541,36.6440312905915,3,5,46.8613969227545,168.701028921916,-20.5059520347531,0,0,13983.6820777915,0,0,1.225
1445.37055921541,36.6493724100281,3,5,46.7520027366702,168.307209852013,-20.4570946145259,0,0,13955.8865813424,0,0,1.225
1445.62055921541,36.6547260414163,3,5,46.6426135604321,167.913408817556,-20.4083459527519,0,0,13928.1511889796,0,0,1.225
1445.87055921541,36.6600922429687,3,5,46.5332288456648,167.519623844393,-20.3597058264122,0,0,13900.4757821794,0,0,1.225
1446.12055921541,36.6654710733684,3,5,46.4238480400234,167.125852944084,-20.3111740129134,0,0,13872.8602426361,0,0,1.225
1446.37055921541,36.6708625917753,3,5,46.3144705871441,166.732094113719,-20.2627502900723,0,0,13845.3044522492,0,0,1.225
1446.62055921541,36.6762668578308,3,5,46.2050959265954,166.338345335743,-20.2144344361304,0,0,13817.8082931359,0,0,1.225
1446.87055921541,36.681683931664,3,5,46.0957234938277,165.94460457778,-20.1662262297414,0,0,13790.3716476207,0,0,1.225
1447.12055921541,36.6871138738972,3,5,45.9863527201222,165.55086979244,-20.1181254499697,0,0,13762.9943982351,0,0,1.225
1447.37055921541,36.6925567456518,3,5,45.8769830325395,165.157138917142,-20.0701318763022,0,0,13735.6764277266,0,0,1.225
1447.62055921541,36.6980126085541,3,5,45.7676138538671,164.763409873921,-20.0222452886364,0,0,13708.4176190501,0,0,1.225
1447.87055921541,36.7034815247416,3,5,45.6582446025655,164.369680569236,-19.9744654672813,0,0,13681.2178553681,0,0,1.225
1448.12055921541,36.7089635568684,3,5,45.5488746927149,163.975948893774,-19.9267921929604,0,0,13654.077020054,0,0,1.225
1448.37055921541,36.7144587681124,3,5,45.4395035339593,163.582212722254,-19.8792252468083,0,0,13626.9949966892,0,0,1.225
1448.62055921541,36.7199672221805,3,5,45.3301305314512,163.188469913224,-19.8317644103699,0,0,13599.9716690627,0,0,1.225
1448.87055921541,36.7254889833157,3,5,45.2207550857946,162.79471830886,-19.7844094656011,0,0,13573.0069211722,0,0,1.225
1449.12055921541,36.7310241163034,3,5,45.111376592987,162.400955734753,-19.7371601948689,0,0,13546.1006372241,0,0,1.225
1449.37055921541,36.7365726864777,3,5,45.0019944443615,162.007179999701,-19.690016380946,0,0,13519.2527016295,0,0,1.225
1449.62055921541,36.7421347597286,3,5,44.8926080265265,161.613388895496,-19.6429778070151,0,0,13492.4629990078,0,0,1.225
1449.87055921541,36.7477104025083,3,5,44.7832167213057,161.2195801967,-19.5960442566679,0,0,13465.7314141864,0,0,1.225
1450.12055921541,36.7532996818382,3,5,44.6738199056762,160.825751660434,-19.5492155139,0,0,13439.0578321963,0,0,1.225
1450.37055921541,36.7589026653161,3,5,44.5644169517064,160.431901026143,-19.502491363115,0,0,13412.4421382763,0,0,1.225
1450.62055921541,36.7645194211231,3,5,44.4550072264923,160.038026015372,-19.4558715891212,0,0,13385.88421787,0,0,1.225
1450.87055921541,36.7701500180309,3,5,44.3455900920928,159.644124331534,-19.4093559771304,0,0,13359.3839566253,0,0,1.225
1451.12055921541,36.7757945254093,3,5,44.2361649054644,159.250193659672,-19.3629443127625,0,0,13332.9412403983,0,0,1.225
1451.37055921541,36.7814530132333,3,5,44.1267310183945,158.85623166622,-19.3166363820346,0,0,13306.5559552451,0,0,1.225
1451.62055921541,36.787125552091,3,5,44.0172877774334,158.46223599876,-19.2704319713725,0,0,13280.2279874303,0,0,1.225
1451.87055921541,36.792812213191,3,5,43.9078345238256,158.068204285772,-19.2243308675984,0,0,13253.9572234185,0,0,1.225
1452.12055921541,36.7985130683706,3,5,43.7983705934395,157.674134136382,-19.1783328579409,0,0,13227.7435498818,0,0,1.225
1452.37055921541,36.8042281901036,3,5,43.6888953166966,157.280023140108,-19.1324377300261,0,0,13201.5868536933,0,0,1.225
1452.62055921541,36.8099576515082,3,5,43.5794080184988,156.885868866596,-19.0866452718801,0,0,13175.4870219289,0,0,1.225
1452.87055921541,36.8157015263555,3,5,43.4699080181548,156.491668865357,-19.0409552719298,0,0,13149.4439418685,0,0,1.225
1453.12055921541,36.8214598890775,3,5,43.3603946293056,156.0974206655,-18.9953675189968,0,0,13123.4575009914,0,0,1.225
1453.37055921541,36.8272328147761,3,5,43.2508671598476,155.703121775451,-18.9498818023053,0,0,13097.5275869824,0,0,1.225
1453.62055921541,36.8330203792313,3,5,43.1413249118562,155.308769682682,-18.9044979114738,0,0,13071.6540877258,0,0,1.225
1453.87055921541,36.8388226589103,3,5,43.0317671815061,154.914361853422,-18.859215636518,0,0,13045.8368913078,0,0,1.225
1454.12055921541,36.8446397309759,3,5,42.9221932589919,154.519895732371,-18.8140347678482,0,0,13020.0758860147,0,0,1.225
1454.37055921541,36.8504716732964,3,5,42.8126024284465,154.125368742407,-18.7689550962714,0,0,12994.3709603345,0,0,1.225
1454.62055921541,36.8563185644541,3,5,42.7029939678579,153.730778284288,-18.7239764129872,0,0,12968.7220029544,0,0,1.225
1454.87055921541,36.8621804837549,3,5,42.5933671489853,153.336121736347,-18.6790985095909,0,0,12943.1289027629,0,0,1.225
1455.12055921541,36.8680575112382,3,5,42.4837212372733,152.941396454184,-18.63432117807,0,0,12917.5915488476,0,0,1.225
1455.37055921541,36.8739497276861,3,5,42.3740554917644,152.546599770352,-18.5896442108019,0,0,12892.1098304934,0,0,1.225
1455.62055921541,36.8798572146336,3,5,42.2643691650105,152.151728994038,-18.545067400561,0,0,12866.6836371886,0,0,1.225
1455.87055921541,36.8857800543785,3,5,42.1546615029823,151.756781410736,-18.5005905405078,0,0,12841.312858616,0,0,1.225
1456.12055921541,36.8917183299916,3,5,42.0449317449778,151.36175428192,-18.4562134241955,0,0,12815.997384659,0,0,1.225
1456.37055921541,36.8976721253273,3,5,41.9351791235283,150.966644844702,-18.4119358455641,0,0,12790.7371053964,0,0,1.225
1456.62055921541,36.9036415250341,3,5,41.8254028643034,150.571450311492,-18.3677575989477,0,0,12765.5319111089,0,0,1.225
1456.87055921541,36.9096266145652,3,5,41.715602186014,150.17616786965,-18.3236784790647,0,0,12740.3816922715,0,0,1.225
1457.12055921541,36.9156274801896,3,5,41.6057763003138,149.78079468113,-18.279698281021,0,0,12715.286339556,0,0,1.225
1457.37055921541,36.9216442090033,3,5,41.4959244116988,149.385327882116,-18.2358168003111,0,0,12690.2457438324,0,0,1.225
1457.62055921541,36.9276768889404,3,5,41.386045717405,148.989764582658,-18.192033832815,0,0,12665.2597961663,0,0,1.225
1457.87055921541,36.9337256087852,3,5,41.2761394073045,148.594101866296,-18.1483491747981,0,0,12640.3283878192,0,0,1.225
1458.12055921541,36.9397904581831,3,5,41.1662046637993,148.198336789677,-18.1047626229133,0,0,12615.4514102506,0,0,1.225
1458.37055921541,36.9458715276535,3,5,41.0562406617134,147.802466382168,-18.0612739741932,0,0,12590.6287551116,0,0,1.225
1458.62055921541,36.9519689086011,3,5,40.9462465681834,147.40648764546,-18.0178830260561,0,0,12565.8603142501,0,0,1.225
1458.87055921541,36.9580826933292,3,5,40.8362215425458,147.010397553165,-17.9745895763062,0,0,12541.1459797112,0,0,1.225
1459.12055921541,36.9642129750515,3,5,40.7261647362236,146.614193050405,-17.9313934231254,0,0,12516.4856437308,0,0,1.225
1459.37055921541,36.9703598479055,3,5,40.6160752926101,146.217871053396,-17.8882943650779,0,0,12491.8791987394,0,0,1.225
1459.62055921541,36.9765234069653,3,5,40.5059523469505,145.821428449022,-17.8452922011129,0,0,12467.3265373647,0,0,1.225
1459.87055921541,36.9827037482551,3,5,40.3957950262215,145.424862094397,-17.802386730556,0,0,12442.8275524248,0,0,1.225
1460.12055921541,36.9889009687628,3,5,40.2856024490088,145.028168816432,-17.7595777531114,0,0,12418.3821369299,0,0,1.225
1460.37055921541,36.9951151664537,3,5,40.1753737253817,144.631345411374,-17.7168650688673,0,0,12393.9901840874,0,0,1.225
1460.62055921541,37.0013464402846,3,5,40.0651079567659,144.234388644357,-17.6742484782862,0,0,12369.651587294,0,0,1.225
1460.87055921541,37.0075948902184,3,5,39.9548042358135,143.837295248929,-17.6317277822086,0,0,12345.3662401387,0,0,1.225
1461.12055921541,37.0138606172381,3,5,39.844461646271,143.440061926576,-17.5893027818543,0,0,12321.1340364044,0,0,1.225
1461.37055921541,37.0201437233626,3,5,39.7340792628443,143.04268534624,-17.5469732788165,0,0,12296.9548700634,0,0,1.225
1461.62055921541,37.0264443116611,3,5,39.6236561510612,142.64516214382,-17.5047390750656,0,0,12272.8286352802,0,0,1.225
1461.87055921541,37.0327624862691,3,5,39.5131913671311,142.247488921672,-17.4625999729492,0,0,12248.7552264122,0,0,1.225
1462.12055921541,37.0390983524036,3,5,39.4026839578028,141.84966224809,-17.4205557751839,0,0,12224.7345380031,0,0,1.225
1462.37055921541,37.0454520163798,3,5,39.2921329602184,141.451678656786,-17.3786062848653,0,0,12200.766464791,0,0,1.225
1462.62055921541,37.051823585627,3,5,39.1815374017648,141.053534646353,-17.3367513054604,0,0,12176.850901703,0,0,1.225
1462.87055921541,37.0582131687056,3,5,39.0708962999229,140.655226679722,-17.2949906408076,0,0,12152.9877438546,0,0,1.225
1463.12055921541,37.0646208753238,3,5,38.9602086621125,140.256751183605,-17.253324095117,0,0,12129.1768865512,0,0,1.225
1463.37055921541,37.0710468163553,3,5,38.8494734855355,139.858104547928,-17.2117514729716,0,0,12105.4182252884,0,0,1.225
1463.62055921541,37.0774911038568,3,5,38.7386897570149,139.459283125254,-17.1702725793252,0,0,12081.7116557507,0,0,1.225
1463.87055921541,37.0839538510858,3,5,38.6278564528314,139.060283230193,-17.1288872194996,0,0,12058.0570738097,0,0,1.225
1464.12055921541,37.0904351725195,3,5,38.516972538556,138.661101138801,-17.0875951991848,0,0,12034.4543755245,0,0,1.225
1464.37055921541,37.0969351838733,3,5,38.4060369688799,138.261733087968,-17.0463963244438,0,0,12010.9034571454,0,0,1.225
1464.62055921541,37.1034540021197,3,5,38.2950486874404,137.862175274785,-17.0052904017039,0,0,11987.4042151074,0,0,1.225
1464.87055921541,37.1099917455083,3,5,38.1840066266436,137.462423855917,-16.9642772377611,0,0,11963.9565460338,0,0,1.225
1465.12055921541,37.1165485335853,3,5,38.0729097074833,137.06247494694,-16.9233566397766,0,0,11940.5603467337,0,0,1.225
1465.37055921541,37.123124487214,3,5,37.9617568393563,136.662324621683,-16.8825284152813,0,0,11917.2155142057,0,0,1.225
1465.62055921541,37.1297197285955,3,5,37.8505469198736,136.261968911545,-16.8417923721668,0,0,11893.9219456312,0,0,1.225
1465.87055921541,37.1363343812897,3,5,37.7392788346682,135.861403804806,-16.8011483186933,0,0,11870.6795383803,0,0,1.225
1466.12055921541,37.1429685702371,3,5,37.6279514571986,135.460625245915,-16.7605960634824,0,0,11847.4881900069,0,0,1.225
1466.37055921541,37.1496224217808,3,5,37.5165636485479,135.059629134772,-16.7201354155204,0,0,11824.3477982512,0,0,1.225
1466.62055921541,37.1562960636887,3,5,37.4051142572192,134.658411325989,-16.6797661841588,0,0,11801.2582610403,0,0,1.225
1466.87055921541,37.1629896251769,3,5,37.2936021189266,134.256967628136,-16.6394881791066,0,0,11778.2194764825,0,0,1.225
1467.12055921541,37.1697032369326,3,5,37.1820260563813,133.855293802973,-16.5993012104377,0,0,11755.2313428729,0,0,1.225
1467.37055921541,37.1764370311385,3,5,37.0703848790738,133.453385564666,-16.5592050885857,0,0,11732.2937586899,0,0,1.225
1467.62055921541,37.1831911414968,3,5,36.9586773830508,133.051238578983,-16.5191996243461,0,0,11709.4066225973,0,0,1.225
1467.87055921541,37.1899657032546,3,5,36.8469023506879,132.648848462476,-16.4792846288724,0,0,11686.5698334406,0,0,1.225
1468.12055921541,37.1967608532287,3,5,36.7350585504568,132.246210781645,-16.4394599136776,0,0,11663.7832902493,0,0,1.225
1468.37055921541,37.2035767298325,3,5,36.6231447366882,131.843321052077,-16.3997252906352,0,0,11641.0468922373,0,0,1.225
1468.62055921541,37.2104134731017,3,5,36.5111596493286,131.440174737583,-16.3600805719725,0,0,11618.360538798,0,0,1.225
1468.87055921541,37.217271224722,3,5,36.3991020136926,131.036767249293,-16.3205255702778,0,0,11595.7241295102,0,0,1.225
1469.12055921541,37.2241501280566,3,5,36.2869705402091,130.633093944753,-16.2810600984944,0,0,11573.1375641335,0,0,1.225
1469.37055921541,37.2310503281746,3,5,36.1747639241627,130.229150126986,-16.2416839699226,0,0,11550.6007426099,0,0,1.225
1469.62055921541,37.2379719718799,3,5,36.0624808454281,129.824931043541,-16.2023969982165,0,0,11528.1135650618,0,0,1.225
1469.87055921541,37.244915207741,3,5,35.9501199681999,129.42043188552,-16.1631989973857,0,0,11505.6759317935,0,0,1.225
1470.12055921541,37.2518801861209,3,5,35.8376799407156,129.015647786576,-16.1240897817943,0,0,11483.2877432901,0,0,1.225
1470.37055921541,37.2588670592083,3,5,35.7251593949724,128.6105738219,-16.0850691661603,0,0,11460.948900218,0,0,1.225
1470.62055921541,37.265875981049,3,5,35.6125569464375,128.205205007175,-16.0461369655527,0,0,11438.6593034219,0,0,1.225
1470.87055921541,37.2729071075786,3,5,35.4998711937525,127.799536297509,-16.0072929953949,0,0,11416.4188539287,0,0,1.225
1471.12055921541,37.2799605966551,3,5,35.3871007184299,127.393562586348,-15.968537071461,0,0,11394.2274529437,0,0,1.225
1471.37055921541,37.2870366080927,3,5,35.2742440845437,126.987278704357,-15.9298690098772,0,0,11372.0850018528,0,0,1.225
1471.62055921541,37.294135303697,3,5,35.1612998384121,126.580679418284,-15.8912886271178,0,0,11349.991402219,0,0,1.225
1471.87055921541,37.3012568472995,3,5,35.0482665082731,126.173759429783,-15.8527957400083,0,0,11327.9465557851,0,0,1.225
1472.12055921541,37.3084014047946,3,5,34.9351426039526,125.766513374229,-15.8143901657263,0,0,11305.9503644748,0,0,1.225
1472.37055921541,37.3155691441757,3,5,34.8219266165246,125.358935819489,-15.776071721793,0,0,11284.0027303859,0,0,1.225
1472.62055921541,37.3227602355741,3,5,34.7086170179634,124.951021264668,-15.7378402260806,0,0,11262.1035557966,0,0,1.225
1472.87055921541,37.3299748512969,3,5,34.5952122607874,124.542764138835,-15.6996954968081,0,0,11240.2527431622,0,0,1.225
1473.12055921541,37.3372131658671,3,5,34.4817107776948,124.134158799701,-15.6616373525408,0,0,11218.450195115,0,0,1.225
1473.37055921541,37.3444753560643,3,5,34.3681109811903,123.725199532285,-15.623665612191,0,0,11196.6958144648,0,0,1.225
1473.62055921541,37.3517616009657,3,5,34.2544112632025,123.315880547529,-15.5857800950171,0,0,11174.9895041987,0,0,1.225
1473.87055921541,37.3590720819896,3,5,34.1406099946926,122.906195980893,-15.5479806206204,0,0,11153.3311674786,0,0,1.225
1474.12055921541,37.3664069829379,3,5,34.0267055252534,122.496139890912,-15.5102670089491,0,0,11131.7207076445,0,0,1.225
1474.37055921541,37.3737664900418,3,5,33.9126961826983,122.085706257714,-15.472639080293,0,0,11110.1580282104,0,0,1.225
1474.62055921541,37.3811507920068,3,5,33.7985802726402,121.674888981505,-15.435096655287,0,0,11088.6430328678,0,0,1.225
1474.87055921541,37.3885600800596,3,5,33.6843560780603,121.263681881017,-15.3976395549066,0,0,11067.1756254814,0,0,1.225
1475.12055921541,37.3959945479967,3,5,33.5700218588656,120.852078691916,-15.3602676004712,0,0,11045.7557100927,0,0,1.225
1475.37055921541,37.4034543922328,3,5,33.4555758514359,120.440073065169,-15.3229806136405,0,0,11024.3831909173,0,0,1.225
1475.62055921541,37.4109398118516,3,5,33.3410162681594,120.027658565374,-15.2857784164162,0,0,11003.0579723454,0,0,1.225
1475.87055921541,37.4184510086576,3,5,33.2263412969557,119.61482866904,-15.2486608311378,0,0,10981.7799589404,0,0,1.225
1476.12055921541,37.4259881872286,3,5,33.1115491007877,119.201576762836,-15.2116276804868,0,0,10960.5490554405,0,0,1.225
1476.37055921541,37.4335515549705,3,5,32.9966378171607,118.787896141779,-15.1746787874827,0,0,10939.3651667575,0,0,1.225
1476.62055921541,37.4411413221726,3,5,32.8816055576084,118.37378000739,-15.1378139754838,0,0,10918.2281979762,0,0,1.225
1476.87055921541,37.4487577020647,3,5,32.7664504071653,117.959221465795,-15.1010330681847,0,0,10897.1380543533,0,0,1.225
1477.12055921541,37.456400910876,3,5,32.6511704238266,117.544213525776,-15.06433588962,0,0,10876.0946413205,0,0,1.225
1477.37055921541,37.4640711678948,3,5,32.5357636379927,117.128749096774,-15.0277222641598,0,0,10855.097864481,0,0,1.225
1477.62055921541,37.4717686955302,3,5,32.4202280518993,116.712820986838,-14.9911920165091,0,0,10834.1476296091,0,0,1.225
1477.87055921541,37.4794937193757,3,5,32.3045616390334,116.29642190052,-14.9547449717093,0,0,10813.2438426516,0,0,1.225
1478.12055921541,37.4872464682734,3,5,32.1887623435322,115.879544436716,-14.9183809551364,0,0,10792.3864097269,0,0,1.225
1478.37055921541,37.4950271743813,3,5,32.0728280795674,115.462181086442,-14.8820997925022,0,0,10771.5752371256,0,0,1.225
1478.62055921541,37.5028360732413,3,5,31.9567567307118,115.044324230563,-14.8459013098488,0,0,10750.8102313067,0,0,1.225
1478.87055921541,37.5106734038497,3,5,31.8405461492897,114.625966137443,-14.8097853335562,0,0,10730.0912989037,0,0,1.225
1479.12055921541,37.518539408729,3,5,31.7241941557082,114.20709896055,-14.7737516903328,0,0,10709.4183467172,0,0,1.225
1479.37055921541,37.526434334002,3,5,31.6076985377722,113.78771473598,-14.7378002072207,0,0,10688.7912817193,0,0,1.225
1479.62055921541,37.5343584294681,3,5,31.4910570499782,113.367805379921,-14.7019307115934,0,0,10668.2100110519,0,0,1.225
1479.87055921541,37.5423119486815,3,5,31.3742674127906,112.947362686046,-14.6661430311553,0,0,10647.6744420268,0,0,1.225
1480.12055921541,37.550295149031,3,5,31.2573273118963,112.526378322827,-14.6304369939401,0,0,10627.184482124,0,0,1.225
1480.37055921541,37.5583082918233,3,5,31.1402343974392,112.104843830781,-14.5948124283127,0,0,10606.7400389941,0,0,1.225
1480.62055921541,37.5663516423672,3,5,31.0229862832326,111.682750619637,-14.5592691629656,0,0,10586.3410204551,0,0,1.225
1480.87055921541,37.5744254700612,3,5,30.9055805459494,111.260089965418,-14.5238070269204,0,0,10565.9873344937,0,0,1.225
1481.12055921541,37.5825300484831,3,5,30.7880147242893,110.836853007441,-14.4884258495274,0,0,10545.6788892659,0,0,1.225
1481.37055921541,37.5906656554822,3,5,30.6702863181216,110.413030745238,-14.4531254604622,0,0,10525.4155930935,0,0,1.225
1481.62055921541,37.5988325732744,3,5,30.5523927876035,109.988614035373,-14.4179056897299,0,0,10505.1973544685,0,0,1.225
1481.87055921541,37.6070310885397,3,5,30.4343315522727,109.563593588182,-14.3827663676593,0,0,10485.0240820478,0,0,1.225
1482.12055921541,37.6152614925224,3,5,30.3160999901128,109.137959964406,-14.3477073249062,0,0,10464.8956846569,0,0,1.225
1482.37055921541,37.6235240811351,3,5,30.1976954365922,108.711703571732,-14.3127283924512,0,0,10444.8120712874,0,0,1.225
1482.62055921541,37.6318191550647,3,5,30.079115183673,108.284814661223,-14.2778294015998,0,0,10424.7731510983,0,0,1.225
1482.87055921541,37.640147019882,3,5,29.9603564787916,107.85728332365,-14.2430101839802,0,0,10404.7788334134,0,0,1.225
1483.12055921541,37.6485079861547,3,5,29.8414165238078,107.429099485708,-14.208270571545,0,0,10384.8290277235,0,0,1.225
1483.37055921541,37.6569023695637,3,5,29.722292473922,107.000252906119,-14.1736103965693,0,0,10364.9236436848,0,0,1.225
1483.62055921541,37.6653304910226,3,5,29.6029814365599,106.570733171616,-14.1390294916503,0,0,10345.0625911187,0,0,1.225
1483.87055921541,37.6737926768012,3,5,29.4834804702221,106.1405296928,-14.1045276897075,0,0,10325.2457800127,0,0,1.225
1484.12055921541,37.6822892586528,3,5,29.3637865832993,105.709631699877,-14.07010482398,0,0,10305.4731205173,0,0,1.225
1484.37055921541,37.690820573945,3,5,29.2438967328491,105.278028238257,-14.0357607280293,0,0,10285.7445229495,0,0,1.225
1484.62055921541,37.6993869657952,3,5,29.1238078233359,104.845708164009,-14.001495235736,0,0,10266.0598977898,0,0,1.225
1484.87055921541,37.7079887832097,3,5,29.0035167053298,104.412660139187,-13.9673081812989,0,0,10246.419155682,0,0,1.225
1485.12055921541,37.7166263812273,3,5,28.8830201741648,103.978872626993,-13.9331993992382,0,0,10226.8222074353,0,0,1.225
1485.37055921541,37.7253001210681,3,5,28.762314968554,103.544333886794,-13.8991687243895,0,0,10207.2689640204,0,0,1.225
1485.62055921541,37.7340103702861,3,5,28.6413977691597,103.109031968975,-13.8652159919088,0,0,10187.7593365733,0,0,1.225
1485.87055921541,37.7427575029274,3,5,28.5202651971179,102.672954709624,-13.8313410372677,0,0,10168.2932363916,0,0,1.225
1486.12055921541,37.751541899693,3,5,28.3989138125132,102.236089725048,-13.797543696254,0,0,10148.8705749353,0,0,1.225
1486.37055921541,37.7603639481077,3,5,28.2773401128049,101.798424406098,-13.7638238049735,0,0,10129.4912638284,0,0,1.225
1486.62055921541,37.7692240426934,3,5,28.1555405311999,101.35994591232,-13.7301811998452,0,0,10110.1552148552,0,0,1.225
1486.87055921541,37.778122585149,3,5,28.0335114349715,100.920641165898,-13.696615717605,0,0,10090.8623399634,0,0,1.225
1487.12055921541,37.7870599845363,3,5,27.9112491237217,100.480496845398,-13.6631271953017,0,0,10071.6125512612,0,0,1.225
1487.37055921541,37.7960366574716,3,5,27.7887498275841,100.039499379303,-13.6297154702986,0,0,10052.4057610184,0,0,1.225
1487.62055921541,37.8050530283243,3,5,27.6660097053661,99.5976349393179,-13.5963803802722,0,0,10033.2418816661,0,0,1.225
1487.87055921541,37.8141095294216,3,5,27.5430248426265,99.1548894334553,-13.5631217632119,0,0,10014.1208257962,0,0,1.225
1488.12055921541,37.8232066012615,3,5,27.4197912496864,98.7112484988712,-13.529939457419,0,0,9995.04250616074,0,0,1.225
1488.37055921541,37.8323446927315,3,5,27.2963048595712,98.2666974944563,-13.4968333015063,0,0,9976.00683567225,0,0,1.225
1488.62055627059,37.8415193295539,3,6,27.2297358234062,98.0270489642624,-1.02217467606763,12.3576418835415,0,0.281730257827689,0,0,1.225
1488.87055038095,37.8507017481121,3,6,27.2213830139478,97.9969788502119,-0.797147466297922,12.3500615532007,179.23859870589,0,0,0,1.225
1489.12054449132,37.8598866943531,3,6,27.2144077783887,97.9718680021995,-0.721698169957879,12.3437331788071,239.179413811786,0,0,0,1.225
1489.37053860168,37.869073886334,3,6,27.2080293629166,97.9489057064999,-0.666850202576927,12.3379476968889,282.67507808766,0,0,0,1.225
1489.62053271205,37.878263151634,3,6,27.2021041342147,97.9275748831729,-0.622750117220045,12.332574488811,317.599708658812,0,0,0,1.225
1489.87052682242,37.8874543531841,3,6,27.1965513720756,97.907584939472,-0.585529526945528,12.3275401088991,347.043156647251,0,0,0,1.225
1490.12052093278,37.8966473757599,3,6,27.1913172368095,97.8887420525141,-0.553191144179249,12.3227955512135,372.600010369376,0,0,0,1.225
1490.37051504315,37.9058421194247,3,6,27.1863624947199,97.8709049809918,-0.524543759669825,12.3183050949053,395.220874292122,0,0,0,1.225
1490.62050915351,37.915038495716,3,6,27.1816569300871,97.8539649483137,-0.498809266477908,12.3140412244159,415.526413812785,0,0,0,1.225
1490.87050326388,37.9242364251883,3,6,27.1771763675391,97.8378349231408,-0.475446296067712,12.3099819218721,433.94826727767,0,0,0,1.225
1491.12049737424,37.9334358357172,3,6,27.1729009152033,97.8224432947318,-0.454060261237076,12.3061090691242,450.800905932908,0,0,0,1.225
1491.37049148461,37.9426366612702,3,6,27.1688138504928,97.807729861774,-0.434353087390685,12.3024074340455,466.321781849559,0,0,0,1.225
1491.62048559497,37.9518388409818,3,6,27.1649008740902,97.7936431467246,-0.416093122209656,12.2988639916524,480.695355280083,0,0,0,1.225
1491.87047970534,37.9610423184368,3,6,27.161149588851,97.7801385198635,-0.399096127283554,12.295467449799,494.06826997736,0,0,0,1.225
1492.1204738157,37.9702470411018,3,6,27.1575491232035,97.7671768435327,-0.383212737678588,12.2922079063202,506.559362860211,0,0,0,1.225
1492.37046792607,37.9794529598646,3,6,27.1540898512401,97.7547234644643,-0.368319887299914,12.2890765941537,518.266506863333,0,0,0,1.225
1492.62046203643,37.9886600286554,3,6,27.1507631797273,97.7427474470183,-0.354314767252482,12.2860656873606,529.271431416918,0,0,0,1.225
1492.8704561468,37.9978682041315,3,6,27.1475613827641,97.7312209779509,-0.341110458707708,12.2831681505158,539.643206190452,0,0,0,1.225
1493.12045025716,38.0070774454097,3,6,27.1444774711977,97.7201188963116,-0.328632705820882,12.2803776197393,549.440814889048,0,0,0,1.225
1493.37044436753,38.0162877138387,3,6,27.1415050879305,97.7094183165498,-0.316817484839665,12.2776883073026,558.715093656337,0,0,0,1.225
1493.62043847789,38.0254989728026,3,6,27.1386384228717,97.6990983223383,-0.305609141770908,12.2750949241228,567.510215814,0,0,0,1.225
1493.87043258826,38.0347111875509,3,6,27.1358721430329,97.6891397149185,-0.294958944100821,12.2725926160505,575.864846271083,0,0,0,1.225
1494.12042669862,38.0439243250482,3,6,27.1332013344698,97.6795248040913,-0.28482393936019,12.2701769109479,583.813051171051,0,0,0,1.225
1494.37042080899,38.0531383538435,3,6,27.1306214536086,97.6702372329909,-0.275166044652118,12.2678436743168,591.385023334361,0,0,0,1.225
1494.62041491935,38.0623532439533,3,6,27.1281282860927,97.6612618299338,-0.265951312494473,12.2655890717784,598.607667102562,0,0,0,1.225
1494.87040902972,38.0715689667575,3,6,27.12571791172,97.6525844821921,-0.257149332970608,12.2634095371035,605.50507450291,0,0,0,1.225
1495.12040314008,38.0807854949063,3,6,27.1233866743592,97.644192027693,-0.248732742494693,12.2613017447801,612.098916421447,0,0,0,1.225
1495.37039725045,38.0900028022368,3,6,27.1211311559716,97.6360721614977,-0.240676816843271,12.2592625863235,618.408766610686,0,0,0,1.225
1495.62039136081,38.0992208636968,3,6,27.1189481540469,97.6282133545689,-0.232959131439842,12.2572891496981,624.452372100655,0,0,0,1.225
1495.87038547118,38.1084396552767,3,6,27.1168346618956,97.620604782824,-0.225559275800674,12.255378701343,630.245880453301,0,0,0,1.225
1496.12037958154,38.1176591539464,3,6,27.1147878513506,97.613236264862,-0.218458611944358,12.2535286703958,635.804031991195,0,0,0,1.225
1496.37037369191,38.1268793375988,3,6,27.1128050575128,97.606098207046,-0.211640068779997,12.2517366347782,641.140323366579,0,0,0,1.225
1496.62036780227,38.136100184997,3,6,27.1108837652397,97.599181554863,-0.205087966131296,12.2500003088723,646.267147526867,0,0,0,1.225
1496.87036191264,38.1453216757267,3,6,27.1090215971298,97.5924777496674,-0.198787863339645,12.2483175325609,651.195914107186,0,0,0,1.225
1497.120356023,38.1545437901517,3,6,27.1072163027965,97.5859786900674,-0.192726428387702,12.2466862614433,655.937153484311,0,0,0,1.225
1497.37035013337,38.1637665093732,3,6,27.105465749259,97.5796766973322,-0.186891324235349,12.2451045580708,660.500607128108,0,0,0,1.225
1497.62034424373,38.1729898151919,3,6,27.1037679123053,97.5735644842992,-0.18127110968538,12.2435705840685,664.89530638783,0,0,0,1.225
1497.8703383541,38.1822136900729,3,6,27.1021208687049,97.5676351273377,-0.175855152577247,12.2420825930315,669.129641467236,0,0,0,1.225
1498.12033246447,38.1914381171131,3,6,27.1005227891653,97.5618820409951,-0.170633553478648,12.2406389241011,673.211422046372,0,0,0,1.225
1498.37032657483,38.2006630800109,3,6,27.0989719319457,97.5562989550045,-0.165597078372241,12.2392379961397,677.147930746847,0,0,0,1.225
1498.6203206852,38.2098885630378,3,6,27.0974666370495,97.5508798933781,-0.160737099068924,12.2378783024335,680.945970450837,0,0,0,1.225
1498.87031479556,38.219114551012,3,6,27.0960053209306,97.5456191553503,-0.156045540301052,12.236558405865,684.61190630713,0,0,0,1.225
1499.12030890593,38.2283410292735,3,6,27.094586471657,97.5405112979651,-0.151514832589266,12.2352769345016,688.151703145869,0,0,0,1.225
1499.37030301629,38.2375679836609,3,6,27.0932086444808,97.5355511201308,-0.147137870147131,12.2340325775561,691.570958887633,0,0,0,1.225
1499.62029712666,38.2467954004896,3,6,27.0918704577739,97.5307336479861,-0.142907973168276,12.2328240816801,694.874934468515,0,0,0,1.225
1499.87029123702,38.256023266531,3,6,27.0905705892897,97.526054121443,-0.138818853958969,12.2316502475548,698.068580708577,0,0,0,1.225
1500.12028534739,38.2652515689937,3,6,27.0893077727188,97.5215079817877,-0.134864586446363,12.2305099267514,701.156562497515,0,0,0,1.225
1500.37027945775,38.2744802955049,3,6,27.0880807945097,97.517090860235,-0.131039578658584,12.2294020188314,704.143280618832,0,0,0,1.225
1500.62027356812,38.283709434093,3,6,27.0868884909289,97.512798567344,-0.127338547831501,12.2283254686669,707.032891487118,0,0,0,1.225
1500.87026767848,38.2929389731718,3,6,27.0857297453374,97.5086270832147,-0.123756497842948,12.2272792639576,709.829325036437,0,0,0,1.225
1501.12026178885,38.3021689015249,3,6,27.0846034856642,97.5045725483912,-0.120288698714508,12.2262624329276,712.536300966552,0,0,0,1.225
1501.37025589921,38.3113992082911,3,6,27.0835086820582,97.5006312554096,-0.11693066794983,12.2252740421854,715.157343530699,0,0,0,1.225
1501.62025000958,38.3206298829507,3,6,27.0824443447034,97.4967996409323,-0.113678153519855,12.2243131947326,717.695795015679,0,0,0,1.225
1501.87024411994,38.329860915312,3,6,27.0814095217824,97.4930742784166,-0.11052711831419,12.2233790281081,720.154828057999,0,0,0,1.225
1502.12023823031,38.3390922954996,3,6,27.0804032975762,97.4894518712743,-0.107473725909217,12.2224707126563,722.537456914838,0,0,0,1.225
1502.37023234067,38.3483240139417,3,6,27.0794247906884,97.4859292464783,-0.104514327521775,12.2215874499092,724.846547794071,0,0,0,1.225
1502.62022645104,38.3575560613595,3,6,27.0784731523838,97.4825033485816,-0.10164545002719,12.2207284710728,727.084828339714,0,0,0,1.225
1502.8702205614,38.3667884287562,3,6,27.0775475650317,97.4791712341141,-0.0988637849363946,12.2198930356092,729.254896356435,0,0,0,1.225
1503.12021467177,38.3760211074067,3,6,27.0766472406466,97.4759300663277,-0.0961661782448197,12.2190804299069,731.359227842485,0,0,0,1.225
1503.37020878213,38.385254088848,3,6,27.0757714195172,97.4727771102618,-0.09354962106506,12.2182899660324,733.400184400994,0,0,0,1.225
1503.6202028925,38.3944873648701,3,6,27.0749193689183,97.469709728106,-0.09101124097351,12.2175209805572,735.380020085048,0,0,0,1.225
1503.87019700286,38.4037209275063,3,6,27.0740903818988,97.4667253748357,-0.0885482940054856,12.2167728334537,737.300887728577,0,0,0,1.225
1504.12019111323,38.412954769026,3,6,27.0732837761394,97.4638215941017,-0.0861581572390289,12.2160449070562,739.164844810543,0,0,0,1.225
1504.37018522359,38.4221888819252,3,6,27.0724988928765,97.4609960143554,-0.0838383219151014,12.21533660508,740.97385889396,0,0,0,1.225
1504.62017933396,38.4314232589198,3,6,27.0717350958864,97.4582463451911,-0.0815863870518713,12.2146473516975,742.729812673291,0,0,0,1.225
1504.87017344432,38.4406578929377,3,6,27.0709917705255,97.4555703738919,-0.0794000535048904,12.2139765906644,744.434508668534,0,0,0,1.225
1505.12016755469,38.4498927771117,3,6,27.0702683228232,97.4529659621636,-0.0772771184363274,12.2133237844941,746.089673595224,0,0,0,1.225
1505.37016166505,38.4591279047725,3,6,27.0695641786236,97.450431043045,-0.0752154701646046,12.212688413677,747.696962433052,0,0,0,1.225
1505.62015577542,38.4683632694428,3,6,27.0688787827725,97.4479636179811,-0.0732130833557867,12.2120699759405,749.257962223837,0,0,0,1.225
1505.87014988578,38.4775988648301,3,6,27.0682115983472,97.4455617540501,-0.0712680145358008,12.2114679855483,750.774195615382,0,0,0,1.225
1506.12014399615,38.4868346848215,3,6,27.0675621059258,97.4432235813328,-0.0693783978925643,12.2108819726358,752.247124175808,0,0,0,1.225
1506.37013810652,38.4960707234773,3,6,27.0669298028933,97.4409472904158,-0.0675424413484674,12.2103114825792,753.678151493841,0,0,0,1.225
1506.62013221688,38.5053069750259,3,6,27.0663142027833,97.4387311300198,-0.0657584228818346,12.2097560753965,755.068626082009,0,0,0,1.225
1506.87012632725,38.5145434338581,3,6,27.0657148346515,97.4365734047454,-0.0640246870773579,12.2092153251779,756.419844098632,0,0,0,1.225
1507.12012043761,38.5237800945221,3,6,27.0651312424801,97.4344724729284,-0.0623396418879916,12.2086888195445,757.733051902478,0,0,0,1.225
1507.37011454798,38.5330169517187,3,6,27.0645629846109,97.4324267445992,-0.0607017555967141,12.2081761591328,759.009448449266,0,0,0,1.225
1507.62010865834,38.542254000296,3,6,27.0640096332053,97.4304346795389,-0.0591095539556444,12.2076769571038,760.250187547899,0,0,0,1.225
1507.87010276871,38.5514912352456,3,6,27.0634707737296,97.4284947854264,-0.0575616174979675,12.2071908386752,761.456379979993,0,0,0,1.225
1508.12009687907,38.5607286516977,3,6,27.0629460044644,97.426605616072,-0.056056579004932,12.206717440676,762.62909549677,0,0,0,1.225
1508.37009098944,38.5699662449166,3,6,27.0624349360366,97.4247657697317,-0.0545931211192797,12.2062564111202,763.769364700179,0,0,0,1.225
1508.6200850998,38.5792040102974,3,6,27.0619371909717,97.422973887498,-0.0531699740951027,12.2058074088016,764.878180816142,0,0,0,1.225
1508.87007921017,38.5884419433613,3,6,27.0614524032674,97.4212286517625,-0.0517859136709399,12.2053701029051,765.95650137042,0,0,0,1.225
1509.12007332053,38.5976800397519,3,6,27.0609802179853,97.4195287847471,-0.0504397590661129,12.2049441726365,767.005249767017,0,0,0,1.225
1509.3700674309,38.606918295232,3,6,27.0605202908608,97.4178730470988,-0.0491303710816567,12.2045293068681,768.025316784001,0,0,0,1.225
1509.62006154126,38.6161567056796,3,6,27.0600722879293,97.4162602365454,-0.0478566503072081,12.2041252037993,769.017561985558,0,0,0,1.225
1509.87005565163,38.6253952670845,3,6,27.0596358851693,97.4146891866096,-0.0466175354213478,12.2037315706324,769.982815060256,0,0,0,1.225
1510.12004976199,38.6346339755451,3,6,27.0592107681601,97.4131587653765,-0.0454120015863046,12.2033481232619,770.92187708473,0,0,0,1.225
1510.37004387236,38.6438728272653,3,6,27.0587966317536,97.4116678743129,-0.0442390589186033,12.2029745859766,771.835521727473,0,0,0,1.225
1510.62003798272,38.6531118185512,3,6,27.0583931797601,97.4102154471365,-0.0430977510483921,12.2026106911748,772.724496382501,0,0,0,1.225
1510.87003209309,38.6623509458082,3,6,27.0580001246472,97.4088004487301,-0.0419871537431165,12.2022561790902,773.589523252322,0,0,0,1.225
1511.12002620345,38.6715902055382,3,6,27.0576171872503,97.4074218741012,-0.0409063736071392,12.2019107975298,774.431300370882,0,0,0,1.225
1511.37002031382,38.6808295943367,3,6,27.0572440964952,97.4060787473828,-0.0398545468443429,12.2015743016221,775.250502576826,0,0,0,1.225
1511.62001442418,38.6900691088902,3,6,27.0568805891315,97.4047701208735,-0.0388308380784886,12.2012464535754,776.04778244122,0,0,0,1.225
1511.87000853455,38.6993087459733,3,6,27.056526409477,97.403495074117,-0.0378344392374657,12.2009270224454,776.82377114479,0,0,0,1.225
1512.12000264491,38.7085485024466,3,6,27.0561813091712,97.4022527130162,-0.0368645684855209,12.2006157839124,777.579079317387,0,0,0,1.225
1512.36999675528,38.717788375254,3,6,27.0558450469394,97.4010421689819,-0.0359204692105118,12.2003125200666,778.314297833996,0,0,0,1.225
1512.61999086564,38.7270283614204,3,6,27.0555173883652,97.3998625981148,-0.0350014090568635,12.2000170192022,779.029998574736,0,0,0,1.225
1512.86998497601,38.7362684580493,3,6,27.0551981056717,97.398713180418,-0.0341066790035471,12.199729075619,779.726735149359,0,0,0,1.225
1513.11997908637,38.745508662321,3,6,27.0548869775109,97.3975931190392,-0.033235592487988,12.1994484894315,780.405043585501,0,0,0,1.225
1513.36997319674,38.7547489714896,3,6,27.0545837887616,97.3965016395417,-0.0323874845647635,12.1991750663853,781.06544298958,0,0,0,1.225
1513.6199673071,38.763989382882,3,6,27.0542883303339,97.395437989202,-0.0315617111077301,12.1989086176807,781.708436173392,0,0,0,1.225
1513.86996141747,38.773229893895,3,6,27.0540003989815,97.3944014363333,-0.0307576480451198,12.1986489598015,782.334510254773,0,0,0,1.225
1514.11995552783,38.7824705019936,3,6,27.0537197971206,97.393391269634,-0.0299746906294268,12.1983959143519,782.944137230835,0,0,0,1.225
1514.3699496382,38.7917112047096,3,6,27.0534463326553,97.3924067975591,-0.0292122527384436,12.1981493078977,783.537774526676,0,0,0,1.225
1514.61994374856,38.8009519996388,3,6,27.0531798188096,97.3914473477147,-0.0284697662081315,12.1979089718142,784.115865519002,0,0,0,1.225
1514.86993785893,38.8101928844403,3,6,27.0529200739651,97.3905122662743,-0.0277466801955044,12.1976747421391,784.678840036095,0,0,0,1.225
1515.1199319693,38.8194338568339,3,6,27.0526669215041,97.3896009174147,-0.0270424605642503,12.1974464594307,785.22711483994,0,0,0,1.225
1515.36992607966,38.8286749145989,3,6,27.0524201896591,97.3887126827728,-0.0263565893015047,12.1972239686313,785.761094083754,0,0,0,1.225
1515.61992019003,38.8379160555723,3,6,27.0521797113668,97.3878469609207,-0.0256885639564511,12.1970071189348,786.281169752376,0,0,0,1.225
1515.86991430039,38.8471572776472,3,6,27.0519453241275,97.387003166859,-0.0250378971032525,12.1967957636597,786.787722083489,0,0,0,1.225
1516.11990841076,38.8563985787715,3,6,27.0517168698689,97.3861807315279,-0.0244041158235358,12.1965897601258,787.281119973492,0,0,0,1.225
1516.36990252112,38.8656399569461,3,6,27.0514941948151,97.3853791013343,-0.0237867612166181,12.1963889695352,787.761721361461,0,0,0,1.225
1516.61989663149,38.8748814102238,3,6,27.0512771493598,97.3845977376955,-0.0231853879208738,12.196193256858,788.229873604456,0,0,0,1.225
1516.86989074185,38.8841229367076,3,6,27.0510655879438,97.3838361165978,-0.0225995636610223,12.1960024907207,788.685913832354,0,0,0,1.225
1517.11988485222,38.8933645345493,3,6,27.0508593689363,97.3830937281706,-0.0220288688108789,12.1958165432994,789.130169290555,0,0,0,1.225
1517.36987896258,38.9026062019487,3,6,27.0506583545203,97.3823700762731,-0.0214728959740673,12.1956352902163,789.562957668557,0,0,0,1.225
1517.61987307295,38.9118479371517,3,6,27.0504624105825,97.381664678097,-0.0209312495806496,12.1954586104389,789.984587416016,0,0,0,1.225
1517.86986718331,38.9210897384494,3,6,27.0502714066054,97.3809770637794,-0.0204035454978532,12.1952863861836,790.39535804776,0,0,0,1.225
1518.11986129368,38.9303316041768,3,6,27.0500852155642,97.3803067760311,-0.0198894106614892,12.1951185028214,790.795560432445,0,0,0,1.225
1518.36985540404,38.9395735327118,3,6,27.0499037138263,97.3796533697746,-0.0193884827141928,12.1949548487879,791.185477075964,0,0,0,1.225
1518.61984951441,38.9488155224736,3,6,27.0497267810543,97.3790164117955,-0.0189004096620807,12.1947953154948,791.565382390315,0,0,0,1.225
1518.86984362477,38.9580575719222,3,6,27.0495543001122,97.3783954804038,-0.0184248495436871,12.1946397972453,791.935542952826,0,0,0,1.225
1519.11983773514,38.9672996795569,3,6,27.0493861569742,97.377790165107,-0.0179614701098143,12.1944881911518,792.296217756838,0,0,0,1.225
1519.3698318455,38.9765418439153,3,6,27.0492222406368,97.3772000662927,-0.0175099485161161,12.1943403970561,792.647658452365,0,0,0,1.225
1519.61982595587,38.9857840635725,3,6,27.0490624430338,97.3766247949216,-0.0170699710281873,12.1941963174523,792.990109576922,0,0,0,1.225
1519.86982006623,38.99502633714,3,6,27.0489066589529,97.3760639722304,-0.0166412327352932,12.1940558574124,793.323808779598,0,0,0,1.225
1520.1198141766,39.0042686632646,3,6,27.0487547859565,97.3755172294434,-0.0162234372754689,12.1939189245134,793.648987036186,0,0,0,1.225
1520.36980828696,39.0135110406277,3,6,27.0486067243037,97.3749842074932,-0.0158162965715317,12.1937854287674,793.965868855739,0,0,0,1.225
1520.61980239733,39.0227534679442,3,6,27.0484623768751,97.3744645567502,-0.0154195305750525,12.1936552825538,794.274672480889,0,0,0,1.225
1520.86979650769,39.0319959439618,3,6,27.0483216491002,97.3739579367606,-0.0150328670194223,12.193528400553,794.575610081044,0,0,0,1.225
1521.11979061806,39.0412384674599,3,6,27.0481844488865,97.3734640159915,-0.0146560411829231,12.1934046996831,794.868887937699,0,0,0,1.225
1521.36978472842,39.0504810372491,3,6,27.0480506865513,97.3729824715848,-0.0142887956597572,12.1932840990375,795.154706623525,0,0,0,1.225
1521.61977883879,39.0597236521702,3,6,27.047920274755,97.3725129891182,-0.0139308801374434,12.1931665198251,795.433261176475,0,0,0,1.225
1521.86977294915,39.0689663110931,3,6,27.0477931284368,97.3720552623727,-0.0135820511842172,12.1930518853119,795.70474126601,0,0,0,1.225
1522.11976705952,39.0782090129168,3,6,27.0476691647523,97.3716089931083,-0.013242072042116,12.1929401207649,795.969331354905,0,0,0,1.225
1522.36976116988,39.087451756568,3,6,27.0475483030127,97.3711738908458,-0.012910712428705,12.1928311533968,796.227210854232,0,0,0,1.225
1522.61975528025,39.0966945410004,3,6,27.0474304646262,97.3707496726543,-0.01258774834244,12.1927249123132,796.478554275564,0,0,0,1.225
1522.86974939061,39.1059373651946,3,6,27.0473155730408,97.3703360629468,-0.0122729618794005,12.1926213284609,796.723531374169,0,0,0,1.225
1523.11974350098,39.1151802281566,3,6,27.0472035536889,97.3699327932801,-0.0119661410516137,12.192520334578,796.962307291045,0,0,0,1.225
1523.36973761135,39.1244231289177,3,6,27.0470943339337,97.3695396021612,-0.0116670796131095,12.1924218651451,797.195042688861,0,0,0,1.225
1523.61973172171,39.1336660665337,3,6,27.0469878430167,97.3691562348601,-0.0113755768937062,12.1923258563382,797.421893881807,0,0,0,1.225
1523.86972583208,39.1429090400842,3,6,27.0468840120074,97.3687824432267,-0.0110914376350708,12.192232245983,797.643012963722,0,0,0,1.225
1524.11971994244,39.152152048672,3,6,27.046782773754,97.3684179855142,-0.0108144718333721,12.1921409735106,797.858547931026,0,0,0,1.225
1524.36971405281,39.1613950914225,3,6,27.0466840628352,97.3680626262068,-0.0105444945883013,12.1920519799137,798.068642800653,0,0,0,1.225
1524.61970816317,39.1706381674834,3,6,27.0465878155146,97.3677161358527,-0.0102813259557305,12.1919652077058,798.273437725151,0,0,0,1.225
1524.86970227354,39.1798812760235,3,6,27.046493969695,97.3673782909022,-0.0100247908053732,12.1918806008792,798.473069103859,0,0,0,1.225
1525.1196963839,39.1891244162328,3,6,27.0464024648749,97.3670488735496,-0.00977471868117354,12.1917981048665,798.667669691981,0,0,0,1.225
1525.36969049427,39.1983675873216,3,6,27.0463132421058,97.3667276715808,-0.00953094367101848,12.1917176665018,798.857368702277,0,0,0,1.225
1525.61968460463,39.2076107885201,3,6,27.0462262439511,97.3664144782238,-0.00929330427531234,12.1916392339831,799.042291907734,0,0,0,1.225
1525.869678715,39.2168540190778,3,6,27.0461414144458,97.366109092005,-0.00906164328282801,12.1915627568367,799.222561738485,0,0,0,1.225
1526.11967282536,39.2260972782631,3,6,27.0460586990578,97.3658113166079,-0.00883580764883175,12.1914881858813,799.398297376983,0,0,0,1.225
1526.36966693573,39.2353405653629,3,6,27.0459780446493,97.3655209607376,-0.0086156483793473,12.1914154731942,799.569614848321,0,0,0,1.225
1526.61966104609,39.2445838796818,3,6,27.0458993994409,97.3652378379872,-0.0084010204147378,12.191344572078,799.736627111167,0,0,0,1.225
1526.86965515646,39.253827220542,3,6,27.0458227129749,97.3649617667096,-0.00819178252238284,12.1912754370278,799.899444141483,0,0,0,1.225
1527.11964926682,39.2630705872826,3,6,27.0457479360811,97.3646925698918,-0.00798779718685448,12.1912080237006,800.058173018308,0,0,0,1.225
1527.36964337719,39.2723139792595,3,6,27.0456750208426,97.3644300750333,-0.00778893050987038,12.1911422888838,800.212918001767,0,0,0,1.225
1527.61963748755,39.2815573958445,3,6,27.0456039205631,97.3641741140273,-0.00759505210683642,12.1910781904663,800.363780613879,0,0,0,1.225
1527.86963159792,39.2908008364253,3,6,27.045534589735,97.3639245230459,-0.00740603501157481,12.1910156874092,800.510859712858,0,0,0,1.225
1528.11962570828,39.3000443004049,3,6,27.0454669840078,97.3636811424281,-0.00722175558014284,12.1909547397176,800.654251568205,0,0,0,1.225
1528.36961981865,39.3092877872012,3,6,27.0454010601584,97.3634438165704,-0.00704209340079071,12.1908953084137,800.794049930931,0,0,0,1.225
1528.61961392901,39.3185312962468,3,6,27.0453367760615,97.3632123938215,-0.00686693120573852,12.1908373555098,800.930346102381,0,0,0,1.225
1528.86960803938,39.3277748269884,3,6,27.0452740906609,97.3629867263791,-0.00669615478158889,12.1907808439829,801.063229004195,0,0,0,1.225
1529.11960214974,39.3370183788866,3,6,27.0452129639415,97.3627666701894,-0.00652965289065385,12.1907257377491,801.192785239583,0,0,0,1.225
1529.36959626011,39.3462619514154,3,6,27.0451533569027,97.3625520848499,-0.00636731718568767,12.1906720016398,801.319099159923,0,0,0,1.225
1529.61959037047,39.3555055440622,3,6,27.0450952315319,97.3623428335148,-0.00620904213371493,12.1906196013771,801.442252924126,0,0,0,1.225
1529.86958448084,39.3647491563268,3,6,27.0450385507784,97.3621387828022,-0.00605472493803944,12.1905685035515,801.5623265595,0,0,0,1.225
1530.1195785912,39.3739927877219,3,6,27.0449832785292,97.361939802705,-0.00590426546593779,12.1905186755987,801.679398018104,0,0,0,1.225
1530.36957270157,39.3832364377723,3,6,27.0449293795842,97.3617457665031,-0.00575756617407898,12.1904700857783,801.79354323497,0,0,0,1.225
1530.61956681193,39.3924801060144,3,6,27.044876819633,97.3615565506786,-0.00561453204167497,12.190422703152,801.904836180165,0,0,0,1.225
1530.8695609223,39.4017237919965,3,6,27.0448255652315,97.3613720348333,-0.00547507050044799,12.1903764975633,802.013348913454,0,0,0,1.225
1531.11955503266,39.4109674952779,3,6,27.04477558378,97.361192101608,-0.00533909136869057,12.190331439617,802.119151635715,0,0,0,1.225
1531.36954914303,39.4202112154293,3,6,27.0447268435012,97.3610166366042,-0.00520650678850895,12.1902875006599,802.222312737844,0,0,0,1.225
1531.6195432534,39.4294549520316,3,6,27.044679313419,97.3608455283083,-0.00507723116397601,12.1902446527612,802.322898848973,0,0,0,1.225
1531.86953736376,39.4386987046766,3,6,27.044632963338,97.3606786680169,-0.0049511810983746,12.1902028686945,802.420974885442,0,0,0,1.225
1532.11953147413,39.447942472966,3,6,27.0445877638236,97.3605159497651,-0.00482827533758019,12.1901621219193,802.516604094898,0,0,0,1.225
1532.36952558449,39.4571862565115,3,6,27.0445436861821,97.3603572702557,-0.0047084347123066,12.1901223865636,802.609848101335,0,0,0,1.225
1532.61951969486,39.4664300549346,3,6,27.0445007024421,97.3602025287914,-0.00459158208421719,12.1900836374065,802.700766947065,0,0,0,1.225
1532.86951380522,39.4756738678661,3,6,27.0444587853355,97.3600516272078,-0.0044776422883979,12.1900458498618,802.789419137642,0,0,0,1.225
1533.11950791559,39.4849176949461,3,6,27.0444179082802,97.3599044698086,-0.00436654208492559,12.1900089999618,802.87586167953,0,0,0,1.225
1533.36950202595,39.4941615358235,3,6,27.0443780453619,97.3597609633029,-0.00425821010679819,12.1899730643409,802.960150120712,0,0,0,1.225
1533.61949613632,39.503405390156,3,6,27.0443391713176,97.3596210167432,-0.00415257680945657,12.189938020221,803.042338590056,0,0,0,1.225
1533.86949024668,39.5126492576101,3,6,27.0443012615183,97.3594845414659,-0.00404957442394447,12.189903845396,803.122479833791,0,0,0,1.225
1534.11948435705,39.5218931378602,3,6,27.0442642919536,97.359351451033,-0.00394913690938628,12.1898705182173,803.200625252564,0,0,0,1.225
1534.36947846741,39.531137030589,3,6,27.0442282392154,97.3592216611753,-0.00385119990887549,12.1898380175796,803.276824935788,0,0,0,1.225
1534.61947257778,39.5403809354872,3,6,27.0441930804826,97.3590950897373,-0.003755700702862,12.189806322907,803.351127698011,0,0,0,1.225
1534.86946668814,39.5496248522529,3,6,27.0441587935065,97.3589716566234,-0.00366257816981557,12.1897754141399,803.423581109504,0,0,0,1.225
1535.11946079851,39.5588687805921,3,6,27.0441253565959,97.3588512837454,-0.0035717727414321,12.1897452717213,803.494231531215,0,0,0,1.225
1535.36945490887,39.5681127202177,3,6,27.0440927486032,97.3587338949714,-0.00348322636284234,12.1897158765842,803.563124145769,0,0,0,1.225
1535.61944901924,39.57735667085,3,6,27.0440609489102,97.3586194160766,-0.00339688245350269,12.1896872101395,803.630302987923,0,0,0,1.225
1535.8694431296,39.5866006322163,3,6,27.0440299374151,97.3585077746943,-0.00331268586945027,12.1896592542634,803.695810973964,0,0,0,1.225
1536.11943723997,39.5958446040505,3,6,27.0439996945193,97.3583989002693,-0.00323058286442111,12.189631991286,803.75968993203,0,0,0,1.225
1536.36943135033,39.6050885860932,3,6,27.0439702011143,97.3582927240116,-0.0031505210546064,12.1896054039793,803.821980629549,0,0,0,1.225
1536.6194254607,39.6143325780914,3,6,27.04394143857,97.3581891788519,-0.00307244938249923,12.1895794755467,803.882722801415,0,0,0,1.225
1536.86941957106,39.6235765797985,3,6,27.0439133887217,97.358088199398,-0.00299631808369724,12.1895541896113,803.94195517583,0,0,0,1.225
1537.11941368143,39.6328205909739,3,6,27.043886033859,97.3579897218923,-0.0029220786514315,12.1895295302059,803.999715501973,0,0,0,1.225
1537.36940779179,39.6420646113831,3,6,27.0438593567141,97.3578936841706,-0.00284968380723461,12.1895054817622,804.056040572781,0,0,0,1.225
1537.61940190216,39.6513086407973,3,6,27.0438333404505,97.3578000256219,-0.00277908746501481,12.1894820291011,804.110966253024,0,0,0,1.225
1537.86939601252,39.6605526789935,3,6,27.0438079686525,97.357708687149,-0.00271024470468003,12.1894591574225,804.164527499757,0,0,0,1.225
1538.11939012289,39.6697967257541,3,6,27.0437832253139,97.3576196111301,-0.00264311173848578,12.1894368522962,804.216758388603,0,0,0,1.225
1538.36938423325,39.679040780867,3,6,27.0437590948284,97.3575327413822,-0.00257764588374964,12.1894150996519,804.267692134973,0,0,0,1.225
1538.61937834362,39.6882848441253,3,6,27.043735561979,97.3574480231243,-0.00251380553397418,12.1893938857708,804.317361116557,0,0,0,1.225
1538.86937245398,39.6975289153275,3,6,27.0437126119284,97.3573654029421,-0.00245155013156143,12.1893731972762,804.365796894573,0,0,0,1.225
1539.11936656435,39.7067729942766,3,6,27.0436902302094,97.357284828754,-0.00239084014007265,12.1893530211254,804.413030235389,0,0,0,1.225
1539.36936067471,39.716017080781,3,6,27.0436684027158,97.3572062497769,-0.00233163701898929,12.1893333446008,804.459091130153,0,0,0,1.225
1539.61935478508,39.7252611746535,3,6,27.0436471156928,97.3571296164941,-0.00227390319665481,12.189314155302,804.504008815904,0,0,0,1.225
1539.86934889545,39.7345052757117,3,6,27.0436263557287,97.3570548806232,-0.00221760204730948,12.1892954411377,804.547811793412,0,0,0,1.225
1540.11934300581,39.7437493837777,3,6,27.0436061097458,97.356981995085,-0.00216269786676077,12.189277190318,804.59052784613,0,0,0,1.225
1540.36933711618,39.7529934986781,3,6,27.0435863649926,97.3569109139734,-0.00210915584646216,12.1892593913469,804.632184060428,0,0,0,1.225
1540.61933122654,39.7622376202436,3,6,27.0435671090349,97.3568415925257,-0.00205694205373118,12.1892420330146,804.672806840931,0,0,0,1.225
1540.86932533691,39.7714817483092,3,6,27.0435483297484,97.3567739870944,-0.00200602340696504,12.1892251043907,804.71242192987,0,0,0,1.225
1541.11931944727,39.7807258827142,3,6,27.0435300153107,97.3567080551185,-0.00195636765608611,12.1892085948169,804.751054422266,0,0,0,1.225
1541.36931355764,39.7899700233014,3,6,27.0435121541936,97.356643755097,-0.00190794335889443,12.1891924939003,804.788728784388,0,0,0,1.225
1541.619307668,39.7992141699181,3,6,27.0434947351559,97.3565810465614,-0.00186071986242269,12.1891767915068,804.825468868236,0,0,0,1.225
1541.86930177837,39.8084583224148,3,6,27.0434777472364,97.3565198900509,-0.00181466728269943,12.1891614777545,804.861297927298,0,0,0,1.225
1542.11929588873,39.8177024806461,3,6,27.0434611797461,97.3564602470861,-0.00176975648451239,12.1891465430073,804.896238632322,0,0,0,1.225
1542.3692899991,39.8269466444702,3,6,27.0434450222626,97.3564020801453,-0.00172595906185382,12.189131977869,804.93031308655,0,0,0,1.225
1542.61928410946,39.8361908137485,3,6,27.0434292646222,97.3563453526398,-0.00168324732086712,12.189117773177,804.963542838967,0,0,0,1.225
1542.86927821983,39.8454349883461,3,6,27.0434138969141,97.3562900288909,-0.00164159426142913,12.1891039199968,804.995948898646,0,0,0,1.225
1543.11927233019,39.8546791681315,3,6,27.0433989094742,97.3562360741072,-0.00160097355850501,12.1890904096159,805.027551749285,0,0,0,1.225
1543.36926644056,39.8639233529761,3,6,27.0433842928784,97.3561834543621,-0.00156135954623175,12.1890772335383,805.058371361576,0,0,0,1.225
1543.61926055092,39.873167542755,3,6,27.0433700379368,97.3561321365725,-0.00152272719995521,12.1890643834796,805.088427207213,0,0,0,1.225
1543.86925466129,39.8824117373459,3,6,27.0433561356882,97.3560820884774,-0.00148505212167786,12.189051851361,805.11773827019,0,0,0,1.225
1544.11924877165,39.8916559366299,3,6,27.0433425773937,97.3560332786175,-0.00144831052300535,12.1890396293046,805.146323060097,0,0,0,1.225
1544.36924288202,39.9009001404908,3,6,27.043329354532,97.3559856763153,-0.00141247920968476,12.1890277096282,805.174199624159,0,0,0,1.225
1544.61923699238,39.9101443488154,3,6,27.0433164587931,97.3559392516553,-0.00137753556727967,12.1890160848405,805.201385558377,0,0,0,1.225
1544.86923110275,39.9193885614932,3,6,27.0433038820736,97.3558939754651,-0.00134345754661796,12.1890047476363,805.227898018847,0,0,0,1.225
1545.11922521311,39.9286327784167,3,6,27.0432916164713,97.3558498192968,-0.00131022364855738,12.1889936908918,805.253753733647,0,0,0,1.225
1545.36921932348,39.9378769994808,3,6,27.0432796542803,97.3558067554091,-0.00127781291034282,12.1889829076602,805.278969013448,0,0,0,1.225
1545.61921343384,39.947121224583,3,6,27.043267987986,97.3557647567495,-0.00124620489355522,12.1889723911671,805.30355976086,0,0,0,1.225
1545.86920754421,39.9563654536234,3,6,27.0432566102602,97.3557237969368,-0.00121537966819503,12.1889621348064,805.327541482887,0,0,0,1.225
1546.11920165457,39.9656096865048,3,6,27.043245513957,97.3556838502452,-0.00118531780245015,12.1889521321359,805.350929298831,0,0,0,1.225
1546.36919576494,39.974853923132,3,6,27.0432346921075,97.355644891587,-0.00115600034928061,12.1889423768734,805.373737950754,0,0,0,1.225
1546.6191898753,39.9840981634124,3,6,27.0432241379159,97.3556068964974,-0.00112740883323051,12.1889328628927,805.395981813765,0,0,0,1.225
1546.86918398567,39.9933424072556,3,6,27.0432138447552,97.3555698411186,-0.00109952524042341,12.1889235842193,805.417674903767,0,0,0,1.225
1547.11917809603,40.0025866545737,3,6,27.0432038061624,97.3555337021847,-0.00107233200423744,12.1889145350273,805.438830888665,0,0,0,1.225
1547.3691722064,40.0118309052805,3,6,27.0431940158353,97.3554984570072,-0.0010458119982565,12.1889057096352,805.459463093763,0,0,0,1.225
1547.61916631676,40.0210751592924,3,6,27.0431844676279,97.3554640834603,-0.0010199485201264,12.1888971025025,805.479584514438,0,0,0,1.225
1547.86916042713,40.0303194165275,3,6,27.0431751555464,97.3554305599671,-0.000994725285415633,12.1888887082261,805.499207820821,0,0,0,1.225
1548.1191545375,40.0395636769062,3,6,27.0431660737461,97.3553978654858,-0.00097012641419996,12.1888805215368,805.518345368302,0,0,0,1.225
1548.36914864786,40.0488079403508,3,6,27.0431572165268,97.3553659794966,-0.000946136422422051,12.1888725372965,805.537009204223,0,0,0,1.225
1548.61914275823,40.0580522067854,3,6,27.0431485783301,97.3553348819883,-0.000922740211204655,12.1888647504939,805.55521107621,0,0,0,1.225
1548.86913686859,40.0672964761361,3,6,27.043140153735,97.355304553446,-0.000899923056845923,12.1888571562426,805.572962439969,0,0,0,1.225
1549.11913097896,40.0765407483308,3,6,27.0431319374552,97.3552749748386,-0.000877670603543281,12.1888497497768,805.590274464901,0,0,0,1.225
1549.36912508932,40.0857850232991,3,6,27.0431239243353,97.355246127607,-0.000855968850887582,12.1888425264492,805.607158043908,0,0,0,1.225
1549.61911919969,40.0950293009725,3,6,27.0431161093477,97.3552179936518,-0.000834804148406008,12.1888354817277,805.623623797564,0,0,0,1.225
1549.86911331005,40.1042735812841,3,6,27.0431084875896,97.3551905553226,-0.000814163183510985,12.1888286111924,805.639682083566,0,0,0,1.225
1550.11910742042,40.1135178641687,3,6,27.0431010542795,97.3551637954062,-0.000794032976043082,12.1888219105329,805.655343000917,0,0,0,1.225
1550.36910153078,40.1227621495627,3,6,27.0430938047545,97.3551376971161,-0.000774400867129443,12.1888153755458,805.670616398654,0,0,0,1.225
1550.61909564115,40.1320064374039,3,6,27.0430867344672,97.3551122440818,-0.000755254513954065,12.1888090021319,805.685511879862,0,0,0,1.225
1550.86908975151,40.141250727632,3,6,27.0430798389829,97.3550874203384,-0.0007365818799805,12.1888027862934,805.700038809322,0,0,0,1.225
1551.11908386188,40.1504950201879,3,6,27.0430731139768,97.3550632103165,-0.000718371227220972,12.1887967241316,805.714206319527,0,0,0,1.225
1551.36907797224,40.1597393150141,3,6,27.0430665552313,97.3550395988325,-0.000700611110324518,12.1887908118445,805.728023315251,0,0,0,1.225
1551.61907208261,40.1689836120543,3,6,27.0430601586331,97.3550165710791,-0.00068329036702707,12.1887850457241,805.741498481031,0,0,0,1.225
1551.86906619297,40.178227911254,3,6,27.043053920171,97.3549941126157,-0.000666398114058633,12.1887794221546,805.754640284282,0,0,0,1.225
1552.11906030334,40.1874722125596,3,6,27.0430478359331,97.3549722093593,-0.000649923736683848,12.1887739376095,805.767456983519,0,0,0,1.225
1552.3690544137,40.1967165159193,3,6,27.0430419021044,97.3549508475758,-0.000633856885291308,12.1887685886495,805.779956630935,0,0,0,1.225
1552.61904852407,40.205960821282,3,6,27.0430361149642,97.3549300138712,-0.000618187465616261,12.188763371921,805.79214708008,0,0,0,1.225
1552.86904263443,40.2152051285985,3,6,27.0430304708843,97.3549096951834,-0.000602905636012055,12.1887582841529,805.804035987907,0,0,0,1.225
1553.1190367448,40.2244494378203,3,6,27.043024966326,97.3548898787736,-0.000588001797218092,12.1887533221555,805.815630822814,0,0,0,1.225
1553.36903085516,40.2336937489004,3,6,27.0430195978385,97.3548705522185,-0.000573466589176512,12.1887484828179,805.826938867065,0,0,0,1.225
1553.61902496553,40.2429380617927,3,6,27.0430143620562,97.3548517034024,-0.000559290884210827,12.1887437631063,805.837967222114,0,0,0,1.225
1553.86901907589,40.2521823764526,3,6,27.0430092556971,97.3548333205096,-0.000545465781114065,12.188739160062,805.848722813209,0,0,0,1.225
1554.11901318626,40.2614266928364,3,6,27.0430042755602,97.3548153920169,-0.000531982599236915,12.1887346707995,805.859212393997,0,0,0,1.225
1554.36900729662,40.2706710109014,3,6,27.042999418524,97.3547979066865,-0.000518832873485389,12.1887302925048,805.869442550407,0,0,0,1.225
1554.61900140699,40.279915330606,3,6,27.0429946815441,97.3547808535586,-0.000506008349091103,12.1887260224337,805.879419704715,0,0,0,1.225
1554.86899551735,40.2891596519098,3,6,27.0429900616514,97.354764221945,-0.000493500975244666,12.1887218579096,805.889150120525,0,0,0,1.225
1555.11898962772,40.2984039747732,3,6,27.0429855559505,97.3547480014219,-0.000481302901457613,12.1887177963225,805.898639905566,0,0,0,1.225
1555.36898373808,40.3076482991577,3,6,27.0429811616176,97.3547321818234,-0.000469406471877931,12.1887138351267,805.907895016132,0,0,0,1.225
1555.61897784845,40.3168926250256,3,6,27.0429768758987,97.3547167532354,-0.00045780422028772,12.1887099718399,805.916921260977,0,0,0,1.225
1555.86897195881,40.3261369523403,3,6,27.0429726961081,97.3547017059891,-0.000446488866010371,12.1887062040408,805.925724304489,0,0,0,1.225
1556.11896606918,40.3353812810661,3,6,27.0429686196264,97.354687030655,-0.000435453307998709,12.1887025293683,805.934309671313,0,0,0,1.225
1556.36896017955,40.3446256111681,3,6,27.0429646438992,97.354672718037,-0.000424690622106446,12.1886989455197,805.942682748442,0,0,0,1.225
1556.61895428991,40.3538699426122,3,6,27.0429607664352,97.3546587591666,-0.000414194056085845,12.1886954502492,805.950848789116,0,0,0,1.225
1556.86894840028,40.3631142753653,3,6,27.0429569848048,97.3546451452972,-0.000403957023448479,12.1886920413667,805.958812917647,0,0,0,1.225
1557.11894251064,40.372358609395,3,6,27.0429532966385,97.3546318678984,-0.000393973103010481,12.1886887167361,805.966580129688,0,0,0,1.225
1557.36893662101,40.3816029446698,3,6,27.0429496996254,97.3546189186514,-0.000384236031389031,12.1886854742745,805.974155298145,0,0,0,1.225
1557.61893073137,40.390847281159,3,6,27.0429461915119,97.3546062894427,-0.000374739700955946,12.1886823119501,805.981543174734,0,0,0,1.225
1557.86892484174,40.4000916188324,3,6,27.0429427701,97.3545939723598,-0.000365478154607962,12.1886792277817,805.988748394072,0,0,0,1.225
1558.1189189521,40.4093359576608,3,6,27.0429394332461,97.3545819596861,-0.000356445584402462,12.188676219837,805.995775474694,0,0,0,1.225
1558.36891306247,40.4185802976158,3,6,27.0429361788599,97.3545702438955,-0.000347636324963479,12.1886732862315,806.002628824241,0,0,0,1.225
1558.61890717283,40.4278246386693,3,6,27.0429330049024,97.3545588176486,-0.00033904485143529,12.1886704251273,806.009312741023,0,0,0,1.225
1558.8689012832,40.4370689807944,3,6,27.0429299093853,97.354547673787,-0.000330665776526486,12.1886676347321,806.015831416306,0,0,0,1.225
1559.11889539356,40.4463133239645,3,6,27.0429268903694,97.35453680533,-0.000322493845735013,12.1886649132978,806.02218893806,0,0,0,1.225
1559.36888950393,40.4555576681538,3,6,27.0429239459636,97.3545262054691,-0.000314523935074382,12.1886622591196,806.028389292699,0,0,0,1.225
1559.61888361429,40.464802013337,3,6,27.0429210743234,97.3545158675644,-0.000306751046980844,12.1886596705348,806.034436368291,0,0,0,1.225
1559.86887772466,40.4740463594898,3,6,27.0429182736501,97.3545057851402,-0.000299170308266982,12.1886571459219,806.040333956123,0,0,0,1.225
1560.11887183502,40.4832907065879,3,6,27.0429155421892,97.3544959518811,-0.000291776966256265,12.1886546836996,806.046085753726,0,0,0,1.225
1560.36886594539,40.4925350546082,3,6,27.0429128782299,97.3544863616278,-0.000284566385599745,12.1886522823256,806.051695367358,0,0,0,1.225
1560.61886005575,40.5017794035279,3,6,27.0429102801037,97.3544770083733,-0.000277534046002262,12.1886499402956,806.057166313754,0,0,0,1.225
1560.86885416612,40.5110237533246,3,6,27.0429077461831,97.3544678862592,-0.00027067553903914,12.1886476561428,806.062502022617,0,0,0,1.225
1561.11884827648,40.5202681039767,3,6,27.0429052748811,97.354458989572,-0.000263986565655019,12.1886454284366,806.067705838554,0,0,0,1.225
1561.36884238685,40.5295124554632,3,6,27.0429028646499,97.3544503127396,-0.000257462932980544,12.1886432557815,806.072781023561,0,0,0,1.225
1561.61883649721,40.5387568077633,3,6,27.0429005139799,97.3544418503276,-0.000251100552285961,12.1886411368169,806.077730758609,0,0,0,1.225
1561.86883060758,40.548001160857,3,6,27.0428982213989,97.3544335970359,-0.000244895435115665,12.1886390702156,806.082558146671,0,0,0,1.225
1562.11882471794,40.5572455147246,3,6,27.042895985471,97.3544255476957,-0.000238843693288207,12.1886370546834,806.087266212677,0,0,0,1.225
1562.36881882831,40.566489869347,3,6,27.0428938047961,97.3544176972658,-0.000232941532984435,12.1886350889579,806.091857908181,0,0,0,1.225
1562.61881293867,40.5757342247057,3,6,27.0428916780083,97.3544100408298,-0.000227185256339149,12.1886331718082,806.096336110038,0,0,0,1.225
1562.86880704904,40.5849785807823,3,6,27.0428896037758,97.3544025735928,-0.000221571255301867,12.1886313020334,806.100703625268,0,0,0,1.225
1563.1188011594,40.5942229375591,3,6,27.0428875807996,97.3543952908786,-0.000216096012091582,12.1886294784628,806.104963190638,0,0,0,1.225
1563.36879526977,40.6034672950189,3,6,27.0428856078129,97.3543881881263,-0.000210756095331321,12.1886276999542,806.109117475706,0,0,0,1.225
1563.61878938013,40.6127116531448,3,6,27.0428836835801,97.3543812608882,-0.000205548158911244,12.188625965394,806.113169083685,0,0,0,1.225
1563.8687834905,40.6219560119202,3,6,27.0428818068962,97.3543745048263,-0.000200468940397001,12.188624273696,806.11712055267,0,0,0,1.225
1564.11877760086,40.6312003713292,3,6,27.0428799765861,97.3543679157099,-0.00019551525602738,12.1886226238007,806.120974359593,0,0,0,1.225
1564.36877171123,40.6404447313561,3,6,27.0428781915036,97.3543614894129,-0.000190684002760732,12.188621014675,806.124732918543,0,0,0,1.225
1564.6187658216,40.6496890919857,3,6,27.0428764505309,97.3543552219113,-0.000185972153045243,12.1886194453113,806.128398584908,0,0,0,1.225
1564.86875993196,40.6589334532029,3,6,27.0428747525779,97.3543491092805,-0.000181376755273695,12.1886179147269,806.131973654968,0,0,0,1.225
1565.11875404233,40.6681778149934,3,6,27.0428730965814,97.354343147693,-0.000176894930372785,12.1886164219634,806.135460368582,0,0,0,1.225
1565.36874815269,40.6774221773429,3,6,27.0428714815044,97.3543373334158,-0.000172523869984086,12.188614966086,806.138860910605,0,0,0,1.225
1565.61874226306,40.6866665402377,3,6,27.0428699063356,97.3543316628083,-0.000168260836236671,12.1886135461832,806.142177411031,0,0,0,1.225
1565.86873637342,40.6959109036642,3,6,27.0428683700889,97.3543261323199,-0.00016410315810905,12.1886121613659,806.145411947865,0,0,0,1.225
1566.11873048379,40.7051552676094,3,6,27.0428668718021,97.3543207384877,-0.000160048231201788,12.1886108107669,806.148566547269,0,0,0,1.225
1566.36872459415,40.7143996320603,3,6,27.0428654105374,97.3543154779346,-0.000156093515691097,12.1886094935407,806.151643185161,0,0,0,1.225
1566.61871870452,40.7236439970046,3,6,27.0428639853796,97.3543103473667,-0.000152236533372904,12.1886082088624,806.154643789548,0,0,0,1.225
1566.86871281488,40.73288836243,3,6,27.0428625954366,97.3543053435717,-0.000148474869254509,12.1886069559277,806.157570239215,0,0,0,1.225
1567.11870692525,40.7421327283246,3,6,27.042861239838,97.3543004634167,-0.000144806166552244,12.1886057339522,806.160424367696,0,0,0,1.225
1567.36870103561,40.7513770946769,3,6,27.0428599177351,97.3542957038463,-0.00014122812714623,12.1886045421707,806.163207962876,0,0,0,1.225
1567.61869514598,40.7606214614755,3,6,27.0428586283001,97.3542910618804,-0.000137738510216106,12.1886033798371,806.165922768052,0,0,0,1.225
1567.86868925634,40.7698658287094,3,6,27.0428573707258,97.3542865346129,-0.000134335129739857,12.1886022462236,806.168570483903,0,0,0,1.225
1568.11868336671,40.7791101963678,3,6,27.0428561442248,97.3542821192092,-0.000131015854721192,12.1886011406206,806.171152768275,0,0,0,1.225
1568.36867747707,40.7883545644403,3,6,27.0428549480292,97.354277812905,-0.000127778605096727,12.1886000623357,806.173671239432,0,0,0,1.225
1568.61867158744,40.7975989329166,3,6,27.04285378139,97.3542736130041,-0.000124621354009768,12.188599010694,806.176127474202,0,0,0,1.225
1568.8686656978,40.8068433017868,3,6,27.042852643577,97.3542695168774,-0.00012154212439963,12.188597985037,806.17852301068,0,0,0,1.225
1569.11865980817,40.8160876710411,3,6,27.0428515338778,97.3542655219602,-0.000118538987182605,12.1885969847226,806.180859349656,0,0,0,1.225
1569.36865391853,40.82533204067,3,6,27.0428504515976,97.3542616257515,-0.000115610061479339,12.1885960091246,806.183137954408,0,0,0,1.225
1569.6186480289,40.8345764106643,3,6,27.042849396059,97.3542578258122,-0.000112753513477937,12.1885950576321,806.185360251581,0,0,0,1.225
1569.86864213926,40.8438207810149,3,6,27.0428483666009,97.3542541197634,-0.000109967553932795,12.1885941296495,806.187527633169,0,0,0,1.225
1570.11863624963,40.8530651517131,3,6,27.0428473625791,97.3542505052848,-0.000107250438619357,12.1885932245959,806.189641456121,0,0,0,1.225
1570.36863035999,40.8623095227502,3,6,27.0428463833649,97.3542469801138,-0.000104600465150811,12.1885923419046,806.191703044867,0,0,0,1.225
1570.61862447036,40.8715538941179,3,6,27.0428454283454,97.3542435420434,-0.000102015974569736,12.188591481023,806.193713690017,0,0,0,1.225
1570.86861858072,40.880798265808,3,6,27.0428444969226,97.3542401889214,-9.94953488469406e-05,12.1885906414123,806.195674650345,0,0,0,1.225
1571.11861269109,40.8900426378125,3,6,27.0428435885135,97.3542369186486,-9.7037008607667e-05,12.1885898225468,806.197587154581,0,0,0,1.225
1571.36860680145,40.8992870101237,3,6,27.0428427025494,97.3542337291777,-9.46394149506255e-05,12.1885890239138,806.199452399937,0,0,0,1.225
1571.61860091182,40.908531382734,3,6,27.0428418384756,97.3542306185123,-9.23010664920669e-05,12.1885882450135,806.201271554448,0,0,0,1.225
1571.86859502218,40.917775755636,3,6,27.0428409957514,97.3542275847049,-9.00204993657819e-05,12.1885874853582,806.203045756951,0,0,0,1.225
1572.11858913255,40.9270201288225,3,6,27.042840173849,97.3542246258565,-8.77962849493116e-05,12.1885867444724,806.204776118888,0,0,0,1.225
1572.36858324291,40.9362645022865,3,6,27.0428393722541,97.3542217401147,-8.56270307734631e-05,12.1885860218922,806.206463723553,0,0,0,1.225
1572.61857735328,40.9455088760211,3,6,27.0428385904647,97.354218925673,-8.35113784758981e-05,12.1885853171655,806.208109627716,0,0,0,1.225
1572.86857146365,40.9547532500196,3,6,27.0428378279916,97.3542161807698,-8.14480033463753e-05,12.1885846298509,806.209714861961,0,0,0,1.225
1573.11856557401,40.9639976242755,3,6,27.0428370843574,97.3542135036868,-7.9435613417234e-05,12.1885839595183,806.211280431402,0,0,0,1.225
1573.36855968438,40.9732419987824,3,6,27.0428363590967,97.3542108927481,-7.74729485538779e-05,12.188583305748,806.212807316389,0,0,0,1.225
1573.61855379474,40.9824863735343,3,6,27.0428356517554,97.3542083463193,-7.55587806821543e-05,12.1885826681308,806.21429647231,0,0,0,1.225
1573.86854790511,40.9917307485249,3,6,27.0428349618907,97.3542058628065,-7.36919099229106e-05,12.1885820462676,806.215748832665,0,0,0,1.225
1574.11854201547,41.0009751237483,3,6,27.0428342890708,97.354203440655,-7.18711686848165e-05,12.1885814397691,806.217165305777,0,0,0,1.225
1574.36853612584,41.010219499199,3,6,27.0428336328746,97.3542010783486,-7.00954166620259e-05,12.1885808482556,806.218546778777,0,0,0,1.225
1574.6185302362,41.0194638748711,3,6,27.0428329928913,97.3541987744087,-6.83635415163132e-05,12.1885802713568,806.219894117042,0,0,0,1.225
1574.86852434657,41.0287082507593,3,6,27.0428323687203,97.354196527393,-6.66744593318324e-05,12.1885797087118,806.221208163818,0,0,0,1.225
1575.11851845693,41.0379526268582,3,6,27.0428317599709,97.3541943358951,-6.50271125687046e-05,12.1885791599681,806.222489741837,0,0,0,1.225
1575.3685125673,41.0471970031627,3,6,27.042831166262,97.354192198543,-6.34204698356402e-05,12.1885786247825,806.223739653493,0,0,0,1.225
1575.61850667766,41.0564413796675,3,6,27.042830587222,97.3541901139991,-6.18535249804217e-05,12.1885781028198,806.224958681546,0,0,0,1.225
1575.86850078803,41.0656857563679,3,6,27.0428300224884,97.3541880809584,-6.03252977720415e-05,12.1885775937534,806.226147588568,0,0,0,1.225
1576.11849489839,41.0749301332589,3,6,27.0428294717079,97.3541860981483,-5.88348309447743e-05,12.1885770972645,806.227307119293,0,0,0,1.225
1576.36848900876,41.0841745103358,3,6,27.0428289345355,97.3541841643278,-5.73811911076929e-05,12.1885766130425,806.228437999876,0,0,0,1.225
1576.61848311912,41.0934188875941,3,6,27.0428284106351,97.3541822782864,-5.59634685172898e-05,12.1885761407842,806.229540938063,0,0,0,1.225
1576.86847722949,41.1026632650292,3,6,27.0428278996787,97.3541804388435,-5.45807761679605e-05,12.1885756801941,806.230616623903,0,0,0,1.225
1577.11847133985,41.1119076426369,3,6,27.0428274013466,97.3541786448478,-5.32322470634552e-05,12.1885752309837,806.231665731921,0,0,0,1.225
1577.36846545022,41.1211520204128,3,6,27.0428269153267,97.3541768951763,-5.19170383097019e-05,12.188574792872,806.232688917836,0,0,0,1.225
1577.61845956058,41.1303963983527,3,6,27.042826441315,97.3541751887338,-5.06343258850879e-05,12.1885743655847,806.233686822721,0,0,0,1.225
1577.86845367095,41.1396407764527,3,6,27.0428259790145,97.3541735244524,-4.93833071416298e-05,12.1885739488544,806.234660071005,0,0,0,1.225
1578.11844778131,41.1488851547087,3,6,27.0428255281361,97.3541719012901,-4.81631985311827e-05,12.1885735424202,806.235609272272,0,0,0,1.225
1578.36844189168,41.158129533117,3,6,27.0428250883975,97.3541703182312,-4.69732365149566e-05,12.1885731460277,806.236535020523,0,0,0,1.225
1578.61843600204,41.1673739116737,3,6,27.0428246595235,97.3541687742846,-4.58126757444841e-05,12.1885727594289,806.237437895624,0,0,0,1.225
1578.86843011241,41.1766182903752,3,6,27.0428242412456,97.354167268484,-4.46807901985154e-05,12.1885723823816,806.238318462387,0,0,0,1.225
1579.11842422277,41.1858626692179,3,6,27.0428238333019,97.354165799887,-4.35768713639865e-05,12.1885720146501,806.23917727201,0,0,0,1.225
1579.36841833314,41.1951070481983,3,6,27.0428234354373,97.3541643675742,-4.25002275538813e-05,12.1885716560039,806.240014862616,0,0,0,1.225
1579.6184124435,41.204351427313,3,6,27.0428230474026,97.3541629706492,-4.14501854988858e-05,12.1885713062188,806.240831757973,0,0,0,1.225
1579.86840655387,41.2135958065588,3,6,27.0428226689549,97.3541616082376,-4.04260873914599e-05,12.1885709650757,806.241628469843,0,0,0,1.225
1580.11840066423,41.2228401859322,3,6,27.0428222998574,97.3541602794867,-3.9427292932249e-05,12.1885706323611,806.242405496341,0,0,0,1.225
1580.3683947746,41.2320845654303,3,6,27.0428219398791,97.3541589835648,-3.84531756920195e-05,12.1885703078668,806.243163324834,0,0,0,1.225
1580.61838888496,41.24132894505,3,6,27.0428215887947,97.3541577196608,-3.75031265223442e-05,12.1885699913897,806.243902429208,0,0,0,1.225
1580.86838299533,41.2505733247881,3,6,27.0428212463843,97.3541564869836,-3.65765510544332e-05,12.1885696827316,806.244623271852,0,0,0,1.225
1581.1183771057,41.2598177046419,3,6,27.0428209124338,97.3541552847617,-3.56728687896171e-05,12.1885693816994,806.245326304387,0,0,0,1.225
1581.36837121606,41.2690620846083,3,6,27.042820586734,97.3541541122425,-3.47915142362432e-05,12.1885690881048,806.246011966741,0,0,0,1.225
1581.61836532643,41.2783064646848,3,6,27.0428202690812,97.3541529686923,-3.39319357727794e-05,12.1885688017638,806.246680688057,0,0,0,1.225
1581.86835943679,41.2875508448685,3,6,27.0428199592764,97.3541518533952,-3.30935949656774e-05,12.1885685224973,806.247332887226,0,0,0,1.225
1582.11835354716,41.2967952251567,3,6,27.0428196571259,97.3541507656532,-3.22759677062682e-05,12.1885682501306,806.247968971973,0,0,0,1.225
1582.36834765752,41.306039605547,3,6,27.0428193624404,97.3541497047855,-3.14785414822133e-05,12.188567984493,806.248589341029,0,0,0,1.225
1582.61834176789,41.3152839860367,3,6,27.0428190750356,97.3541486701281,-3.07008176512952e-05,12.1885677254185,806.249194382312,0,0,0,1.225
1582.86833882307,41.3245261979331,3,7,27.0694820119492,97.4501352430169,5.77120218061214,0,5424.82617866546,0,0,0,1.225
1583.11833882307,41.3337526153886,3,7,27.1227367877056,97.6418524357401,5.77277565906616,0,5429.26677032074,0,0,0,1.225
1583.36833882307,41.342960950026,3,7,27.1759016784244,97.833246042328,5.77434906187068,0,5433.70816881556,0,0,0,1.225
1583.61833882307,41.3521513028664,3,7,27.2289772099162,98.0243179556982,5.77592238909619,0,5438.15037416465,0,0,0,1.225
1583.86833882307,41.3613237739866,3,7,27.2819639030186,98.2150700508671,5.77749564081387,0,5442.59338638328,0,0,0,1.225
1584.11833882307,41.3704784625315,3,7,27.3348622736623,98.4055041851844,5.77906881709396,0,5447.03720548606,0,0,0,1.225
1584.36833882307,41.3796154667266,3,7,27.3876728329346,98.5956221985646,5.78064191800786,0,5451.48183148855,0,0,0,1.225
1584.61833882307,41.3887348838892,3,7,27.4403960871426,98.7854259137135,5.78221494362583,0,5455.92726440541,0,0,0,1.225
1584.86833882307,41.3978368104409,3,7,27.4930325378755,98.9749171363519,5.78378789401745,0,5460.37350425083,0,0,0,1.225
1585.11833882307,41.4069213419186,3,7,27.5455826820654,99.1640976554354,5.78536076925275,0,5464.82055103939,0,0,0,1.225
1585.36833882307,41.4159885729859,3,7,27.5980470120471,99.3529692433697,5.78693356940198,0,5469.26840478586,0,0,0,1.225
1585.61833882307,41.4250385974445,3,7,27.6504260156177,99.5415336562237,5.78850629453427,0,5473.71706550419,0,0,0,1.225
1585.86833882307,41.4340715082451,3,7,27.7027201760939,99.7297926339382,5.79007894471897,0,5478.16653320852,0,0,0,1.225
1586.11833882307,41.4430873974978,3,7,27.7549299723697,99.917747900531,5.7916515200252,0,5482.61680791285,0,0,0,1.225
1586.36833882307,41.4520863564835,3,7,27.8070558789722,100.1054011643,5.7932240205223,0,5487.0678896314,0,0,0,1.225
1586.61833882307,41.4610684756633,3,7,27.859098366117,100.292754118021,5.7947964462785,0,5491.51977837751,0,0,0,1.225
1586.86833882307,41.47003384469,3,7,27.9110578997625,100.479808439145,5.79636879736267,0,5495.97247416513,0,0,0,1.225
1587.11833882307,41.4789825524169,3,7,27.9629349416633,100.666565789988,5.79794107384305,0,5500.42597700768,0,0,0,1.225
1587.36833882307,41.487914686909,3,7,28.0147299494231,100.853027817923,5.79951327578783,0,5504.88028691863,0,0,0,1.225
1587.61833882307,41.4968303354518,3,7,28.0664433765461,101.039196155566,5.80108540326478,0,5509.3354039111,0,0,0,1.225
1587.86833882307,41.5057295845615,3,7,28.1180756724881,101.225072420957,5.80265745634233,0,5513.79132799882,0,0,0,1.225
1588.11833882307,41.5146125199942,3,7,28.1696272827069,101.410658217745,5.80422943508711,0,5518.24805919409,0,0,0,1.225
1588.36833882307,41.5234792267556,3,7,28.2210986487112,101.59595513536,5.8058013395671,0,5522.70559751035,0,0,0,1.225
1588.61833882307,41.5323297891097,3,7,28.2724902081094,101.780964749194,5.80737316984937,0,5527.16394296032,0,0,0,1.225
1588.86833882307,41.541164290588,3,7,28.3238023946575,101.965688620767,5.80894492600078,0,5531.62309555662,0,0,0,1.225
1589.11833882307,41.5499828139988,3,7,28.3750356383059,102.150128297901,5.81051660808794,0,5536.08305531168,0,0,0,1.225
1589.36833882307,41.5587854414352,3,7,28.4261903652458,102.334285314885,5.81208821617815,0,5540.54382223854,0,0,0,1.225
1589.61833882307,41.5675722542846,3,7,28.4772669979551,102.518161192638,5.81365975033714,0,5545.005396349,0,0,0,1.225
1589.86833882307,41.5763433332365,3,7,28.5282659552428,102.701757438874,5.81523121063151,0,5549.46777765561,0,0,0,1.225
1590.11833882307,41.585098758291,3,7,28.5791876522935,102.885075548257,5.81680259712698,0,5553.93096617025,0,0,0,1.225
1590.36833882307,41.5938386087673,3,7,28.6300325007109,103.068117002559,5.81837390988926,0,5558.39496190482,0,0,0,1.225
1590.61833882307,41.6025629633118,3,7,28.6808009085604,103.250883270817,5.81994514898474,0,5562.85976487181,0,0,0,1.225
1590.86833882307,41.6112718999055,3,7,28.7314932804117,103.433375809482,5.82151631447823,0,5567.32537508247,0,0,0,1.225
1591.11833882307,41.6199654958726,3,7,28.7821100173801,103.615596062568,5.82308740643475,0,5571.79179254826,0,0,0,1.225
1591.36833882307,41.6286438278879,3,7,28.8326515171673,103.797545461802,5.82465842492002,0,5576.25901728124,0,0,0,1.225
1591.61833882307,41.6373069719844,3,7,28.883118174102,103.979225426767,5.82622936999906,0,5580.72704929295,0,0,0,1.225
1591.86833882307,41.6459550035608,3,7,28.9335103791793,104.160637365045,5.82780024173553,0,5585.19588859386,0,0,0,1.225
1592.11833882307,41.6545879973891,3,7,28.9838285200999,104.34178267236,5.82937104019516,0,5589.66553519614,0,0,0,1.225
1592.36833882307,41.6632060276216,3,7,29.0340729813088,104.522662732712,5.83094176544091,0,5594.1359891098,0,0,0,1.225
1592.61833882307,41.6718091677983,3,7,29.0842441440329,104.703278918518,5.83251241753851,0,5598.60725034707,0,0,0,1.225
1592.86833882307,41.6803974908538,3,7,29.1343423863185,104.883632590747,5.83408299655025,0,5603.07931891747,0,0,0,1.225
1593.11833882307,41.6889710691246,3,7,29.1843680830681,105.063725099045,5.83565350254139,0,5607.55219483294,0,0,0,1.225
1593.36833882307,41.6975299743555,3,7,29.2343216060769,105.243557781877,5.83722393557446,0,5612.02587810327,0,0,0,1.225
1593.61833882307,41.7060742777066,3,7,29.284203324068,105.423131966645,5.83879429571311,0,5616.5003687392,0,0,0,1.225
1593.86833882307,41.71460404976,3,7,29.3340136027282,105.602448969821,5.84036458302103,0,5620.97566675148,0,0,0,1.225
1594.11833882307,41.7231193605263,3,7,29.383752804742,105.781510097071,5.84193479756073,0,5625.45177215001,0,0,0,1.225
1594.36833882307,41.7316202794511,3,7,29.4334212898267,105.960316643376,5.84350493939496,0,5629.9286849449,0,0,0,1.225
1594.61833882307,41.7401068754215,3,7,29.4830194147652,106.138869893155,5.84507500858672,0,5634.40640514647,0,0,0,1.225
1594.86833882307,41.7485792167719,3,7,29.5325475334396,106.317171120382,5.8466450051983,0,5638.88493276453,0,0,0,1.225
1595.11833882307,41.7570373712908,3,7,29.5820059968639,106.49522158871,5.848214929292,0,5643.36426780893,0,0,0,1.225
1595.36833882307,41.7654814062267,3,7,29.6313951532162,106.673022551578,5.84978478092989,0,5647.84441028938,0,0,0,1.225
1595.61833882307,41.7739113882939,3,7,29.6807153478706,106.850575252334,5.85135456017406,0,5652.3253602156,0,0,0,1.225
1595.86833882307,41.7823273836785,3,7,29.7299669234282,107.027880924342,5.85292426708611,0,5656.80711759701,0,0,0,1.225
1596.11833882307,41.7907294580447,3,7,29.7791502197484,107.204940791094,5.85449390172721,0,5661.28968244267,0,0,0,1.225
1596.36833882307,41.7991176765399,3,7,29.8282655739788,107.381756066324,5.85606346415966,0,5665.7730547626,0,0,0,1.225
1596.61833882307,41.8074921038007,3,7,29.8773133205859,107.558327954109,5.85763295444394,0,5670.2572345654,0,0,0,1.225
1596.86833882307,41.8158528039586,3,7,29.9262937913841,107.734657648983,5.85920237264145,0,5674.74222186044,0,0,0,1.225
1597.11833882307,41.8241998406454,3,7,29.9752073155649,107.910746336034,5.86077171881288,0,5679.22801665654,0,0,0,1.225
1597.36833882307,41.8325332769987,3,7,30.0240542197261,108.086595191014,5.86234099301896,0,5683.7146189626,0,0,0,1.225
1597.61833882307,41.840853175667,3,7,30.0728348278997,108.262205380439,5.86391019532016,0,5688.20202878735,0,0,0,1.225
1597.86833882307,41.8491595988154,3,7,30.1215494615801,108.437578061688,5.86547932577628,0,5692.69024613899,0,0,0,1.225
1598.11833882307,41.8574526081306,3,7,30.1701984397513,108.612714383105,5.86704838444848,0,5697.17927102689,0,0,0,1.225
1598.36833882307,41.8657322648262,3,7,30.2187820789146,108.787615484093,5.86861737139566,0,5701.66910345858,0,0,0,1.225
1598.61833882307,41.8739986296474,3,7,30.2673006931152,108.962282495215,5.87018628667852,0,5706.15974344313,0,0,0,1.225
1598.86833882307,41.8822517628766,3,7,30.3157545939683,109.136716538286,5.87175513035572,0,5710.65119098796,0,0,0,1.225
1599.11833882307,41.8904917243378,3,7,30.3641440906856,109.310918726468,5.87332390248775,0,5715.14344610201,0,0,0,1.225
1599.36833882307,41.8987185734016,3,7,30.412469490101,109.484890164364,5.87489260313305,0,5719.63650879261,0,0,0,1.225
1599.61833882307,41.9069323689905,3,7,30.4607310966955,109.658631948104,5.87646123235072,0,5724.13037906765,0,0,0,1.225
1599.86833882307,41.9151331695827,3,7,30.5089292126229,109.832145165442,5.87802979020034,0,5728.62505693544,0,0,0,1.225
1600.11833882307,41.9233210332177,3,7,30.5570641377336,110.005430895841,5.8795982767399,0,5733.12054240304,0,0,0,1.225
1600.36833882307,41.9314960175003,3,7,30.6051361696,110.17849021056,5.8811666920285,0,5737.61683547844,0,0,0,1.225
1600.61833882307,41.9396581796056,3,7,30.6531456035396,110.351324172743,5.88273503612436,0,5742.11393616894,0,0,0,1.225
1600.86833882307,41.9478075762829,3,7,30.701092732639,110.5239338375,5.88430330908545,0,5746.61184448172,0,0,0,1.225
1601.11833882307,41.9559442638609,3,7,30.7489778477775,110.696320251999,5.88587151096999,0,5751.11056042413,0,0,0,1.225
1601.36833882307,41.9640682982513,3,7,30.7968012376499,110.86848445554,5.88743964183573,0,5755.61008400321,0,0,0,1.225
1601.61833882307,41.9721797349536,3,7,30.8445631887892,111.040427479641,5.88900770174064,0,5760.11041522621,0,0,0,1.225
1601.86833882307,41.9802786290594,3,7,30.8922639855892,111.212150348121,5.8905756907418,0,5764.61155409969,0,0,0,1.225
1602.11833882307,41.9883650352562,3,7,30.9399039103266,111.383654077176,5.89214360889719,0,5769.11350063096,0,0,0,1.225
1602.36833882307,41.9964390078317,3,7,30.9874832431827,111.554939675458,5.89371145626365,0,5773.61625482647,0,0,0,1.225
1602.61833882307,42.0045006006782,3,7,31.0350022622654,111.726008144156,5.89527923289779,0,5778.11981669248,0,0,0,1.225
1602.86833882307,42.0125498672962,3,7,31.08246124363,111.896860477068,5.89684693885738,0,5782.62418623624,0,0,0,1.225
1603.11833882307,42.0205868607986,3,7,31.1298604613002,112.067497660681,5.89841457419834,0,5787.12936346355,0,0,0,1.225
1603.36833882307,42.0286116339147,3,7,31.1772001872894,112.237920674242,5.89998213897729,0,5791.63534838078,0,0,0,1.225
1603.61833882307,42.0366242389939,3,7,31.2244806916204,112.408130489833,5.90154963325131,0,5796.14214099471,0,0,0,1.225
1603.86833882307,42.0446247280095,3,7,31.2717022423461,112.578128072446,5.90311705707563,0,5800.64974131069,0,0,0,1.225
1604.11833882307,42.0526131525628,3,7,31.3188651055694,112.74791438005,5.90468441050621,0,5805.15814933465,0,0,0,1.225
1604.36833882307,42.0605895638864,3,7,31.3659695454625,112.917490363665,5.90625169359987,0,5809.66736507328,0,0,0,1.225
1604.61833882307,42.0685540128482,3,7,31.4130158242866,113.086856967432,5.90781890641119,0,5814.17738853147,0,0,0,1.225
1604.86833882307,42.076506549955,3,7,31.4600042024112,113.25601512868,5.90938604899657,0,5818.6882197156,0,0,0,1.225
1605.11833882307,42.0844472253559,3,7,31.5069349383328,113.424965777998,5.91095312141124,0,5823.19985863118,0,0,0,1.225
1605.36833882307,42.0923760888459,3,7,31.5538082886934,113.593709839296,5.91252012370978,0,5827.7123052832,0,0,0,1.225
1605.61833882307,42.1002931898697,3,7,31.6006245082994,113.762248229878,5.91408705594745,0,5832.22555967723,0,0,0,1.225
1605.86833882307,42.1081985775247,3,7,31.6473838501394,113.930581860502,5.91565391817926,0,5836.73962181867,0,0,0,1.225
1606.11833882307,42.1160923005647,3,7,31.6940865654024,114.098711635449,5.91722071045979,0,5841.25449171261,0,0,0,1.225
1606.36833882307,42.1239744074032,3,7,31.7407329034956,114.266638452584,5.91878743284383,0,5845.77016936434,0,0,0,1.225
1606.61833882307,42.1318449461167,3,7,31.7873231120616,114.434363203422,5.92035408538527,0,5850.28665477846,0,0,0,1.225
1606.86833882307,42.1397039644479,3,7,31.833857436996,114.601886773186,5.92192066813845,0,5854.80394795994,0,0,0,1.225
1607.11833882307,42.1475515098092,3,7,31.8803361224644,114.769210040872,5.92348718115772,0,5859.32204891382,0,0,0,1.225
1607.36833882307,42.1553876292857,3,7,31.9267594109193,114.936333879309,5.92505362449674,0,5863.84095764459,0,0,0,1.225
1607.61833882307,42.1632123696383,3,7,31.9731275431166,115.10325915522,5.92661999820916,0,5868.36067415679,0,0,0,1.225
1607.86833882307,42.171025777307,3,7,32.0194407581322,115.269986729276,5.92818630234819,0,5872.88119845461,0,0,0,1.225
1608.11833882307,42.178827898414,3,7,32.0656992933784,115.436517456162,5.9297525369675,0,5877.40253054264,0,0,0,1.225
1608.36833882307,42.1866187787663,3,7,32.1119033846195,115.60285218463,5.93131870212164,0,5881.92467042623,0,0,0,1.225
1608.61833882307,42.1943984638595,3,7,32.1580532659882,115.768991757558,5.93288479786088,0,5886.4476181073,0,0,0,1.225
1608.86833882307,42.2021669988801,3,7,32.2041491700008,115.934937012003,5.93445082424068,0,5890.97137359198,0,0,0,1.225
1609.11833882307,42.2099244287087,3,7,32.2501913275728,116.100688779262,5.93601678131336,0,5895.4959368839,0,0,0,1.225
1609.36833882307,42.2176707979229,3,7,32.2961799680343,116.266247884923,5.93758266912937,0,5900.02130798524,0,0,0,1.225
1609.61833882307,42.2254061508,3,7,32.3421153191451,116.431615148922,5.93914848774421,0,5904.54748690222,0,0,0,1.225
1609.86833882307,42.2331305313202,3,7,32.3879976071093,116.596791385593,5.94071423720834,0,5909.0744736371,0,0,0,1.225
1610.11833882307,42.2408439831689,3,7,32.4338270565903,116.761777403725,5.94227991757316,0,5913.60226819286,0,0,0,1.225
1610.36833882307,42.2485465497399,3,7,32.4796038907255,116.926574006612,5.94384552889323,0,5918.13087057511,0,0,0,1.225
1610.61833882307,42.2562382741378,3,7,32.52532833114,117.091181992104,5.94541107121813,0,5922.66028078543,0,0,0,1.225
1610.86833882307,42.2639191991809,3,7,32.5710005979615,117.255602152662,5.94697654459924,0,5927.19049882692,0,0,0,1.225
1611.11833882307,42.271589367404,3,7,32.6166209098342,117.419835275403,5.94854194909067,0,5931.72152470489,0,0,0,1.225
1611.36833882307,42.2792488210604,3,7,32.6621894839322,117.583882142156,5.95010728474108,0,5936.25335842029,0,0,0,1.225
1611.61833882307,42.2868976021253,3,7,32.7077065359737,117.747743529505,5.95167255160231,0,5940.78599997668,0,0,0,1.225
1611.86833882307,42.2945357522979,3,7,32.7531722802343,117.911420208844,5.95323774972621,0,5945.3194493776,0,0,0,1.225
1612.11833882307,42.3021633130041,3,7,32.7985869295604,118.074912946418,5.95480287916325,0,5949.85370662557,0,0,0,1.225
1612.36833882307,42.3097803253986,3,7,32.8439506953824,118.238222503377,5.95636793996391,0,5954.38877172312,0,0,0,1.225
1612.61833882307,42.3173868303683,3,7,32.8892637877279,118.40134963582,5.95793293217912,0,5958.92464467317,0,0,0,1.225
1612.86833882307,42.3249828685337,3,7,32.9345264152342,118.564295094843,5.95949785585799,0,5963.46132547722,0,0,0,1.225
1613.11833882307,42.3325684802521,3,7,32.9797387851615,118.727059626581,5.96106271105236,0,5967.99881413897,0,0,0,1.225
1613.36833882307,42.3401437056194,3,7,33.0249011034053,118.889643972259,5.96262749781226,0,5972.53711066071,0,0,0,1.225
1613.61833882307,42.3477085844732,3,7,33.0700135745089,119.052048868232,5.96419221618726,0,5977.07621504437,0,0,0,1.225
1613.86833882307,42.3552631563942,3,7,33.1150764016755,119.214275046032,5.96575686622646,0,5981.61612729157,0,0,0,1.225
1614.11833882307,42.3628074607093,3,7,33.1600897867807,119.37632323241,5.96732144798034,0,5986.15684740503,0,0,0,1.225
1614.36833882307,42.3703415364936,3,7,33.2050539303843,119.538194149383,5.96888596149802,0,5990.69837538641,0,0,0,1.225
1614.61833882307,42.3778654225726,3,7,33.2499690317421,119.699888514272,5.9704504068286,0,5995.2407112374,0,0,0,1.225
1614.86833882307,42.3853791575243,3,7,33.294835288818,119.861407039745,5.97201478402121,0,5999.78385495972,0,0,0,1.225
1615.11833882307,42.3928827796819,3,7,33.3396528982953,120.022750433863,5.97357909312677,0,6004.32780655655,0,0,0,1.225
1615.36833882307,42.4003763271354,3,7,33.3844220555881,120.183919400117,5.97514333419167,0,6008.8725660275,0,0,0,1.225
1615.61833882307,42.4078598377342,3,7,33.4291429548531,120.344914637471,5.97670750726593,0,6013.41813337508,0,0,0,1.225
1615.86833882307,42.415333349089,3,7,33.4738157890002,120.505736840401,5.97827161239775,0,6017.9645086004,0,0,0,1.225
1616.11833882307,42.4227968985739,3,7,33.5184407497041,120.666386698935,5.97983564963533,0,6022.51169170456,0,0,0,1.225
1616.36833882307,42.4302505233286,3,7,33.5630180274151,120.826864898694,5.98139961902825,0,6027.05968268983,0,0,0,1.225
1616.61833882307,42.4376942602604,3,7,33.6075478113698,120.987172120931,5.98296352062334,0,6031.60848155626,0,0,0,1.225
1616.86833882307,42.4451281460462,3,7,33.6520302896018,121.147309042567,5.98452735446836,0,6036.15808830472,0,0,0,1.225
1617.11833882307,42.4525522171346,3,7,33.6964656489527,121.30727633623,5.98609112061149,0,6040.70850293642,0,0,0,1.225
1617.36833882307,42.4599665097479,3,7,33.740854075082,121.467074670295,5.98765481910186,0,6045.25972545335,0,0,0,1.225
1617.61833882307,42.4673710598839,3,7,33.7851957524779,121.62670470892,5.9892184499854,0,6049.81175585498,0,0,0,1.225
1617.86833882307,42.4747659033179,3,7,33.8294908644672,121.786167112082,5.9907820133094,0,6054.36459414187,0,0,0,1.225
1618.11833882307,42.482151075605,3,7,33.8737395932259,121.945462535613,5.99234550912161,0,6058.91824031501,0,0,0,1.225
1618.36833882307,42.4895266120812,3,7,33.9179421197886,122.104591631239,5.99390893747022,0,6063.47269437574,0,0,0,1.225
1618.61833882307,42.4968925478663,3,7,33.9620986240588,122.263555046612,5.99547229840118,0,6068.02795632365,0,0,0,1.225
1618.86833882307,42.5042489178648,3,7,34.0062092848186,122.422353425347,5.99703559196041,0,6072.58402615831,0,0,0,1.225
1619.11833882307,42.5115957567684,3,7,34.0502742797386,122.580987407059,5.99859881819566,0,6077.14090388081,0,0,0,1.225
1619.36833882307,42.5189330990575,3,7,34.0942937853868,122.739457627392,6.00016197715331,0,6081.69858949115,0,0,0,1.225
1619.61833882307,42.5262609790032,3,7,34.1382679772388,122.89776471806,6.00172506888021,0,6086.25708298972,0,0,0,1.225
1619.86833882307,42.5335794306689,3,7,34.182197029687,123.055909306873,6.00328809342091,0,6090.81638437515,0,0,0,1.225
1620.11833882307,42.5408884879121,3,7,34.2260811160496,123.213892017779,6.00485105082407,0,6095.37649364931,0,0,0,1.225
1620.36833882307,42.5481881843862,3,7,34.2699204085798,123.371713470887,6.00641394113427,0,6099.93741081088,0,0,0,1.225
1620.61833882307,42.5554785535422,3,7,34.3137150784752,123.529374282511,6.00797676439606,0,6104.49913585852,0,0,0,1.225
1620.86833882307,42.5627596286306,3,7,34.3574652958865,123.686875065191,6.00953952065765,0,6109.06166879386,0,0,0,1.225
1621.11833882307,42.5700314427026,3,7,34.4011712299261,123.844216427734,6.01110220996179,0,6113.62500961418,0,0,0,1.225
1621.36833882307,42.5772940286122,3,7,34.4448330486777,124.00139897524,6.01266483235622,0,6118.18915832076,0,0,0,1.225
1621.61833882307,42.5845474190177,3,7,34.4884509192039,124.158423309134,6.01422738788551,0,6122.7541149124,0,0,0,1.225
1621.86833882307,42.5917916463833,3,7,34.5320250075558,124.315290027201,6.01578987659423,0,6127.31987938789,0,0,0,1.225
1622.11833882307,42.599026742981,3,7,34.5755554787806,124.47199972361,6.01735229852784,0,6131.8864517468,0,0,0,1.225
1622.36833882307,42.6062527408915,3,7,34.6190424969308,124.628552988951,6.01891465373092,0,6136.45383198798,0,0,0,1.225
1622.61833882307,42.6134696720067,3,7,34.6624862250719,124.784950410259,6.02047694224893,0,6141.02202011103,0,0,0,1.225
1622.86833882307,42.6206775680306,3,7,34.7058868252908,124.941192571047,6.02203916412373,0,6145.59101611268,0,0,0,1.225
1623.11833882307,42.6278764604809,3,7,34.749244458704,125.097280051334,6.02360131940395,0,6150.16081999514,0,0,0,1.225
1623.36833882307,42.635066380691,3,7,34.7925592854658,125.253213427677,6.02516340813054,0,6154.73143175443,0,0,0,1.225
1623.61833882307,42.642247359811,3,7,34.835831464776,125.408993273194,6.02672543034896,0,6159.30285139028,0,0,0,1.225
1623.86833882307,42.6494194288095,3,7,34.8790611548876,125.564620157595,6.02828738610242,0,6163.87507890058,0,0,0,1.225
1624.11833882307,42.6565826184747,3,7,34.9222485131151,125.720094647215,6.02984927543503,0,6168.448114284,0,0,0,1.225
1624.36833882307,42.6637369594166,3,7,34.965393695842,125.875417305031,6.0314110983918,0,6173.02195753996,0,0,0,1.225
1624.61833882307,42.6708824820676,3,7,35.0084968585282,126.030588690702,6.03297285501367,0,6177.59660866461,0,0,0,1.225
1624.86833882307,42.6780192166845,3,7,35.0515581557179,126.185609360584,6.03453454534656,0,6182.17206765815,0,0,0,1.225
1625.11833882307,42.6851471933499,3,7,35.0945777410466,126.340479867768,6.03609616943322,0,6186.74833451824,0,0,0,1.225
1625.36833882307,42.6922664419731,3,7,35.1375557672493,126.495200762097,6.03765772731549,0,6191.32540924184,0,0,0,1.225
1625.61833882307,42.6993769922922,3,7,35.1804923861668,126.649772590201,6.03921921903793,0,6195.90329182813,0,0,0,1.225
1625.86833882307,42.706478873875,3,7,35.2233877487538,126.804195895514,6.04078064464193,0,6200.48198227376,0,0,0,1.225
1626.11833882307,42.7135721161205,3,7,35.2662420050856,126.958471218308,6.04234200417159,0,6205.06148057756,0,0,0,1.225
1626.36833882307,42.7206567482603,3,7,35.3090553043653,127.112599095715,6.0439032976692,0,6209.64178673698,0,0,0,1.225
1626.61833882307,42.7277327993597,3,7,35.3518277949307,127.266580061751,6.04546452517616,0,6214.22290074871,0,0,0,1.225
1626.86833882307,42.7348002983195,3,7,35.3945596242617,127.420414647342,6.04702568673656,0,6218.80482261169,0,0,0,1.225
1627.11833882307,42.7418592738769,3,7,35.4372509389865,127.574103380351,6.04858678239179,0,6223.38755232268,0,0,0,1.225
1627.36833882307,42.7489097546067,3,7,35.4799018848889,127.7276467856,6.0501478121837,0,6227.97108987883,0,0,0,1.225
1627.61833882307,42.7559517689231,3,7,35.5225126069149,127.881045384893,6.0517087761541,0,6232.55543527732,0,0,0,1.225
1627.86833882307,42.7629853450806,3,7,35.5650832491792,128.034299697045,6.05326967434439,0,6237.14058851497,0,0,0,1.225
1628.11833882307,42.7700105111752,3,7,35.6076139549723,128.1874102379,6.05483050679777,0,6241.7265495901,0,0,0,1.225
1628.36833882307,42.7770272951458,3,7,35.6501048667661,128.340377520358,6.05639127355562,0,6246.31331849959,0,0,0,1.225
1628.61833882307,42.7840357247755,3,7,35.6925561262216,128.493202054398,6.05795197465795,0,6250.90089523925,0,0,0,1.225
1628.86833882307,42.7910358276926,3,7,35.734967874194,128.645884347098,6.05951261014616,0,6255.489279806,0,0,0,1.225
1629.11833882307,42.798027631372,3,7,35.7773402507401,128.798424902664,6.06107318006207,0,6260.07847219715,0,0,0,1.225
1629.36833882307,42.8050111631364,3,7,35.819673395124,128.950824222447,6.06263368444752,0,6264.66847241004,0,0,0,1.225
1629.61833882307,42.8119864501571,3,7,35.8619674458235,129.103082804965,6.06419412334253,0,6269.25928044057,0,0,0,1.225
1629.86833882307,42.8189535194557,3,7,35.9042225405361,129.25520114593,6.06575449678712,0,6273.85089628467,0,0,0,1.225
1630.11833882307,42.8259123979051,3,7,35.9464388161851,129.407179738266,6.06731480482267,0,6278.44331993937,0,0,0,1.225
1630.36833882307,42.8328631122304,3,7,35.988616408926,129.559019072134,6.06887504748875,0,6283.03655140027,0,0,0,1.225
1630.61833882307,42.8398056890103,3,7,36.0307554541519,129.710719634947,6.07043522482718,0,6287.63059066482,0,0,0,1.225
1630.86833882307,42.8467401546781,3,7,36.0728560864998,129.862281911399,6.07199533687754,0,6292.22543772868,0,0,0,1.225
1631.11833882307,42.853666535523,3,7,36.1149184398562,130.013706383482,6.07355538368029,0,6296.82109258823,0,0,0,1.225
1631.36833882307,42.8605848576908,3,7,36.156942647363,130.164993530507,6.07511536527409,0,6301.41755523845,0,0,0,1.225
1631.61833882307,42.8674951471854,3,7,36.1989288414235,130.316143829125,6.07667528169986,0,6306.01482567615,0,0,0,1.225
1631.86833882307,42.8743974298697,3,7,36.2408771537075,130.467157753347,6.07823513299763,0,6310.61290389741,0,0,0,1.225
1632.11833882307,42.8812917314668,3,7,36.2827877151573,130.618035774566,6.07979491920605,0,6315.21178989729,0,0,0,1.225
1632.36833882307,42.8881780775609,3,7,36.3246606559932,130.768778361576,6.08135464036422,0,6319.81148367118,0,0,0,1.225
1632.61833882307,42.8950564935983,3,7,36.3664961057191,130.919385980589,6.08291429651308,0,6324.41198521599,0,0,0,1.225
1632.86833882307,42.9019270048887,3,7,36.4082941931277,131.06985909526,6.08447388769082,0,6329.01329452645,0,0,0,1.225
1633.11833882307,42.908789636606,3,7,36.450055046306,131.220198166702,6.08603341393609,0,6333.61541159768,0,0,0,1.225
1633.36833882307,42.9156444137895,3,7,36.491778792641,131.370403653508,6.08759287528937,0,6338.21833642628,0,0,0,1.225
1633.61833882307,42.9224913613446,3,7,36.5334655588245,131.520476011768,6.0891522717875,0,6342.82206900594,0,0,0,1.225
1633.86833882307,42.9293305040443,3,7,36.5751154708585,131.67041569509,6.09071160347048,0,6347.42660933294,0,0,0,1.225
1634.11833882307,42.9361618665297,3,7,36.6167286540604,131.820223154618,6.09227087037561,0,6352.0319574014,0,0,0,1.225
1634.36833882307,42.9429854733113,3,7,36.6583052330685,131.969898839047,6.09383007254337,0,6356.638113208,0,0,0,1.225
1634.61833882307,42.9498013487697,3,7,36.6998453318466,132.119443194648,6.09538921001058,0,6361.24507674652,0,0,0,1.225
1634.86833882307,42.9566095171568,3,7,36.741349073689,132.26885666528,6.0969482828159,0,6365.85284801224,0,0,0,1.225
1635.11833882307,42.9634100025968,3,7,36.7828165812261,132.418139692414,6.09850729099662,0,6370.46142699935,0,0,0,1.225
1635.36833882307,42.9702028290869,3,7,36.8242479764287,132.567292715143,6.1000662345914,0,6375.07081370316,0,0,0,1.225
1635.61833882307,42.9769880204983,3,7,36.8656433806135,132.716316170209,6.10162511363797,0,6379.68100811827,0,0,0,1.225
1635.86833882307,42.9837656005772,3,7,36.9070029144474,132.865210492011,6.10318392817408,0,6384.29201023931,0,0,0,1.225
1636.11833882307,42.9905355929459,3,7,36.9483266979525,133.013976112629,6.10474267823702,0,6388.90382006055,0,0,0,1.225
1636.36833882307,42.9972980211032,3,7,36.9896148505111,133.16261346184,6.10630136386408,0,6393.5164375763,0,0,0,1.225
1636.61833882307,43.0040529084258,3,7,37.0308674908703,133.311122967133,6.10785998509209,0,6398.12986278052,0,0,0,1.225
1636.86833882307,43.0108002781689,3,7,37.0720847371463,133.459505053727,6.10941854196062,0,6402.74409566937,0,0,0,1.225
1637.11833882307,43.0175401534673,3,7,37.1132667068297,133.607760144587,6.11097703450378,0,6407.35913623465,0,0,0,1.225
1637.36833882307,43.024272557336,3,7,37.1544135167895,133.755888660442,6.11253546275975,0,6411.97498447149,0,0,0,1.225
1637.61833882307,43.0309975126714,3,7,37.195525283278,133.903891019801,6.11409382676584,0,6416.59164037428,0,0,0,1.225
1637.86833882307,43.0377150422518,3,7,37.2366021219351,134.051767638966,6.11565212655796,0,6421.20910393637,0,0,0,1.225
1638.11833882307,43.0444251687386,3,7,37.277644147793,134.199518932055,6.11721036217341,0,6425.82737515218,0,0,0,1.225
1638.36833882307,43.051127914677,3,7,37.3186514752803,134.347145311009,6.11876853364811,0,6430.4464540151,0,0,0,1.225
1638.61833882307,43.0578233024965,3,7,37.3596242182266,134.494647185616,6.12032664101889,0,6435.06634051925,0,0,0,1.225
1638.86833882307,43.0645113545124,3,7,37.4005624898669,134.642024963521,6.12188468432078,0,6439.6870346573,0,0,0,1.225
1639.11833882307,43.0711920929261,3,7,37.4414664028456,134.789279050244,6.12344266359105,0,6444.30853642379,0,0,0,1.225
1639.36833882307,43.0778655398261,3,7,37.4823360692211,134.936409849196,6.12500057886518,0,6448.9308458118,0,0,0,1.225
1639.61833882307,43.0845317171889,3,7,37.5231716004697,135.083417761691,6.12655843017819,0,6453.55396281407,0,0,0,1.225
1639.86833882307,43.0911906468793,3,7,37.56397310749,135.230303186964,6.12811621756782,0,6458.17788742556,0,0,0,1.225
1640.11833882307,43.0978423506521,3,7,37.604740700607,135.377066522185,6.12967394106772,0,6462.80261963796,0,0,0,1.225
1640.36833882307,43.1044868501519,3,7,37.6454744895762,135.523708162474,6.13123160071564,0,6467.42815944624,0,0,0,1.225
1640.61833882307,43.1111241669146,3,7,37.6861745835877,135.670228500916,6.13278919654431,0,6472.05450684142,0,0,0,1.225
1640.86833882307,43.1177543223678,3,7,37.7268410912699,135.816627928572,6.13434672859057,0,6476.6816618178,0,0,0,1.225
1641.11833882307,43.1243773378316,3,7,37.7674741206942,135.962906834499,6.13590419688808,0,6481.30962436714,0,0,0,1.225
1641.36833882307,43.1309932345195,3,7,37.808073779378,136.109065605761,6.13746160147412,0,6485.93839448414,0,0,0,1.225
1641.61833882307,43.1376020335392,3,7,37.8486401742897,136.255104627443,6.13901894238143,0,6490.56797215989,0,0,0,1.225
1641.86833882307,43.1442037558928,3,7,37.8891734118516,136.401024282666,6.14057621964685,0,6495.19835738876,0,0,0,1.225
1642.11833882307,43.1507984224784,3,7,37.9296735979444,136.5468249526,6.14213343330357,0,6499.82955016224,0,0,0,1.225
1642.36833882307,43.15738605409,3,7,37.9701408379107,136.692507016479,6.14369058338571,0,6504.46155047254,0,0,0,1.225
1642.61833882307,43.1639666714188,3,7,38.0105752365589,136.838070851612,6.14524766992918,0,6509.09435831339,0,0,0,1.225
1642.86833882307,43.1705402950537,3,7,38.0509768981669,136.983516833401,6.14680469296763,0,6513.72797367668,0,0,0,1.225
1643.11833882307,43.177106945482,3,7,38.0913459264858,137.128845335349,6.14836165253428,0,6518.36239655397,0,0,0,1.225
1643.36833882307,43.1836666430899,3,7,38.1316824247436,137.274056729077,6.14991854866457,0,6522.99762693867,0,0,0,1.225
1643.61833882307,43.1902194081638,3,7,38.1719864956491,137.419151384337,6.15147538139126,0,6527.63366482199,0,0,0,1.225
1643.86833882307,43.1967652608904,3,7,38.2122582413949,137.564129669022,6.15303215074982,0,6532.27051019738,0,0,0,1.225
1644.11833882307,43.2033042213574,3,7,38.2524977636616,137.708991949182,6.15458885677299,0,6536.90816305611,0,0,0,1.225
1644.36833882307,43.2098363095548,3,7,38.2927051636209,137.853738589035,6.15614549949441,0,6541.5466233902,0,0,0,1.225
1644.61833882307,43.2163615453747,3,7,38.3328805419396,137.998369950982,6.15770207894684,0,6546.18589119095,0,0,0,1.225
1644.86833882307,43.2228799486127,3,7,38.3730239987825,138.142886395617,6.15925859516483,0,6550.82596645114,0,0,0,1.225
1645.11833882307,43.2293915389682,3,7,38.4131356338164,138.287288281739,6.16081504818112,0,6555.46684916212,0,0,0,1.225
1645.36833882307,43.2358963360451,3,7,38.4532155462131,138.431575966367,6.16237143802937,0,6560.10853931598,0,0,0,1.225
1645.61833882307,43.2423943593523,3,7,38.4932638346532,138.575749804751,6.1639277647414,0,6564.75103690337,0,0,0,1.225
1645.86833882307,43.2488856283049,3,7,38.533280597329,138.719810150384,6.16548402835087,0,6569.39434191642,0,0,0,1.225
1646.11833882307,43.2553701622241,3,7,38.5732659319483,138.863757355014,6.16704022889098,0,6574.03845434691,0,0,0,1.225
1646.36833882307,43.2618479803383,3,7,38.6132199357374,139.007591768654,6.16859636639492,0,6578.68337418664,0,0,0,1.225
1646.61833882307,43.2683191017836,3,7,38.6531427054444,139.1513137396,6.17015244089271,0,6583.32910142488,0,0,0,1.225
1646.86833882307,43.2747835456045,3,7,38.6930343373426,139.294923614433,6.17170845241935,0,6587.97563605491,0,0,0,1.225
1647.11833882307,43.2812413307544,3,7,38.7328949272338,139.438421738042,6.17326440100715,0,6592.62297806787,0,0,0,1.225
1647.36833882307,43.2876924760962,3,7,38.772724570451,139.581808453624,6.1748202866861,0,6597.27112745308,0,0,0,1.225
1647.61833882307,43.2941370004031,3,7,38.8125233618622,139.725084102704,6.17637610949077,0,6601.92008420352,0,0,0,1.225
1647.86833882307,43.3005749223589,3,7,38.8522913958731,139.868249025143,6.1779318694521,0,6606.56984830927,0,0,0,1.225
1648.11833882307,43.3070062605588,3,7,38.8920287664304,140.011303559149,6.17948756660098,0,6611.22041976044,0,0,0,1.225
1648.36833882307,43.31343103351,3,7,38.9317355670248,140.154248041289,6.18104320097154,0,6615.8717985497,0,0,0,1.225
1648.61833882307,43.3198492596323,3,7,38.9714118906941,140.297082806499,6.18259877259379,0,6620.52398466646,0,0,0,1.225
1648.86833882307,43.3262609572584,3,7,39.0110578300263,140.439808188095,6.18415428149956,0,6625.17697810161,0,0,0,1.225
1649.11833882307,43.3326661446349,3,7,39.0506734771625,140.582424517785,6.18570972772068,0,6629.83077884605,0,0,0,1.225
1649.36833882307,43.3390648399225,3,7,39.0902589237998,140.724932125679,6.18726511128853,0,6634.48538689033,0,0,0,1.225
1649.61833882307,43.3454570611967,3,7,39.1298142611947,140.867331340301,6.18882043223311,0,6639.14080222393,0,0,0,1.225
1649.86833882307,43.3518428264486,3,7,39.1693395801652,141.009622488595,6.1903756905881,0,6643.79702483927,0,0,0,1.225
1650.11833882307,43.3582221535851,3,7,39.2088349710947,141.151805895941,6.19193088638167,0,6648.45405472441,0,0,0,1.225
1650.36833882307,43.3645950604295,3,7,39.2483005239341,141.293881886163,6.19348601964657,0,6653.11189187105,0,0,0,1.225
1650.61833882307,43.3709615647223,3,7,39.287736328205,141.435850781538,6.19504109041281,0,6657.77053626876,0,0,0,1.225
1650.86833882307,43.3773216841215,3,7,39.3271424730026,141.577712902809,6.19659609871223,0,6662.42998790855,0,0,0,1.225
1651.11833882307,43.3836754362031,3,7,39.3665190469981,141.719468569193,6.19815104457257,0,6667.09024677818,0,0,0,1.225
1651.36833882307,43.390022838462,3,7,39.4058661384421,141.861118098391,6.19970592802792,0,6671.75131287054,0,0,0,1.225
1651.61833882307,43.396363908312,3,7,39.4451838351667,142.0026618066,6.20126074910695,0,6676.41318617414,0,0,0,1.225
1651.86833882307,43.4026986630868,3,7,39.4844722245889,142.14410000852,6.20281550783966,0,6681.07586667863,0,0,0,1.225
1652.11833882307,43.4090271200402,3,7,39.5237313937128,142.285433017366,6.20437020425652,0,6685.73935437402,0,0,0,1.225
1652.36833882307,43.4153492963468,3,7,39.5629614291324,142.426661144877,6.20592483838664,0,6690.40364924924,0,0,0,1.225
1652.61833882307,43.4216652091025,3,7,39.6021624170345,142.567784701324,6.20747941026139,0,6695.06875129507,0,0,0,1.225
1652.86833882307,43.4279748753247,3,7,39.6413344432012,142.708803995524,6.20903391991123,0,6699.73466050158,0,0,0,1.225
1653.11833882307,43.4342783119534,3,7,39.6804775930122,142.849719334844,6.21058836736256,0,6704.40137685557,0,0,0,1.225
1653.36833882307,43.440575535851,3,7,39.7195919514482,142.990531025213,6.21214275264947,0,6709.06890035005,0,0,0,1.225
1653.61833882307,43.4468665638035,3,7,39.7586776030926,143.131239371133,6.21369707579788,0,6713.7372309715,0,0,0,1.225
1653.86833882307,43.4531514125203,3,7,39.7977346321348,143.271844675685,6.21525133683826,0,6718.40636871004,0,0,0,1.225
1654.11833882307,43.4594300986351,3,7,39.836763122372,143.412347240539,6.21680553580063,0,6723.07631355545,0,0,0,1.225
1654.36833882307,43.4657026387066,3,7,39.8757631572125,143.552747365965,6.21835967271363,0,6727.74706549645,0,0,0,1.225
1654.61833882307,43.4719690492183,3,7,39.9147348196776,143.693045350839,6.21991374760637,0,6732.41862452211,0,0,0,1.225
1654.86833882307,43.4782293465796,3,7,39.9536781924044,143.833241492656,6.22146776050704,0,6737.09099062082,0,0,0,1.225
1655.11833882307,43.4844835471258,3,7,39.9925933576482,143.973336087533,6.22302171144611,0,6741.76416378279,0,0,0,1.225
1655.36833882307,43.490731667119,3,7,40.0314803972846,144.113329430224,6.22457560045177,0,6746.43814399641,0,0,0,1.225
1655.61833882307,43.4969737227482,3,7,40.0703393928125,144.253221814125,6.22612942755177,0,6751.11293124975,0,0,0,1.225
1655.86833882307,43.5032097301302,3,7,40.1091704253561,144.393013531282,6.22768319277566,0,6755.78852553234,0,0,0,1.225
1656.11833882307,43.5094397053093,3,7,40.1479735756675,144.532704872403,6.22923689615072,0,6760.4649268319,0,0,0,1.225
1656.36833882307,43.5156636642587,3,7,40.1867489241287,144.672296126863,6.23079053770743,0,6765.14213513873,0,0,0,1.225
1656.61833882307,43.5218816228801,3,7,40.2254965507544,144.811787582716,6.23234411747262,0,6769.82015044021,0,0,0,1.225
1656.86833882307,43.5280935970047,3,7,40.264216535194,144.951179526698,6.23389763547448,0,6774.49897272485,0,0,0,1.225
1657.11833882307,43.5342996023934,3,7,40.302908956734,145.090472244243,6.23545109174074,0,6779.1786019808,0,0,0,1.225
1657.36833882307,43.5404996547374,3,7,40.3415738943004,145.229666019482,6.23700448630007,0,6783.85903819696,0,0,0,1.225
1657.61833882307,43.5466937696583,3,7,40.3802114264608,145.368761135259,6.23855781917928,0,6788.54028136078,0,0,0,1.225
1657.86833882307,43.552881962709,3,7,40.4188216314265,145.507757873135,6.24011109040748,0,6793.22233146154,0,0,0,1.225
1658.11833882307,43.5590642493737,3,7,40.4574045870552,145.646656513399,6.24166430001242,0,6797.90518848748,0,0,0,1.225
1658.36833882307,43.5652406450685,3,7,40.4959603708528,145.78545733507,6.24321744802046,0,6802.58885242571,0,0,0,1.225
1658.61833882307,43.5714111651421,3,7,40.5344890599758,145.924160615913,6.24477053445889,0,6807.27332326413,0,0,0,1.225
1658.86833882307,43.5775758248756,3,7,40.5729907312335,146.06276663244,6.24632355935591,0,6811.95860099135,0,0,0,1.225
1659.11833882307,43.5837346394835,3,7,40.6114654610897,146.201275659923,6.24787652273835,0,6816.64468559493,0,0,0,1.225
1659.36833882307,43.5898876241136,3,7,40.6499133256656,146.339687972396,6.24942942463304,0,6821.33157706242,0,0,0,1.225
1659.61833882307,43.5960347938479,3,7,40.6883344007413,146.478003842669,6.25098226506771,0,6826.01927538213,0,0,0,1.225
1659.86833882307,43.6021761637028,3,7,40.7267287617583,146.61622354233,6.25253504406828,0,6830.70778054092,0,0,0,1.225
1660.11833882307,43.6083117486294,3,7,40.7650964838214,146.754347341757,6.25408776166296,0,6835.3970925275,0,0,0,1.225
1660.36833882307,43.6144415635138,3,7,40.8034376417006,146.892375510122,6.25564041787811,0,6840.0872113291,0,0,0,1.225
1660.61833882307,43.620565623178,3,7,40.8417523098337,147.030308315401,6.25719301273966,0,6844.77813693266,0,0,0,1.225
1660.86833882307,43.6266839423797,3,7,40.8800405623277,147.16814602438,6.25874554627353,0,6849.46986932508,0,0,0,1.225
1661.11833882307,43.6327965358132,3,7,40.9183024729613,147.305888902661,6.26029801850837,0,6854.16240849549,0,0,0,1.225
1661.36833882307,43.6389034181091,3,7,40.9565381151868,147.443537214672,6.26185042946781,0,6858.85575442902,0,0,0,1.225
1661.61833882307,43.6450046038357,3,7,40.9947475621318,147.581091223674,6.26340277918007,0,6863.54990711446,0,0,0,1.225
1661.86833882307,43.6511001074983,3,7,41.0329308866016,147.718551191766,6.26495506767105,0,6868.24486653879,0,0,0,1.225
1662.11833882307,43.6571899435403,3,7,41.0710881610809,147.855917379891,6.26650729496578,0,6872.94063268827,0,0,0,1.225
1662.36833882307,43.6632741263434,3,7,41.1092194577359,147.993190047849,6.26805946109016,0,6877.63720554991,0,0,0,1.225
1662.61833882307,43.6693526702277,3,7,41.1473248484161,148.130369454298,6.26961156607194,0,6882.3345851122,0,0,0,1.225
1662.86833882307,43.6754255894525,3,7,41.1854044046563,148.267455856763,6.27116360993432,0,6887.03277135999,0,0,0,1.225
1663.11833882307,43.6814928982163,3,7,41.2234581976785,148.404449511643,6.27271559270594,0,6891.73176428251,0,0,0,1.225
1663.36833882307,43.6875546106574,3,7,41.2614862983936,148.541350674217,6.27426751440862,0,6896.43156386356,0,0,0,1.225
1663.61833882307,43.6936107408541,3,7,41.2994887774037,148.678159598653,6.27581937507102,0,6901.13217009239,0,0,0,1.225
1663.86833882307,43.6996613028253,3,7,41.3374657050035,148.814876538013,6.27737117471634,0,6905.83358295393,0,0,0,1.225
1664.11833882307,43.7057063105304,3,7,41.3754171511825,148.951501744257,6.27892291337048,0,6910.53580243527,0,0,0,1.225
1664.36833882307,43.7117457778701,3,7,41.4133431856264,149.088035468255,6.28047459105846,0,6915.23882852282,0,0,0,1.225
1664.61833882307,43.7177797186866,3,7,41.4512438777196,149.224477959791,6.28202620780712,0,6919.94266120443,0,0,0,1.225
1664.86833882307,43.7238081467638,3,7,41.4891192965463,149.360829467567,6.28357776363919,0,6924.64730046471,0,0,0,1.225
1665.11833882307,43.729831075828,3,7,41.5269695108926,149.497090239213,6.28512925857967,0,6929.3527462901,0,0,0,1.225
1665.36833882307,43.7358485195477,3,7,41.5647945892484,149.633260521294,6.28668069265314,0,6934.05899866668,0,0,0,1.225
1665.61833882307,43.7418604915345,3,7,41.6025945998089,149.769340559312,6.28823206588686,0,6938.76605758273,0,0,0,1.225
1665.86833882307,43.747867005343,3,7,41.6403696104765,149.905330597715,6.28978337830267,0,6943.47392302218,0,0,0,1.225
1666.11833882307,43.7538680744715,3,7,41.6781196888625,150.041230879905,6.29133462992604,0,6948.1825949719,0,0,0,1.225
1666.36833882307,43.7598637123619,3,7,41.715844902289,150.17704164824,6.29288582078107,0,6952.89207341764,0,0,0,1.225
1666.61833882307,43.7658539324007,3,7,41.75354531779,150.312763144044,6.2944369508914,0,6957.60235834485,0,0,0,1.225
1666.86833882307,43.7718387479183,3,7,41.7912210021141,150.448395607611,6.2959880202834,0,6962.31344974113,0,0,0,1.225
1667.11833882307,43.7778181721904,3,7,41.8288720217251,150.58393927821,6.29753902897892,0,6967.0253475905,0,0,0,1.225
1667.36833882307,43.7837922184377,3,7,41.8664984428045,150.719394394096,6.2990899770025,0,6971.73805187914,0,0,0,1.225
1667.61833882307,43.7897608998263,3,7,41.9041003312527,150.85476119251,6.30064086437824,0,6976.45156259288,0,0,0,1.225
1667.86833882307,43.7957242294681,3,7,41.941677752691,150.990039909688,6.3021916911307,0,6981.16587971797,0,0,0,1.225
1668.11833882307,43.8016822204211,3,7,41.9792307724627,151.125230780866,6.30374245728217,0,6985.8810032388,0,0,0,1.225
1668.36833882307,43.8076348856897,3,7,42.0167594556352,151.260334040287,6.3052931628572,0,6990.59693314162,0,0,0,1.225
1668.61833882307,43.8135822382251,3,7,42.0542638670016,151.395349921206,6.30684380787898,0,6995.3136694116,0,0,0,1.225
1668.86833882307,43.8195242909254,3,7,42.0917440710819,151.530278655895,6.30839439237207,0,7000.03121203502,0,0,0,1.225
1669.11833882307,43.8254610566361,3,7,42.129200132125,151.66512047565,6.30994491635784,0,7004.7495609956,0,0,0,1.225
1669.36833882307,43.8313925481501,3,7,42.16663211411,151.799875610796,6.31149537985993,0,7009.46871627893,0,0,0,1.225
1669.61833882307,43.8373187782085,3,7,42.204040080748,151.934544290693,6.31304578290246,0,7014.18867787094,0,0,0,1.225
1669.86833882307,43.8432397595006,3,7,42.2414240954834,152.06912674374,6.31459612550861,0,7018.90944575687,0,0,0,1.225
1670.11833882307,43.8491555046641,3,7,42.2787842214957,152.203623197384,6.31614640770113,0,7023.63101992159,0,0,0,1.225
1670.36833882307,43.8550660262854,3,7,42.3161205217006,152.338033878122,6.31769662950182,0,7028.35340034928,0,0,0,1.225
1670.61833882307,43.8609713369002,3,7,42.3534330587522,152.472359011508,6.31924679093481,0,7033.07658702593,0,0,0,1.225
1670.86833882307,43.8668714489937,3,7,42.3907218950437,152.606598822157,6.32079689202192,0,7037.80057993573,0,0,0,1.225
1671.11833882307,43.8727663750004,3,7,42.4279870927097,152.740753533755,6.32234693278542,0,7042.52537906324,0,0,0,1.225
1671.36833882307,43.878656127305,3,7,42.465228713627,152.874823369057,6.32389691324897,0,7047.25098439415,0,0,0,1.225
1671.61833882307,43.8845407182424,3,7,42.5024468194164,153.008808549899,6.32544683343349,0,7051.97739591194,0,0,0,1.225
1671.86833882307,43.8904201600981,3,7,42.5396414714443,153.142709297199,6.32699669336307,0,7056.70461360268,0,0,0,1.225
1672.11833882307,43.8962944651083,3,7,42.5768127308236,153.276525830965,6.32854649305909,0,7061.43263745025,0,0,0,1.225
1672.36833882307,43.9021636454603,3,7,42.613960658416,153.410258370298,6.33009623254384,0,7066.16146743929,0,0,0,1.225
1672.61833882307,43.9080277132927,3,7,42.6510853148325,153.543907133397,6.33164591184004,0,7070.8911035548,0,0,0,1.225
1672.86833882307,43.9138866806959,3,7,42.6881867604355,153.677472337568,6.33319553096771,0,7075.62154577961,0,0,0,1.225
1673.11833882307,43.919740559712,3,7,42.72526505534,153.810954199224,6.3347450899505,0,7080.35279409948,0,0,0,1.225
1673.36833882307,43.9255893623353,3,7,42.7623202594146,153.944352933893,6.33629458880887,0,7085.08484849763,0,0,0,1.225
1673.61833882307,43.9314331005127,3,7,42.7993524322838,154.077668756222,6.33784402756555,0,7089.81770895912,0,0,0,1.225
1673.86833882307,43.9372717861436,3,7,42.8363616333284,154.210901879982,6.33939340624147,0,7094.55137546755,0,0,0,1.225
1674.11833882307,43.9431054310804,3,7,42.8733479216875,154.344052518075,6.34094272485845,0,7099.28584800727,0,0,0,1.225
1674.36833882307,43.9489340471288,3,7,42.9103113562596,154.477120882534,6.34249198343832,0,7104.02112656264,0,0,0,1.225
1674.61833882307,43.9547576460479,3,7,42.947251995704,154.610107184534,6.344041182002,0,7108.75721111731,0,0,0,1.225
1674.86833882307,43.9605762395506,3,7,42.9841698984422,154.743011634392,6.34559032057177,0,7113.49410165602,0,0,0,1.225
1675.11833882307,43.9663898393038,3,7,43.0210651226591,154.875834441573,6.34713939916628,0,7118.23179816063,0,0,0,1.225
1675.36833882307,43.9721984569285,3,7,43.0579377263045,155.008575814696,6.34868841780917,0,7122.97030061699,0,0,0,1.225
1675.61833882307,43.9780021040003,3,7,43.0947877670943,155.14123596154,6.35023737651954,0,7127.70960900736,0,0,0,1.225
1675.86833882307,43.9838007920497,3,7,43.1316153025117,155.273815089042,6.35178627531923,0,7132.44972331614,0,0,0,1.225
1676.11833882307,43.989594532562,3,7,43.1684203898087,155.406313403311,6.35333511422868,0,7137.1906435267,0,0,0,1.225
1676.36833882307,43.9953833369776,3,7,43.2052030860072,155.538731109626,6.35488389326838,0,7141.9323696224,0,0,0,1.225
1676.61833882307,44.0011672166928,3,7,43.2419634479004,155.671068412441,6.35643261246105,0,7146.67490158842,0,0,0,1.225
1676.86833882307,44.0069461830594,3,7,43.2787015320542,155.803325515395,6.35798127182443,0,7151.41823940598,0,0,0,1.225
1677.11833882307,44.012720247385,3,7,43.3154173948079,155.935502621309,6.35952987137989,0,7156.1623830592,0,0,0,1.225
1677.36833882307,44.0184894209338,3,7,43.3521110922762,156.067599932194,6.36107841114972,0,7160.90733253294,0,0,0,1.225
1677.61833882307,44.0242537149261,3,7,43.3887826803499,156.19961764926,6.36262689115028,0,7165.65308780733,0,0,0,1.225
1677.86833882307,44.0300131405392,3,7,43.4254322146974,156.33155597291,6.36417531140614,0,7170.3996488691,0,0,0,1.225
1678.11833882307,44.0357677089069,3,7,43.4620597507655,156.463415102756,6.36572367193367,0,7175.1470156984,0,0,0,1.225
1678.36833882307,44.0415174311206,3,7,43.4986653437813,156.595195237613,6.36727197275513,0,7179.89518828014,0,0,0,1.225
1678.61833882307,44.0472623182289,3,7,43.5352490487529,156.726896575511,6.3688202138901,0,7184.64416659706,0,0,0,1.225
1678.86833882307,44.0530023812379,3,7,43.5718109204708,156.858519313695,6.37036839535767,0,7189.39395063154,0,0,0,1.225
1679.11833882307,44.0587376311117,3,7,43.6083510135087,156.990063648631,6.37191651717831,0,7194.14454036707,0,0,0,1.225
1679.36833882307,44.0644680787724,3,7,43.6448693822255,157.121529776012,6.37346457937156,0,7198.8959357864,0,0,0,1.225
1679.61833882307,44.0701937351005,3,7,43.6813660807656,157.252917890756,6.37501258195653,0,7203.64813687197,0,0,0,1.225
1679.86833882307,44.0759146109349,3,7,43.7178411630605,157.384228187018,6.37656052495322,0,7208.40114360692,0,0,0,1.225
1680.11833882307,44.0816307170733,3,7,43.7542946828299,157.515460858188,6.37810840838074,0,7213.15495597368,0,0,0,1.225
1680.36833882307,44.0873420642722,3,7,43.790726693583,157.646616096899,6.37965623225955,0,7217.90957395581,0,0,0,1.225
1680.61833882307,44.0930486632477,3,7,43.8271372486191,157.777694095029,6.38120399660738,0,7222.66499753466,0,0,0,1.225
1680.86833882307,44.0987505246747,3,7,43.8635264010295,157.908695043706,6.38275170144425,0,7227.42122669342,0,0,0,1.225
1681.11833882307,44.1044476591883,3,7,43.8998942036979,158.039619133312,6.38429934678788,0,7232.1782614135,0,0,0,1.225
1681.36833882307,44.1101400773831,3,7,43.936240709302,158.170466553487,6.38584693265921,0,7236.93610167883,0,0,0,1.225
1681.61833882307,44.1158277898138,3,7,43.9725659703145,158.301237493132,6.38739445907731,0,7241.69474747191,0,0,0,1.225
1681.86833882307,44.1215108069953,3,7,44.008870039004,158.431932140415,6.38894192605949,0,7246.45419877381,0,0,0,1.225
1682.11833882307,44.1271891394031,3,7,44.0451529674364,158.562550682771,6.39048933362437,0,7251.21445556667,0,0,0,1.225
1682.36833882307,44.1328627974732,3,7,44.0814148074755,158.693093306912,6.39203668179152,0,7255.97551783339,0,0,0,1.225
1682.61833882307,44.1385317916028,3,7,44.1176556107848,158.823560198825,6.39358397057913,0,7260.73738555578,0,0,0,1.225
1682.86833882307,44.1441961321497,3,7,44.153875428828,158.953951543781,6.39513120000674,0,7265.50005871676,0,0,0,1.225
1683.11833882307,44.1498558294335,3,7,44.1900743128701,159.084267526333,6.39667837009119,0,7270.26353729708,0,0,0,1.225
1683.36833882307,44.1555108937349,3,7,44.2262523139789,159.214508330324,6.39822548085203,0,7275.02782127967,0,0,0,1.225
1683.61833882307,44.1611613352965,3,7,44.2624094830253,159.344674138891,6.39977253230654,0,7279.79291064565,0,0,0,1.225
1683.86833882307,44.1668071643227,3,7,44.2985458706853,159.474765134467,6.40131952447337,0,7284.55880537726,0,0,0,1.225
1684.11833882307,44.1724483909802,3,7,44.33466152744,159.604781498784,6.40286645737024,0,7289.325505456,0,0,0,1.225
1684.36833882307,44.1780850253976,3,7,44.3707565035775,159.734723412879,6.40441333101671,0,7294.09301086486,0,0,0,1.225
1684.61833882307,44.1837170776664,3,7,44.4068308491934,159.864591057096,6.40596014542916,0,7298.86132158427,0,0,0,1.225
1684.86833882307,44.1893445578405,3,7,44.4428846141921,159.994384611091,6.40750690062487,0,7303.6304375954,0,0,0,1.225
1685.11833882307,44.1949674759368,3,7,44.4789178482874,160.124104253835,6.40905359662293,0,7308.4003588809,0,0,0,1.225
1685.36833882307,44.2005858419354,3,7,44.5149306010042,160.253750163615,6.41060023344107,0,7313.17108542233,0,0,0,1.225
1685.61833882307,44.2061996657793,3,7,44.5509229216786,160.383322518043,6.41214681109568,0,7317.94261720016,0,0,0,1.225
1685.86833882307,44.2118089573753,3,7,44.5868948594598,160.512821494055,6.41369332960585,0,7322.71495419708,0,0,0,1.225
1686.11833882307,44.2174137265936,3,7,44.6228464633104,160.642247267917,6.41523978898704,0,7327.48809639284,0,0,0,1.225
1686.36833882307,44.2230139832685,3,7,44.6587777820076,160.771600015227,6.4167861892588,0,7332.26204377051,0,0,0,1.225
1686.61833882307,44.2286097371981,3,7,44.6946888641442,160.900879910919,6.4183325304366,0,7337.03679630986,0,0,0,1.225
1686.86833882307,44.2342009981447,3,7,44.7305797581297,161.030087129267,6.41987881253817,0,7341.81235399253,0,0,0,1.225
1687.11833882307,44.239787775835,3,7,44.7664505121909,161.159221843887,6.42142503558125,0,7346.58871680013,0,0,0,1.225
1687.36833882307,44.2453700799604,3,7,44.802301174373,161.288284227743,6.42297119958175,0,7351.36588471285,0,0,0,1.225
1687.61833882307,44.2509479201769,3,7,44.8381317925408,161.417274453147,6.42451730455832,0,7356.14385771306,0,0,0,1.225
1687.86833882307,44.2565213061054,3,7,44.8739424143793,161.546192691765,6.42606335052551,0,7360.92263577986,0,0,0,1.225
1688.11833882307,44.2620902473321,3,7,44.9097330873947,161.675039114621,6.42760933750333,0,7365.70221889675,0,0,0,1.225
1688.36833882307,44.2676547534083,3,7,44.9455038589155,161.803813892096,6.42915526550496,0,7370.48260704177,0,0,0,1.225
1688.61833882307,44.2732148338509,3,7,44.9812547760932,161.932517193935,6.43070113454951,0,7375.26380019767,0,0,0,1.225
1688.86833882307,44.2787704981422,3,7,45.0169858859032,162.061149189251,6.43224694465243,0,7380.04579834434,0,0,0,1.225
1689.11833882307,44.2843217557306,3,7,45.0526972351459,162.189710046525,6.43379269583056,0,7384.82860146275,0,0,0,1.225
1689.36833882307,44.2898686160303,3,7,45.0883888704476,162.318199933612,6.43533838809935,0,7389.61220953279,0,0,0,1.225
1689.61833882307,44.2954110884216,3,7,45.1240608382612,162.44661901774,6.43688402147654,0,7394.39662253618,0,0,0,1.225
1689.86833882307,44.3009491822515,3,7,45.1597131848672,162.574967465522,6.4384295959776,0,7399.18184045284,0,0,0,1.225
1690.11833882307,44.306482906833,3,7,45.1953459563744,162.703245442948,6.43997511161933,0,7403.96786326376,0,0,0,1.225
1690.36833882307,44.312012271446,3,7,45.2309591987211,162.831453115396,6.44152056841676,0,7408.75469094851,0,0,0,1.225
1690.61833882307,44.3175372853373,3,7,45.2665529576759,162.959590647633,6.44306596638717,0,7413.54232348849,0,0,0,1.225
1690.86833882307,44.3230579577206,3,7,45.3021272788382,163.087658203818,6.44461130554464,0,7418.33076086255,0,0,0,1.225
1691.11833882307,44.3285742977768,3,7,45.3376822076396,163.215655947503,6.44615658590737,0,7423.12000305281,0,0,0,1.225
1691.36833882307,44.3340863146541,3,7,45.3732177893443,163.343584041639,6.44770180748947,0,7427.91005003817,0,0,0,1.225
1691.61833882307,44.3395940174682,3,7,45.4087340690502,163.471442648581,6.44924697030638,0,7432.70090179857,0,0,0,1.225
1691.86833882307,44.3450974153024,3,7,45.4442310916896,163.599231930083,6.4507920743763,0,7437.4925583162,0,0,0,1.225
1692.11833882307,44.350596517208,3,7,45.4797089020303,163.726952047309,6.45233711971196,0,7442.28501956885,0,0,0,1.225
1692.36833882307,44.356091332204,3,7,45.5151675446759,163.854603160833,6.45388210632973,0,7447.07828553725,0,0,0,1.225
1692.61833882307,44.3615818692778,3,7,45.5506070640674,163.982185430643,6.45542703424326,0,7451.87235619994,0,0,0,1.225
1692.86833882307,44.3670681373849,3,7,45.5860275044831,164.109699016139,6.45697190347255,0,7456.66723154058,0,0,0,1.225
1693.11833882307,44.3725501454494,3,7,45.6214289100404,164.237144076145,6.45851671402852,0,7461.46291153555,0,0,0,1.225
1693.36833882307,44.3780279023639,3,7,45.6568113246957,164.364520768904,6.46006146592845,0,7466.25939616635,0,0,0,1.225
1693.61833882307,44.3835014169898,3,7,45.6921747922457,164.491829252085,6.46160615918507,0,7471.05668541082,0,0,0,1.225
1693.86833882307,44.3889706981574,3,7,45.7275193563284,164.619069682782,6.46315079381657,0,7475.85477925119,0,0,0,1.225
1694.11833882307,44.394435754666,3,7,45.7628450604232,164.746242217524,6.46469536983659,0,7480.65367766606,0,0,0,1.225
1694.36833882307,44.3998965952843,3,7,45.7981519478524,164.873347012269,6.46623988725787,0,7485.45338063332,0,0,0,1.225
1694.61833882307,44.4053532287502,3,7,45.8334400617814,165.000384222413,6.4677843460986,0,7490.25388813522,0,0,0,1.225
1694.86833882307,44.4108056637713,3,7,45.8687094452202,165.127354002793,6.46932874637059,0,7495.05520014893,0,0,0,1.225
1695.11833882307,44.4162539090246,3,7,45.9039601410232,165.254256507683,6.47087308809114,0,7499.85731665599,0,0,0,1.225
1695.36833882307,44.4216979731572,3,7,45.9391921918909,165.381091890807,6.47241737127388,0,7504.66023763505,0,0,0,1.225
1695.61833882307,44.4271378647861,3,7,45.97440564037,165.507860305332,6.47396159593245,0,7509.46396306474,0,0,0,1.225
1695.86833882307,44.4325735924982,3,7,46.0096005288547,165.634561903877,6.47550576208141,0,7514.26849292446,0,0,0,1.225
1696.11833882307,44.4380051648509,3,7,46.0447768995871,165.761196838513,6.47704986973531,0,7519.0738271936,0,0,0,1.225
1696.36833882307,44.443432590372,3,7,46.0799347946577,165.887765260768,6.47859391890688,0,7523.8799658501,0,0,0,1.225
1696.61833882307,44.4488558775597,3,7,46.115074256007,166.014267321625,6.48013790961431,0,7528.68690887628,0,0,0,1.225
1696.86833882307,44.454275034883,3,7,46.1501953254253,166.140703171531,6.48168184186852,0,7533.49465624865,0,0,0,1.225
1697.11833882307,44.4596900707816,3,7,46.1852980445541,166.267072960395,6.48322571568315,0,7538.3032079459,0,0,0,1.225
1697.36833882307,44.4651009936664,3,7,46.2203824548865,166.393376837592,6.48476953107456,0,7543.11256394892,0,0,0,1.225
1697.61833882307,44.4705078119193,3,7,46.2554485977681,166.519614951965,6.48631328805641,0,7547.92272423642,0,0,0,1.225
1697.86833882307,44.4759105338933,3,7,46.2904965143974,166.645787451831,6.4878569866396,0,7552.73368878494,0,0,0,1.225
1698.11833882307,44.481309167913,3,7,46.3255262458271,166.771894484977,6.4894006268396,0,7557.54545757465,0,0,0,1.225
1698.36833882307,44.4867037222746,3,7,46.360537832964,166.89793619867,6.49094420867095,0,7562.35803058502,0,0,0,1.225
1698.61833882307,44.4920942052456,3,7,46.3955313165707,167.023912739655,6.49248773214731,0,7567.1714077948,0,0,0,1.225
1698.86833882307,44.4974806250657,3,7,46.4305067372654,167.149824254156,6.49403119728049,0,7571.98558918127,0,0,0,1.225
1699.11833882307,44.5028629899464,3,7,46.4654641355232,167.275670887883,6.49557460408505,0,7576.80057472391,0,0,0,1.225
1699.36833882307,44.5082413080711,3,7,46.5004035516764,167.401452786035,6.49711795257463,0,7581.61636440151,0,0,0,1.225
1699.61833882307,44.5136155875956,3,7,46.5353250259154,167.527170093296,6.49866124276105,0,7586.43295819136,0,0,0,1.225
1699.86833882307,44.518985836648,3,7,46.5702285982895,167.652822953842,6.50020447465795,0,7591.25035607224,0,0,0,1.225
1700.11833882307,44.5243520633289,3,7,46.6051143087074,167.778411511347,6.50174764828171,0,7596.06855802513,0,0,0,1.225
1700.36833882307,44.5297142757115,3,7,46.6399821969376,167.903935908976,6.50329076364051,0,7600.88756402446,0,0,0,1.225
1700.61833882307,44.5350724818415,3,7,46.6748323026099,168.029396289396,6.50483382074981,0,7605.70737405047,0,0,0,1.225
1700.86833882307,44.5404266897378,3,7,46.7096646652152,168.154792794775,6.50637681962417,0,7610.52798808271,0,0,0,1.225
1701.11833882307,44.5457769073922,3,7,46.7444793241066,168.280125566784,6.50791976027358,0,7615.34940609708,0,0,0,1.225
1701.36833882307,44.5511231427693,3,7,46.7792763185,168.4053947466,6.5094626427117,0,7620.17162807239,0,0,0,1.225
1701.61833882307,44.5564654038075,3,7,46.8140556874748,168.530600474909,6.51100546695125,0,7624.99465398676,0,0,0,1.225
1701.86833882307,44.5618036984181,3,7,46.8488174699744,168.655742891908,6.51254823300587,0,7629.81848381901,0,0,0,1.225
1702.11833882307,44.5671380344862,3,7,46.8835617048071,168.780822137305,6.5140909408874,0,7634.64311754654,0,0,0,1.225
1702.36833882307,44.5724684198702,3,7,46.9182884306464,168.905838350327,6.51563359060765,0,7639.46855514673,0,0,0,1.225
1702.61833882307,44.5777948624026,3,7,46.9529976860319,169.030791669715,6.51717618218026,0,7644.29479659845,0,0,0,1.225
1702.86833882307,44.5831173698895,3,7,46.9876895093701,169.155682233732,6.51871871561616,0,7649.12184187837,0,0,0,1.225
1703.11833882307,44.5884359501112,3,7,47.0223639389345,169.280510180164,6.52026119092898,0,7653.94969096536,0,0,0,1.225
1703.36833882307,44.5937506108219,3,7,47.0570210128666,169.40527564632,6.52180360813145,0,7658.77834383758,0,0,0,1.225
1703.61833882307,44.5990613597502,3,7,47.0916607691767,169.529978769036,6.52334596723449,0,7663.60780047173,0,0,0,1.225
1703.86833882307,44.604368204599,3,7,47.1262832457439,169.654619684678,6.52488826825083,0,7668.43806084596,0,0,0,1.225
1704.11833882307,44.6096711530456,3,7,47.1608884803175,169.779198529143,6.52643051119139,0,7673.26912493699,0,0,0,1.225
1704.36833882307,44.6149702127421,3,7,47.195476510517,169.903715437861,6.52797269606799,0,7678.10099272227,0,0,0,1.225
1704.61833882307,44.620265391315,3,7,47.2300473738329,170.028170545798,6.52951482289609,0,7682.93366418216,0,0,0,1.225
1704.86833882307,44.6255566963659,3,7,47.2646011076275,170.152563987459,6.53105689168297,0,7687.76713929049,0,0,0,1.225
1705.11833882307,44.6308441354712,3,7,47.2991377491353,170.276895896887,6.53259890244226,0,7692.60141802618,0,0,0,1.225
1705.36833882307,44.6361277161825,3,7,47.3336573354636,170.401166407669,6.53414085518762,0,7697.43650036816,0,0,0,1.225
1705.61833882307,44.6414074460264,3,7,47.3681599035931,170.525375652935,6.53568274992722,0,7702.27238629101,0,0,0,1.225
1705.86833882307,44.6466833325048,3,7,47.4026454903786,170.649523765363,6.5372245866738,0,7707.10907577292,0,0,0,1.225
1706.11833882307,44.6519553830952,3,7,47.4371141325497,170.773610877179,6.53876636543919,0,7711.94656879141,0,0,0,1.225
1706.36833882307,44.6572236052504,3,7,47.4715658667108,170.897637120159,6.54030808623429,0,7716.78486532323,0,0,0,1.225
1706.61833882307,44.6624880063991,3,7,47.5060007293425,171.021602625633,6.54184974907184,0,7721.62396534663,0,0,0,1.225
1706.86833882307,44.6677485939453,3,7,47.5404187568015,171.145507524485,6.54339135396185,0,7726.46386883766,0,0,0,1.225
1707.11833882307,44.6730053752693,3,7,47.5748199853217,171.269351947158,6.54493290091523,0,7731.30457577311,0,0,0,1.225
1707.36833882307,44.6782583577272,3,7,47.6092044510143,171.393136023651,6.5464743899438,0,7736.14608613051,0,0,0,1.225
1707.61833882307,44.6835075486511,3,7,47.6435721898687,171.516859883527,6.54801582105847,0,7740.98839988666,0,0,0,1.225
1707.86833882307,44.6887529553494,3,7,47.6779232377529,171.640523655911,6.54955719426925,0,7745.83151701764,0,0,0,1.225
1708.11833882307,44.6939945851066,3,7,47.7122576304143,171.764127469491,6.55109850958888,0,7750.67543750171,0,0,0,1.225
1708.36833882307,44.6992324451839,3,7,47.7465754034798,171.887671452527,6.55263976702827,0,7755.52016131571,0,0,0,1.225
1708.61833882307,44.7044665428187,3,7,47.7808765924568,172.011155732845,6.5541809665956,0,7760.36568843428,0,0,0,1.225
1708.86833882307,44.7096968852253,3,7,47.8151612327336,172.134580437841,6.55572210830451,0,7765.21201883643,0,0,0,1.225
1709.11833882307,44.7149234795945,3,7,47.8494293595799,172.257945694488,6.5572631921641,0,7770.05915249755,0,0,0,1.225
1709.36833882307,44.7201463330941,3,7,47.8836810081474,172.381251629331,6.55880421818529,0,7774.90708939447,0,0,0,1.225
1709.61833882307,44.7253654528687,3,7,47.9179162134703,172.504498368493,6.56034518637716,0,7779.7558295026,0,0,0,1.225
1709.86833882307,44.7305808460399,3,7,47.9521350104658,172.627686037677,6.56188609675337,0,7784.60537280098,0,0,0,1.225
1710.11833882307,44.7357925197066,3,7,47.9863374339349,172.750814762166,6.56342694932209,0,7789.45571926429,0,0,0,1.225
1710.36833882307,44.7410004809449,3,7,48.0205235185625,172.873884666825,6.56496774409334,0,7794.30686886865,0,0,0,1.225
1710.61833882307,44.7462047368081,3,7,48.0546932989183,172.996895876106,6.56650848107802,0,7799.15882159096,0,0,0,1.225
1710.86833882307,44.7514052943271,3,7,48.0888468094572,173.119848514046,6.56804916028705,0,7804.01157740809,0,0,0,1.225
1711.11833882307,44.7566021605104,3,7,48.1229840845198,173.242742704271,6.56958978172861,0,7808.86513629473,0,0,0,1.225
1711.36833882307,44.7617953423439,3,7,48.1571051583329,173.365578569999,6.57113034541544,0,7813.71949822924,0,0,0,1.225
1711.61833882307,44.7669848467915,3,7,48.1912100650101,173.488356234036,6.57267085135663,0,7818.57466318705,0,0,0,1.225
1711.86833882307,44.7721706807949,3,7,48.2252988385521,173.611075818788,6.57421129956037,0,7823.43063114289,0,0,0,1.225
1712.11833882307,44.7773528512736,3,7,48.2593715128477,173.733737446252,6.57575169003758,0,7828.28740207366,0,0,0,1.225
1712.36833882307,44.7825313651253,3,7,48.2934281216737,173.856341238025,6.57729202279734,0,7833.14497595482,0,0,0,1.225
1712.61833882307,44.7877062292258,3,7,48.3274686986959,173.978887315305,6.57883229785148,0,7838.00335276401,0,0,0,1.225
1712.86833882307,44.7928774504291,3,7,48.3614932774691,174.101375798889,6.58037251520818,0,7842.86253247598,0,0,0,1.225
1713.11833882307,44.7980450355676,3,7,48.3955018914384,174.223806809178,6.58191267487746,0,7847.72251506691,0,0,0,1.225
1713.36833882307,44.8032089914521,3,7,48.4294945739386,174.346180466179,6.5834527768684,0,7852.5833005123,0,0,0,1.225
1713.61833882307,44.808369324872,3,7,48.4634713581958,174.468496889505,6.58499282119101,0,7857.44488878836,0,0,0,1.225
1713.86833882307,44.8135260425952,3,7,48.4974322773271,174.590756198378,6.58653280785347,0,7862.30727986983,0,0,0,1.225
1714.11833882307,44.8186791513685,3,7,48.5313773643414,174.712958511629,6.5880727368658,0,7867.17047373296,0,0,0,1.225
1714.36833882307,44.8238286579173,3,7,48.5653066521399,174.835103947704,6.58961260823889,0,7872.03447035468,0,0,0,1.225
1714.61833882307,44.828974568946,3,7,48.5992201735166,174.95719262466,6.59115242198004,0,7876.89926970905,0,0,0,1.225
1714.86833882307,44.8341168911381,3,7,48.6331179611585,175.079224660171,6.59269217809833,0,7881.76487177158,0,0,0,1.225
1715.11833882307,44.8392556311561,3,7,48.6670000476466,175.201200171528,6.59423187660377,0,7886.63127651851,0,0,0,1.225
1715.36833882307,44.8443907956416,3,7,48.7008664654558,175.323119275641,6.59577151750364,0,7891.4984839239,0,0,0,1.225
1715.61833882307,44.8495223912157,3,7,48.7347172469559,175.444982089041,6.59731110081066,0,7896.36649396619,0,0,0,1.225
1715.86833882307,44.8546504244786,3,7,48.7685524244115,175.566788727881,6.59885062652938,0,7901.23530661727,0,0,0,1.225
1716.11833882307,44.8597749020103,3,7,48.8023720299831,175.688539307939,6.60039009467164,0,7906.10492185485,0,0,0,1.225
1716.36833882307,44.8648958303699,3,7,48.836176095727,175.810233944617,6.60192950524379,0,7910.9753396523,0,0,0,1.225
1716.61833882307,44.8700132160966,3,7,48.8699646535961,175.931872752946,6.60346885825766,0,7915.84655998734,0,0,0,1.225
1716.86833882307,44.875127065709,3,7,48.9037377354402,176.053455847585,6.60500815371779,0,7920.71858283187,0,0,0,1.225
1717.11833882307,44.8802373857056,3,7,48.9374953730068,176.174983342824,6.60654739163783,0,7925.59140816509,0,0,0,1.225
1717.36833882307,44.8853441825649,3,7,48.9712375979408,176.296455352587,6.60808657202051,0,7930.46503595747,0,0,0,1.225
1717.61833882307,44.8904474627453,3,7,49.0049644417859,176.417871990429,6.60962569487856,0,7935.33946618747,0,0,0,1.225
1717.86833882307,44.8955472326853,3,7,49.0386759359842,176.539233369543,6.61116476022016,0,7940.21469882994,0,0,0,1.225
1718.11833882307,44.9006434988036,3,7,49.0723721118772,176.660539602758,6.61270376805169,0,7945.09073385826,0,0,0,1.225
1718.36833882307,44.905736267499,3,7,49.106053000706,176.781790802542,6.61424271838223,0,7949.96757124802,0,0,0,1.225
1718.61833882307,44.9108255451508,3,7,49.139718633612,176.902987081003,6.61578161121997,0,7954.84521097406,0,0,0,1.225
1718.86833882307,44.9159113381187,3,7,49.1733690416368,177.024128549892,6.61732044657128,0,7959.72365300979,0,0,0,1.225
1719.11833882307,44.9209936527428,3,7,49.2070042557231,177.145215320603,6.61885922444799,0,7964.60289733298,0,0,0,1.225
1719.36833882307,44.926072495344,3,7,49.2406243067153,177.266247504175,6.62039794485645,0,7969.48294391704,0,0,0,1.225
1719.61833882307,44.9311478722235,3,7,49.2742292253592,177.387225211293,6.62193660780304,0,7974.36379273538,0,0,0,1.225
1719.86833882307,44.9362197896637,3,7,49.3078190423032,177.508148552292,6.62347521329684,0,7979.24544376362,0,0,0,1.225
1720.11833882307,44.9412882539274,3,7,49.3413937880983,177.629017637154,6.62501376134605,0,7984.12789697662,0,0,0,1.225
1720.36833882307,44.9463532712588,3,7,49.3749534931984,177.749832575514,6.62655225195886,0,7989.01115234928,0,0,0,1.225
1720.61833882307,44.9514148478827,3,7,49.4084981879614,177.870593476661,6.6280906851398,0,7993.89520985357,0,0,0,1.225
1720.86833882307,44.956472990005,3,7,49.4420279026487,177.991300449535,6.6296290609007,0,7998.7800694673,0,0,0,1.225
1721.11833882307,44.9615277038132,3,7,49.4755426674264,178.111953602735,6.63116737924702,0,8003.66573116317,0,0,0,1.225
1721.36833882307,44.9665789954754,3,7,49.5090425123652,178.232553044515,6.63270564018785,0,8008.55219491682,0,0,0,1.225
1721.61833882307,44.9716268711416,3,7,49.5425274674412,178.353098882788,6.63424384372684,0,8013.43946069951,0,0,0,1.225
1721.86833882307,44.9766713369429,3,7,49.5759975625359,178.473591225129,6.6357819898767,0,8018.32752848979,0,0,0,1.225
1722.11833882307,44.9817123989919,3,7,49.609452827437,178.594030178773,6.63732007864019,0,8023.21639825821,0,0,0,1.225
1722.36833882307,44.9867500633828,3,7,49.6428932918385,178.714415850619,6.63885811002638,0,8028.10606998041,0,0,0,1.225
1722.61833882307,44.9917843361914,3,7,49.6763189853413,178.834748347229,6.64039608404346,0,8032.99654363132,0,0,0,1.225
1722.86833882307,44.9968152234754,3,7,49.7097299374536,178.955027774833,6.64193400069598,0,8037.88781918295,0,0,0,1.225
1723.11833882307,45.0018427312741,3,7,49.743126177591,179.075254239328,6.64347185999395,0,8042.77989661167,0,0,0,1.225
1723.36833882307,45.0068668656086,3,7,49.7765077350774,179.195427846279,6.64500966194282,0,8047.67277589025,0,0,0,1.225
1723.61833882307,45.0118876324823,3,7,49.8098746391451,179.315548700922,6.64654740654896,0,8052.56645699217,0,0,0,1.225
1723.86833882307,45.0169050378802,3,7,49.8432269189349,179.435616908166,6.64808509382146,0,8057.46093989309,0,0,0,1.225
1724.11833882307,45.0219190877697,3,7,49.8765646034973,179.55563257259,6.64962272376579,0,8062.35622456576,0,0,0,1.225
1724.36833882307,45.0269297881003,3,7,49.9098877217919,179.675595798451,6.6511602963883,0,8067.2523109837,0,0,0,1.225
1724.61833882307,45.0319371448036,3,7,49.9431963026887,179.795506689679,6.65269781169536,0,8072.14919912039,0,0,0,1.225
1724.86833882307,45.0369411637937,3,7,49.9764903749677,179.915365349884,6.65423526969607,0,8077.04688895152,0,0,0,1.225
1725.11833882307,45.0419418509672,3,7,50.00976996732,180.035171882352,6.65577267039498,0,8081.94538044914,0,0,0,1.225
1725.36833882307,45.0469392122028,3,7,50.0430351083476,180.154926390051,6.65731001379936,0,8086.84467358747,0,0,0,1.225
1725.61833882307,45.051933253362,3,7,50.0762858265641,180.274628975631,6.65884729991467,0,8091.74476833931,0,0,0,1.225
1725.86833882307,45.056923980289,3,7,50.1095221503948,180.394279741421,6.66038452874818,0,8096.6456646789,0,0,0,1.225
1726.11833882307,45.0619113988105,3,7,50.1427441081775,180.513878789439,6.66192170030808,0,8101.5473625812,0,0,0,1.225
1726.36833882307,45.066895514736,3,7,50.1759517281625,180.633426221385,6.66345881459711,0,8106.44986201684,0,0,0,1.225
1726.61833882307,45.0718763338579,3,7,50.2091450385132,180.752922138647,6.66499587162343,0,8111.35316296079,0,0,0,1.225
1726.86833882307,45.0768538619516,3,7,50.2423240673061,180.872366642302,6.66653287139434,0,8116.25726538731,0,0,0,1.225
1727.11833882307,45.0818281047751,3,7,50.2754888425318,180.991759833114,6.66806981391437,0,8121.16216926847,0,0,0,1.225
1727.36833882307,45.0867990680699,3,7,50.3086393920946,181.11110181154,6.66960669918899,0,8126.06787457709,0,0,0,1.225
1727.61833882307,45.0917667575604,3,7,50.3417757438135,181.230392677729,6.67114352722547,0,8130.97438128743,0,0,0,1.225
1727.86833882307,45.0967311789541,3,7,50.3748979254224,181.349632531521,6.67268029803108,0,8135.88168937376,0,0,0,1.225
1728.11833882307,45.101692337942,3,7,50.4080059645701,181.468821472453,6.67421701160856,0,8140.78979880671,0,0,0,1.225
1728.36833882307,45.1066502401981,3,7,50.4410998888211,181.587959599756,6.67575366796518,0,8145.69870956057,0,0,0,1.225
1728.61833882307,45.1116048913802,3,7,50.4741797256558,181.707047012361,6.67729026710822,0,8150.6084216096,0,0,0,1.225
1728.86833882307,45.1165562971292,3,7,50.5072455024706,181.826083808894,6.67882680904131,0,8155.51893492519,0,0,0,1.225
1729.11833882307,45.1215044630697,3,7,50.5402972465788,181.945070087684,6.68036329377264,0,8160.43024948234,0,0,0,1.225
1729.36833882307,45.12644939481,3,7,50.5733349852104,182.064005946758,6.68189972130494,0,8165.34236525171,0,0,0,1.225
1729.61833882307,45.1313910979417,3,7,50.6063587455129,182.182891483846,6.68343609164367,0,8170.25528220614,0,0,0,1.225
1729.86833882307,45.1363295780406,3,7,50.6393685545511,182.301726796384,6.68497240479883,0,8175.16900032209,0,0,0,1.225
1730.11833882307,45.141264840666,3,7,50.672364439308,182.420511981509,6.6865086607695,0,8180.08351956733,0,0,0,1.225
1730.36833882307,45.146196891361,3,7,50.705346426685,182.539247136066,6.68804485956662,0,8184.99883991907,0,0,0,1.225
1730.61833882307,45.151125735653,3,7,50.7383145435018,182.657932356606,6.68958100119198,0,8189.91496134723,0,0,0,1.225
1730.86833882307,45.156051379053,3,7,50.7712688164973,182.77656773939,6.69111708565379,0,8194.83188382686,0,0,0,1.225
1731.11833882307,45.1609738270563,3,7,50.8042092723299,182.895153380387,6.69265311295385,0,8199.7496073279,0,0,0,1.225
1731.36833882307,45.1658930851423,3,7,50.8371359375772,183.013689375278,6.69418908309945,0,8204.66813182467,0,0,0,1.225
1731.61833882307,45.1708091587745,3,7,50.8700488387371,183.132175819454,6.69572499609603,0,8209.58745729001,0,0,0,1.225
1731.86833882307,45.1757220534006,3,7,50.9029480022278,183.25061280802,6.69726085194634,0,8214.50758369463,0,0,0,1.225
1732.11833882307,45.1806317744529,3,7,50.9358334543881,183.369000435797,6.69879665065764,0,8219.42851101282,0,0,0,1.225
1732.36833882307,45.1855383273478,3,7,50.9687052214777,183.48733879732,6.70033239223449,0,8224.35023921675,0,0,0,1.225
1732.61833882307,45.1904417174863,3,7,51.0015633296776,183.605627986839,6.70186807668324,0,8229.27276828,0,0,0,1.225
1732.86833882307,45.1953419502538,3,7,51.0344078050905,183.723868098326,6.70340370400481,0,8234.19609817181,0,0,0,1.225
1733.11833882307,45.2002390310203,3,7,51.0672386737411,183.842059225468,6.70493927420648,0,8239.12022886651,0,0,0,1.225
1733.36833882307,45.2051329651406,3,7,51.1000559615761,183.960201461674,6.7064747872937,0,8244.04516033699,0,0,0,1.225
1733.61833882307,45.210023757954,3,7,51.1328596944651,184.078294900074,6.7080102432692,0,8248.97089255393,0,0,0,1.225
1733.86833882307,45.2149114147846,3,7,51.1656498982003,184.196339633521,6.70954564213753,0,8253.89742548951,0,0,0,1.225
1734.11833882307,45.2197959409413,3,7,51.1984265984973,184.31433575459,6.71108098390687,0,8258.82475911879,0,0,0,1.225
1734.36833882307,45.224677341718,3,7,51.2311898209952,184.432283355583,6.71261626857631,0,8263.75289340956,0,0,0,1.225
1734.61833882307,45.2295556223934,3,7,51.2639395912567,184.550182528524,6.71415149615405,0,8268.6818283369,0,0,0,1.225
1734.86833882307,45.2344307882313,3,7,51.2966759347691,184.668033365169,6.71568666664461,0,8273.61156387298,0,0,0,1.225
1735.11833882307,45.2393028444804,3,7,51.3293988769437,184.785835956997,6.71722178004984,0,8278.54209998778,0,0,0,1.225
1735.36833882307,45.2441717963747,3,7,51.3621084431169,184.903590395221,6.71875683637609,0,8283.47343665493,0,0,0,1.225
1735.61833882307,45.2490376491334,3,7,51.3948046585499,185.02129677078,6.72029183562699,0,8288.40557384587,0,0,0,1.225
1735.86833882307,45.2539004079607,3,7,51.4274875484294,185.138955174346,6.7218267778062,0,8293.33851153207,0,0,0,1.225
1736.11833882307,45.2587600780463,3,7,51.4601571378677,185.256565696324,6.72336166291734,0,8298.27224968495,0,0,0,1.225
1736.36833882307,45.2636166645652,3,7,51.4928134519033,185.374128426852,6.72489649096588,0,8303.20678827744,0,0,0,1.225
1736.61833882307,45.2684701726779,3,7,51.5254565155006,185.491643455802,6.72643126195635,0,8308.14212728172,0,0,0,1.225
1736.86833882307,45.2733206075302,3,7,51.5580863535508,185.609110872783,6.72796597589149,0,8313.07826666852,0,0,0,1.225
1737.11833882307,45.2781679742534,3,7,51.590702990872,185.726530767139,6.72950063277494,0,8318.01520640929,0,0,0,1.225
1737.36833882307,45.2830122779647,3,7,51.6233064522093,185.843903227954,6.73103523261034,0,8322.95294647551,0,0,0,1.225
1737.61833882307,45.2878535237667,3,7,51.6558967622354,185.961228344047,6.73256977540314,0,8327.89148684008,0,0,0,1.225
1737.86833882307,45.2926917167477,3,7,51.6884739455506,186.078506203982,6.73410426115515,0,8332.83082747302,0,0,0,1.225
1738.11833882307,45.2975268619817,3,7,51.7210380266833,186.19573689606,6.73563868987185,0,8337.77096834725,0,0,0,1.225
1738.36833882307,45.3023589645288,3,7,51.7535890300902,186.312920508325,6.73717306155595,0,8342.71190943352,0,0,0,1.225
1738.61833882307,45.3071880294346,3,7,51.7861269801567,186.430057128564,6.73870737621019,0,8347.65365070257,0,0,0,1.225
1738.86833882307,45.3120140617309,3,7,51.818651901197,186.547146844309,6.74024163384001,0,8352.59619212733,0,0,0,1.225
1739.11833882307,45.3168370664354,3,7,51.8511638174545,186.664189742836,6.74177583444816,0,8357.53953367854,0,0,0,1.225
1739.36833882307,45.3216570485517,3,7,51.883662753102,186.781185911167,6.74330997803645,0,8362.48367532624,0,0,0,1.225
1739.61833882307,45.3264740130697,3,7,51.9161487322421,186.898135436071,6.74484406461033,0,8367.42861704335,0,0,0,1.225
1739.86833882307,45.3312879649653,3,7,51.9486217789075,187.015038404067,6.74637809417163,0,8372.3743587999,0,0,0,1.225
1740.11833882307,45.3360989092006,3,7,51.981081917061,187.131894901419,6.7479120667258,0,8377.32090056883,0,0,0,1.225
1740.36833882307,45.3409068507241,3,7,52.0135291705961,187.248705014146,6.74944598227285,0,8382.26824231873,0,0,0,1.225
1740.61833882307,45.3457117944704,3,7,52.0459635633372,187.365468828014,6.75097984081913,0,8387.21638402324,0,0,0,1.225
1740.86833882307,45.3505137453605,3,7,52.0783851190398,187.482186428543,6.75251364236556,0,8392.16532565169,0,0,0,1.225
1741.11833882307,45.355312708302,3,7,52.1107938613906,187.598857901006,6.75404738691668,0,8397.11506717628,0,0,0,1.225
1741.36833882307,45.3601086881887,3,7,52.1431898140082,187.71548333043,6.7555810744725,0,8402.06560856561,0,0,0,1.225
1741.61833882307,45.3649016899012,3,7,52.1755730004431,187.832062801595,6.7571147050412,0,8407.0169497948,0,0,0,1.225
1741.86833882307,45.3696917183063,3,7,52.2079434441779,187.948596399041,6.75864827862097,0,8411.96909083098,0,0,0,1.225
1742.11833882307,45.3744787782577,3,7,52.2403011686279,188.06508420706,6.76018179521634,0,8416.92203164638,0,0,0,1.225
1742.36833882307,45.3792628745958,3,7,52.2726461971408,188.181526309707,6.76171525483005,0,8421.87577221177,0,0,0,1.225
1742.61833882307,45.3840440121475,3,7,52.3049785529975,188.297922790791,6.76324865746574,0,8426.83031249865,0,0,0,1.225
1742.86833882307,45.3888221957267,3,7,52.3372982594122,188.414273733884,6.76478200312431,0,8431.78565247633,0,0,0,1.225
1743.11833882307,45.393597430134,3,7,52.3696053395327,188.530579222318,6.76631529181032,0,8436.74179211705,0,0,0,1.225
1743.36833882307,45.3983697201568,3,7,52.4018998164403,188.646839339185,6.76784852352466,0,8441.69873139013,0,0,0,1.225
1743.61833882307,45.4031390705695,3,7,52.4341817131505,188.763054167342,6.76938169827099,0,8446.65647026707,0,0,0,1.225
1743.86833882307,45.4079054861337,3,7,52.4664510526133,188.879223789408,6.77091481605112,0,8451.61500871793,0,0,0,1.225
1744.11833882307,45.4126689715977,3,7,52.498707857713,188.995348287767,6.77244787686777,0,8456.57434671349,0,0,0,1.225
1744.36833882307,45.4174295316971,3,7,52.5309521512689,189.111427744568,6.77398088072277,0,8461.5344842238,0,0,0,1.225
1744.61833882307,45.4221871711544,3,7,52.5631839560351,189.227462241726,6.77551382761976,0,8466.49542122038,0,0,0,1.225
1744.86833882307,45.4269418946794,3,7,52.5954032947013,189.343451860925,6.77704671755964,0,8471.45715767255,0,0,0,1.225
1745.11833882307,45.4316937069693,3,7,52.6276101898928,189.459396683614,6.77857955054515,0,8476.4196935511,0,0,0,1.225
1745.36833882307,45.4364426127083,3,7,52.6598046641704,189.575296791014,6.78011232657991,0,8481.38302882755,0,0,0,1.225
1745.61833882307,45.441188616568,3,7,52.6919867400314,189.691152264113,6.78164504566394,0,8486.34716347049,0,0,0,1.225
1745.86833882307,45.4459317232074,3,7,52.7241564399092,189.806963183673,6.78317770779995,0,8491.31209745073,0,0,0,1.225
1746.11833882307,45.450671937273,3,7,52.7563137861736,189.922729630225,6.78471031298886,0,8496.27783073758,0,0,0,1.225
1746.36833882307,45.4554092633986,3,7,52.7884588011316,190.038451684074,6.78624286123522,0,8501.24436330332,0,0,0,1.225
1746.61833882307,45.4601437062056,3,7,52.820591507027,190.154129425297,6.78777535253994,0,8506.21169511726,0,0,0,1.225
1746.86833882307,45.464875270303,3,7,52.852711926041,190.269762933747,6.78930778690392,0,8511.17982614876,0,0,0,1.225
1747.11833882307,45.4696039602873,3,7,52.8848200802922,190.385352289052,6.79084016432898,0,8516.14875636787,0,0,0,1.225
1747.36833882307,45.4743297807428,3,7,52.9169159918373,190.500897570614,6.79237248481877,0,8521.11848574612,0,0,0,1.225
1747.61833882307,45.4790527362414,3,7,52.9489996826707,190.616398857615,6.79390474837237,0,8526.0890142514,0,0,0,1.225
1747.86833882307,45.4837728313427,3,7,52.9810711747253,190.731856229011,6.79543695499524,0,8531.06034185668,0,0,0,1.225
1748.11833882307,45.4884900705942,3,7,53.0131304898723,190.84726976354,6.79696910468465,0,8536.03246852841,0,0,0,1.225
1748.36833882307,45.4932044585312,3,7,53.0451776499218,190.962639539718,6.79850119744424,0,8541.00539423811,0,0,0,1.225
1748.61833882307,45.4979159996768,3,7,53.0772126766227,191.077965635842,6.80003323327492,0,8545.97911895511,0,0,0,1.225
1748.86833882307,45.5026246985423,3,7,53.1092355916634,191.193248129988,6.80156521218032,0,8550.95364265097,0,0,0,1.225
1749.11833882307,45.5073305596267,3,7,53.1412464166714,191.308487100017,6.80309713415954,0,8555.92896529355,0,0,0,1.225
1749.36833882307,45.5120335874172,3,7,53.173245173214,191.423682623571,6.8046289992144,0,8560.90508685295,0,0,0,1.225
1749.61833882307,45.5167337863888,3,7,53.2052318827986,191.538834778075,6.80616080734762,0,8565.88200729996,0,0,0,1.225
1749.86833882307,45.5214311610049,3,7,53.2372065668725,191.653943640741,6.8076925585583,0,8570.85972660248,0,0,0,1.225
1750.11833882307,45.5261257157169,3,7,53.2691692468232,191.769009288564,6.80922425284916,0,8575.83824473132,0,0,0,1.225
1750.36833882307,45.5308174549646,3,7,53.3011199439793,191.884031798325,6.8107558902193,0,8580.81756165436,0,0,0,1.225
1750.61833882307,45.5355063831757,3,7,53.3330586796097,191.999011246595,6.81228747067416,0,8585.7976773446,0,0,0,1.225
1750.86833882307,45.5401925047665,3,7,53.3649854749246,192.113947709729,6.81381899421103,0,8590.77859176848,0,0,0,1.225
1751.11833882307,45.5448758241415,3,7,53.3969003510754,192.228841263871,6.81535046083172,0,8595.76030489607,0,0,0,1.225
1751.36833882307,45.5495563456935,3,7,53.4288033291549,192.343691984958,6.81688187053715,0,8600.74281669675,0,0,0,1.225
1751.61833882307,45.5542340738039,3,7,53.4606944301978,192.458499948712,6.81841322332912,0,8605.72612714057,0,0,0,1.225
1751.86833882307,45.5589090128425,3,7,53.4925736751805,192.57326523065,6.81994451920946,0,8610.71023619763,0,0,0,1.225
1752.11833882307,45.5635811671674,3,7,53.5244410850217,192.687987906078,6.82147575817635,0,8615.6951438351,0,0,0,1.225
1752.36833882307,45.5682505411256,3,7,53.5562966805824,192.802668050097,6.82300694023252,0,8620.68085002378,0,0,0,1.225
1752.61833882307,45.5729171390524,3,7,53.5881404826662,192.917305737598,6.82453806537615,0,8625.66735473086,0,0,0,1.225
1752.86833882307,45.5775809652719,3,7,53.6199725120194,193.03190104327,6.82606913361178,0,8630.65465792858,0,0,0,1.225
1753.11833882307,45.5822420240968,3,7,53.6517927893314,193.146454041593,6.82760014493851,0,8635.64275958487,0,0,0,1.225
1753.36833882307,45.5869003198284,3,7,53.6836013352348,193.260964806845,6.82913109935453,0,8640.63165966689,0,0,0,1.225
1753.61833882307,45.591555856757,3,7,53.7153981703057,193.3754334131,6.83066199686527,0,8645.62135814763,0,0,0,1.225
1753.86833882307,45.5962086391616,3,7,53.7471833150637,193.489859934229,6.83219283746621,0,8650.61185499209,0,0,0,1.225
1754.11833882307,45.6008586713099,3,7,53.7789567899724,193.604244443901,6.83372362116006,0,8655.60315017108,0,0,0,1.225
1754.36833882307,45.6055059574587,3,7,53.8107186154394,193.718587015582,6.83525434794774,0,8660.59524365396,0,0,0,1.225
1754.61833882307,45.6101505018536,3,7,53.8424688118166,193.83288772254,6.83678501782924,0,8665.58813540936,0,0,0,1.225
1754.86833882307,45.6147923087291,3,7,53.8742073994003,193.947146637841,6.83831563080457,0,8670.5818254059,0,0,0,1.225
1755.11833882307,45.6194313823089,3,7,53.9059343984317,194.061363834354,6.83984618687464,0,8675.57631361295,0,0,0,1.225
1755.36833882307,45.6240677268054,3,7,53.9376498290966,194.175539384748,6.84137668603944,0,8680.57159999914,0,0,0,1.225
1755.61833882307,45.6287013464206,3,7,53.9693537115262,194.289673361494,6.84290712829716,0,8685.56768453164,0,0,0,1.225
1755.86833882307,45.633332245345,3,7,54.0010460657969,194.403765836869,6.84443751365234,0,8690.56456718272,0,0,0,1.225
1756.11833882307,45.6379604277589,3,7,54.0327269119305,194.51781688295,6.84596784210044,0,8695.56224791738,0,0,0,1.225
1756.36833882307,45.6425858978312,3,7,54.0643962698946,194.631826571621,6.84749811364327,0,8700.5607267057,0,0,0,1.225
1756.61833882307,45.6472086597205,3,7,54.0960541596027,194.74579497457,6.84902832828175,0,8705.56000351704,0,0,0,1.225
1756.86833882307,45.6518287175745,3,7,54.1277006009146,194.859722163292,6.85055848601587,0,8710.56007832002,0,0,0,1.225
1757.11833882307,45.6564460755301,3,7,54.159335613636,194.97360820909,6.85208858684291,0,8715.56095108111,0,0,0,1.225
1757.36833882307,45.6610607377137,3,7,54.1909592175195,195.08745318307,6.8536186307665,0,8720.56262177184,0,0,0,1.225
1757.61833882307,45.6656727082412,3,7,54.2225714322643,195.201257156151,6.85514861778211,0,8725.5650903572,0,0,0,1.225
1757.86833882307,45.6702819912177,3,7,54.2541722775163,195.315020199059,6.85667854789426,0,8730.56835680947,0,0,0,1.225
1758.11833882307,45.6748885907379,3,7,54.2857617728689,195.428742382328,6.85820842109842,0,8735.57242109363,0,0,0,1.225
1758.36833882307,45.6794925108859,3,7,54.3173399378623,195.542423776304,6.85973823739823,0,8740.57728318122,0,0,0,1.225
1758.61833882307,45.6840937557356,3,7,54.3489067919847,195.656064451145,6.86126799679005,0,8745.58294303797,0,0,0,1.225
1758.86833882307,45.6886923293501,3,7,54.3804623546716,195.769664476818,6.86279769927387,0,8750.58940063251,0,0,0,1.225
1759.11833882307,45.6932882357826,3,7,54.4120066453066,195.883223923104,6.86432734485152,0,8755.59665593491,0,0,0,1.225
1759.36833882307,45.6978814790755,3,7,54.4435396832212,195.996742859596,6.86585693351935,0,8760.60470891091,0,0,0,1.225
1759.61833882307,45.7024720632611,3,7,54.4750614876953,196.110221355703,6.86738646528011,0,8765.6135595313,0,0,0,1.225
1759.86833882307,45.7070599923616,3,7,54.5065720779571,196.223659480646,6.86891594013014,0,8770.62320776182,0,0,0,1.225
1760.11833882307,45.7116452703886,3,7,54.5380714731836,196.337057303461,6.87044535807127,0,8775.63365357254,0,0,0,1.225
1760.36833882307,45.7162279013438,3,7,54.5695596925005,196.450414893002,6.87197471910076,0,8780.64489692991,0,0,0,1.225
1760.61833882307,45.7208078892186,3,7,54.6010367549826,196.563732317937,6.87350402321772,0,8785.65693780182,0,0,0,1.225
1760.86833882307,45.7253852379945,3,7,54.6325026796537,196.677009646753,6.87503327042486,0,8790.6697761591,0,0,0,1.225
1761.11833882307,45.7299599516425,3,7,54.6639574854872,196.790246947754,6.87656246071765,0,8795.68341196673,0,0,0,1.225
1761.36833882307,45.734532034124,3,7,54.695401191406,196.903444289062,6.87809159409608,0,8800.69784519332,0,0,0,1.225
1761.61833882307,45.73910148939,3,7,54.7268338162827,197.016601738618,6.87962067056105,0,8805.71307580825,0,0,0,1.225
1761.86833882307,45.7436683213819,3,7,54.7582553789398,197.129719364183,6.88114969010894,0,8810.72910377722,0,0,0,1.225
1762.11833882307,45.7482325340309,3,7,54.78966589815,197.24279723334,6.88267865273974,0,8815.74592906886,0,0,0,1.225
1762.36833882307,45.7527941312584,3,7,54.8210653926362,197.35583541349,6.88420755845345,0,8820.76355165179,0,0,0,1.225
1762.61833882307,45.7573531169758,3,7,54.8524538810719,197.468833971859,6.88573640724826,0,8825.78197149318,0,0,0,1.225
1762.86833882307,45.7619094950847,3,7,54.8838313820812,197.581792975492,6.88726519912325,0,8830.80118856093,0,0,0,1.225
1763.11833882307,45.7664632694772,3,7,54.9151979142388,197.69471249126,6.88879393407569,0,8835.82120282147,0,0,0,1.225
1763.36833882307,45.7710144440352,3,7,54.9465534960707,197.807592585855,6.89032261210741,0,8840.84201424489,0,0,0,1.225
1763.61833882307,45.7755630226311,3,7,54.977898146054,197.920433325795,6.89185123321386,0,8845.86362279616,0,0,0,1.225
1763.86833882307,45.7801090091276,3,7,55.0092318826172,198.033234777422,6.89337979739503,0,8850.88602844391,0,0,0,1.225
1764.11833882307,45.7846524073776,3,7,55.0405547241401,198.145997006904,6.89490830464911,0,8855.9092311553,0,0,0,1.225
1764.36833882307,45.7891932212246,3,7,55.0718666889544,198.258720080236,6.896436754977,0,8860.93323089967,0,0,0,1.225
1764.61833882307,45.7937314545023,3,7,55.1031677953437,198.371404063237,6.89796514837508,0,8865.95802764275,0,0,0,1.225
1764.86833882307,45.798267111035,3,7,55.1344580615435,198.484049021557,6.89949348484151,0,8870.98362135168,0,0,0,1.225
1765.11833882307,45.8028001946372,3,7,55.1657375057418,198.596655020671,6.9010217643754,0,8876.01001199435,0,0,0,1.225
1765.36833882307,45.8073307091143,3,7,55.1970061460787,198.709222125883,6.90254998697583,0,8881.03719953866,0,0,0,1.225
1765.61833882307,45.8118586582619,3,7,55.2282640006469,198.821750402329,6.90407815264007,0,8886.06518395103,0,0,0,1.225
1765.86833882307,45.8163840458663,3,7,55.259511087492,198.934239914971,6.90560626136903,0,8891.09396520081,0,0,0,1.225
1766.11833882307,45.8209068757044,3,7,55.2907474246124,199.046690728605,6.90713431315726,0,8896.12354325225,0,0,0,1.225
1766.36833882307,45.8254271515439,3,7,55.3219730299596,199.159102907854,6.90866230800384,0,8901.15391807322,0,0,0,1.225
1766.61833882307,45.8299448771428,3,7,55.3531879214382,199.271476517178,6.91019024590878,0,8906.18508963235,0,0,0,1.225
1766.86833882307,45.8344600562502,3,7,55.3843921169064,199.383811620863,6.91171812687116,0,8911.2170578975,0,0,0,1.225
1767.11833882307,45.8389726926056,3,7,55.4155856341759,199.496108283033,6.91324595088554,0,8916.24982283293,0,0,0,1.225
1767.36833882307,45.8434827899395,3,7,55.4467684910121,199.608366567644,6.91477371795099,0,8921.28338440652,0,0,0,1.225
1767.61833882307,45.8479903519731,3,7,55.4779407051343,199.720586538484,6.91630142806753,0,8926.31774258687,0,0,0,1.225
1767.86833882307,45.8524953824184,3,7,55.5091022942159,199.832768259177,6.9178290812315,0,8931.35289733968,0,0,0,1.225
1768.11833882307,45.8569978849784,3,7,55.5402532758844,199.944911793184,6.9193566774411,0,8936.38884863209,0,0,0,1.225
1768.36833882307,45.8614978633469,3,7,55.5713936677219,200.057017203799,6.92088421669359,0,8941.42559643053,0,0,0,1.225
1768.61833882307,45.8659953212086,3,7,55.6025234872649,200.169084554154,6.92241169898807,0,8946.46314070287,0,0,0,1.225
1768.86833882307,45.8704902622392,3,7,55.6336427520046,200.281113907217,6.92393912432271,0,8951.50148141626,0,0,0,1.225
1769.11833882307,45.8749826901054,3,7,55.6647514793871,200.393105325794,6.92546649269298,0,8956.54061853566,0,0,0,1.225
1769.36833882307,45.8794726084649,3,7,55.6958496868135,200.505058872529,6.92699380409977,0,8961.58055203039,0,0,0,1.225
1769.61833882307,45.8839600209664,3,7,55.7269373916402,200.616974609905,6.92852105853854,0,8966.62128186542,0,0,0,1.225
1769.86833882307,45.8884449312497,3,7,55.7580146111788,200.728852600243,6.93004825600656,0,8971.66280800716,0,0,0,1.225
1770.11833882307,45.8929273429459,3,7,55.7890813626963,200.840692905707,6.93157539650292,0,8976.70513042348,0,0,0,1.225
1770.36833882307,45.8974072596771,3,7,55.8201376634157,200.952495588297,6.9331024800249,0,8981.74824908078,0,0,0,1.225
1770.61833882307,45.9018846850564,3,7,55.8511835305155,201.064260709856,6.93462950656976,0,8986.79216394547,0,0,0,1.225
1770.86833882307,45.9063596226883,3,7,55.8822189811304,201.175988332069,6.93615647613478,0,8991.83687498397,0,0,0,1.225
1771.11833882307,45.9108320761686,3,7,55.9132440323509,201.287678516463,6.93768338871723,0,8996.88238216268,0,0,0,1.225
1771.36833882307,45.9153020490842,3,7,55.944258701224,201.399331324406,6.93921024431529,0,9001.92868544873,0,0,0,1.225
1771.61833882307,45.9197695450134,3,7,55.9752630047532,201.510946817111,6.94073704292532,0,9006.9757848078,0,0,0,1.225
1771.86833882307,45.9242345675257,3,7,56.0062569598983,201.622525055634,6.9422637845455,0,9012.02368020702,0,0,0,1.225
1772.11833882307,45.9286971201822,3,7,56.0372405835761,201.734066100874,6.9437904691722,0,9017.07237161206,0,0,0,1.225
1772.36833882307,45.9331572065351,3,7,56.0682138926601,201.845570013576,6.94531709680359,0,9022.12185899004,0,0,0,1.225
1772.61833882307,45.9376148301281,3,7,56.0991769039809,201.957036854331,6.94684366743604,0,9027.17214230665,0,0,0,1.225
1772.86833882307,45.9420699944964,3,7,56.1301296343262,202.068466683574,6.94837018106955,0,9032.22322153045,0,0,0,1.225
1773.11833882307,45.9465227031668,3,7,56.1610721004412,202.179859561588,6.94989663769593,0,9037.27509662347,0,0,0,1.225
1773.36833882307,45.9509729596572,3,7,56.1920043190284,202.291215548502,6.951423037317,0,9042.32776755575,0,0,0,1.225
1773.61833882307,45.9554207674775,3,7,56.222926306748,202.402534704293,6.9529493799273,0,9047.3812342915,0,0,0,1.225
1773.86833882307,45.9598661301287,3,7,56.253838080218,202.513817088785,6.95447566552411,0,9052.4354967971,0,0,0,1.225
1774.11833882307,45.9643090511038,3,7,56.2847396560141,202.625062761651,6.95600189410379,0,9057.49055503822,0,0,0,1.225
1774.36833882307,45.9687495338872,3,7,56.3156310506704,202.736271782413,6.95752806566543,0,9062.54640898269,0,0,0,1.225
1774.61833882307,45.9731875819549,3,7,56.3465122806789,202.847444210444,6.95905418020448,0,9067.60305859544,0,0,0,1.225
1774.86833882307,45.9776231987747,3,7,56.3773833624901,202.958580104965,6.9605802377182,0,9072.66050384287,0,0,0,1.225
1775.11833882307,45.982056387806,3,7,56.4082443125131,203.069679525047,6.96210623820389,0,9077.71874469134,0,0,0,1.225
1775.36833882307,45.9864871525,3,7,56.4390951471152,203.180742529615,6.96363218165516,0,9082.77778110433,0,0,0,1.225
1775.61833882307,45.9909154962996,3,7,56.4699358826231,203.291769177443,6.96515806807201,0,9087.83761305039,0,0,0,1.225
1775.86833882307,45.9953414226395,3,7,56.5007665353218,203.402759527158,6.96668389744991,0,9092.89824049446,0,0,0,1.225
1776.11833882307,45.9997649349463,3,7,56.5315871214558,203.513713637241,6.96820966978703,0,9097.95966340362,0,0,0,1.225
1776.36833882307,46.0041860366382,3,7,56.5623976572286,203.624631566023,6.969735385077,0,9103.02188174135,0,0,0,1.225
1776.61833882307,46.0086047311256,3,7,56.5931981588032,203.735513371691,6.97126104331983,0,9108.08489547619,0,0,0,1.225
1776.86833882307,46.0130210218105,3,7,56.6239886423018,203.846359112286,6.97278664450732,0,9113.14870457014,0,0,0,1.225
1777.11833882307,46.0174349120869,3,7,56.6547691238064,203.957168845703,6.97431218864131,0,9118.21330899321,0,0,0,1.225
1777.36833882307,46.0218464053409,3,7,56.6855396193588,204.067942629692,6.97583767571359,0,9123.2787087074,0,0,0,1.225
1777.61833882307,46.0262555049503,3,7,56.7163001449606,204.178680521858,6.97736310572509,0,9128.34490368199,0,0,0,1.225
1777.86833882307,46.0306622142852,3,7,56.7470507165734,204.289382579664,6.97888847866761,0,9133.41189387895,0,0,0,1.225
1778.11833882307,46.0350665367074,3,7,56.7777913501191,204.400048860429,6.98041379454025,0,9138.47967926612,0,0,0,1.225
1778.36833882307,46.0394684755711,3,7,56.8085220614797,204.510679421327,6.98193905333846,0,9143.54825980838,0,0,0,1.225
1778.61833882307,46.0438680342223,3,7,56.8392428664978,204.621274319392,6.9834642550577,0,9148.61763547065,0,0,0,1.225
1778.86833882307,46.0482652159993,3,7,56.8699537809766,204.731833611516,6.98498939969613,0,9153.68780621999,0,0,0,1.225
1779.11833882307,46.0526600242324,3,7,56.9006548206798,204.842357354447,6.98651448724831,0,9158.75877202057,0,0,0,1.225
1779.36833882307,46.057052462244,3,7,56.9313460013321,204.952845604795,6.98803951771151,0,9163.83053283875,0,0,0,1.225
1779.61833882307,46.061442533349,3,7,56.9620273386191,205.063298419029,6.98956449108027,0,9168.90308863868,0,0,0,1.225
1779.86833882307,46.0658302408542,3,7,56.9926988481875,205.173715853475,6.99108940735096,0,9173.97643938598,0,0,0,1.225
1780.11833882307,46.0702155880587,3,7,57.0233605456454,205.284097964323,6.99261426651992,0,9179.05058504627,0,0,0,1.225
1780.36833882307,46.0745985782539,3,7,57.0540124465619,205.394444807623,6.99413906858445,0,9184.12552558587,0,0,0,1.225
1780.61833882307,46.0789792147236,3,7,57.0846545664679,205.504756439285,6.99566381353816,0,9189.20126096823,0,0,0,1.225
1780.86833882307,46.0833575007437,3,7,57.1152869208559,205.615032915081,6.99718850137742,0,9194.27779115893,0,0,0,1.225
1781.11833882307,46.0877334395825,3,7,57.1459095251801,205.725274290648,6.99871313209951,0,9199.35511612433,0,0,0,1.225
1781.36833882307,46.0921070345008,3,7,57.1765223948564,205.835480621483,7.00023770569896,0,9204.43323582856,0,0,0,1.225
1781.61833882307,46.0964782887516,3,7,57.207125545263,205.945651962947,7.00176222217306,0,9209.51215023796,0,0,0,1.225
1781.86833882307,46.1008472055804,3,7,57.2377189917401,206.055788370264,7.00328668151451,0,9214.5918593152,0,0,0,1.225
1782.11833882307,46.1052137882253,3,7,57.2683027495902,206.165889898525,7.00481108372242,0,9219.67236302807,0,0,0,1.225
1782.36833882307,46.1095780399165,3,7,57.298876834078,206.275956602681,7.0063354287895,0,9224.75366133924,0,0,0,1.225
1782.61833882307,46.113939963877,3,7,57.3294412604311,206.385988537552,7.00785971671212,0,9229.83575421432,0,0,0,1.225
1782.86833882307,46.1182995633222,3,7,57.3599960438394,206.495985757822,7.00938394748755,0,9234.91864161961,0,0,0,1.225
1783.11833882307,46.1226568414601,3,7,57.3905411994557,206.60594831804,7.01090812111124,0,9240.00232351997,0,0,0,1.225
1783.36833882307,46.127011801491,3,7,57.4210767423957,206.715876272624,7.01243223757592,0,9245.08679987808,0,0,0,1.225
1783.61833882307,46.1313644466082,3,7,57.451602687738,206.825769675857,7.01395629687886,0,9250.17207066024,0,0,0,1.225
1783.86833882307,46.1357147799973,3,7,57.4821190505246,206.935628581888,7.01548029901551,0,9255.2581358313,0,0,0,1.225
1784.11833882307,46.1400628048366,3,7,57.5126258457604,207.045453044737,7.0170042439795,0,9260.34499535466,0,0,0,1.225
1784.36833882307,46.1444085242972,3,7,57.543123088414,207.15524311829,7.01852813176993,0,9265.43264919806,0,0,0,1.225
1784.61833882307,46.1487519415427,3,7,57.5736107934173,207.264998856302,7.02005196237951,0,9270.52109732418,0,0,0,1.225
1784.86833882307,46.1530930597295,3,7,57.604088975666,207.374720312398,7.0215757358028,0,9275.61033969712,0,0,0,1.225
1785.11833882307,46.1574318820067,3,7,57.6345576500194,207.48440754007,7.02309945203615,0,9280.70037628245,0,0,0,1.225
1785.36833882307,46.1617684115161,3,7,57.6650168313006,207.594060592682,7.02462311107502,0,9285.791207045,0,0,0,1.225
1785.61833882307,46.1661026513924,3,7,57.695466534297,207.703679523469,7.02614671291485,0,9290.88283194961,0,0,0,1.225
1785.86833882307,46.1704346047631,3,7,57.7259067737597,207.813264385535,7.02767025754838,0,9295.97525095891,0,0,0,1.225
1786.11833882307,46.1747642747483,3,7,57.7563375644044,207.922815231856,7.02919374497378,0,9301.06846403993,0,0,0,1.225
1786.36833882307,46.1790916644613,3,7,57.7867589209108,208.032332115279,7.03071717518469,0,9306.16247115603,0,0,0,1.225
1786.61833882307,46.1834167770079,3,7,57.8171708579234,208.141815088524,7.03224054817565,0,9311.2572722713,0,0,0,1.225
1786.86833882307,46.187739615487,3,7,57.847573390051,208.251264204184,7.03376386394211,0,9316.35286735056,0,0,0,1.225
1787.11833882307,46.1920601829905,3,7,57.8779665318672,208.360679514722,7.03528712247953,0,9321.44925635862,0,0,0,1.225
1787.36833882307,46.196378482603,3,7,57.9083502979105,208.470061072478,7.03681032378063,0,9326.54643925813,0,0,0,1.225
1787.61833882307,46.2006945174023,3,7,57.9387247026841,208.579408929663,7.03833346784359,0,9331.64441601606,0,0,0,1.225
1787.86833882307,46.2050082904589,3,7,57.9690897606564,208.688723138363,7.03985655465931,0,9336.74318659359,0,0,0,1.225
1788.11833882307,46.2093198048366,3,7,57.999445486261,208.79800375054,7.04137958422598,0,9341.8427509577,0,0,0,1.225
1788.36833882307,46.2136290635921,3,7,58.0297918938966,208.907250818028,7.04290255653814,0,9346.94310907248,0,0,0,1.225
1788.61833882307,46.2179360697751,3,7,58.0601289979275,209.016464392539,7.04442547158851,0,9352.04426090053,0,0,0,1.225
1788.86833882307,46.2222408264284,3,7,58.0904568126833,209.12564452566,7.04594832937164,0,9357.14620640593,0,0,0,1.225
1789.11833882307,46.226543336588,3,7,58.1207753524593,209.234791268853,7.0474711298848,0,9362.24894555491,0,0,0,1.225
1789.36833882307,46.2308436032828,3,7,58.1510846315165,209.343904673459,7.04899387311889,0,9367.35247830863,0,0,0,1.225
1789.61833882307,46.2351416295352,3,7,58.1813846640817,209.452984790694,7.05051655907209,0,9372.45680463407,0,0,0,1.225
1789.86833882307,46.2394374183603,3,7,58.2116754643477,209.562031671652,7.05203918773805,0,9377.56192449455,0,0,0,1.225
1790.11833882307,46.2437309727668,3,7,58.2419570464734,209.671045367304,7.05356175910856,0,9382.66783785193,0,0,0,1.225
1790.36833882307,46.2480222957563,3,7,58.2722294245837,209.780025928501,7.05508427318091,0,9387.77454467246,0,0,0,1.225
1790.61833882307,46.2523113903239,3,7,58.3024926127701,209.888973405972,7.05660672994873,0,9392.88204491945,0,0,0,1.225
1790.86833882307,46.2565982594576,3,7,58.33274662509,209.997887850324,7.05812912940746,0,9397.99033855768,0,0,0,1.225
1791.11833882307,46.260882906139,3,7,58.3629914755677,210.106769312044,7.05965147154802,0,9403.09942554826,0,0,0,1.225
1791.36833882307,46.2651653333428,3,7,58.3932271781939,210.215617841498,7.0611737563695,0,9408.20930585889,0,0,0,1.225
1791.61833882307,46.2694455440372,3,7,58.4234537469262,210.324433488934,7.06269598386098,0,9413.31997944922,0,0,0,1.225
1791.86833882307,46.2737235411834,3,7,58.4536711956887,210.433216304479,7.06421815402064,0,9418.43144628621,0,0,0,1.225
1792.11833882307,46.2779993277363,3,7,58.4838795383729,210.541966338142,7.0657402668412,0,9423.54370633241,0,0,0,1.225
1792.36833882307,46.282272906644,3,7,58.5140787888368,210.650683639812,7.06726232231813,0,9428.65675955258,0,0,0,1.225
1792.61833882307,46.286544280848,3,7,58.5442689609059,210.759368259261,7.06878432044232,0,9433.77060590785,0,0,0,1.225
1792.86833882307,46.2908134532833,3,7,58.5744500683728,210.868020246142,7.07030626121286,0,9438.88524536585,0,0,0,1.225
1793.11833882307,46.2950804268782,3,7,58.6046221249976,210.976639649991,7.07182814461885,0,9444.00067788625,0,0,0,1.225
1793.36833882307,46.2993452045546,3,7,58.6347851445077,211.085226520228,7.07334997065664,0,9449.1169034345,0,0,0,1.225
1793.61833882307,46.3036077892279,3,7,58.664939140598,211.193780906153,7.07487173931986,0,9454.23392197389,0,0,0,1.225
1793.86833882307,46.3078681838067,3,7,58.6950841269314,211.302302856953,7.07639345060215,0,9459.3517334677,0,0,0,1.225
1794.11833882307,46.3121263911936,3,7,58.7252201171382,211.410792421697,7.07791510449897,0,9464.47033788065,0,0,0,1.225
1794.36833882307,46.3163824142843,3,7,58.7553471248167,211.51924964934,7.07943670100121,0,9469.58973517384,0,0,0,1.225
1794.61833882307,46.3206362559683,3,7,58.7854651635332,211.62767458872,7.08095824010616,0,9474.70992531343,0,0,0,1.225
1794.86833882307,46.3248879191286,3,7,58.8155742468222,211.73606728856,7.08247972180561,0,9479.83090826125,0,0,0,1.225
1795.11833882307,46.3291374066419,3,7,58.8456743881862,211.84442779747,7.08400114609321,0,9484.95268398055,0,0,0,1.225
1795.36833882307,46.3333847213783,3,7,58.875765601096,211.952756163946,7.08552251296442,0,9490.07525243604,0,0,0,1.225
1795.61833882307,46.3376298662018,3,7,58.9058478989908,212.061052436367,7.08704382241012,0,9495.19861358879,0,0,0,1.225
1795.86833882307,46.3418728439699,3,7,58.9359212952784,212.169316663002,7.0885650744267,0,9500.32276740424,0,0,0,1.225
1796.11833882307,46.3461136575339,3,7,58.965985803335,212.277548892006,7.09008626900595,0,9505.44771384418,0,0,0,1.225
1796.36833882307,46.3503523097386,3,7,58.9960414365057,212.38574917142,7.09160740614243,0,9510.57345287257,0,0,0,1.225
1796.61833882307,46.3545888034227,3,7,59.0260882081041,212.493917549175,7.09312848582886,0,9515.69998445194,0,0,0,1.225
1796.86833882307,46.3588231414186,3,7,59.056126131413,212.602054073087,7.09464950806068,0,9520.82730854697,0,0,0,1.225
1797.11833882307,46.3630553265524,3,7,59.0861552196839,212.710158790862,7.09617047282882,0,9525.9554251187,0,0,0,1.225
1797.36833882307,46.3672853616441,3,7,59.1161754861376,212.818231750096,7.09769138012871,0,9531.08433413184,0,0,0,1.225
1797.61833882307,46.3715132495073,3,7,59.146186943964,212.926272998271,7.09921222995126,0,9536.21403554741,0,0,0,1.225
1797.86833882307,46.3757389929497,3,7,59.1761896063223,213.03428258276,7.10073302229375,0,9541.34452933155,0,0,0,1.225
1798.11833882307,46.3799625947725,3,7,59.2061834863409,213.142260550827,7.10225375714617,0,9546.47581544457,0,0,0,1.225
1798.36833882307,46.384184057771,3,7,59.2361685971179,213.250206949624,7.10377443450398,0,9551.60789385114,0,0,0,1.225
1798.61833882307,46.3884033847343,3,7,59.2661449517209,213.358121826195,7.10529505435989,0,9556.74076451374,0,0,0,1.225
1798.86833882307,46.3926205784453,3,7,59.2961125631871,213.466005227474,7.10681561670572,0,9561.87442739411,0,0,0,1.225
1799.11833882307,46.3968356416811,3,7,59.3260714445236,213.573857200285,7.10833612153601,0,9567.0088824562,0,0,0,1.225
1799.36833882307,46.4010485772123,3,7,59.3560216087072,213.681677791346,7.1098565688435,0,9572.14412966248,0,0,0,1.225
1799.61833882307,46.4052593878038,3,7,59.3859630686847,213.789467047265,7.1113769586218,0,9577.28016897613,0,0,0,1.225
1799.86833882307,46.4094680762144,3,7,59.4158958373729,213.897225014543,7.11289729086366,0,9582.41700035962,0,0,0,1.225
1800.11833882307,46.4136746451967,3,7,59.445819927659,214.004951739572,7.1144175655636,0,9587.55462377688,0,0,0,1.225
1800.36833882307,46.4178790974976,3,7,59.4757353524,214.11264726864,7.11593778271254,0,9592.6930391889,0,0,0,1.225
1800.61833882307,46.4220814358577,3,7,59.5056421244236,214.220311647925,7.11745794230319,0,9597.83224655813,0,0,0,1.225
1800.86833882307,46.4262816630119,3,7,59.5355402565278,214.3279449235,7.11897804433102,0,9602.97224584921,0,0,0,1.225
1801.11833882307,46.4304797816891,3,7,59.5654297614809,214.435547141331,7.12049808878601,0,9608.11303702239,0,0,0,1.225
1801.36833882307,46.4346757946121,3,7,59.5953106520222,214.54311834728,7.12201807566544,0,9613.25462004376,0,0,0,1.225
1801.61833882307,46.438869704498,3,7,59.6251829408614,214.650658587101,7.12353800495748,0,9618.39699487212,0,0,0,1.225
1801.86833882307,46.443061514058,3,7,59.655046640679,214.758167906444,7.12505787665668,0,9623.54016147135,0,0,0,1.225
1802.11833882307,46.4472512259973,3,7,59.6849017641266,214.865646350856,7.12657769075668,0,9628.68411980461,0,0,0,1.225
1802.36833882307,46.4514388430154,3,7,59.7147483238265,214.973093965776,7.12809744725018,0,9633.82886983433,0,0,0,1.225
1802.61833882307,46.4556243678059,3,7,59.7445863323723,215.08051079654,7.12961714612902,0,9638.9744115222,0,0,0,1.225
1802.86833882307,46.4598078030565,3,7,59.7744158023286,215.187896888383,7.13113678738591,0,9644.12074483064,0,0,0,1.225
1803.11833882307,46.4639891514492,3,7,59.8042367462312,215.295252286432,7.13265637101449,0,9649.26786972279,0,0,0,1.225
1803.36833882307,46.4681684156603,3,7,59.8340491765874,215.402577035715,7.13417589700748,0,9654.41578616105,0,0,0,1.225
1803.61833882307,46.4723455983602,3,7,59.8638531058757,215.509871181153,7.1356953653567,0,9659.56449410712,0,0,0,1.225
1803.86833882307,46.4765207022136,3,7,59.8936485465464,215.617134767567,7.13721477605304,0,9664.71399352192,0,0,0,1.225
1804.11833882307,46.4806937298795,3,7,59.9234355110211,215.724367839676,7.13873412909379,0,9669.8642843715,0,0,0,1.225
1804.36833882307,46.4848646840111,3,7,59.9532140116933,215.831570442096,7.14025342446621,0,9675.01536661388,0,0,0,1.225
1804.61833882307,46.489033567256,3,7,59.9829840609281,215.938742619341,7.14177266216666,0,9680.16724021437,0,0,0,1.225
1804.86833882307,46.493200382256,3,7,60.0127456710626,216.045884415825,7.14329184218514,0,9685.31990513316,0,0,0,1.225
1805.11833882307,46.4973651316476,3,7,60.0424988544058,216.152995875861,7.14481096451709,0,9690.47336133483,0,0,0,1.225
1805.36833882307,46.5015278180611,3,7,60.0722436232386,216.260077043659,7.14633002915161,0,9695.62760877882,0,0,0,1.225
1805.61833882307,46.5056884441217,3,7,60.1019799898143,216.367127963332,7.14784903608233,0,9700.78264742825,0,0,0,1.225
1805.86833882307,46.5098470124487,3,7,60.1317079663582,216.47414867889,7.14936798530107,0,9705.93847724476,0,0,0,1.225
1806.11833882307,46.5140035256558,3,7,60.1614275650679,216.581139234245,7.15088687680054,0,9711.09509819071,0,0,0,1.225
1806.36833882307,46.5181579863512,3,7,60.1911387981134,216.688099673208,7.15240571057439,0,9716.25251022918,0,0,0,1.225
1806.61833882307,46.5223103971377,3,7,60.2208416776373,216.795030039494,7.15392448661169,0,9721.41071331962,0,0,0,1.225
1806.86833882307,46.5264607606123,3,7,60.2505362157544,216.901930376716,7.1554432049079,0,9726.56970742656,0,0,0,1.225
1807.11833882307,46.5306090793665,3,7,60.2802224245525,217.008800728389,7.15696186545392,0,9731.7294925109,0,0,0,1.225
1807.36833882307,46.5347553559866,3,7,60.3099003160919,217.115641137931,7.15848046824067,0,9736.89006853352,0,0,0,1.225
1807.61833882307,46.538899593053,3,7,60.3395699024059,217.222451648661,7.15999901326268,0,9742.05143545822,0,0,0,1.225
1807.86833882307,46.5430417931408,3,7,60.3692311955003,217.329232303801,7.16151750050994,0,9747.21359324514,0,0,0,1.225
1808.11833882307,46.5471819588198,3,7,60.3988842073543,217.435983146475,7.16303592997519,0,9752.37654185662,0,0,0,1.225
1808.36833882307,46.5513200926541,3,7,60.4285289499198,217.542704219711,7.16455430165024,0,9757.54028125425,0,0,0,1.225
1808.61833882307,46.5554564599816,3,7,60.4428030394425,217.594090941993,-0.263241447482869,0,3817.20585630319,0,0,0,1.225
1808.86833882307,46.5595935984372,3,7,60.3856575431986,217.388367155515,-27.3559679140517,0,0,17864.5878615321,0,0,1.225
1809.11833882307,46.5637375417972,3,7,60.2724284976539,216.980742591554,-27.2920317645476,0,0,17828.5012968403,0,0,1.225
1809.36833882307,46.5678892755762,3,7,60.1592517433978,216.573306276232,-27.2282349526131,0,0,17792.4909958066,0,0,1.225
1809.61833882307,46.5720488255114,3,7,60.0461269965661,216.166057187638,-27.1645771984658,0,0,17756.5568113379,0,0,1.225
1809.86833882307,46.5762162174852,3,7,59.9330539721815,215.758994299853,-27.1010582228409,0,0,17720.698596601,0,0,1.225
1810.11833882307,46.5803914775259,3,7,59.8200323841434,215.352116582916,-27.0376777469855,0,0,17684.9162050184,0,0,1.225
1810.36833882307,46.5845746318097,3,7,59.7070619452176,214.945423002783,-26.9744354926606,0,0,17649.2094902701,0,0,1.225
1810.61833882307,46.5887657066609,3,7,59.5941423670259,214.538912521293,-26.9113311821402,0,0,17613.5783062935,0,0,1.225
1810.86833882307,46.5929647285538,3,7,59.4812733600354,214.132584096128,-26.8483645382103,0,0,17578.0225072825,0,0,1.225
1811.11833882307,46.597171724114,3,7,59.3684546335482,213.726436680773,-26.7855352841616,0,0,17542.5419476821,0,0,1.225
1811.36833882307,46.6013867201192,3,7,59.25568589569,213.320469224484,-26.7228431438007,0,0,17507.1364821976,0,0,1.225
1811.61833882307,46.6056097435008,3,7,59.1429668534,212.91468067224,-26.6602878414396,0,0,17471.8059657866,0,0,1.225
1811.86833882307,46.6098408213449,3,7,59.0302972124191,212.509069964709,-26.5978691018981,0,0,17436.5502536609,0,0,1.225
1812.11833882307,46.614079980894,3,7,58.9176766772794,212.103636038206,-26.535586650507,0,0,17401.3692012897,0,0,1.225
1812.36833882307,46.6183272495479,3,7,58.8051049512925,211.698377824653,-26.4734402130971,0,0,17366.2626643911,0,0,1.225
1812.61833882307,46.6225826548655,3,7,58.6925817365385,211.293294251539,-26.411429516008,0,0,17331.2304989388,0,0,1.225
1812.86833882307,46.6268462245654,3,7,58.580106733854,210.888384241875,-26.3495542860828,0,0,17296.2725611592,0,0,1.225
1813.11833882307,46.6311179865281,3,7,58.467679642821,210.483646714156,-26.2878142506697,0,0,17261.3887075316,0,0,1.225
1813.36833882307,46.6353979687966,3,7,58.3553001617546,210.079080582316,-26.226209137616,0,0,17226.5787947851,0,0,1.225
1813.61833882307,46.6396861995785,3,7,58.2429679876914,209.674684755689,-26.1647386752747,0,0,17191.842679903,0,0,1.225
1813.86833882307,46.6439827072468,3,7,58.1306828163777,209.27045813896,-26.1034025924964,0,0,17157.1802201173,0,0,1.225
1814.11833882307,46.6482875203416,3,7,58.0184443422566,208.866399632124,-26.0422006186345,0,0,17122.5912729128,0,0,1.225
1814.36833882307,46.6526006675715,3,7,57.9062522584563,208.462508130443,-25.9811324835409,0,0,17088.0756960242,0,0,1.225
1814.61833882307,46.6569221778149,3,7,57.7941062567776,208.058782524399,-25.9201979175641,0,0,17053.6333474346,0,0,1.225
1814.86833882307,46.6612520801219,3,7,57.682006027681,207.655221699651,-25.8593966515546,0,0,17019.26408538,0,0,1.225
1815.11833882307,46.665590403715,3,7,57.569951260274,207.251824536986,-25.7987284168539,0,0,16984.9677683415,0,0,1.225
1815.36833882307,46.6699371779915,3,7,57.4579416422985,206.848589912275,-25.738192945304,0,0,16950.744255052,0,0,1.225
1815.61833882307,46.6742924325242,3,7,57.3459768601176,206.445516696423,-25.6777899692397,0,0,16916.5934044914,0,0,1.225
1815.86833882307,46.6786561970636,3,7,57.2340565987023,206.042603755328,-25.6175192214905,0,0,16882.5150758877,0,0,1.225
1816.11833882307,46.6830285015388,3,7,57.1221805416184,205.639849949826,-25.5573804353789,0,0,16848.5091287164,0,0,1.225
1816.36833882307,46.6874093760597,3,7,57.0103483710126,205.237254135645,-25.4973733447232,0,0,16814.5754227025,0,0,1.225
1816.61833882307,46.691798850918,3,7,56.8985597675994,204.834815163358,-25.4374976838262,0,0,16780.7138178121,0,0,1.225
1816.86833882307,46.6961969565893,3,7,56.7868144106469,204.432531878329,-25.3777531874903,0,0,16746.9241742648,0,0,1.225
1817.11833882307,46.7006037237343,3,7,56.6751119779629,204.030403120666,-25.3181395910033,0,0,16713.2063525222,0,0,1.225
1817.36833882307,46.7050191832007,3,7,56.5634521458808,203.628427725171,-25.2586566301397,0,0,16679.5602132899,0,0,1.225
1817.61833882307,46.7094433660248,3,7,56.4518345892453,203.226604521283,-25.199304041168,0,0,16645.9856175225,0,0,1.225
1817.86833882307,46.713876303433,3,7,56.3402589813982,202.824932333033,-25.1400815608404,0,0,16612.482426417,0,0,1.225
1818.11833882307,46.7183180268439,3,7,56.228724994163,202.423409978987,-25.0809889263983,0,0,16579.0505014163,0,0,1.225
1818.36833882307,46.7227685678694,3,7,56.1172322978309,202.022036272191,-25.0220258755671,0,0,16545.6897042062,0,0,1.225
1818.61833882307,46.7272279583169,3,7,56.0057805611455,201.620810020124,-24.9631921465589,0,0,16512.3998967169,0,0,1.225
1818.86833882307,46.7316962301911,3,7,55.8943694512875,201.219730024635,-24.9044874780684,0,0,16479.1809411211,0,0,1.225
1819.11833882307,46.7361734156953,3,7,55.7829986338597,200.818795081895,-24.8459116092745,0,0,16446.0326998344,0,0,1.225
1819.36833882307,46.7406595472337,3,7,55.6716677728709,200.418003982335,-24.7874642798379,0,0,16412.9550355146,0,0,1.225
1819.61833882307,46.7451546574129,3,7,55.5603765307209,200.017355510595,-24.729145229906,0,0,16379.9478110651,0,0,1.225
1819.86833882307,46.7496587790437,3,7,55.4491245681839,199.616848445462,-24.6709542000981,0,0,16347.0108896243,0,0,1.225
1820.11833882307,46.7541719451434,3,7,55.3379115443931,199.216481559815,-24.6128909315239,0,0,16314.1441345793,0,0,1.225
1820.36833882307,46.7586941889371,3,7,55.2267371168237,198.816253620565,-24.5549551657641,0,0,16281.347409552,0,0,1.225
1820.61833882307,46.7632255438598,3,7,55.1156009412769,198.416163388597,-24.4971466448815,0,0,16248.6205784075,0,0,1.225
1820.86833882307,46.7677660435587,3,7,55.0045026718632,198.016209618708,-24.439465111418,0,0,16215.9635052521,0,0,1.225
1821.11833882307,46.7723157218944,3,7,54.8934419609853,197.616391059547,-24.3819103083897,0,0,16183.3760544295,0,0,1.225
1821.36833882307,46.7768746129437,3,7,54.7824184593209,197.216706453555,-24.3244819792899,0,0,16150.8580905239,0,0,1.225
1821.61833882307,46.7814427510009,3,7,54.6714318158057,196.817154536901,-24.2671798680876,0,0,16118.4094783588,0,0,1.225
1821.86833882307,46.7860201705801,3,7,54.560481677616,196.417734039417,-24.2100037192276,0,0,16086.0300829971,0,0,1.225
1822.11833882307,46.7906069064173,3,7,54.4495676901502,196.018443684541,-24.152953277624,0,0,16053.7197697364,0,0,1.225
1822.36833882307,46.7952029934726,3,7,54.338689497012,195.619282189243,-24.096028288669,0,0,16021.4784041166,0,0,1.225
1822.61833882307,46.7998084669317,3,7,54.227846739991,195.220248263968,-24.0392284982245,0,0,15989.3058519129,0,0,1.225
1822.86833882307,46.8044233622086,3,7,54.1170390590454,194.821340612563,-23.9825536526232,0,0,15957.2019791372,0,0,1.225
1823.11833882307,46.8090477149476,3,7,54.0062660922825,194.422557932217,-23.9260034986683,0,0,15925.1666520381,0,0,1.225
1823.36833882307,46.8136815610253,3,7,53.8955274759404,194.023898913385,-23.8695777836338,0,0,15893.1997371014,0,0,1.225
1823.61833882307,46.8183249365529,3,7,53.7848228443687,193.625362239727,-23.8132762552623,0,0,15861.3011010487,0,0,1.225
1823.86833882307,46.8229778778784,3,7,53.6741518300091,193.226946588033,-23.7570986617629,0,0,15829.4706108357,0,0,1.225
1824.11833882307,46.8276404215889,3,7,53.5635140633759,192.828650628153,-23.7010447518151,0,0,15797.7081336558,0,0,1.225
1824.36833882307,46.8323126045129,3,7,53.4529091730364,192.430473022931,-23.6451142745636,0,0,15766.0135369363,0,0,1.225
1824.61833882307,46.8369944637224,3,7,53.3423367855902,192.032412428125,-23.5893069796148,0,0,15734.3866883354,0,0,1.225
1824.86833882307,46.8416860365354,3,7,53.2317965256497,191.634467492339,-23.5336226170484,0,0,15702.8274557524,0,0,1.225
1825.11833882307,46.8463873605184,3,7,53.1212880158186,191.236636856947,-23.4780609374011,0,0,15671.3357073142,0,0,1.225
1825.36833882307,46.8510984734882,3,7,53.010810876672,190.838919156019,-23.4226216916732,0,0,15639.9113113815,0,0,1.225
1825.61833882307,46.8558194135153,3,7,52.9003647267345,190.441313016244,-23.3673046313334,0,0,15608.5541365524,0,0,1.225
1825.86833882307,46.8605502189252,3,7,52.7899491824592,190.043817056853,-23.3121095083079,0,0,15577.2640516543,0,0,1.225
1826.11833882307,46.865290928302,3,7,52.679563858206,189.646429889542,-23.2570360749814,0,0,15546.0409257445,0,0,1.225
1826.36833882307,46.87004158049,3,7,52.5692083662195,189.24915011839,-23.2020840842051,0,0,15514.8846281174,0,0,1.225
1826.61833882307,46.8748022145967,3,7,52.4588823166071,188.851976339786,-23.1472532892858,0,0,15483.7950282955,0,0,1.225
1826.86833882307,46.8795728699953,3,7,52.348585317316,188.454907142338,-23.0925434439869,0,0,15452.7719960309,0,0,1.225
1827.11833882307,46.8843535863275,3,7,52.2383169741109,188.057941106799,-23.0379543025356,0,0,15421.8154013113,0,0,1.225
1827.36833882307,46.8891444035055,3,7,52.1280768905505,187.661076805982,-22.9834856196094,0,0,15390.9251143489,0,0,1.225
1827.61833882307,46.8939453617156,3,7,52.0178646679644,187.264312804672,-22.9291371503496,0,0,15360.101005592,0,0,1.225
1827.86833882307,46.8987565014201,3,7,51.9076799054291,186.867647659545,-22.8749086503449,0,0,15329.3429457121,0,0,1.225
1828.11833882307,46.9035778633605,3,7,51.7975221997441,186.471079919079,-22.8207998756452,0,0,15298.6508056148,0,0,1.225
1828.36833882307,46.90840948856,3,7,51.6873911454079,186.074608123468,-22.7668105827506,0,0,15268.0244564317,0,0,1.225
1828.61833882307,46.9132514183267,3,7,51.5772863345925,185.678230804533,-22.7129405286159,0,0,15237.4637695241,0,0,1.225
1828.86833882307,46.918103694256,3,7,51.4672073571194,185.28194648563,-22.659189470648,0,0,15206.9686164808,0,0,1.225
1829.11833882307,46.9229663582338,3,7,51.3571538004336,184.885753681561,-22.6055571667066,0,0,15176.5388691195,0,0,1.225
1829.36833882307,46.9278394524393,3,7,51.247125249578,184.489650898481,-22.5520433751008,0,0,15146.1743994842,0,0,1.225
1829.61833882307,46.932723019348,3,7,51.1371212871679,184.093636633804,-22.4986478545889,0,0,15115.8750798449,0,0,1.225
1829.86833882307,46.9376171017347,3,7,51.0271414933638,183.69770937611,-22.4453703643821,0,0,15085.6407827011,0,0,1.225
1830.11833882307,46.9425217426765,3,7,50.9171854458457,183.301867605045,-22.3922106641367,0,0,15055.4713807757,0,0,1.225
1830.36833882307,46.9474369855561,3,7,50.8072527197852,182.906109791227,-22.3391685139577,0,0,15025.3667470185,0,0,1.225
1830.61833882307,46.9523628740644,3,7,50.6973428878184,182.510434396146,-22.2862436743972,0,0,14995.3267546045,0,0,1.225
1830.86833882307,46.9572994522044,3,7,50.5874555200182,182.114839872066,-22.2334359064544,0,0,14965.3512769347,0,0,1.225
1831.11833882307,46.9622467642937,3,7,50.4775901838659,181.719324661917,-22.1807449715752,0,0,14935.4401876359,0,0,1.225
1831.36833882307,46.9672048549682,3,7,50.3677464442227,181.323887199202,-22.1281706316449,0,0,14905.5933605548,0,0,1.225
1831.61833882307,46.9721737691853,3,7,50.2579238633009,180.928525907883,-22.0757126490007,0,0,14875.8106697687,0,0,1.225
1831.86833882307,46.9771535522272,3,7,50.1481220006342,180.533239202283,-22.0233707864154,0,0,14846.0919895723,0,0,1.225
1832.11833882307,46.9821442497042,3,7,50.0383404130484,180.138025486974,-21.9711448071084,0,0,14816.4371944872,0,0,1.225
1832.36833882307,46.9871459075583,3,7,49.9285786546307,179.742883156671,-21.9190344747403,0,0,14786.8461592573,0,0,1.225
1832.61833882307,46.9921585720666,3,7,49.8188362766997,179.347810596119,-21.8670395534127,0,0,14757.3187588492,0,0,1.225
1832.86833882307,46.9971822898446,3,7,49.7091128277737,178.952806179985,-21.8151598076674,0,0,14727.8548684519,0,0,1.225
1833.11833882307,47.0022171078504,3,7,49.59940785354,178.557868272744,-21.7633950024856,0,0,14698.4543634759,0,0,1.225
1833.36833882307,47.0072630733875,3,7,49.4897208968222,178.16299522856,-21.7117449032858,0,0,14669.1171195526,0,0,1.225
1833.61833882307,47.0123202341091,3,7,49.3800514975486,177.768185391175,-21.6602092759267,0,0,14639.843012536,0,0,1.225
1833.86833882307,47.0173886380215,3,7,49.2703991927191,177.373437093789,-21.6087878867011,0,0,14610.6319184984,0,0,1.225
1834.11833882307,47.022468333488,3,7,49.1607635163719,176.978748658939,-21.5574805023443,0,0,14581.4837137378,0,0,1.225
1834.36833882307,47.0275593692326,3,7,49.0511439995496,176.584118398378,-21.5062868900213,0,0,14552.3982747669,0,0,1.225
1834.61833882307,47.0326617943443,3,7,48.9415401702655,176.189544612956,-21.4552068173325,0,0,14523.3754783189,0,0,1.225
1834.86833882307,47.0377756582802,3,7,48.8319515534685,175.795025592487,-21.4042400523185,0,0,14494.4152013512,0,0,1.225
1835.11833882307,47.0429010108704,3,7,48.7223776710082,175.400559615629,-21.3533863634448,0,0,14465.517321033,0,0,1.225
1835.36833882307,47.0480379023213,3,7,48.6128180415988,175.006144949756,-21.302645519615,0,0,14436.681714757,0,0,1.225
1835.61833882307,47.0531863832203,3,7,48.5032721807833,174.61177985082,-21.2520172901659,0,0,14407.9082601347,0,0,1.225
1835.86833882307,47.0583465045396,3,7,48.3937396008966,174.217462563228,-21.2015014448607,0,0,14379.1968349918,0,0,1.225
1836.11833882307,47.0635183176404,3,7,48.2842198110283,173.823191319702,-21.1510977538956,0,0,14350.5473173739,0,0,1.225
1836.36833882307,47.0687018742774,3,7,48.1747123169848,173.428964341145,-21.1008059879005,0,0,14321.9595855466,0,0,1.225
1836.61833882307,47.0738972266028,3,7,48.0652166212511,173.034779836504,-21.0506259179256,0,0,14293.4335179858,0,0,1.225
1836.86833882307,47.0791044271712,3,7,47.9557322229517,172.640636002626,-21.0005573154567,0,0,14264.9689933894,0,0,1.225
1837.11833882307,47.0843235289437,3,7,47.8462586178113,172.246531024121,-20.9505999524063,0,0,14236.565890671,0,0,1.225
1837.36833882307,47.0895545852922,3,7,47.7367952981147,171.852463073213,-20.9007536011104,0,0,14208.2240889575,0,0,1.225
1837.61833882307,47.0947976500046,3,7,47.627341752666,171.458430309598,-20.8510180343328,0,0,14179.9434675924,0,0,1.225
1837.86833882307,47.1000527772892,3,7,47.5178974667476,171.064430880292,-20.8013930252646,0,0,14151.7239061361,0,0,1.225
1838.11833882307,47.105320021779,3,7,47.4084619220783,170.670462919482,-20.751878347518,0,0,14123.565284361,0,0,1.225
1838.36833882307,47.1105994385373,3,7,47.2990345967704,170.276524548373,-20.7024737751317,0,0,14095.4674822558,0,0,1.225
1838.61833882307,47.1158910830618,3,7,47.1896149652872,169.882613875034,-20.6531790825684,0,0,14067.430380024,0,0,1.225
1838.86833882307,47.12119501129,3,7,47.0802024983988,169.488728994236,-20.6039940447099,0,0,14039.4538580804,0,0,1.225
1839.11833882307,47.1265112796041,3,7,46.9707966631379,169.094867987296,-20.5549184368629,0,0,14011.5377970555,0,0,1.225
1839.36833882307,47.131839944836,3,7,46.8613969227545,168.701028921916,-20.5059520347531,0,0,13983.6820777915,0,0,1.225
1839.61833882307,47.1371810642726,3,7,46.7520027366702,168.307209852013,-20.4570946145259,0,0,13955.8865813424,0,0,1.225
1839.86833882307,47.1425346956608,3,7,46.6426135604321,167.913408817556,-20.4083459527519,0,0,13928.1511889796,0,0,1.225
1840.11833882307,47.1479008972132,3,7,46.5332288456648,167.519623844393,-20.3597058264122,0,0,13900.4757821794,0,0,1.225
1840.36833882307,47.153279727613,3,7,46.4238480400234,167.125852944084,-20.3111740129134,0,0,13872.8602426361,0,0,1.225
1840.61833882307,47.1586712460198,3,7,46.3144705871441,166.732094113719,-20.2627502900723,0,0,13845.3044522492,0,0,1.225
1840.86833882307,47.1640755120753,3,7,46.2050959265954,166.338345335743,-20.2144344361304,0,0,13817.8082931359,0,0,1.225
1841.11833882307,47.1694925859085,3,7,46.0957234938277,165.94460457778,-20.1662262297414,0,0,13790.3716476207,0,0,1.225
1841.36833882307,47.1749225281417,3,7,45.9863527201222,165.55086979244,-20.1181254499697,0,0,13762.9943982351,0,0,1.225
1841.61833882307,47.1803653998963,3,7,45.8769830325395,165.157138917142,-20.0701318763022,0,0,13735.6764277266,0,0,1.225
1841.86833882307,47.1858212627987,3,7,45.7676138538671,164.763409873921,-20.0222452886364,0,0,13708.4176190501,0,0,1.225
1842.11833882307,47.1912901789861,3,7,45.6582446025655,164.369680569236,-19.9744654672813,0,0,13681.2178553681,0,0,1.225
1842.36833882307,47.196772211113,3,7,45.5488746927149,163.975948893774,-19.9267921929604,0,0,13654.077020054,0,0,1.225
1842.61833882307,47.2022674223569,3,7,45.4395035339593,163.582212722254,-19.8792252468083,0,0,13626.9949966892,0,0,1.225
1842.86833882307,47.207775876425,3,7,45.3301305314512,163.188469913224,-19.8317644103699,0,0,13599.9716690627,0,0,1.225
1843.11833882307,47.2132976375602,3,7,45.2207550857946,162.79471830886,-19.7844094656011,0,0,13573.0069211722,0,0,1.225
1843.36833882307,47.2188327705479,3,7,45.111376592987,162.400955734753,-19.7371601948689,0,0,13546.1006372241,0,0,1.225
1843.61833882307,47.2243813407223,3,7,45.0019944443615,162.007179999701,-19.690016380946,0,0,13519.2527016295,0,0,1.225
1843.86833882307,47.2299434139732,3,7,44.8926080265265,161.613388895496,-19.6429778070151,0,0,13492.4629990078,0,0,1.225
1844.11833882307,47.2355190567528,3,7,44.7832167213057,161.2195801967,-19.5960442566679,0,0,13465.7314141864,0,0,1.225
1844.36833882307,47.2411083360827,3,7,44.6738199056762,160.825751660434,-19.5492155139,0,0,13439.0578321963,0,0,1.225
1844.61833882307,47.2467113195606,3,7,44.5644169517064,160.431901026143,-19.502491363115,0,0,13412.4421382763,0,0,1.225
1844.86833882307,47.2523280753676,3,7,44.4550072264923,160.038026015372,-19.4558715891212,0,0,13385.88421787,0,0,1.225
1845.11833882307,47.2579586722755,3,7,44.3455900920928,159.644124331534,-19.4093559771304,0,0,13359.3839566253,0,0,1.225
1845.36833882307,47.2636031796539,3,7,44.2361649054644,159.250193659672,-19.3629443127625,0,0,13332.9412403983,0,0,1.225
1845.61833882307,47.2692616674778,3,7,44.1267310183945,158.85623166622,-19.3166363820346,0,0,13306.5559552451,0,0,1.225
1845.86833882307,47.2749342063355,3,7,44.0172877774334,158.46223599876,-19.2704319713725,0,0,13280.2279874303,0,0,1.225
1846.11833882307,47.2806208674355,3,7,43.9078345238256,158.068204285772,-19.2243308675984,0,0,13253.9572234185,0,0,1.225
1846.36833882307,47.2863217226152,3,7,43.7983705934395,157.674134136382,-19.1783328579409,0,0,13227.7435498818,0,0,1.225
1846.61833882307,47.2920368443482,3,7,43.6888953166966,157.280023140108,-19.1324377300261,0,0,13201.5868536933,0,0,1.225
1846.86833882307,47.2977663057528,3,7,43.5794080184988,156.885868866596,-19.0866452718801,0,0,13175.4870219289,0,0,1.225
1847.11833882307,47.3035101806,3,7,43.4699080181548,156.491668865357,-19.0409552719298,0,0,13149.4439418685,0,0,1.225
1847.36833882307,47.309268543322,3,7,43.3603946293056,156.0974206655,-18.9953675189968,0,0,13123.4575009914,0,0,1.225
1847.61833882307,47.3150414690206,3,7,43.2508671598476,155.703121775451,-18.9498818023053,0,0,13097.5275869824,0,0,1.225
1847.86833882307,47.3208290334759,3,7,43.1413249118562,155.308769682682,-18.9044979114738,0,0,13071.6540877258,0,0,1.225
1848.11833882307,47.3266313131548,3,7,43.0317671815061,154.914361853422,-18.859215636518,0,0,13045.8368913078,0,0,1.225
1848.36833882307,47.3324483852205,3,7,42.9221932589919,154.519895732371,-18.8140347678482,0,0,13020.0758860147,0,0,1.225
1848.61833882307,47.3382803275409,3,7,42.8126024284465,154.125368742407,-18.7689550962714,0,0,12994.3709603345,0,0,1.225
1848.86833882307,47.3441272186986,3,7,42.7029939678579,153.730778284288,-18.7239764129872,0,0,12968.7220029544,0,0,1.225
1849.11833882307,47.3499891379995,3,7,42.5933671489853,153.336121736347,-18.6790985095909,0,0,12943.1289027629,0,0,1.225
1849.36833882307,47.3558661654828,3,7,42.4837212372733,152.941396454184,-18.63432117807,0,0,12917.5915488476,0,0,1.225
1849.61833882307,47.3617583819307,3,7,42.3740554917644,152.546599770352,-18.5896442108019,0,0,12892.1098304934,0,0,1.225
1849.86833882307,47.3676658688781,3,7,42.2643691650105,152.151728994038,-18.545067400561,0,0,12866.6836371886,0,0,1.225
1850.11833882307,47.373588708623,3,7,42.1546615029823,151.756781410736,-18.5005905405078,0,0,12841.312858616,0,0,1.225
1850.36833882307,47.3795269842361,3,7,42.0449317449778,151.36175428192,-18.4562134241955,0,0,12815.997384659,0,0,1.225
1850.61833882307,47.3854807795719,3,7,41.9351791235283,150.966644844702,-18.4119358455641,0,0,12790.7371053964,0,0,1.225
1850.86833882307,47.3914501792786,3,7,41.8254028643034,150.571450311492,-18.3677575989477,0,0,12765.5319111089,0,0,1.225
1851.11833882307,47.3974352688097,3,7,41.715602186014,150.17616786965,-18.3236784790647,0,0,12740.3816922715,0,0,1.225
1851.36833882307,47.4034361344341,3,7,41.6057763003138,149.78079468113,-18.279698281021,0,0,12715.286339556,0,0,1.225
1851.61833882307,47.4094528632478,3,7,41.4959244116988,149.385327882116,-18.2358168003111,0,0,12690.2457438324,0,0,1.225
1851.86833882307,47.415485543185,3,7,41.386045717405,148.989764582658,-18.192033832815,0,0,12665.2597961663,0,0,1.225
1852.11833882307,47.4215342630297,3,7,41.2761394073045,148.594101866296,-18.1483491747981,0,0,12640.3283878192,0,0,1.225
1852.36833882307,47.4275991124276,3,7,41.1662046637993,148.198336789677,-18.1047626229133,0,0,12615.4514102506,0,0,1.225
1852.61833882307,47.433680181898,3,7,41.0562406617134,147.802466382168,-18.0612739741932,0,0,12590.6287551116,0,0,1.225
1852.86833882307,47.4397775628456,3,7,40.9462465681834,147.40648764546,-18.0178830260561,0,0,12565.8603142501,0,0,1.225
1853.11833882307,47.4458913475737,3,7,40.8362215425458,147.010397553165,-17.9745895763062,0,0,12541.1459797112,0,0,1.225
1853.36833882307,47.452021629296,3,7,40.7261647362236,146.614193050405,-17.9313934231254,0,0,12516.4856437308,0,0,1.225
1853.61833882307,47.45816850215,3,7,40.6160752926101,146.217871053396,-17.8882943650779,0,0,12491.8791987394,0,0,1.225
1853.86833882307,47.4643320612098,3,7,40.5059523469505,145.821428449022,-17.8452922011129,0,0,12467.3265373647,0,0,1.225
1854.11833882307,47.4705124024996,3,7,40.3957950262215,145.424862094397,-17.802386730556,0,0,12442.8275524248,0,0,1.225
1854.36833882307,47.4767096230073,3,7,40.2856024490088,145.028168816432,-17.7595777531114,0,0,12418.3821369299,0,0,1.225
1854.61833882307,47.4829238206982,3,7,40.1753737253817,144.631345411374,-17.7168650688673,0,0,12393.9901840874,0,0,1.225
1854.86833882307,47.4891550945292,3,7,40.0651079567659,144.234388644357,-17.6742484782862,0,0,12369.651587294,0,0,1.225
1855.11833882307,47.4954035444629,3,7,39.9548042358135,143.837295248929,-17.6317277822086,0,0,12345.3662401387,0,0,1.225
1855.36833882307,47.5016692714826,3,7,39.844461646271,143.440061926576,-17.5893027818543,0,0,12321.1340364044,0,0,1.225
1855.61833882307,47.5079523776071,3,7,39.7340792628443,143.04268534624,-17.5469732788165,0,0,12296.9548700634,0,0,1.225
1855.86833882307,47.5142529659057,3,7,39.6236561510612,142.64516214382,-17.5047390750656,0,0,12272.8286352802,0,0,1.225
1856.11833882307,47.5205711405136,3,7,39.5131913671311,142.247488921672,-17.4625999729492,0,0,12248.7552264122,0,0,1.225
1856.36833882307,47.5269070066481,3,7,39.4026839578028,141.84966224809,-17.4205557751839,0,0,12224.7345380031,0,0,1.225
1856.61833882307,47.5332606706243,3,7,39.2921329602184,141.451678656786,-17.3786062848653,0,0,12200.766464791,0,0,1.225
1856.86833882307,47.5396322398715,3,7,39.1815374017648,141.053534646353,-17.3367513054604,0,0,12176.850901703,0,0,1.225
1857.11833882307,47.5460218229501,3,7,39.0708962999229,140.655226679722,-17.2949906408076,0,0,12152.9877438546,0,0,1.225
1857.36833882307,47.5524295295683,3,7,38.9602086621125,140.256751183605,-17.253324095117,0,0,12129.1768865512,0,0,1.225
1857.61833882307,47.5588554705999,3,7,38.8494734855355,139.858104547928,-17.2117514729716,0,0,12105.4182252884,0,0,1.225
1857.86833882307,47.5652997581013,3,7,38.7386897570149,139.459283125254,-17.1702725793252,0,0,12081.7116557507,0,0,1.225
1858.11833882307,47.5717625053303,3,7,38.6278564528314,139.060283230193,-17.1288872194996,0,0,12058.0570738097,0,0,1.225
1858.36833882307,47.578243826764,3,7,38.516972538556,138.661101138801,-17.0875951991848,0,0,12034.4543755245,0,0,1.225
1858.61833882307,47.5847438381178,3,7,38.4060369688799,138.261733087968,-17.0463963244438,0,0,12010.9034571454,0,0,1.225
1858.86833882307,47.5912626563642,3,7,38.2950486874404,137.862175274785,-17.0052904017039,0,0,11987.4042151074,0,0,1.225
1859.11833882307,47.5978003997528,3,7,38.1840066266436,137.462423855917,-16.9642772377611,0,0,11963.9565460338,0,0,1.225
1859.36833882307,47.6043571878299,3,7,38.0729097074833,137.06247494694,-16.9233566397766,0,0,11940.5603467337,0,0,1.225
1859.61833882307,47.6109331414585,3,7,37.9617568393563,136.662324621683,-16.8825284152813,0,0,11917.2155142057,0,0,1.225
1859.86833882307,47.61752838284,3,7,37.8505469198736,136.261968911545,-16.8417923721668,0,0,11893.9219456312,0,0,1.225
1860.11833882307,47.6241430355342,3,7,37.7392788346682,135.861403804806,-16.8011483186933,0,0,11870.6795383803,0,0,1.225
1860.36833882307,47.6307772244816,3,7,37.6279514571986,135.460625245915,-16.7605960634824,0,0,11847.4881900069,0,0,1.225
1860.61833882307,47.6374310760253,3,7,37.5165636485479,135.059629134772,-16.7201354155204,0,0,11824.3477982512,0,0,1.225
1860.86833882307,47.6441047179333,3,7,37.4051142572192,134.658411325989,-16.6797661841588,0,0,11801.2582610403,0,0,1.225
1861.11833882307,47.6507982794214,3,7,37.2936021189266,134.256967628136,-16.6394881791066,0,0,11778.2194764825,0,0,1.225
1861.36833882307,47.6575118911771,3,7,37.1820260563813,133.855293802973,-16.5993012104377,0,0,11755.2313428729,0,0,1.225
1861.61833882307,47.664245685383,3,7,37.0703848790738,133.453385564666,-16.5592050885857,0,0,11732.2937586899,0,0,1.225
1861.86833882307,47.6709997957414,3,7,36.9586773830508,133.051238578983,-16.5191996243461,0,0,11709.4066225973,0,0,1.225
1862.11833882307,47.6777743574991,3,7,36.8469023506879,132.648848462476,-16.4792846288724,0,0,11686.5698334406,0,0,1.225
1862.36833882307,47.6845695074732,3,7,36.7350585504568,132.246210781645,-16.4394599136776,0,0,11663.7832902493,0,0,1.225
1862.61833882307,47.691385384077,3,7,36.6231447366882,131.843321052077,-16.3997252906352,0,0,11641.0468922373,0,0,1.225
1862.86833882307,47.6982221273462,3,7,36.5111596493286,131.440174737583,-16.3600805719725,0,0,11618.360538798,0,0,1.225
1863.11833882307,47.7050798789665,3,7,36.3991020136926,131.036767249293,-16.3205255702778,0,0,11595.7241295102,0,0,1.225
1863.36833882307,47.7119587823011,3,7,36.2869705402091,130.633093944753,-16.2810600984944,0,0,11573.1375641335,0,0,1.225
1863.61833882307,47.7188589824191,3,7,36.1747639241627,130.229150126986,-16.2416839699226,0,0,11550.6007426099,0,0,1.225
1863.86833882307,47.7257806261245,3,7,36.0624808454281,129.824931043541,-16.2023969982165,0,0,11528.1135650618,0,0,1.225
1864.11833882307,47.7327238619855,3,7,35.9501199681999,129.42043188552,-16.1631989973857,0,0,11505.6759317935,0,0,1.225
1864.36833882307,47.7396888403654,3,7,35.8376799407156,129.015647786576,-16.1240897817943,0,0,11483.2877432901,0,0,1.225
1864.61833882307,47.7466757134528,3,7,35.7251593949724,128.6105738219,-16.0850691661603,0,0,11460.948900218,0,0,1.225
1864.86833882307,47.7536846352936,3,7,35.6125569464375,128.205205007175,-16.0461369655527,0,0,11438.6593034219,0,0,1.225
1865.11833882307,47.7607157618232,3,7,35.4998711937525,127.799536297509,-16.0072929953949,0,0,11416.4188539287,0,0,1.225
1865.36833882307,47.7677692508996,3,7,35.3871007184299,127.393562586348,-15.968537071461,0,0,11394.2274529437,0,0,1.225
1865.61833882307,47.7748452623372,3,7,35.2742440845437,126.987278704357,-15.9298690098772,0,0,11372.0850018528,0,0,1.225
1865.86833882307,47.7819439579415,3,7,35.1612998384121,126.580679418284,-15.8912886271178,0,0,11349.991402219,0,0,1.225
1866.11833882307,47.7890655015441,3,7,35.0482665082731,126.173759429783,-15.8527957400083,0,0,11327.9465557851,0,0,1.225
1866.36833882307,47.7962100590391,3,7,34.9351426039526,125.766513374229,-15.8143901657263,0,0,11305.9503644748,0,0,1.225
1866.61833882307,47.8033777984203,3,7,34.8219266165246,125.358935819489,-15.776071721793,0,0,11284.0027303859,0,0,1.225
1866.86833882307,47.8105688898186,3,7,34.7086170179634,124.951021264668,-15.7378402260806,0,0,11262.1035557966,0,0,1.225
1867.11833882307,47.8177835055414,3,7,34.5952122607874,124.542764138835,-15.6996954968081,0,0,11240.2527431622,0,0,1.225
1867.36833882307,47.8250218201117,3,7,34.4817107776948,124.134158799701,-15.6616373525408,0,0,11218.450195115,0,0,1.225
1867.61833882307,47.8322840103088,3,7,34.3681109811903,123.725199532285,-15.623665612191,0,0,11196.6958144648,0,0,1.225
1867.86833882307,47.8395702552103,3,7,34.2544112632025,123.315880547529,-15.5857800950171,0,0,11174.9895041987,0,0,1.225
1868.11833882307,47.8468807362341,3,7,34.1406099946926,122.906195980893,-15.5479806206204,0,0,11153.3311674786,0,0,1.225
1868.36833882307,47.8542156371825,3,7,34.0267055252534,122.496139890912,-15.5102670089491,0,0,11131.7207076445,0,0,1.225
1868.61833882307,47.8615751442864,3,7,33.9126961826983,122.085706257714,-15.472639080293,0,0,11110.1580282104,0,0,1.225
1868.86833882307,47.8689594462513,3,7,33.7985802726402,121.674888981505,-15.435096655287,0,0,11088.6430328678,0,0,1.225
1869.11833882307,47.8763687343042,3,7,33.6843560780603,121.263681881017,-15.3976395549066,0,0,11067.1756254814,0,0,1.225
1869.36833882307,47.8838032022412,3,7,33.5700218588656,120.852078691916,-15.3602676004712,0,0,11045.7557100927,0,0,1.225
1869.61833882307,47.8912630464773,3,7,33.4555758514359,120.440073065169,-15.3229806136405,0,0,11024.3831909173,0,0,1.225
1869.86833882307,47.8987484660961,3,7,33.3410162681594,120.027658565374,-15.2857784164162,0,0,11003.0579723454,0,0,1.225
1870.11833882307,47.9062596629021,3,7,33.2263412969557,119.61482866904,-15.2486608311378,0,0,10981.7799589404,0,0,1.225
1870.36833882307,47.9137968414731,3,7,33.1115491007877,119.201576762836,-15.2116276804868,0,0,10960.5490554405,0,0,1.225
1870.61833882307,47.921360209215,3,7,32.9966378171607,118.787896141779,-15.1746787874827,0,0,10939.3651667575,0,0,1.225
1870.86833882307,47.9289499764171,3,7,32.8816055576084,118.37378000739,-15.1378139754838,0,0,10918.2281979762,0,0,1.225
1871.11833882307,47.9365663563092,3,7,32.7664504071653,117.959221465795,-15.1010330681847,0,0,10897.1380543533,0,0,1.225
1871.36833882307,47.9442095651205,3,7,32.6511704238266,117.544213525776,-15.06433588962,0,0,10876.0946413205,0,0,1.225
1871.61833882307,47.9518798221393,3,7,32.5357636379927,117.128749096774,-15.0277222641598,0,0,10855.097864481,0,0,1.225
1871.86833882307,47.9595773497747,3,7,32.4202280518993,116.712820986838,-14.9911920165091,0,0,10834.1476296091,0,0,1.225
1872.11833882307,47.9673023736202,3,7,32.3045616390334,116.29642190052,-14.9547449717093,0,0,10813.2438426516,0,0,1.225
1872.36833882307,47.9750551225179,3,7,32.1887623435322,115.879544436716,-14.9183809551364,0,0,10792.3864097269,0,0,1.225
1872.61833882307,47.9828358286258,3,7,32.0728280795674,115.462181086442,-14.8820997925022,0,0,10771.5752371256,0,0,1.225
1872.86833882307,47.9906447274859,3,7,31.9567567307118,115.044324230563,-14.8459013098488,0,0,10750.8102313067,0,0,1.225
1873.11833882307,47.9984820580943,3,7,31.8405461492897,114.625966137443,-14.8097853335562,0,0,10730.0912989037,0,0,1.225
1873.36833882307,48.0063480629735,3,7,31.7241941557082,114.20709896055,-14.7737516903328,0,0,10709.4183467172,0,0,1.225
1873.61833882307,48.0142429882465,3,7,31.6076985377722,113.78771473598,-14.7378002072207,0,0,10688.7912817193,0,0,1.225
1873.86833882307,48.0221670837126,3,7,31.4910570499782,113.367805379921,-14.7019307115934,0,0,10668.2100110519,0,0,1.225
1874.11833882307,48.030120602926,3,7,31.3742674127906,112.947362686046,-14.6661430311553,0,0,10647.6744420268,0,0,1.225
1874.36833882307,48.0381038032755,3,7,31.2573273118963,112.526378322827,-14.6304369939401,0,0,10627.184482124,0,0,1.225
1874.61833882307,48.0461169460678,3,7,31.1402343974392,112.104843830781,-14.5948124283127,0,0,10606.7400389941,0,0,1.225
1874.86833882307,48.0541602966117,3,7,31.0229862832326,111.682750619637,-14.5592691629656,0,0,10586.3410204551,0,0,1.225
1875.11833882307,48.0622341243057,3,7,30.9055805459494,111.260089965418,-14.5238070269204,0,0,10565.9873344937,0,0,1.225
1875.36833882307,48.0703387027276,3,7,30.7880147242893,110.836853007441,-14.4884258495274,0,0,10545.6788892659,0,0,1.225
1875.61833882307,48.0784743097267,3,7,30.6702863181216,110.413030745238,-14.4531254604622,0,0,10525.4155930935,0,0,1.225
1875.86833882307,48.0866412275189,3,7,30.5523927876035,109.988614035373,-14.4179056897299,0,0,10505.1973544685,0,0,1.225
1876.11833882307,48.0948397427842,3,7,30.4343315522727,109.563593588182,-14.3827663676593,0,0,10485.0240820478,0,0,1.225
1876.36833882307,48.1030701467669,3,7,30.3160999901128,109.137959964406,-14.3477073249062,0,0,10464.8956846569,0,0,1.225
1876.61833882307,48.1113327353797,3,7,30.1976954365922,108.711703571732,-14.3127283924512,0,0,10444.8120712874,0,0,1.225
1876.86833882307,48.1196278093092,3,7,30.079115183673,108.284814661223,-14.2778294015998,0,0,10424.7731510983,0,0,1.225
1877.11833882307,48.1279556741265,3,7,29.9603564787916,107.85728332365,-14.2430101839802,0,0,10404.7788334134,0,0,1.225
1877.36833882307,48.1363166403993,3,7,29.8414165238078,107.429099485708,-14.208270571545,0,0,10384.8290277235,0,0,1.225
1877.61833882307,48.1447110238082,3,7,29.722292473922,107.000252906119,-14.1736103965693,0,0,10364.9236436848,0,0,1.225
1877.86833882307,48.1531391452671,3,7,29.6029814365599,106.570733171616,-14.1390294916503,0,0,10345.0625911187,0,0,1.225
1878.11833882307,48.1616013310457,3,7,29.4834804702221,106.1405296928,-14.1045276897075,0,0,10325.2457800127,0,0,1.225
1878.36833882307,48.1700979128973,3,7,29.3637865832993,105.709631699877,-14.07010482398,0,0,10305.4731205173,0,0,1.225
1878.61833882307,48.1786292281895,3,7,29.2438967328491,105.278028238257,-14.0357607280293,0,0,10285.7445229495,0,0,1.225
1878.86833882307,48.1871956200398,3,7,29.1238078233359,104.845708164009,-14.001495235736,0,0,10266.0598977898,0,0,1.225
1879.11833882307,48.1957974374542,3,7,29.0035167053298,104.412660139187,-13.9673081812989,0,0,10246.419155682,0,0,1.225
1879.36833882307,48.2044350354718,3,7,28.8830201741648,103.978872626993,-13.9331993992382,0,0,10226.8222074353,0,0,1.225
1879.61833882307,48.2131087753126,3,7,28.762314968554,103.544333886794,-13.8991687243895,0,0,10207.2689640204,0,0,1.225
1879.86833882307,48.2218190245306,3,7,28.6413977691597,103.109031968975,-13.8652159919088,0,0,10187.7593365733,0,0,1.225
1880.11833882307,48.2305661571719,3,7,28.5202651971179,102.672954709624,-13.8313410372677,0,0,10168.2932363916,0,0,1.225
1880.36833882307,48.2393505539376,3,7,28.3989138125132,102.236089725048,-13.797543696254,0,0,10148.8705749353,0,0,1.225
1880.61833882307,48.2481726023522,3,7,28.2773401128049,101.798424406098,-13.7638238049735,0,0,10129.4912638284,0,0,1.225
1880.86833882307,48.2570326969379,3,7,28.1555405311999,101.35994591232,-13.7301811998452,0,0,10110.1552148552,0,0,1.225
1881.11833882307,48.2659312393935,3,7,28.0335114349715,100.920641165898,-13.696615717605,0,0,10090.8623399634,0,0,1.225
1881.36833882307,48.2748686387808,3,7,27.9112491237217,100.480496845398,-13.6631271953017,0,0,10071.6125512612,0,0,1.225
1881.61833882307,48.2838453117161,3,7,27.7887498275841,100.039499379303,-13.6297154702986,0,0,10052.4057610184,0,0,1.225
1881.86833882307,48.2928616825688,3,7,27.6660097053661,99.5976349393179,-13.5963803802722,0,0,10033.2418816661,0,0,1.225
1882.11833882307,48.3019181836662,3,7,27.5430248426265,99.1548894334553,-13.5631217632119,0,0,10014.1208257962,0,0,1.225
1882.36833882307,48.311015255506,3,7,27.4197912496864,98.7112484988712,-13.529939457419,0,0,9995.04250616074,0,0,1.225
1882.61833882307,48.3201533469761,3,7,27.2963048595712,98.2666974944563,-13.4968333015063,0,0,9976.00683567225,0,0,1.225
1882.86833587825,48.3293279837984,3,8,27.2297358234062,98.0270489642624,-1.02217467606763,12.3576418835415,0,0.281730257827689,0,0,1.225
1883.11832998862,48.3385104023566,3,8,27.2213830139478,97.9969788502119,-0.797147466297922,12.3500615532007,179.23859870589,0,0,0,1.225
1883.36832409898,48.3476953485976,3,8,27.2144077783887,97.9718680021995,-0.721698169957879,12.3437331788071,239.179413811786,0,0,0,1.225
1883.61831820935,48.3568825405785,3,8,27.2080293629166,97.9489057064999,-0.666850202576927,12.3379476968889,282.67507808766,0,0,0,1.225
1883.86831231971,48.3660718058785,3,8,27.2021041342147,97.9275748831729,-0.622750117220045,12.332574488811,317.599708658812,0,0,0,1.225
1884.11830643008,48.3752630074286,3,8,27.1965513720756,97.907584939472,-0.585529526945528,12.3275401088991,347.043156647251,0,0,0,1.225
1884.36830054044,48.3844560300044,3,8,27.1913172368095,97.8887420525141,-0.553191144179249,12.3227955512135,372.600010369376,0,0,0,1.225
1884.61829465081,48.3936507736692,3,8,27.1863624947199,97.8709049809918,-0.524543759669825,12.3183050949053,395.220874292122,0,0,0,1.225
1884.86828876117,48.4028471499605,3,8,27.1816569300871,97.8539649483137,-0.498809266477908,12.3140412244159,415.526413812785,0,0,0,1.225
1885.11828287154,48.4120450794328,3,8,27.1771763675391,97.8378349231408,-0.475446296067712,12.3099819218721,433.94826727767,0,0,0,1.225
1885.3682769819,48.4212444899617,3,8,27.1729009152033,97.8224432947318,-0.454060261237076,12.3061090691242,450.800905932908,0,0,0,1.225
1885.61827109227,48.4304453155147,3,8,27.1688138504928,97.807729861774,-0.434353087390685,12.3024074340455,466.321781849559,0,0,0,1.225
1885.86826520263,48.4396474952263,3,8,27.1649008740902,97.7936431467246,-0.416093122209656,12.2988639916524,480.695355280083,0,0,0,1.225
1886.118259313,48.4488509726814,3,8,27.161149588851,97.7801385198635,-0.399096127283554,12.295467449799,494.06826997736,0,0,0,1.225
1886.36825342336,48.4580556953464,3,8,27.1575491232035,97.7671768435327,-0.383212737678588,12.2922079063202,506.559362860211,0,0,0,1.225
1886.61824753373,48.4672616141091,3,8,27.1540898512401,97.7547234644643,-0.368319887299914,12.2890765941537,518.266506863333,0,0,0,1.225
1886.86824164409,48.4764686828999,3,8,27.1507631797273,97.7427474470183,-0.354314767252482,12.2860656873606,529.271431416918,0,0,0,1.225
1887.11823575446,48.4856768583761,3,8,27.1475613827641,97.7312209779509,-0.341110458707708,12.2831681505158,539.643206190452,0,0,0,1.225
1887.36822986482,48.4948860996542,3,8,27.1444774711977,97.7201188963116,-0.328632705820882,12.2803776197393,549.440814889048,0,0,0,1.225
1887.61822397519,48.5040963680832,3,8,27.1415050879305,97.7094183165498,-0.316817484839665,12.2776883073026,558.715093656337,0,0,0,1.225
1887.86821808555,48.5133076270472,3,8,27.1386384228717,97.6990983223383,-0.305609141770908,12.2750949241228,567.510215814,0,0,0,1.225
1888.11821219592,48.5225198417954,3,8,27.1358721430329,97.6891397149185,-0.294958944100821,12.2725926160505,575.864846271083,0,0,0,1.225
1888.36820630628,48.5317329792927,3,8,27.1332013344698,97.6795248040913,-0.28482393936019,12.2701769109479,583.813051171051,0,0,0,1.225
1888.61820041665,48.5409470080881,3,8,27.1306214536086,97.6702372329909,-0.275166044652118,12.2678436743168,591.385023334361,0,0,0,1.225
1888.86819452701,48.5501618981978,3,8,27.1281282860927,97.6612618299338,-0.265951312494473,12.2655890717784,598.607667102562,0,0,0,1.225
1889.11818863738,48.559377621002,3,8,27.12571791172,97.6525844821921,-0.257149332970608,12.2634095371035,605.50507450291,0,0,0,1.225
1889.36818274775,48.5685941491508,3,8,27.1233866743592,97.644192027693,-0.248732742494693,12.2613017447801,612.098916421447,0,0,0,1.225
1889.61817685811,48.5778114564813,3,8,27.1211311559716,97.6360721614977,-0.240676816843271,12.2592625863235,618.408766610686,0,0,0,1.225
1889.86817096848,48.5870295179414,3,8,27.1189481540469,97.6282133545689,-0.232959131439842,12.2572891496981,624.452372100655,0,0,0,1.225
1890.11816507884,48.5962483095212,3,8,27.1168346618956,97.620604782824,-0.225559275800674,12.255378701343,630.245880453301,0,0,0,1.225
1890.36815918921,48.605467808191,3,8,27.1147878513506,97.613236264862,-0.218458611944358,12.2535286703958,635.804031991195,0,0,0,1.225
1890.61815329957,48.6146879918433,3,8,27.1128050575128,97.606098207046,-0.211640068779997,12.2517366347782,641.140323366579,0,0,0,1.225
1890.86814740994,48.6239088392415,3,8,27.1108837652397,97.599181554863,-0.205087966131296,12.2500003088723,646.267147526867,0,0,0,1.225
1891.1181415203,48.6331303299712,3,8,27.1090215971298,97.5924777496674,-0.198787863339645,12.2483175325609,651.195914107186,0,0,0,1.225
1891.36813563067,48.6423524443962,3,8,27.1072163027965,97.5859786900674,-0.192726428387702,12.2466862614433,655.937153484311,0,0,0,1.225
1891.61812974103,48.6515751636178,3,8,27.105465749259,97.5796766973322,-0.186891324235349,12.2451045580708,660.500607128108,0,0,0,1.225
1891.8681238514,48.6607984694365,3,8,27.1037679123053,97.5735644842992,-0.18127110968538,12.2435705840685,664.89530638783,0,0,0,1.225
1892.11811796176,48.6700223443174,3,8,27.1021208687049,97.5676351273377,-0.175855152577247,12.2420825930315,669.129641467236,0,0,0,1.225
1892.36811207213,48.6792467713576,3,8,27.1005227891653,97.5618820409951,-0.170633553478648,12.2406389241011,673.211422046372,0,0,0,1.225
1892.61810618249,48.6884717342554,3,8,27.0989719319457,97.5562989550045,-0.165597078372241,12.2392379961397,677.147930746847,0,0,0,1.225
1892.86810029286,48.6976972172823,3,8,27.0974666370495,97.5508798933781,-0.160737099068924,12.2378783024335,680.945970450837,0,0,0,1.225
1893.11809440322,48.7069232052565,3,8,27.0960053209306,97.5456191553503,-0.156045540301052,12.236558405865,684.61190630713,0,0,0,1.225
1893.36808851359,48.716149683518,3,8,27.094586471657,97.5405112979651,-0.151514832589266,12.2352769345016,688.151703145869,0,0,0,1.225
1893.61808262395,48.7253766379054,3,8,27.0932086444808,97.5355511201308,-0.147137870147131,12.2340325775561,691.570958887633,0,0,0,1.225
1893.86807673432,48.7346040547341,3,8,27.0918704577739,97.5307336479861,-0.142907973168276,12.2328240816801,694.874934468515,0,0,0,1.225
1894.11807084468,48.7438319207755,3,8,27.0905705892897,97.526054121443,-0.138818853958969,12.2316502475548,698.068580708577,0,0,0,1.225
1894.36806495505,48.7530602232383,3,8,27.0893077727188,97.5215079817877,-0.134864586446363,12.2305099267514,701.156562497515,0,0,0,1.225
1894.61805906541,48.7622889497494,3,8,27.0880807945097,97.517090860235,-0.131039578658584,12.2294020188314,704.143280618832,0,0,0,1.225
1894.86805317578,48.7715180883375,3,8,27.0868884909289,97.512798567344,-0.127338547831501,12.2283254686669,707.032891487118,0,0,0,1.225
1895.11804728614,48.7807476274163,3,8,27.0857297453374,97.5086270832147,-0.123756497842948,12.2272792639576,709.829325036437,0,0,0,1.225
1895.36804139651,48.7899775557694,3,8,27.0846034856642,97.5045725483912,-0.120288698714508,12.2262624329276,712.536300966552,0,0,0,1.225
1895.61803550687,48.7992078625357,3,8,27.0835086820582,97.5006312554096,-0.11693066794983,12.2252740421854,715.157343530699,0,0,0,1.225
1895.86802961724,48.8084385371952,3,8,27.0824443447034,97.4967996409323,-0.113678153519855,12.2243131947326,717.695795015679,0,0,0,1.225
1896.1180237276,48.8176695695565,3,8,27.0814095217824,97.4930742784166,-0.11052711831419,12.2233790281081,720.154828057999,0,0,0,1.225
1896.36801783797,48.8269009497441,3,8,27.0804032975762,97.4894518712743,-0.107473725909217,12.2224707126563,722.537456914838,0,0,0,1.225
1896.61801194833,48.8361326681862,3,8,27.0794247906884,97.4859292464783,-0.104514327521775,12.2215874499092,724.846547794071,0,0,0,1.225
1896.8680060587,48.845364715604,3,8,27.0784731523838,97.4825033485816,-0.10164545002719,12.2207284710728,727.084828339714,0,0,0,1.225
1897.11800016906,48.8545970830007,3,8,27.0775475650317,97.4791712341141,-0.0988637849363946,12.2198930356092,729.254896356435,0,0,0,1.225
1897.36799427943,48.8638297616512,3,8,27.0766472406466,97.4759300663277,-0.0961661782448197,12.2190804299069,731.359227842485,0,0,0,1.225
1897.6179883898,48.8730627430926,3,8,27.0757714195172,97.4727771102618,-0.09354962106506,12.2182899660324,733.400184400994,0,0,0,1.225
1897.86798250016,48.8822960191146,3,8,27.0749193689183,97.469709728106,-0.09101124097351,12.2175209805572,735.380020085048,0,0,0,1.225
1898.11797661053,48.8915295817509,3,8,27.0740903818988,97.4667253748357,-0.0885482940054856,12.2167728334537,737.300887728577,0,0,0,1.225
1898.36797072089,48.9007634232705,3,8,27.0732837761394,97.4638215941017,-0.0861581572390289,12.2160449070562,739.164844810543,0,0,0,1.225
1898.61796483126,48.9099975361697,3,8,27.0724988928765,97.4609960143554,-0.0838383219151014,12.21533660508,740.97385889396,0,0,0,1.225
1898.86795894162,48.9192319131644,3,8,27.0717350958864,97.4582463451911,-0.0815863870518713,12.2146473516975,742.729812673291,0,0,0,1.225
1899.11795305199,48.9284665471823,3,8,27.0709917705255,97.4555703738919,-0.0794000535048904,12.2139765906644,744.434508668534,0,0,0,1.225
1899.36794716235,48.9377014313562,3,8,27.0702683228232,97.4529659621636,-0.0772771184363274,12.2133237844941,746.089673595224,0,0,0,1.225
1899.61794127272,48.9469365590171,3,8,27.0695641786236,97.450431043045,-0.0752154701646046,12.212688413677,747.696962433052,0,0,0,1.225
1899.86793538308,48.9561719236873,3,8,27.0688787827725,97.4479636179811,-0.0732130833557867,12.2120699759405,749.257962223837,0,0,0,1.225
1900.11792949345,48.9654075190746,3,8,27.0682115983472,97.4455617540501,-0.0712680145358008,12.2114679855483,750.774195615382,0,0,0,1.225
1900.36792360381,48.974643339066,3,8,27.0675621059258,97.4432235813328,-0.0693783978925643,12.2108819726358,752.247124175808,0,0,0,1.225
1900.61791771418,48.9838793777218,3,8,27.0669298028933,97.4409472904158,-0.0675424413484674,12.2103114825792,753.678151493841,0,0,0,1.225
1900.86791182454,48.9931156292704,3,8,27.0663142027833,97.4387311300198,-0.0657584228818346,12.2097560753965,755.068626082009,0,0,0,1.225
1901.11790593491,49.0023520881026,3,8,27.0657148346515,97.4365734047454,-0.0640246870773579,12.2092153251779,756.419844098632,0,0,0,1.225
1901.36790004527,49.0115887487667,3,8,27.0651312424801,97.4344724729284,-0.0623396418879916,12.2086888195445,757.733051902478,0,0,0,1.225
1901.61789415564,49.0208256059632,3,8,27.0645629846109,97.4324267445992,-0.0607017555967141,12.2081761591328,759.009448449266,0,0,0,1.225
1901.867888266,49.0300626545405,3,8,27.0640096332053,97.4304346795389,-0.0591095539556444,12.2076769571038,760.250187547899,0,0,0,1.225
1902.11788237637,49.0392998894902,3,8,27.0634707737296,97.4284947854264,-0.0575616174979675,12.2071908386752,761.456379979993,0,0,0,1.225
1902.36787648673,49.0485373059422,3,8,27.0629460044644,97.426605616072,-0.056056579004932,12.206717440676,762.62909549677,0,0,0,1.225
1902.6178705971,49.0577748991612,3,8,27.0624349360366,97.4247657697317,-0.0545931211192797,12.2062564111202,763.769364700179,0,0,0,1.225
1902.86786470746,49.067012664542,3,8,27.0619371909717,97.422973887498,-0.0531699740951027,12.2058074088016,764.878180816142,0,0,0,1.225
1903.11785881783,49.0762505976058,3,8,27.0614524032674,97.4212286517625,-0.0517859136709399,12.2053701029051,765.95650137042,0,0,0,1.225
1903.36785292819,49.0854886939965,3,8,27.0609802179853,97.4195287847471,-0.0504397590661129,12.2049441726365,767.005249767017,0,0,0,1.225
1903.61784703856,49.0947269494766,3,8,27.0605202908608,97.4178730470988,-0.0491303710816567,12.2045293068681,768.025316784001,0,0,0,1.225
1903.86784114892,49.1039653599241,3,8,27.0600722879293,97.4162602365454,-0.0478566503072081,12.2041252037993,769.017561985558,0,0,0,1.225
1904.11783525929,49.113203921329,3,8,27.0596358851693,97.4146891866096,-0.0466175354213478,12.2037315706324,769.982815060256,0,0,0,1.225
1904.36782936965,49.1224426297896,3,8,27.0592107681601,97.4131587653765,-0.0454120015863046,12.2033481232619,770.92187708473,0,0,0,1.225
1904.61782348002,49.1316814815098,3,8,27.0587966317536,97.4116678743129,-0.0442390589186033,12.2029745859766,771.835521727473,0,0,0,1.225
1904.86781759038,49.1409204727957,3,8,27.0583931797601,97.4102154471365,-0.0430977510483921,12.2026106911748,772.724496382501,0,0,0,1.225
1905.11781170075,49.1501596000527,3,8,27.0580001246472,97.4088004487301,-0.0419871537431165,12.2022561790902,773.589523252322,0,0,0,1.225
1905.36780581111,49.1593988597828,3,8,27.0576171872503,97.4074218741012,-0.0409063736071392,12.2019107975298,774.431300370882,0,0,0,1.225
1905.61779992148,49.1686382485813,3,8,27.0572440964952,97.4060787473828,-0.0398545468443429,12.2015743016221,775.250502576826,0,0,0,1.225
1905.86779403185,49.1778777631347,3,8,27.0568805891315,97.4047701208735,-0.0388308380784886,12.2012464535754,776.04778244122,0,0,0,1.225
1906.11778814221,49.1871174002178,3,8,27.056526409477,97.403495074117,-0.0378344392374657,12.2009270224454,776.82377114479,0,0,0,1.225
1906.36778225258,49.1963571566911,3,8,27.0561813091712,97.4022527130162,-0.0368645684855209,12.2006157839124,777.579079317387,0,0,0,1.225
1906.61777636294,49.2055970294985,3,8,27.0558450469394,97.4010421689819,-0.0359204692105118,12.2003125200666,778.314297833996,0,0,0,1.225
1906.86777047331,49.2148370156649,3,8,27.0555173883652,97.3998625981148,-0.0350014090568635,12.2000170192022,779.029998574736,0,0,0,1.225
1907.11776458367,49.2240771122939,3,8,27.0551981056717,97.398713180418,-0.0341066790035471,12.199729075619,779.726735149359,0,0,0,1.225
1907.36775869404,49.2333173165655,3,8,27.0548869775109,97.3975931190392,-0.033235592487988,12.1994484894315,780.405043585501,0,0,0,1.225
1907.6177528044,49.2425576257342,3,8,27.0545837887616,97.3965016395417,-0.0323874845647635,12.1991750663853,781.06544298958,0,0,0,1.225
1907.86774691477,49.2517980371265,3,8,27.0542883303339,97.395437989202,-0.0315617111077301,12.1989086176807,781.708436173392,0,0,0,1.225
1908.11774102513,49.2610385481395,3,8,27.0540003989815,97.3944014363333,-0.0307576480451198,12.1986489598015,782.334510254773,0,0,0,1.225
1908.3677351355,49.2702791562382,3,8,27.0537197971206,97.393391269634,-0.0299746906294268,12.1983959143519,782.944137230835,0,0,0,1.225
1908.61772924586,49.2795198589541,3,8,27.0534463326553,97.3924067975591,-0.0292122527384436,12.1981493078977,783.537774526676,0,0,0,1.225
1908.86772335623,49.2887606538834,3,8,27.0531798188096,97.3914473477147,-0.0284697662081315,12.1979089718142,784.115865519002,0,0,0,1.225
1909.11771746659,49.2980015386849,3,8,27.0529200739651,97.3905122662743,-0.0277466801955044,12.1976747421391,784.678840036095,0,0,0,1.225
1909.36771157696,49.3072425110785,3,8,27.0526669215041,97.3896009174147,-0.0270424605642503,12.1974464594307,785.22711483994,0,0,0,1.225
1909.61770568732,49.3164835688434,3,8,27.0524201896591,97.3887126827728,-0.0263565893015047,12.1972239686313,785.761094083754,0,0,0,1.225
1909.86769979769,49.3257247098168,3,8,27.0521797113668,97.3878469609207,-0.0256885639564511,12.1970071189348,786.281169752376,0,0,0,1.225
1910.11769390805,49.3349659318917,3,8,27.0519453241275,97.387003166859,-0.0250378971032525,12.1967957636597,786.787722083489,0,0,0,1.225
1910.36768801842,49.344207233016,3,8,27.0517168698689,97.3861807315279,-0.0244041158235358,12.1965897601258,787.281119973492,0,0,0,1.225
1910.61768212878,49.3534486111907,3,8,27.0514941948151,97.3853791013343,-0.0237867612166181,12.1963889695352,787.761721361461,0,0,0,1.225
1910.86767623915,49.3626900644684,3,8,27.0512771493598,97.3845977376955,-0.0231853879208738,12.196193256858,788.229873604456,0,0,0,1.225
1911.11767034951,49.3719315909521,3,8,27.0510655879438,97.3838361165978,-0.0225995636610223,12.1960024907207,788.685913832354,0,0,0,1.225
1911.36766445988,49.3811731887938,3,8,27.0508593689363,97.3830937281706,-0.0220288688108789,12.1958165432994,789.130169290555,0,0,0,1.225
1911.61765857024,49.3904148561932,3,8,27.0506583545203,97.3823700762731,-0.0214728959740673,12.1956352902163,789.562957668557,0,0,0,1.225
1911.86765268061,49.3996565913962,3,8,27.0504624105825,97.381664678097,-0.0209312495806496,12.1954586104389,789.984587416016,0,0,0,1.225
1912.11764679097,49.4088983926939,3,8,27.0502714066054,97.3809770637794,-0.0204035454978532,12.1952863861836,790.39535804776,0,0,0,1.225
1912.36764090134,49.4181402584213,3,8,27.0500852155642,97.3803067760311,-0.0198894106614892,12.1951185028214,790.795560432445,0,0,0,1.225
1912.6176350117,49.4273821869563,3,8,27.0499037138263,97.3796533697746,-0.0193884827141928,12.1949548487879,791.185477075964,0,0,0,1.225
1912.86762912207,49.4366241767181,3,8,27.0497267810543,97.3790164117955,-0.0189004096620807,12.1947953154948,791.565382390315,0,0,0,1.225
1913.11762323243,49.4458662261667,3,8,27.0495543001122,97.3783954804038,-0.0184248495436871,12.1946397972453,791.935542952826,0,0,0,1.225
1913.3676173428,49.4551083338014,3,8,27.0493861569742,97.377790165107,-0.0179614701098143,12.1944881911518,792.296217756838,0,0,0,1.225
1913.61761145316,49.4643504981598,3,8,27.0492222406368,97.3772000662927,-0.0175099485161161,12.1943403970561,792.647658452365,0,0,0,1.225
1913.86760556353,49.473592717817,3,8,27.0490624430338,97.3766247949216,-0.0170699710281873,12.1941963174523,792.990109576922,0,0,0,1.225
1914.1175996739,49.4828349913845,3,8,27.0489066589529,97.3760639722304,-0.0166412327352932,12.1940558574124,793.323808779598,0,0,0,1.225
1914.36759378426,49.4920773175091,3,8,27.0487547859565,97.3755172294434,-0.0162234372754689,12.1939189245134,793.648987036186,0,0,0,1.225
1914.61758789463,49.5013196948722,3,8,27.0486067243037,97.3749842074932,-0.0158162965715317,12.1937854287674,793.965868855739,0,0,0,1.225
1914.86758200499,49.5105621221887,3,8,27.0484623768751,97.3744645567502,-0.0154195305750525,12.1936552825538,794.274672480889,0,0,0,1.225
1915.11757611536,49.5198045982063,3,8,27.0483216491002,97.3739579367606,-0.0150328670194223,12.193528400553,794.575610081044,0,0,0,1.225
1915.36757022572,49.5290471217044,3,8,27.0481844488865,97.3734640159915,-0.0146560411829231,12.1934046996831,794.868887937699,0,0,0,1.225
1915.61756433609,49.5382896914937,3,8,27.0480506865513,97.3729824715848,-0.0142887956597572,12.1932840990375,795.154706623525,0,0,0,1.225
1915.86755844645,49.5475323064147,3,8,27.047920274755,97.3725129891182,-0.0139308801374434,12.1931665198251,795.433261176475,0,0,0,1.225
1916.11755255682,49.5567749653377,3,8,27.0477931284368,97.3720552623727,-0.0135820511842172,12.1930518853119,795.70474126601,0,0,0,1.225
1916.36754666718,49.5660176671614,3,8,27.0476691647523,97.3716089931083,-0.013242072042116,12.1929401207649,795.969331354905,0,0,0,1.225
1916.61754077755,49.5752604108125,3,8,27.0475483030127,97.3711738908458,-0.012910712428705,12.1928311533968,796.227210854232,0,0,0,1.225
1916.86753488791,49.584503195245,3,8,27.0474304646262,97.3707496726543,-0.01258774834244,12.1927249123132,796.478554275564,0,0,0,1.225
1917.11752899828,49.5937460194391,3,8,27.0473155730408,97.3703360629468,-0.0122729618794005,12.1926213284609,796.723531374169,0,0,0,1.225
1917.36752310864,49.6029888824011,3,8,27.0472035536889,97.3699327932801,-0.0119661410516137,12.192520334578,796.962307291045,0,0,0,1.225
1917.61751721901,49.6122317831622,3,8,27.0470943339337,97.3695396021612,-0.0116670796131095,12.1924218651451,797.195042688861,0,0,0,1.225
1917.86751132937,49.6214747207782,3,8,27.0469878430167,97.3691562348601,-0.0113755768937062,12.1923258563382,797.421893881807,0,0,0,1.225
1918.11750543974,49.6307176943287,3,8,27.0468840120074,97.3687824432267,-0.0110914376350708,12.192232245983,797.643012963722,0,0,0,1.225
1918.3674995501,49.6399607029165,3,8,27.046782773754,97.3684179855142,-0.0108144718333721,12.1921409735106,797.858547931026,0,0,0,1.225
1918.61749366047,49.6492037456671,3,8,27.0466840628352,97.3680626262068,-0.0105444945883013,12.1920519799137,798.068642800653,0,0,0,1.225
1918.86748777083,49.6584468217279,3,8,27.0465878155146,97.3677161358527,-0.0102813259557305,12.1919652077058,798.273437725151,0,0,0,1.225
1919.1174818812,49.667689930268,3,8,27.046493969695,97.3673782909022,-0.0100247908053732,12.1918806008792,798.473069103859,0,0,0,1.225
1919.36747599156,49.6769330704773,3,8,27.0464024648749,97.3670488735496,-0.00977471868117354,12.1917981048665,798.667669691981,0,0,0,1.225
1919.61747010193,49.6861762415661,3,8,27.0463132421058,97.3667276715808,-0.00953094367101848,12.1917176665018,798.857368702277,0,0,0,1.225
1919.86746421229,49.6954194427646,3,8,27.0462262439511,97.3664144782238,-0.00929330427531234,12.1916392339831,799.042291907734,0,0,0,1.225
1920.11745832266,49.7046626733223,3,8,27.0461414144458,97.366109092005,-0.00906164328282801,12.1915627568367,799.222561738485,0,0,0,1.225
1920.36745243302,49.7139059325076,3,8,27.0460586990578,97.3658113166079,-0.00883580764883175,12.1914881858813,799.398297376983,0,0,0,1.225
1920.61744654339,49.7231492196074,3,8,27.0459780446493,97.3655209607376,-0.0086156483793473,12.1914154731942,799.569614848321,0,0,0,1.225
1920.86744065375,49.7323925339263,3,8,27.0458993994409,97.3652378379872,-0.0084010204147378,12.191344572078,799.736627111167,0,0,0,1.225
1921.11743476412,49.7416358747865,3,8,27.0458227129749,97.3649617667096,-0.00819178252238284,12.1912754370278,799.899444141483,0,0,0,1.225
1921.36742887448,49.7508792415271,3,8,27.0457479360811,97.3646925698918,-0.00798779718685448,12.1912080237006,800.058173018308,0,0,0,1.225
1921.61742298485,49.760122633504,3,8,27.0456750208426,97.3644300750333,-0.00778893050987038,12.1911422888838,800.212918001767,0,0,0,1.225
1921.86741709521,49.769366050089,3,8,27.0456039205631,97.3641741140273,-0.00759505210683642,12.1910781904663,800.363780613879,0,0,0,1.225
1922.11741120558,49.7786094906698,3,8,27.045534589735,97.3639245230459,-0.00740603501157481,12.1910156874092,800.510859712858,0,0,0,1.225
1922.36740531595,49.7878529546494,3,8,27.0454669840078,97.3636811424281,-0.00722175558014284,12.1909547397176,800.654251568205,0,0,0,1.225
1922.61739942631,49.7970964414458,3,8,27.0454010601584,97.3634438165704,-0.00704209340079071,12.1908953084137,800.794049930931,0,0,0,1.225
1922.86739353668,49.8063399504913,3,8,27.0453367760615,97.3632123938215,-0.00686693120573852,12.1908373555098,800.930346102381,0,0,0,1.225
1923.11738764704,49.8155834812329,3,8,27.0452740906609,97.3629867263791,-0.00669615478158889,12.1907808439829,801.063229004195,0,0,0,1.225
1923.36738175741,49.8248270331311,3,8,27.0452129639415,97.3627666701894,-0.00652965289065385,12.1907257377491,801.192785239583,0,0,0,1.225
1923.61737586777,49.83407060566,3,8,27.0451533569027,97.3625520848499,-0.00636731718568767,12.1906720016398,801.319099159923,0,0,0,1.225
1923.86736997814,49.8433141983067,3,8,27.0450952315319,97.3623428335148,-0.00620904213371493,12.1906196013771,801.442252924126,0,0,0,1.225
1924.1173640885,49.8525578105713,3,8,27.0450385507784,97.3621387828022,-0.00605472493803944,12.1905685035515,801.5623265595,0,0,0,1.225
1924.36735819887,49.8618014419665,3,8,27.0449832785292,97.361939802705,-0.00590426546593779,12.1905186755987,801.679398018104,0,0,0,1.225
1924.61735230923,49.8710450920168,3,8,27.0449293795842,97.3617457665031,-0.00575756617407898,12.1904700857783,801.79354323497,0,0,0,1.225
1924.8673464196,49.8802887602589,3,8,27.044876819633,97.3615565506786,-0.00561453204167497,12.190422703152,801.904836180165,0,0,0,1.225
1925.11734052996,49.889532446241,3,8,27.0448255652315,97.3613720348333,-0.00547507050044799,12.1903764975633,802.013348913454,0,0,0,1.225
1925.36733464033,49.8987761495225,3,8,27.04477558378,97.361192101608,-0.00533909136869057,12.190331439617,802.119151635715,0,0,0,1.225
1925.61732875069,49.9080198696738,3,8,27.0447268435012,97.3610166366042,-0.00520650678850895,12.1902875006599,802.222312737844,0,0,0,1.225
1925.86732286106,49.9172636062761,3,8,27.044679313419,97.3608455283083,-0.00507723116397601,12.1902446527612,802.322898848973,0,0,0,1.225
1926.11731697142,49.9265073589211,3,8,27.044632963338,97.3606786680169,-0.0049511810983746,12.1902028686945,802.420974885442,0,0,0,1.225
1926.36731108179,49.9357511272105,3,8,27.0445877638236,97.3605159497651,-0.00482827533758019,12.1901621219193,802.516604094898,0,0,0,1.225
1926.61730519215,49.9449949107561,3,8,27.0445436861821,97.3603572702557,-0.0047084347123066,12.1901223865636,802.609848101335,0,0,0,1.225
1926.86729930252,49.9542387091792,3,8,27.0445007024421,97.3602025287914,-0.00459158208421719,12.1900836374065,802.700766947065,0,0,0,1.225
1927.11729341288,49.9634825221107,3,8,27.0444587853355,97.3600516272078,-0.0044776422883979,12.1900458498618,802.789419137642,0,0,0,1.225
1927.36728752325,49.9727263491906,3,8,27.0444179082802,97.3599044698086,-0.00436654208492559,12.1900089999618,802.87586167953,0,0,0,1.225
1927.61728163361,49.981970190068,3,8,27.0443780453619,97.3597609633029,-0.00425821010679819,12.1899730643409,802.960150120712,0,0,0,1.225
1927.86727574398,49.9912140444006,3,8,27.0443391713176,97.3596210167432,-0.00415257680945657,12.189938020221,803.042338590056,0,0,0,1.225
1928.11726985434,50.0004579118546,3,8,27.0443012615183,97.3594845414659,-0.00404957442394447,12.189903845396,803.122479833791,0,0,0,1.225
1928.36726396471,50.0097017921047,3,8,27.0442642919536,97.359351451033,-0.00394913690938628,12.1898705182173,803.200625252564,0,0,0,1.225
1928.61725807507,50.0189456848335,3,8,27.0442282392154,97.3592216611753,-0.00385119990887549,12.1898380175796,803.276824935788,0,0,0,1.225
1928.86725218544,50.0281895897317,3,8,27.0441930804826,97.3590950897373,-0.003755700702862,12.189806322907,803.351127698011,0,0,0,1.225
1929.1172462958,50.0374335064974,3,8,27.0441587935065,97.3589716566234,-0.00366257816981557,12.1897754141399,803.423581109504,0,0,0,1.225
1929.36724040617,50.0466774348366,3,8,27.0441253565959,97.3588512837454,-0.0035717727414321,12.1897452717213,803.494231531215,0,0,0,1.225
1929.61723451653,50.0559213744622,3,8,27.0440927486032,97.3587338949714,-0.00348322636284234,12.1897158765842,803.563124145769,0,0,0,1.225
1929.8672286269,50.0651653250946,3,8,27.0440609489102,97.3586194160766,-0.00339688245350269,12.1896872101395,803.630302987923,0,0,0,1.225
1930.11722273726,50.0744092864608,3,8,27.0440299374151,97.3585077746943,-0.00331268586945027,12.1896592542634,803.695810973964,0,0,0,1.225
1930.36721684763,50.083653258295,3,8,27.0439996945193,97.3583989002693,-0.00323058286442111,12.189631991286,803.75968993203,0,0,0,1.225
1930.61721095799,50.0928972403377,3,8,27.0439702011143,97.3582927240116,-0.0031505210546064,12.1896054039793,803.821980629549,0,0,0,1.225
1930.86720506836,50.1021412323359,3,8,27.04394143857,97.3581891788519,-0.00307244938249923,12.1895794755467,803.882722801415,0,0,0,1.225
1931.11719917873,50.111385234043,3,8,27.0439133887217,97.358088199398,-0.00299631808369724,12.1895541896113,803.94195517583,0,0,0,1.225
1931.36719328909,50.1206292452185,3,8,27.043886033859,97.3579897218923,-0.0029220786514315,12.1895295302059,803.999715501973,0,0,0,1.225
1931.61718739946,50.1298732656276,3,8,27.0438593567141,97.3578936841706,-0.00284968380723461,12.1895054817622,804.056040572781,0,0,0,1.225
1931.86718150982,50.1391172950418,3,8,27.0438333404505,97.3578000256219,-0.00277908746501481,12.1894820291011,804.110966253024,0,0,0,1.225
1932.11717562019,50.148361333238,3,8,27.0438079686525,97.357708687149,-0.00271024470468003,12.1894591574225,804.164527499757,0,0,0,1.225
1932.36716973055,50.1576053799986,3,8,27.0437832253139,97.3576196111301,-0.00264311173848578,12.1894368522962,804.216758388603,0,0,0,1.225
1932.61716384092,50.1668494351115,3,8,27.0437590948284,97.3575327413822,-0.00257764588374964,12.1894150996519,804.267692134973,0,0,0,1.225
1932.86715795128,50.1760934983699,3,8,27.043735561979,97.3574480231243,-0.00251380553397418,12.1893938857708,804.317361116557,0,0,0,1.225
1933.11715206165,50.185337569572,3,8,27.0437126119284,97.3573654029421,-0.00245155013156143,12.1893731972762,804.365796894573,0,0,0,1.225
1933.36714617201,50.1945816485211,3,8,27.0436902302094,97.357284828754,-0.00239084014007265,12.1893530211254,804.413030235389,0,0,0,1.225
1933.61714028238,50.2038257350255,3,8,27.0436684027158,97.3572062497769,-0.00233163701898929,12.1893333446008,804.459091130153,0,0,0,1.225
1933.86713439274,50.213069828898,3,8,27.0436471156928,97.3571296164941,-0.00227390319665481,12.189314155302,804.504008815904,0,0,0,1.225
1934.11712850311,50.2223139299562,3,8,27.0436263557287,97.3570548806232,-0.00221760204730948,12.1892954411377,804.547811793412,0,0,0,1.225
1934.36712261347,50.2315580380222,3,8,27.0436061097458,97.356981995085,-0.00216269786676077,12.189277190318,804.59052784613,0,0,0,1.225
1934.61711672384,50.2408021529226,3,8,27.0435863649926,97.3569109139734,-0.00210915584646216,12.1892593913469,804.632184060428,0,0,0,1.225
1934.8671108342,50.2500462744881,3,8,27.0435671090349,97.3568415925257,-0.00205694205373118,12.1892420330146,804.672806840931,0,0,0,1.225
1935.11710494457,50.2592904025538,3,8,27.0435483297484,97.3567739870944,-0.00200602340696504,12.1892251043907,804.71242192987,0,0,0,1.225
1935.36709905493,50.2685345369587,3,8,27.0435300153107,97.3567080551185,-0.00195636765608611,12.1892085948169,804.751054422266,0,0,0,1.225
1935.6170931653,50.277778677546,3,8,27.0435121541936,97.356643755097,-0.00190794335889443,12.1891924939003,804.788728784388,0,0,0,1.225
1935.86708727566,50.2870228241626,3,8,27.0434947351559,97.3565810465614,-0.00186071986242269,12.1891767915068,804.825468868236,0,0,0,1.225
1936.11708138603,50.2962669766593,3,8,27.0434777472364,97.3565198900509,-0.00181466728269943,12.1891614777545,804.861297927298,0,0,0,1.225
1936.36707549639,50.3055111348907,3,8,27.0434611797461,97.3564602470861,-0.00176975648451239,12.1891465430073,804.896238632322,0,0,0,1.225
1936.61706960676,50.3147552987147,3,8,27.0434450222626,97.3564020801453,-0.00172595906185382,12.189131977869,804.93031308655,0,0,0,1.225
1936.86706371712,50.323999467993,3,8,27.0434292646222,97.3563453526398,-0.00168324732086712,12.189117773177,804.963542838967,0,0,0,1.225
1937.11705782749,50.3332436425907,3,8,27.0434138969141,97.3562900288909,-0.00164159426142913,12.1891039199968,804.995948898646,0,0,0,1.225
1937.36705193785,50.342487822376,3,8,27.0433989094742,97.3562360741072,-0.00160097355850501,12.1890904096159,805.027551749285,0,0,0,1.225
1937.61704604822,50.3517320072207,3,8,27.0433842928784,97.3561834543621,-0.00156135954623175,12.1890772335383,805.058371361576,0,0,0,1.225
1937.86704015858,50.3609761969995,3,8,27.0433700379368,97.3561321365725,-0.00152272719995521,12.1890643834796,805.088427207213,0,0,0,1.225
1938.11703426895,50.3702203915904,3,8,27.0433561356882,97.3560820884774,-0.00148505212167786,12.189051851361,805.11773827019,0,0,0,1.225
1938.36702837931,50.3794645908744,3,8,27.0433425773937,97.3560332786175,-0.00144831052300535,12.1890396293046,805.146323060097,0,0,0,1.225
1938.61702248968,50.3887087947353,3,8,27.043329354532,97.3559856763153,-0.00141247920968476,12.1890277096282,805.174199624159,0,0,0,1.225
1938.86701660004,50.3979530030599,3,8,27.0433164587931,97.3559392516553,-0.00137753556727967,12.1890160848405,805.201385558377,0,0,0,1.225
1939.11701071041,50.4071972157378,3,8,27.0433038820736,97.3558939754651,-0.00134345754661796,12.1890047476363,805.227898018847,0,0,0,1.225
1939.36700482078,50.4164414326612,3,8,27.0432916164713,97.3558498192968,-0.00131022364855738,12.1889936908918,805.253753733647,0,0,0,1.225
1939.61699893114,50.4256856537253,3,8,27.0432796542803,97.3558067554091,-0.00127781291034282,12.1889829076602,805.278969013448,0,0,0,1.225
1939.86699304151,50.4349298788275,3,8,27.043267987986,97.3557647567495,-0.00124620489355522,12.1889723911671,805.30355976086,0,0,0,1.225
1940.11698715187,50.444174107868,3,8,27.0432566102602,97.3557237969368,-0.00121537966819503,12.1889621348064,805.327541482887,0,0,0,1.225
1940.36698126224,50.4534183407493,3,8,27.043245513957,97.3556838502452,-0.00118531780245015,12.1889521321359,805.350929298831,0,0,0,1.225
1940.6169753726,50.4626625773765,3,8,27.0432346921075,97.355644891587,-0.00115600034928061,12.1889423768734,805.373737950754,0,0,0,1.225
1940.86696948297,50.4719068176569,3,8,27.0432241379159,97.3556068964974,-0.00112740883323051,12.1889328628927,805.395981813765,0,0,0,1.225
1941.11696359333,50.4811510615002,3,8,27.0432138447552,97.3555698411186,-0.00109952524042341,12.1889235842193,805.417674903767,0,0,0,1.225
1941.3669577037,50.4903953088182,3,8,27.0432038061624,97.3555337021847,-0.00107233200423744,12.1889145350273,805.438830888665,0,0,0,1.225
1941.61695181406,50.499639559525,3,8,27.0431940158353,97.3554984570072,-0.0010458119982565,12.1889057096352,805.459463093763,0,0,0,1.225
1941.86694592443,50.5088838135369,3,8,27.0431844676279,97.3554640834603,-0.0010199485201264,12.1888971025025,805.479584514438,0,0,0,1.225
1942.11694003479,50.5181280707721,3,8,27.0431751555464,97.3554305599671,-0.000994725285415633,12.1888887082261,805.499207820821,0,0,0,1.225
1942.36693414516,50.5273723311508,3,8,27.0431660737461,97.3553978654858,-0.00097012641419996,12.1888805215368,805.518345368302,0,0,0,1.225
1942.61692825552,50.5366165945953,3,8,27.0431572165268,97.3553659794966,-0.000946136422422051,12.1888725372965,805.537009204223,0,0,0,1.225
1942.86692236589,50.5458608610299,3,8,27.0431485783301,97.3553348819883,-0.000922740211204655,12.1888647504939,805.55521107621,0,0,0,1.225
1943.11691647625,50.5551051303806,3,8,27.043140153735,97.355304553446,-0.000899923056845923,12.1888571562426,805.572962439969,0,0,0,1.225
1943.36691058662,50.5643494025753,3,8,27.0431319374552,97.3552749748386,-0.000877670603543281,12.1888497497768,805.590274464901,0,0,0,1.225
1943.61690469698,50.5735936775436,3,8,27.0431239243353,97.355246127607,-0.000855968850887582,12.1888425264492,805.607158043908,0,0,0,1.225
1943.86689880735,50.582837955217,3,8,27.0431161093477,97.3552179936518,-0.000834804148406008,12.1888354817277,805.623623797564,0,0,0,1.225
1944.11689291771,50.5920822355287,3,8,27.0431084875896,97.3551905553226,-0.000814163183510985,12.1888286111924,805.639682083566,0,0,0,1.225
1944.36688702808,50.6013265184132,3,8,27.0431010542795,97.3551637954062,-0.000794032976043082,12.1888219105329,805.655343000917,0,0,0,1.225
1944.61688113844,50.6105708038072,3,8,27.0430938047545,97.3551376971161,-0.000774400867129443,12.1888153755458,805.670616398654,0,0,0,1.225
1944.86687524881,50.6198150916485,3,8,27.0430867344672,97.3551122440818,-0.000755254513954065,12.1888090021319,805.685511879862,0,0,0,1.225
1945.11686935917,50.6290593818766,3,8,27.0430798389829,97.3550874203384,-0.0007365818799805,12.1888027862934,805.700038809322,0,0,0,1.225
1945.36686346954,50.6383036744324,3,8,27.0430731139768,97.3550632103165,-0.000718371227220972,12.1887967241316,805.714206319527,0,0,0,1.225
1945.6168575799,50.6475479692586,3,8,27.0430665552313,97.3550395988325,-0.000700611110324518,12.1887908118445,805.728023315251,0,0,0,1.225
1945.86685169027,50.6567922662988,3,8,27.0430601586331,97.3550165710791,-0.00068329036702707,12.1887850457241,805.741498481031,0,0,0,1.225
1946.11684580063,50.6660365654985,3,8,27.043053920171,97.3549941126157,-0.000666398114058633,12.1887794221546,805.754640284282,0,0,0,1.225
1946.366839911,50.6752808668042,3,8,27.0430478359331,97.3549722093593,-0.000649923736683848,12.1887739376095,805.767456983519,0,0,0,1.225
1946.61683402136,50.6845251701638,3,8,27.0430419021044,97.3549508475758,-0.000633856885291308,12.1887685886495,805.779956630935,0,0,0,1.225
1946.86682813173,50.6937694755266,3,8,27.0430361149642,97.3549300138712,-0.000618187465616261,12.188763371921,805.79214708008,0,0,0,1.225
1947.11682224209,50.703013782843,3,8,27.0430304708843,97.3549096951834,-0.000602905636012055,12.1887582841529,805.804035987907,0,0,0,1.225
1947.36681635246,50.7122580920648,3,8,27.043024966326,97.3548898787736,-0.000588001797218092,12.1887533221555,805.815630822814,0,0,0,1.225
1947.61681046283,50.7215024031449,3,8,27.0430195978385,97.3548705522185,-0.000573466589176512,12.1887484828179,805.826938867065,0,0,0,1.225
1947.86680457319,50.7307467160373,3,8,27.0430143620562,97.3548517034024,-0.000559290884210827,12.1887437631063,805.837967222114,0,0,0,1.225
1948.11679868356,50.7399910306972,3,8,27.0430092556971,97.3548333205096,-0.000545465781114065,12.188739160062,805.848722813209,0,0,0,1.225
1948.36679279392,50.7492353470809,3,8,27.0430042755602,97.3548153920169,-0.000531982599236915,12.1887346707995,805.859212393997,0,0,0,1.225
1948.61678690429,50.7584796651459,3,8,27.042999418524,97.3547979066865,-0.000518832873485389,12.1887302925048,805.869442550407,0,0,0,1.225
1948.86678101465,50.7677239848505,3,8,27.0429946815441,97.3547808535586,-0.000506008349091103,12.1887260224337,805.879419704715,0,0,0,1.225
1949.11677512502,50.7769683061543,3,8,27.0429900616514,97.354764221945,-0.000493500975244666,12.1887218579096,805.889150120525,0,0,0,1.225
1949.36676923538,50.7862126290177,3,8,27.0429855559505,97.3547480014219,-0.000481302901457613,12.1887177963225,805.898639905566,0,0,0,1.225
1949.61676334575,50.7954569534022,3,8,27.0429811616176,97.3547321818234,-0.000469406471877931,12.1887138351267,805.907895016132,0,0,0,1.225
1949.86675745611,50.8047012792701,3,8,27.0429768758987,97.3547167532354,-0.00045780422028772,12.1887099718399,805.916921260977,0,0,0,1.225
1950.11675156648,50.8139456065849,3,8,27.0429726961081,97.3547017059891,-0.000446488866010371,12.1887062040408,805.925724304489,0,0,0,1.225
1950.36674567684,50.8231899353107,3,8,27.0429686196264,97.354687030655,-0.000435453307998709,12.1887025293683,805.934309671313,0,0,0,1.225
1950.61673978721,50.8324342654126,3,8,27.0429646438992,97.354672718037,-0.000424690622106446,12.1886989455197,805.942682748442,0,0,0,1.225
1950.86673389757,50.8416785968567,3,8,27.0429607664352,97.3546587591666,-0.000414194056085845,12.1886954502492,805.950848789116,0,0,0,1.225
1951.11672800794,50.8509229296098,3,8,27.0429569848048,97.3546451452972,-0.000403957023448479,12.1886920413667,805.958812917647,0,0,0,1.225
1951.3667221183,50.8601672636396,3,8,27.0429532966385,97.3546318678984,-0.000393973103010481,12.1886887167361,805.966580129688,0,0,0,1.225
1951.61671622867,50.8694115989144,3,8,27.0429496996254,97.3546189186514,-0.000384236031389031,12.1886854742745,805.974155298145,0,0,0,1.225
1951.86671033903,50.8786559354035,3,8,27.0429461915119,97.3546062894427,-0.000374739700955946,12.1886823119501,805.981543174734,0,0,0,1.225
1952.1167044494,50.8879002730769,3,8,27.0429427701,97.3545939723598,-0.000365478154607962,12.1886792277817,805.988748394072,0,0,0,1.225
1952.36669855976,50.8971446119054,3,8,27.0429394332461,97.3545819596861,-0.000356445584402462,12.188676219837,805.995775474694,0,0,0,1.225
1952.61669267013,50.9063889518603,3,8,27.0429361788599,97.3545702438955,-0.000347636324963479,12.1886732862315,806.002628824241,0,0,0,1.225
1952.86668678049,50.9156332929139,3,8,27.0429330049024,97.3545588176486,-0.00033904485143529,12.1886704251273,806.009312741023,0,0,0,1.225
1953.11668089086,50.9248776350389,3,8,27.0429299093853,97.354547673787,-0.000330665776526486,12.1886676347321,806.015831416306,0,0,0,1.225
1953.36667500122,50.934121978209,3,8,27.0429268903694,97.35453680533,-0.000322493845735013,12.1886649132978,806.02218893806,0,0,0,1.225
1953.61666911159,50.9433663223983,3,8,27.0429239459636,97.3545262054691,-0.000314523935074382,12.1886622591196,806.028389292699,0,0,0,1.225
1953.86666322195,50.9526106675816,3,8,27.0429210743234,97.3545158675644,-0.000306751046980844,12.1886596705348,806.034436368291,0,0,0,1.225
1954.11665733232,50.9618550137343,3,8,27.0429182736501,97.3545057851402,-0.000299170308266982,12.1886571459219,806.040333956123,0,0,0,1.225
1954.36665144268,50.9710993608325,3,8,27.0429155421892,97.3544959518811,-0.000291776966256265,12.1886546836996,806.046085753726,0,0,0,1.225
1954.61664555305,50.9803437088528,3,8,27.0429128782299,97.3544863616278,-0.000284566385599745,12.1886522823256,806.051695367358,0,0,0,1.225
1954.86663966341,50.9895880577724,3,8,27.0429102801037,97.3544770083733,-0.000277534046002262,12.1886499402956,806.057166313754,0,0,0,1.225
1955.11663377378,50.9988324075691,3,8,27.0429077461831,97.3544678862592,-0.00027067553903914,12.1886476561428,806.062502022617,0,0,0,1.225
1955.36662788414,51.0080767582213,3,8,27.0429052748811,97.354458989572,-0.000263986565655019,12.1886454284366,806.067705838554,0,0,0,1.225
1955.61662199451,51.0173211097077,3,8,27.0429028646499,97.3544503127396,-0.000257462932980544,12.1886432557815,806.072781023561,0,0,0,1.225
1955.86661610488,51.0265654620078,3,8,27.0429005139799,97.3544418503276,-0.000251100552285961,12.1886411368169,806.077730758609,0,0,0,1.225
1956.11661021524,51.0358098151015,3,8,27.0428982213989,97.3544335970359,-0.000244895435115665,12.1886390702156,806.082558146671,0,0,0,1.225
1956.36660432561,51.0450541689691,3,8,27.042895985471,97.3544255476957,-0.000238843693288207,12.1886370546834,806.087266212677,0,0,0,1.225
1956.61659843597,51.0542985235916,3,8,27.0428938047961,97.3544176972658,-0.000232941532984435,12.1886350889579,806.091857908181,0,0,0,1.225
1956.86659254634,51.0635428789502,3,8,27.0428916780083,97.3544100408298,-0.000227185256339149,12.1886331718082,806.096336110038,0,0,0,1.225
1957.1165866567,51.0727872350268,3,8,27.0428896037758,97.3544025735928,-0.000221571255301867,12.1886313020334,806.100703625268,0,0,0,1.225
1957.36658076707,51.0820315918036,3,8,27.0428875807996,97.3543952908786,-0.000216096012091582,12.1886294784628,806.104963190638,0,0,0,1.225
1957.61657487743,51.0912759492634,3,8,27.0428856078129,97.3543881881263,-0.000210756095331321,12.1886276999542,806.109117475706,0,0,0,1.225
1957.8665689878,51.1005203073893,3,8,27.0428836835801,97.3543812608882,-0.000205548158911244,12.188625965394,806.113169083685,0,0,0,1.225
1958.11656309816,51.1097646661647,3,8,27.0428818068962,97.3543745048263,-0.000200468940397001,12.188624273696,806.11712055267,0,0,0,1.225
1958.36655720853,51.1190090255738,3,8,27.0428799765861,97.3543679157099,-0.00019551525602738,12.1886226238007,806.120974359593,0,0,0,1.225
1958.61655131889,51.1282533856007,3,8,27.0428781915036,97.3543614894129,-0.000190684002760732,12.188621014675,806.124732918543,0,0,0,1.225
1958.86654542926,51.1374977462302,3,8,27.0428764505309,97.3543552219113,-0.000185972153045243,12.1886194453113,806.128398584908,0,0,0,1.225
1959.11653953962,51.1467421074475,3,8,27.0428747525779,97.3543491092805,-0.000181376755273695,12.1886179147269,806.131973654968,0,0,0,1.225
1959.36653364999,51.1559864692379,3,8,27.0428730965814,97.354343147693,-0.000176894930372785,12.1886164219634,806.135460368582,0,0,0,1.225
1959.61652776035,51.1652308315875,3,8,27.0428714815044,97.3543373334158,-0.000172523869984086,12.188614966086,806.138860910605,0,0,0,1.225
1959.86652187072,51.1744751944822,3,8,27.0428699063356,97.3543316628083,-0.000168260836236671,12.1886135461832,806.142177411031,0,0,0,1.225
1960.11651598108,51.1837195579088,3,8,27.0428683700889,97.3543261323199,-0.00016410315810905,12.1886121613659,806.145411947865,0,0,0,1.225
1960.36651009145,51.1929639218539,3,8,27.0428668718021,97.3543207384877,-0.000160048231201788,12.1886108107669,806.148566547269,0,0,0,1.225
1960.61650420181,51.2022082863049,3,8,27.0428654105374,97.3543154779346,-0.000156093515691097,12.1886094935407,806.151643185161,0,0,0,1.225
1960.86649831218,51.2114526512491,3,8,27.0428639853796,97.3543103473667,-0.000152236533372904,12.1886082088624,806.154643789548,0,0,0,1.225
1961.11649242254,51.2206970166745,3,8,27.0428625954366,97.3543053435717,-0.000148474869254509,12.1886069559277,806.157570239215,0,0,0,1.225
1961.36648653291,51.2299413825691,3,8,27.042861239838,97.3543004634167,-0.000144806166552244,12.1886057339522,806.160424367696,0,0,0,1.225
1961.61648064327,51.2391857489214,3,8,27.0428599177351,97.3542957038463,-0.00014122812714623,12.1886045421707,806.163207962876,0,0,0,1.225
1961.86647475364,51.24843011572,3,8,27.0428586283001,97.3542910618804,-0.000137738510216106,12.1886033798371,806.165922768052,0,0,0,1.225
1962.116468864,51.2576744829539,3,8,27.0428573707258,97.3542865346129,-0.000134335129739857,12.1886022462236,806.168570483903,0,0,0,1.225
1962.36646297437,51.2669188506123,3,8,27.0428561442248,97.3542821192092,-0.000131015854721192,12.1886011406206,806.171152768275,0,0,0,1.225
1962.61645708473,51.2761632186848,3,8,27.0428549480292,97.354277812905,-0.000127778605096727,12.1886000623357,806.173671239432,0,0,0,1.225
1962.8664511951,51.2854075871612,3,8,27.04285378139,97.3542736130041,-0.000124621354009768,12.188599010694,806.176127474202,0,0,0,1.225
1963.11644530546,51.2946519560313,3,8,27.042852643577,97.3542695168774,-0.00012154212439963,12.188597985037,806.17852301068,0,0,0,1.225
1963.36643941583,51.3038963252856,3,8,27.0428515338778,97.3542655219602,-0.000118538987182605,12.1885969847226,806.180859349656,0,0,0,1.225
1963.61643352619,51.3131406949145,3,8,27.0428504515976,97.3542616257515,-0.000115610061479339,12.1885960091246,806.183137954408,0,0,0,1.225
1963.86642763656,51.3223850649088,3,8,27.042849396059,97.3542578258122,-0.000112753513477937,12.1885950576321,806.185360251581,0,0,0,1.225
1964.11642174693,51.3316294352594,3,8,27.0428483666009,97.3542541197634,-0.000109967553932795,12.1885941296495,806.187527633169,0,0,0,1.225
1964.36641585729,51.3408738059576,3,8,27.0428473625791,97.3542505052848,-0.000107250438619357,12.1885932245959,806.189641456121,0,0,0,1.225
1964.61640996766,51.3501181769947,3,8,27.0428463833649,97.3542469801138,-0.000104600465150811,12.1885923419046,806.191703044867,0,0,0,1.225
1964.86640407802,51.3593625483624,3,8,27.0428454283454,97.3542435420434,-0.000102015974569736,12.188591481023,806.193713690017,0,0,0,1.225
1965.11639818839,51.3686069200525,3,8,27.0428444969226,97.3542401889214,-9.94953488469406e-05,12.1885906414123,806.195674650345,0,0,0,1.225
1965.36639229875,51.377851292057,3,8,27.0428435885135,97.3542369186486,-9.7037008607667e-05,12.1885898225468,806.197587154581,0,0,0,1.225
1965.61638640912,51.3870956643682,3,8,27.0428427025494,97.3542337291777,-9.46394149506255e-05,12.1885890239138,806.199452399937,0,0,0,1.225
1965.86638051948,51.3963400369785,3,8,27.0428418384756,97.3542306185123,-9.23010664920669e-05,12.1885882450135,806.201271554448,0,0,0,1.225
1966.11637462985,51.4055844098805,3,8,27.0428409957514,97.3542275847049,-9.00204993657819e-05,12.1885874853582,806.203045756951,0,0,0,1.225
1966.36636874021,51.414828783067,3,8,27.042840173849,97.3542246258565,-8.77962849493116e-05,12.1885867444724,806.204776118888,0,0,0,1.225
1966.61636285058,51.424073156531,3,8,27.0428393722541,97.3542217401147,-8.56270307734631e-05,12.1885860218922,806.206463723553,0,0,0,1.225
1966.86635696094,51.4333175302656,3,8,27.0428385904647,97.354218925673,-8.35113784758981e-05,12.1885853171655,806.208109627716,0,0,0,1.225
1967.11635107131,51.4425619042641,3,8,27.0428378279916,97.3542161807698,-8.14480033463753e-05,12.1885846298509,806.209714861961,0,0,0,1.225
1967.36634518167,51.45180627852,3,8,27.0428370843574,97.3542135036868,-7.9435613417234e-05,12.1885839595183,806.211280431402,0,0,0,1.225
1967.61633929204,51.461050653027,3,8,27.0428363590967,97.3542108927481,-7.74729485538779e-05,12.188583305748,806.212807316389,0,0,0,1.225
1967.8663334024,51.4702950277788,3,8,27.0428356517554,97.3542083463193,-7.55587806821543e-05,12.1885826681308,806.21429647231,0,0,0,1.225
1968.11632751277,51.4795394027694,3,8,27.0428349618907,97.3542058628065,-7.36919099229106e-05,12.1885820462676,806.215748832665,0,0,0,1.225
1968.36632162313,51.4887837779929,3,8,27.0428342890708,97.354203440655,-7.18711686848165e-05,12.1885814397691,806.217165305777,0,0,0,1.225
1968.6163157335,51.4980281534435,3,8,27.0428336328746,97.3542010783486,-7.00954166620259e-05,12.1885808482556,806.218546778777,0,0,0,1.225
1968.86630984386,51.5072725291156,3,8,27.0428329928913,97.3541987744087,-6.83635415163132e-05,12.1885802713568,806.219894117042,0,0,0,1.225
1969.11630395423,51.5165169050039,3,8,27.0428323687203,97.354196527393,-6.66744593318324e-05,12.1885797087118,806.221208163818,0,0,0,1.225
1969.36629806459,51.5257612811028,3,8,27.0428317599709,97.3541943358951,-6.50271125687046e-05,12.1885791599681,806.222489741837,0,0,0,1.225
1969.61629217496,51.5350056574072,3,8,27.042831166262,97.354192198543,-6.34204698356402e-05,12.1885786247825,806.223739653493,0,0,0,1.225
1969.86628628532,51.5442500339121,3,8,27.042830587222,97.3541901139991,-6.18535249804217e-05,12.1885781028198,806.224958681546,0,0,0,1.225
1970.11628039569,51.5534944106124,3,8,27.0428300224884,97.3541880809584,-6.03252977720415e-05,12.1885775937534,806.226147588568,0,0,0,1.225
1970.36627450605,51.5627387875034,3,8,27.0428294717079,97.3541860981483,-5.88348309447743e-05,12.1885770972645,806.227307119293,0,0,0,1.225
1970.61626861642,51.5719831645803,3,8,27.0428289345355,97.3541841643278,-5.73811911076929e-05,12.1885766130425,806.228437999876,0,0,0,1.225
1970.86626272678,51.5812275418386,3,8,27.0428284106351,97.3541822782864,-5.59634685172898e-05,12.1885761407842,806.229540938063,0,0,0,1.225
1971.11625683715,51.5904719192738,3,8,27.0428278996787,97.3541804388435,-5.45807761679605e-05,12.1885756801941,806.230616623903,0,0,0,1.225
1971.36625094751,51.5997162968814,3,8,27.0428274013466,97.3541786448478,-5.32322470634552e-05,12.1885752309837,806.231665731921,0,0,0,1.225
1971.61624505788,51.6089606746573,3,8,27.0428269153267,97.3541768951763,-5.19170383097019e-05,12.188574792872,806.232688917836,0,0,0,1.225
1971.86623916824,51.6182050525972,3,8,27.042826441315,97.3541751887338,-5.06343258850879e-05,12.1885743655847,806.233686822721,0,0,0,1.225
1972.11623327861,51.6274494306972,3,8,27.0428259790145,97.3541735244524,-4.93833071416298e-05,12.1885739488544,806.234660071005,0,0,0,1.225
1972.36622738898,51.6366938089532,3,8,27.0428255281361,97.3541719012901,-4.81631985311827e-05,12.1885735424202,806.235609272272,0,0,0,1.225
1972.61622149934,51.6459381873615,3,8,27.0428250883975,97.3541703182312,-4.69732365149566e-05,12.1885731460277,806.236535020523,0,0,0,1.225
1972.86621560971,51.6551825659182,3,8,27.0428246595235,97.3541687742846,-4.58126757444841e-05,12.1885727594289,806.237437895624,0,0,0,1.225
1973.11620972007,51.6644269446197,3,8,27.0428242412456,97.354167268484,-4.46807901985154e-05,12.1885723823816,806.238318462387,0,0,0,1.225
1973.36620383044,51.6736713234624,3,8,27.0428238333019,97.354165799887,-4.35768713639865e-05,12.1885720146501,806.23917727201,0,0,0,1.225
1973.6161979408,51.6829157024428,3,8,27.0428234354373,97.3541643675742,-4.25002275538813e-05,12.1885716560039,806.240014862616,0,0,0,1.225
1973.86619205117,51.6921600815576,3,8,27.0428230474026,97.3541629706492,-4.14501854988858e-05,12.1885713062188,806.240831757973,0,0,0,1.225
1974.11618616153,51.7014044608033,3,8,27.0428226689549,97.3541616082376,-4.04260873914599e-05,12.1885709650757,806.241628469843,0,0,0,1.225
1974.3661802719,51.7106488401768,3,8,27.0428222998574,97.3541602794867,-3.9427292932249e-05,12.1885706323611,806.242405496341,0,0,0,1.225
1974.61617438226,51.7198932196749,3,8,27.0428219398791,97.3541589835648,-3.84531756920195e-05,12.1885703078668,806.243163324834,0,0,0,1.225
1974.86616849263,51.7291375992945,3,8,27.0428215887947,97.3541577196608,-3.75031265223442e-05,12.1885699913897,806.243902429208,0,0,0,1.225
1975.11616260299,51.7383819790326,3,8,27.0428212463843,97.3541564869836,-3.65765510544332e-05,12.1885696827316,806.244623271852,0,0,0,1.225
1975.36615671336,51.7476263588864,3,8,27.0428209124338,97.3541552847617,-3.56728687896171e-05,12.1885693816994,806.245326304387,0,0,0,1.225
1975.61615082372,51.7568707388529,3,8,27.042820586734,97.3541541122425,-3.47915142362432e-05,12.1885690881048,806.246011966741,0,0,0,1.225
1975.86614493409,51.7661151189293,3,8,27.0428202690812,97.3541529686923,-3.39319357727794e-05,12.1885688017638,806.246680688057,0,0,0,1.225
1976.11613904445,51.775359499113,3,8,27.0428199592764,97.3541518533952,-3.30935949656774e-05,12.1885685224973,806.247332887226,0,0,0,1.225
1976.36613315482,51.7846038794012,3,8,27.0428196571259,97.3541507656532,-3.22759677062682e-05,12.1885682501306,806.247968971973,0,0,0,1.225
1976.61612726518,51.7938482597915,3,8,27.0428193624404,97.3541497047855,-3.14785414822133e-05,12.188567984493,806.248589341029,0,0,0,1.225
1976.86612137555,51.8030926402813,3,8,27.0428190750356,97.3541486701281,-3.07008176512952e-05,12.1885677254185,806.249194382312,0,0,0,1.225
