distance_m,time_s,sector,segment,speed_m_s,speed_km_h,longitudinal_acceleration_m_s2,lateral_acceleration_m_s2,drive_force_N,brake_force_N,elevation_m,grade_percent,air_density_kg_m3
0.125,0.216076352718445,1,1,1.15699842604137,4.16519433374893,5.35458143144881,0,4284.89502558159,0,0,0,1.225
0.375,0.37425350743249,1,1,2.00407089970276,7.21465523892995,5.35603782124415,0,4288.52023277746,0,0,0,1.225
0.625,0.48315180532587,1,1,2.58740858228592,9.3146708962293,5.35749418136133,0,4292.14608525305,0,0,0,1.225
0.875,0.571662392832357,1,1,3.0616652895113,11.0219950422407,5.35895051188479,0,4295.7725830623,0,0,0,1.225
1.125,0.648191383208316,1,1,3.47183433881777,12.498603619744,5.36040681289878,0,4299.39972625903,0,0,0,1.225
1.375,0.716587795680981,1,1,3.83851548785996,13.8186557562958,5.36186308448734,0,4303.02751489693,0,0,0,1.225
1.625,0.778996673899245,1,1,4.17318784064966,15.0234762263388,5.36331932673431,0,4306.65594902958,0,0,0,1.225
1.875,0.836758789539419,1,1,4.48302581633885,16.1388929388198,5.36477553972328,0,4310.2850287104,0,0,0,1.225
2.125,0.890778536642439,1,1,4.77286834993129,17.1823260597526,5.36623172353768,0,4313.9147539927,0,0,0,1.225
2.375,0.941700157170892,1,1,5.04616212444917,18.166183648017,5.3676878782607,0,4317.54512492965,0,0,0,1.225
2.625,0.990001823883274,1,1,5.30546512162547,19.0996744378517,5.36914400397532,0,4321.1761415743,0,0,0,1.225
2.875,1.03605003085643,1,1,5.55273771962708,19.9898557906575,5.37060010076435,0,4324.80780397958,0,0,0,1.225
3.125,1.08013302117046,1,1,5.78952159079988,20.8422777268796,5.37205616871033,0,4328.44011219826,0,0,0,1.225
3.375,1.12248235450642,1,1,6.01705512227447,21.6613984401881,5.37351220789566,0,4332.07306628303,0,0,0,1.225
3.625,1.1632873849969,1,1,6.2363508922337,22.4508632120413,5.37496821840247,0,4335.70666628639,0,0,0,1.225
3.875,1.20270530541228,1,1,6.44824941792288,23.2136979045224,5.37642420031271,0,4339.34091226076,0,0,0,1.225
4.125,1.24086831221668,1,1,6.65345749548669,23.9524469837521,5.37788015370818,0,4342.97580425844,0,0,0,1.225
4.375,1.27788884020812,1,1,6.85257620915978,24.6692743529752,5.37933607867041,0,4346.6113423316,0,0,0,1.225
4.625,1.31386346674792,1,1,7.04612182096155,25.3660385554616,5.38079197528069,0,4350.24752653222,0,0,0,1.225
4.875,1.34887587689913,1,1,7.23454163513872,26.0443498864994,5.38224784362022,0,4353.88435691225,0,0,0,1.225
5.125,1.38299915162974,1,1,7.41822624030861,26.705614465111,5.38370368376992,0,4357.52183352346,0,0,0,1.225
5.375,1.41629755890015,1,1,7.59751909160473,27.351068729777,5.3851594958105,0,4361.15995641748,0,0,0,1.225
5.625,1.44882797358972,1,1,7.77272410684996,27.9818067846599,5.38661527982249,0,4364.79872564585,0,0,0,1.225
5.875,1.48064101615294,1,1,7.94411175778222,28.598802328016,5.38807103588623,0,4368.43814125998,0,0,0,1.225
6.125,1.51178197524709,1,1,8.11192400544567,29.2029264196044,5.38952676408184,0,4372.07820331115,0,0,0,1.225
6.375,1.54229156240857,1,1,8.27637833700638,29.794962013223,5.39098246448933,0,4375.71891185058,0,0,0,1.225
6.625,1.57220653469957,1,1,8.43767109620232,30.3756159463283,5.39243813718835,0,4379.36026692924,0,0,0,1.225
6.875,1.60156021250516,1,1,8.59598025285945,30.945528910294,5.39389378225832,0,4383.00226859796,0,0,0,1.225
7.125,1.63038291328562,1,1,8.75146772279136,31.5052838020489,5.39534939977878,0,4386.64491690771,0,0,0,1.225
7.375,1.65870231737918,1,1,8.90428132419797,32.0554127671127,5.39680498982878,0,4390.28821190907,0,0,0,1.225
7.625,1.68654377842967,1,1,9.05455643784055,32.596403176226,5.39826055248716,0,4393.93215365253,0,0,0,1.225
7.875,1.71393058835254,1,1,9.20241742403157,33.1287027265136,5.39971608783276,0,4397.57674218858,0,0,0,1.225
8.125,1.7408842047213,1,1,9.34797883860806,33.652723818989,5.40117159594411,0,4401.22197756752,0,0,0,1.225
8.375,1.76742444689029,1,1,9.49134648167871,34.1688473340434,5.40262707689945,0,4404.86785983947,0,0,0,1.225
8.625,1.79356966595255,1,1,9.63261830642085,34.6774259031151,5.40408253077709,0,4408.51438905459,0,0,0,1.225
8.875,1.81933689267669,1,1,9.77188521009646,35.1787867563473,5.40553795765487,0,4412.16156526276,0,0,0,1.225
9.125,1.84474196681301,1,1,9.90923172542243,35.6732342115207,5.4069933576105,0,4415.80938851374,0,0,0,1.225
9.375,1.8697996505586,1,1,10.0447366272193,36.1610518579896,5.40844873072163,0,4419.4578588573,0,0,0,1.225
9.625,1.89452372849092,1,1,10.1784734666918,36.6425044800903,5.40990407706562,0,4423.10697634303,0,0,0,1.225
9.875,1.91892709589138,1,1,10.3105110436193,37.1178397570293,5.41135939671969,0,4426.75674102042,0,0,0,1.225
10.125,1.94302183706612,1,1,10.4409138250545,37.5872897701963,5.41281468976064,0,4430.40715293867,0,0,0,1.225
10.375,1.96681929501488,1,1,10.5697423177541,38.0510723439146,5.41426995626546,0,4434.05821214716,0,0,0,1.225
10.625,1.99033013358799,1,1,10.69705340044,38.509392241584,5.4157251963106,0,4437.70991869488,0,0,0,1.225
10.875,2.01356439309853,1,1,10.8229006210644,38.9624422358318,5.41718040997247,0,4441.36227263082,0,0,0,1.225
11.125,2.03653154021274,1,1,10.9473344634784,39.4104040685221,5.41863559732741,0,4445.01527400395,0,0,0,1.225
11.375,2.05924051282204,1,1,11.0704025872687,39.8534493141673,5.42009075845124,0,4448.66892286285,0,0,0,1.225
11.625,2.08169976050039,1,1,11.1921500439895,40.2917401583621,5.42154589342002,0,4452.32321925635,0,0,0,1.225
11.875,2.10391728106632,1,1,11.3126194725672,40.7254301012418,5.42300100230921,0,4455.97816323282,0,0,0,1.225
12.125,2.12590065369869,1,1,11.4318512762799,41.1546645946075,5.42445608519438,0,4459.63375484074,0,0,0,1.225
12.375,2.14765706899481,1,1,11.5498837833901,41.5795816202044,5.42591114215065,0,4463.28999412829,0,0,0,1.225
12.625,2.16919335630938,1,1,11.6667533932396,42.0003122156627,5.42736617325335,0,4466.94688114383,0,0,0,1.225
12.875,2.19051600866874,1,1,11.7824947093825,42.416980953777,5.4288211785771,0,4470.6044159352,0,0,0,1.225
13.125,2.21163120551834,1,1,11.8971406611345,42.8297063800842,5.43027615819659,0,4474.26259855034,0,0,0,1.225
13.375,2.23254483352939,1,1,12.0107226147479,43.2386014130923,5.43173111218664,0,4477.92142903729,0,0,0,1.225
13.625,2.2532625056633,1,1,12.1232704752727,43.6437737109815,5.43318604062119,0,4481.58090744347,0,0,0,1.225
13.875,2.27378957866892,1,1,12.2348127800415,44.0453260081494,5.43464094357472,0,4485.24103381673,0,0,0,1.225
14.125,2.29413116916741,1,1,12.345376784604,44.4433564245746,5.43609582112094,0,4488.90180820435,0,0,0,1.225
14.375,2.31429216846136,1,1,12.4549885418436,44.8379587506368,5.43755067333376,0,4492.56323065379,0,0,0,1.225
14.625,2.33427725618997,1,1,12.5636729749249,45.2292227097298,5.43900550028673,0,4496.22530121229,0,0,0,1.225
14.875,2.35409091293815,1,1,12.6714539446523,45.6172342007483,5.44046030205317,0,4499.88801992692,0,0,0,1.225
15.125,2.37373743189589,1,1,12.7783543117506,46.002075522302,5.44191507870636,0,4503.55138684474,0,0,0,1.225
15.375,2.39322092965394,1,1,12.8843959945312,46.3838255803122,5.44336983031945,0,4507.21540201276,0,0,0,1.225
15.625,2.41254535621271,1,1,12.9896000223529,46.7625600804706,5.44482455696499,0,4510.88006547752,0,0,0,1.225
15.875,2.43171450427338,1,1,13.0939865852471,47.1383517068897,5.44627925871595,0,4514.54537728595,0,0,0,1.225
16.125,2.45073201787305,1,1,13.1975750800373,47.5112702881344,5.44773393564475,0,4518.21133748457,0,0,0,1.225
16.375,2.46960140041987,1,1,13.3003841532525,47.8813829517089,5.44918858782347,0,4521.87794611966,0,0,0,1.225
16.625,2.48832602217812,1,1,13.4024317411012,48.2487542679642,5.45064321532459,0,4525.54520323784,0,0,0,1.225
16.875,2.50690912724868,1,1,13.5037351067496,48.6134463842986,5.45209781821978,0,4529.21310888514,0,0,0,1.225
17.125,2.52535384008592,1,1,13.604310875122,48.9755191504392,5.4535523965809,0,4532.88166310774,0,0,0,1.225
17.375,2.5436631715879,1,1,13.7041750654218,49.3350302355183,5.45500695047946,0,4536.55086595162,0,0,0,1.225
17.625,2.56184002479379,1,1,13.8033431215537,49.6920352375934,5.45646147998696,0,4540.22071746274,0,0,0,1.225
17.875,2.57988720021879,1,1,13.9018299406098,50.0465877861952,5.45791598517468,0,4543.89121768695,0,0,0,1.225
18.125,2.59780740085454,1,1,13.9996498995674,50.3987396384425,5.45937046611346,0,4547.56236666975,0,0,0,1.225
18.375,2.61560323686019,1,1,14.0968168803352,50.7485407692067,5.46082492287434,0,4551.23416445686,0,0,0,1.225
18.625,2.63327722996725,1,1,14.1933442932701,51.0960394557725,5.46227935552804,0,4554.90661109377,0,0,0,1.225
18.875,2.65083181761929,1,1,14.2892450992774,51.4412823573985,5.46373376414482,0,4558.57970662562,0,0,0,1.225
19.125,2.66826935686571,1,1,14.384531830597,51.7843145901491,5.46518814879533,0,4562.25345109791,0,0,0,1.225
19.375,2.68559212802718,1,1,14.479216610371,52.1251797973356,5.46664250954956,0,4565.92784455562,0,0,0,1.225
19.625,2.70280233814905,1,1,14.5733111710774,52.4639202158788,5.46809684647747,0,4569.60288704379,0,0,0,1.225
19.875,2.71990212425731,1,1,14.66682687191,52.8005767388761,5.46955115964903,0,4573.27857860745,0,0,0,1.225
20.125,2.7368935564309,1,1,14.759774715177,53.1351889746371,5.47100544913371,0,4576.95491929127,0,0,0,1.225
20.375,2.75377864070283,1,1,14.8521653617852,53.4677953024266,5.47245971500104,0,4580.63190914002,0,0,0,1.225
20.625,2.77055932180156,1,1,14.9440091458715,53.7984329251375,5.47391395732029,0,4584.30954819828,0,0,0,1.225
20.875,2.78723748574339,1,1,15.0353160886382,54.1271379190974,5.4753681761606,0,4587.98783651057,0,0,0,1.225
21.125,2.80381496228548,1,1,15.1260959114439,54.453945281198,5.47682237159086,0,4591.66677412121,0,0,0,1.225
21.375,2.8202935272487,1,1,15.2163580481999,54.7788889735196,5.47827654367995,0,4595.34636107459,0,0,0,1.225
21.625,2.83667490471855,1,1,15.3061116571147,55.1020019656128,5.47973069249633,0,4599.02659741475,0,0,0,1.225
21.875,2.85296076913195,1,1,15.3953656318294,55.4233162745857,5.48118481810849,0,4602.70748318581,0,0,0,1.225
22.125,2.86915274725702,1,1,15.4841286119816,55.7428630031336,5.48263892058463,0,4606.38901843171,0,0,0,1.225
22.375,2.88525242007245,1,1,15.5724089932332,56.0606723756395,5.48409299999292,0,4610.07120319635,0,0,0,1.225
22.625,2.90126132455269,1,1,15.6602149367954,56.3767737724634,5.48554705640123,0,4613.75403752345,0,0,0,1.225
22.875,2.91718095536462,1,1,15.7475543784804,56.6911957625296,5.48700108987737,0,4617.43752145671,0,0,0,1.225
23.125,2.933012766481,1,1,15.83443503731,57.003966134316,5.48845510048864,0,4621.12165503945,0,0,0,1.225
23.375,2.94875817271567,1,1,15.9208644237048,57.3151119253371,5.48990908830274,0,4624.80643831534,0,0,0,1.225
23.625,2.96441855118503,1,1,16.0068498472813,57.6246594502128,5.49136305338675,0,4628.49187132759,0,0,0,1.225
23.875,2.97999524270015,1,1,16.0923984242781,57.9326343274012,5.49281699580786,0,4632.17795411953,0,0,0,1.225
24.125,2.99548955309349,1,1,16.1775170846323,58.2390615046762,5.49427091563268,0,4635.86468673405,0,0,0,1.225
24.375,3.01090275448382,1,1,16.2622125787271,58.5439652834175,5.4957248129283,0,4639.55206921445,0,0,0,1.225
24.625,3.02623608648304,1,1,16.3464914838286,58.8473693417831,5.49717868776111,0,4643.24010160351,0,0,0,1.225
24.875,3.04149075734791,1,1,16.4303602102288,59.1492967568239,5.49863254019738,0,4646.92878394395,0,0,0,1.225
25.125,3.05666794507991,1,1,16.5138250071114,59.4497700256009,5.50008637030362,0,4650.6181162787,0,0,0,1.225
25.375,3.07176879847591,1,1,16.596891968155,59.7488110853581,5.50154017814566,0,4654.30809865018,0,0,0,1.225
25.625,3.08679443813244,1,1,16.6795670368896,60.0464413328024,5.50299396378944,0,4657.99873110092,0,0,0,1.225
25.875,3.10174595740595,1,1,16.7618560118164,60.342681642539,5.50444772730066,0,4661.69001367332,0,0,0,1.225
26.125,3.11662442333143,1,1,16.8437645513073,60.6375523847063,5.50590146874504,0,4665.38194640979,0,0,0,1.225
26.375,3.13143087750159,1,1,16.9252981782925,60.9310734418528,5.50735518818772,0,4669.07452935232,0,0,0,1.225
26.625,3.1461663369086,1,1,17.0064622847487,61.2232642250954,5.50880888569429,0,4672.76776254331,0,0,0,1.225
26.875,3.1608317947504,1,1,17.0872621359987,61.5141436895955,5.51026256132945,0,4676.46164602442,0,0,0,1.225
27.125,3.1754282212033,1,1,17.1677028748303,61.8037303493892,5.51171621515812,0,4680.15617983758,0,0,0,1.225
27.375,3.18995656416263,1,1,17.2477895254453,62.0920422916029,5.51316984724554,0,4683.85136402497,0,0,0,1.225
27.625,3.20441774995303,1,1,17.3275269972459,62.3790971900851,5.51462345765572,0,4687.54719862783,0,0,0,1.225
27.875,3.21881268400991,1,1,17.406920088468,62.6649123184849,5.51607704645335,0,4691.24368368798,0,0,0,1.225
28.125,3.23314225153339,1,1,17.4859734896674,62.9495045628026,5.51753061370255,0,4694.94081924678,0,0,0,1.225
28.375,3.24740731811625,1,1,17.5646917870666,63.2328904334396,5.51898415946755,0,4698.63860534574,0,0,0,1.225
28.625,3.26160873034698,1,1,17.6430794657697,63.5150860767708,5.52043768381213,0,4702.33704202604,0,0,0,1.225
28.875,3.27574731638918,1,1,17.7211409128508,63.7961072862631,5.5218911868003,0,4706.03612932904,0,0,0,1.225
29.125,3.2898238865385,1,1,17.7988804203225,64.0759695131611,5.52334466849572,0,4709.73586729589,0,0,0,1.225
29.375,3.30383923375803,1,1,17.8763021879891,64.3546878767608,5.52479812896138,0,4713.43625596721,0,0,0,1.225
29.625,3.31779413419332,1,1,17.9534103261918,64.6322771742905,5.52625156826093,0,4717.13729538418,0,0,0,1.225
29.875,3.33168934766781,1,1,18.0302088584489,64.9087518904161,5.52770498645748,0,4720.83898558758,0,0,0,1.225
30.125,3.34552561815971,1,1,18.1067017239973,65.1841262063904,5.529158383614,0,4724.54132661811,0,0,0,1.225
30.375,3.35930367426108,1,1,18.1828927802388,65.4584140088596,5.53061175979303,0,4728.24431851615,0,0,0,1.225
30.625,3.37302422961994,1,1,18.2587858050959,65.7316288983453,5.53206511505755,0,4731.94796132246,0,0,0,1.225
30.875,3.38668798336619,1,1,18.3343844992818,66.0037841974144,5.53351844947019,0,4735.65225507755,0,0,0,1.225
31.125,3.40029562052205,1,1,18.4096924884867,66.2748929585522,5.5349717630927,0,4739.35719982125,0,0,0,1.225
31.375,3.41384781239769,1,1,18.4847133254864,66.5449679717511,5.53642505598782,0,4743.06279559423,0,0,0,1.225
31.625,3.42734521697268,1,1,18.5594504921742,66.8140217718272,5.5378783282174,0,4746.76904243646,0,0,0,1.225
31.875,3.44078847926396,1,1,18.6339074015216,67.0820666454777,5.53933157984341,0,4750.47594038802,0,0,0,1.225
32.125,3.45417823168078,1,1,18.7080873994691,67.3491146380887,5.54078481092733,0,4754.18348948867,0,0,0,1.225
32.375,3.46751509436733,1,1,18.7819937667514,67.615177560305,5.54223802153092,0,4757.89168977836,0,0,0,1.225
32.625,3.48079967553335,1,1,18.855629720659,67.8802669943725,5.54369121171533,0,4761.60054129665,0,0,0,1.225
32.875,3.49403257177353,1,1,18.9289984167392,68.1443943002611,5.54514438154229,0,4765.31004408354,0,0,0,1.225
33.125,3.50721436837586,1,1,19.0021029504386,68.407570621579,5.54659753107251,0,4769.02019817827,0,0,0,1.225
33.375,3.52034563961964,1,1,19.0749463586907,68.6698068912866,5.54805066036715,0,4772.73100362046,0,0,0,1.225
33.625,3.53342694906337,1,1,19.1475316214491,68.9311138372166,5.54950376948682,0,4776.4424604493,0,0,0,1.225
33.875,3.54645884982309,1,1,19.2198616631699,69.1915019874115,5.55095685849199,0,4780.15456870393,0,0,0,1.225
34.125,3.55944188484153,1,1,19.2919393542451,69.4509816752823,5.55240992744359,0,4783.86732842385,0,0,0,1.225
34.375,3.57237658714826,1,1,19.3637675123885,69.7095630445985,5.55386297640189,0,4787.58073964809,0,0,0,1.225
34.625,3.58526348011152,1,1,19.4353489039762,69.9672560543143,5.55531600542668,0,4791.29480241531,0,0,0,1.225
34.875,3.59810307768177,1,1,19.5066862453439,70.2240704832381,5.55676901457832,0,4795.00951676466,0,0,0,1.225
35.125,3.61089588462745,1,1,19.5777822040423,70.4800159345521,5.5582220039164,0,4798.72488273468,0,0,0,1.225
35.375,3.62364239676317,1,1,19.6486394000518,70.7351018401865,5.55967497350116,0,4802.44090036449,0,0,0,1.225
35.625,3.63634310117067,1,1,19.7192604069598,70.9893374650552,5.56112792339161,0,4806.15756969223,0,0,0,1.225
35.875,3.64899847641286,1,1,19.7896477530994,71.2427319111577,5.56258085364755,0,4809.87489075671,0,0,0,1.225
36.125,3.66160899274108,1,1,19.8598039226535,71.4952941215527,5.56403376432797,0,4813.59286359612,0,0,0,1.225
36.375,3.67417511229601,1,1,19.9297313567243,71.7470328842075,5.56548665549235,0,4817.31148824905,0,0,0,1.225
36.625,3.68669728930226,1,1,19.9994324543691,71.9979568357288,5.56693952719934,0,4821.03076475347,0,0,0,1.225
36.875,3.69917597025716,1,1,20.0689095736054,72.2480744649794,5.56839237950783,0,4824.75069314759,0,0,0,1.225
37.125,3.7116115941136,1,1,20.1381650323843,72.4973941165835,5.56984521247671,0,4828.4712734696,0,0,0,1.225
37.375,3.72400459245756,1,1,20.2072011095353,72.7459239943272,5.5712980261643,0,4832.1925057573,0,0,0,1.225
37.625,3.73635538968009,1,1,20.2760200456821,72.9936721644557,5.5727508206287,0,4835.91439004831,0,0,0,1.225
37.875,3.74866440314434,1,1,20.3446240441313,73.2406465588725,5.57420359592891,0,4839.63692638103,0,0,0,1.225
38.125,3.76093204334753,1,1,20.4130152717343,73.4868549782434,5.57565635212245,0,4843.36011479269,0,0,0,1.225
38.375,3.77315871407815,1,1,20.4811958597247,73.7323050950089,5.57710908926731,0,4847.08395532089,0,0,0,1.225
38.625,3.78534481256866,1,1,20.5491679045303,73.9770044563089,5.57856180742135,0,4850.80844800321,0,0,0,1.225
38.875,3.79749072964361,1,1,20.6169334685615,74.2209604868215,5.58001450664233,0,4854.53359287713,0,0,0,1.225
39.125,3.80959684986361,1,1,20.6844945809778,74.46418049152,5.58146718698754,0,4858.2593899798,0,0,0,1.225
39.375,3.82166355166508,1,1,20.7518532384309,74.7066716583512,5.58291984851439,0,4861.9858393485,0,0,0,1.225
39.625,3.83369120749605,1,1,20.8190114057878,74.9484410608362,5.58437249128019,0,4865.71294102044,0,0,0,1.225
39.875,3.84568018394811,1,1,20.8859710168328,75.189495660598,5.58582511534178,0,4869.44069503248,0,0,0,1.225
40.125,3.85763084188465,1,1,20.9527339749495,75.4298423098183,5.58727772075645,0,4873.16910142188,0,0,0,1.225
40.375,3.86954353656549,1,1,21.0193021537845,75.669487753624,5.58873030758048,0,4876.89816022511,0,0,0,1.225
40.625,3.88141861776808,1,1,21.0856773978915,75.9084386324093,5.59018287587094,0,4880.6278714793,0,0,0,1.225
40.875,3.89325642990529,1,1,21.1518615233586,76.1467014840911,5.59163542568433,0,4884.35823522116,0,0,0,1.225
41.125,3.90505731214003,1,1,21.217856318418,76.3842827463047,5.59308795707659,0,4888.08925148694,0,0,0,1.225
41.375,3.91682159849672,1,1,21.2836635440383,76.6211887585379,5.59454047010445,0,4891.8209203136,0,0,0,1.225
41.625,3.92854961796969,1,1,21.3492849345021,76.8574257642074,5.59599296482327,0,4895.55324173699,0,0,0,1.225
41.875,3.94024169462871,1,1,21.4147221979666,77.0929999126799,5.59744544128966,0,4899.28621579401,0,0,0,1.225
42.125,3.95189814772171,1,1,21.4799770170105,77.3279172612376,5.59889789955901,0,4903.01984252058,0,0,0,1.225
42.375,3.96351929177464,1,1,21.5450510491646,77.5621837769926,5.600350339687,0,4906.75412195293,0,0,0,1.225
42.625,3.97510543668884,1,1,21.6099459274303,77.7958053387492,5.60180276172946,0,4910.48905412738,0,0,0,1.225
42.875,3.98665688783575,1,1,21.6746632607829,78.0287877388183,5.60325516574107,0,4914.22463907939,0,0,0,1.225
43.125,3.99817394614915,1,1,21.739204634662,78.2611366847833,5.60470755177755,0,4917.96087684525,0,0,0,1.225
43.375,4.00965690821502,1,1,21.80357161145,78.49285780122,5.60615991989368,0,4921.69776746056,0,0,0,1.225
43.625,4.02110606635906,1,1,21.8677657309369,78.7239566313728,5.60761227014484,0,4925.43531096138,0,0,0,1.225
43.875,4.03252170873196,1,1,21.931788510774,78.9544386387866,5.60906460258514,0,4929.17350738282,0,0,0,1.225
44.125,4.04390411939249,1,1,21.9956414469159,79.1843092088972,5.61051691726982,0,4932.91235676091,0,0,0,1.225
44.375,4.05525357838847,1,1,22.0593260140505,79.4135736505818,5.61196921425312,0,4936.65185913089,0,0,0,1.225
44.625,4.0665703618357,1,1,22.1228436660192,79.6422371976691,5.61342149358973,0,4940.39201452838,0,0,0,1.225
44.875,4.07785474199489,1,1,22.1861958362256,79.8703050104123,5.61487375533341,0,4944.13282298831,0,0,0,1.225
45.125,4.08910698734666,1,1,22.2493839380346,80.0977821769247,5.61632599953839,0,4947.87428454599,0,0,0,1.225
45.375,4.10032736266472,1,1,22.312409365161,80.3246737145795,5.61777822625868,0,4951.61639923659,0,0,0,1.225
45.625,4.11151612908717,1,1,22.3752734920487,80.5509845713752,5.61923043554839,0,4955.35916709536,0,0,0,1.225
45.875,4.12267354418611,1,1,22.4379776742408,80.7767196272668,5.6206826274605,0,4959.10258815671,0,0,0,1.225
46.125,4.13379986203547,1,1,22.5005232487403,81.0018836954653,5.62213480204935,0,4962.84666245613,0,0,0,1.225
46.375,4.14489533327729,1,1,22.5629115343623,81.2264815237043,5.6235869593678,0,4966.59139002797,0,0,0,1.225
46.625,4.1559602051863,1,1,22.6251438320769,81.4505177954769,5.6250390994694,0,4970.33677090714,0,0,0,1.225
46.875,4.16699472173299,1,1,22.6872214253451,81.6739971312423,5.62649122240737,0,4974.08280512832,0,0,0,1.225
47.125,4.17799912364518,1,1,22.7491455804454,81.8969240896034,5.62794332823432,0,4977.82949272573,0,0,0,1.225
47.375,4.18897364846807,1,1,22.8109175467934,82.1193031684563,5.62939541700348,0,4981.5768337341,0,0,0,1.225
47.625,4.19991853062294,1,1,22.8725385572535,82.3411388061128,5.63084748876736,0,4985.32482818763,0,0,0,1.225
47.875,4.21083400146441,1,1,22.9340098284434,82.5624353823961,5.63229954357871,0,4989.0734761207,0,0,0,1.225
48.125,4.22172028933635,1,1,22.9953325610308,82.7831972197109,5.63375158148961,0,4992.8227775672,0,0,0,1.225
48.375,4.23257761962655,1,1,23.0565079400245,83.0034285840883,5.63520360255302,0,4996.57273256177,0,0,0,1.225
48.625,4.24340621482006,1,1,23.1175371350574,83.2231336862066,5.63665560682102,0,5000.32334113833,0,0,0,1.225
48.875,4.25420629455131,1,1,23.1784213006635,83.4423166823885,5.63810759434523,0,5004.07460333046,0,0,0,1.225
49.125,4.26497807565506,1,1,23.2391615765485,83.6609816755748,5.63955956517771,0,5007.82651917214,0,0,0,1.225
49.375,4.27572177221614,1,1,23.2997590878547,83.8791327162769,5.64101151937029,0,5011.5790886972,0,0,0,1.225
49.625,4.28643759561811,1,1,23.3602149454185,84.0967738035066,5.64246345697461,0,5015.33231193928,0,0,0,1.225
49.875,4.29712575459077,1,1,23.4205302460236,84.3139088856851,5.64391537804295,0,5019.08618893262,0,0,0,1.225
50.125,4.30778645525664,1,1,23.4807060726477,84.5305418615317,5.64536728262533,0,5022.84071970964,0,0,0,1.225
50.375,4.31841990117636,1,1,23.5407434947035,84.7466765809326,5.64681917077428,0,5026.59590430482,0,0,0,1.225
50.625,4.32902629339312,1,1,23.6006435682749,84.9623168457895,5.64827104254005,0,5030.3517427508,0,0,0,1.225
50.875,4.33960583047609,1,1,23.6604073363474,85.1774664108506,5.64972289797379,0,5034.10823508101,0,0,0,1.225
51.125,4.35015870856284,1,1,23.720035829034,85.3921289845224,5.65117473712712,0,5037.86538132924,0,0,0,1.225
51.375,4.36068512140092,1,1,23.7795300637954,85.6063082296636,5.65262656004984,0,5041.62318152786,0,0,0,1.225
51.625,4.37118526038846,1,1,23.8388910456561,85.8200077643619,5.65407836679287,0,5045.38163571017,0,0,0,1.225
51.875,4.38165931461392,1,1,23.898119767415,86.033231162694,5.65553015740716,0,5049.1407439095,0,0,0,1.225
52.125,4.39210747089496,1,1,23.9572172098524,86.2459819554688,5.65698193194271,0,5052.90050615846,0,0,0,1.225
52.375,4.40252991381649,1,1,24.0161843419317,86.4582636309543,5.6584336904491,0,5056.66092248934,0,0,0,1.225
52.625,4.41292682576789,1,1,24.0750221209972,86.6700796355899,5.65988543297772,0,5060.4219929359,0,0,0,1.225
52.875,4.42329838697945,1,1,24.1337314929673,86.8814333746824,5.66133715957767,0,5064.18371753009,0,0,0,1.225
53.125,4.43364477555802,1,1,24.1923133925243,87.0923282130876,5.66278887029875,0,5067.94609630444,0,0,0,1.225
53.375,4.4439661675219,1,1,24.2507687432993,87.3027674758776,5.66424056519077,0,5071.70912929152,0,0,0,1.225
53.625,4.45426273683506,1,1,24.3090984580539,87.512754448994,5.66569224430395,0,5075.47281652425,0,0,0,1.225
53.875,4.46453465544053,1,1,24.3673034388575,87.722292379887,5.66714390768698,0,5079.23715803433,0,0,0,1.225
54.125,4.47478209329319,1,1,24.4253845772615,87.9313844781415,5.6685955553894,0,5083.00215385419,0,0,0,1.225
54.375,4.48500521839185,1,1,24.4833427544696,88.1400339160904,5.67004718746011,0,5086.76780401576,0,0,0,1.225
54.625,4.49520419681064,1,1,24.5411788415041,88.3482438294149,5.67149880394913,0,5090.53410855188,0,0,0,1.225
54.875,4.50537919272981,1,1,24.59889369937,88.5560173177319,5.67295040490444,0,5094.30106749378,0,0,0,1.225
55.125,4.51553036846585,1,1,24.6564881792141,88.7633574451707,5.67440199037537,0,5098.06868087382,0,0,0,1.225
55.375,4.525657884501,1,1,24.7139631224824,88.9702672409366,5.67585356041013,0,5101.83694872345,0,0,0,1.225
55.625,4.53576189951221,1,1,24.7713193610733,89.176749699864,5.67730511505806,0,5105.60587107506,0,0,0,1.225
55.875,4.54584257039944,1,1,24.8285577174882,89.3828077829575,5.67875665436668,0,5109.37544795962,0,0,0,1.225
56.125,4.55590005231348,1,1,24.8856790049786,89.5884444179228,5.68020817838533,0,5113.14567940956,0,0,0,1.225
56.375,4.56593449868312,1,1,24.9426840276907,89.7936624996866,5.6816596871613,0,5116.91656545571,0,0,0,1.225
56.625,4.57594606124184,1,1,24.9995735808072,89.9984648909059,5.68311118074325,0,5120.68810612999,0,0,0,1.225
56.875,4.58593489005397,1,1,25.0563484506856,90.2028544224681,5.68456265917871,0,5124.46030146346,0,0,0,1.225
57.125,4.5959011335403,1,1,25.1130094149944,90.4068338939799,5.68601412251587,0,5128.23315148774,0,0,0,1.225
57.375,4.6058449385032,1,1,25.1695572428465,90.6104060742474,5.68746557080203,0,5132.00665623373,0,0,0,1.225
57.625,4.61576645015127,1,1,25.2259926949297,90.8135737017471,5.68891700408517,0,5135.78081573291,0,0,0,1.225
57.875,4.62566581212347,1,1,25.2823165236351,91.0163394850864,5.69036842241235,0,5139.55563001605,0,0,0,1.225
58.125,4.63554316651285,1,1,25.3385294731824,91.2187061034567,5.69181982583109,0,5143.33109911431,0,0,0,1.225
58.375,4.6453986538897,1,1,25.3946322797435,91.4206762070765,5.69327121438869,0,5147.10722305869,0,0,0,1.225
58.625,4.65523241332439,1,1,25.450625671563,91.6222524176266,5.69472258813198,0,5150.88400187984,0,0,0,1.225
58.875,4.66504458240969,1,1,25.5065103690769,91.823437328677,5.69617394710849,0,5154.66143560899,0,0,0,1.225
59.125,4.6748352972827,1,1,25.5622870850291,92.0242335061049,5.69762529136437,0,5158.43952427628,0,0,0,1.225
59.375,4.68460469264633,1,1,25.617956524585,92.2246434885059,5.6990766209467,0,5162.21826791262,0,0,0,1.225
59.625,4.6943529017904,1,1,25.6735193854434,92.4246697875962,5.70052793590185,0,5165.99766654839,0,0,0,1.225
59.875,4.70408005661233,1,1,25.7289763579467,92.6243148886083,5.70197923627666,0,5169.77772021435,0,0,0,1.225
60.125,4.71378628763747,1,1,25.7843281251884,92.8235812506782,5.70343052211729,0,5173.55842894074,0,0,0,1.225
60.375,4.72347172403901,1,1,25.8395753631184,93.0224713072264,5.70488179346967,0,5177.33979275763,0,0,0,1.225
60.625,4.73313649365753,1,1,25.8947187406475,93.2209874663309,5.70633305038041,0,5181.12181169567,0,0,0,1.225
60.875,4.74278072302021,1,1,25.9497589197483,93.4191321110941,5.70778429289544,0,5184.90448578497,0,0,0,1.225
61.125,4.75240453735968,1,1,26.004696555556,93.6169076000017,5.70923552106024,0,5188.68781505533,0,0,0,1.225
61.375,4.76200806063247,1,1,26.0595322964658,93.8143162672768,5.71068673492096,0,5192.47179953708,0,0,0,1.225
61.625,4.77159141553723,1,1,26.1142667842293,94.0113604232257,5.7121379345233,0,5196.25643926021,0,0,0,1.225
61.875,4.78115472353249,1,1,26.1689006540495,94.2080423545782,5.71358911991206,0,5200.04173425404,0,0,0,1.225
62.125,4.79069810485422,1,1,26.2234345346729,94.4043643248224,5.71504029113362,0,5203.82768454913,0,0,0,1.225
62.375,4.80022167853297,1,1,26.277869048481,94.6003285745316,5.71649144823255,0,5207.61429017466,0,0,0,1.225
62.625,4.80972556241076,1,1,26.3322048115798,94.7959373216874,5.71794259125431,0,5211.40155116052,0,0,0,1.225
62.875,4.81920987315768,1,1,26.3864424338876,94.9911927619952,5.71939372024394,0,5215.18946753627,0,0,0,1.225
63.125,4.82867472628811,1,1,26.440582519221,95.1860970691956,5.72084483524623,0,5218.97803933131,0,0,0,1.225
63.375,4.83812023617677,1,1,26.4946256653802,95.3806523953687,5.72229593630595,0,5222.76726657506,0,0,0,1.225
63.625,4.84754651607438,1,1,26.5485724642318,95.5748608712344,5.72374702346815,0,5226.55714929714,0,0,0,1.225
63.875,4.8569536781231,1,1,26.6024235017907,95.7687246064466,5.72519809677715,0,5230.34768752665,0,0,0,1.225
64.125,4.86634183337168,1,1,26.6561793583006,95.9622456898822,5.72664915627729,0,5234.13888129269,0,0,0,1.225
64.375,4.87571109179037,1,1,26.7098406083126,96.1554261899253,5.72810020201291,0,5237.93073062442,0,0,0,1.225
64.625,4.88506156228553,1,1,26.7634078207629,96.3482681547465,5.7295512340288,0,5241.72323555135,0,0,0,1.225
64.875,4.89439335271401,1,1,26.8168815590492,96.5407736125772,5.7310022523684,0,5245.51639610194,0,0,0,1.225
65.125,4.90370656989727,1,1,26.8702623811051,96.7329445719785,5.73245325707603,0,5249.31021230537,0,0,0,1.225
65.375,4.91300131963528,1,1,26.9235508394742,96.9247830221072,5.73390424819559,0,5253.1046841905,0,0,0,1.225
65.625,4.92227770672016,1,1,26.9767474813819,97.1162909329748,5.73535522577072,0,5256.89981178604,0,0,0,1.225
65.875,4.93153583494957,1,1,27.0298528488068,97.3074702557044,5.73680618984508,0,5260.69559512068,0,0,0,1.225
66.125,4.94077580713993,1,1,27.0828674785504,97.4983229227816,5.73825714046211,0,5264.49203422298,0,0,0,1.225
66.375,4.94999772513934,1,1,27.135791902306,97.6888508483017,5.73970807766545,0,5268.28912912169,0,0,0,1.225
66.625,4.95920168984035,1,1,27.1886266467258,97.8790559282128,5.74115900149854,0,5272.08687984541,0,0,0,1.225
66.875,4.96838780119245,1,1,27.2413722334875,98.068940040555,5.7426099120039,0,5275.88528642202,0,0,0,1.225
67.125,4.97755615821444,1,1,27.2940291793596,98.2585050456944,5.7440608092254,0,5279.6843488805,0,0,0,1.225
67.375,4.98670685900646,1,1,27.3465979962652,98.4477527865549,5.7455116932058,0,5283.48406724897,0,0,0,1.225
67.625,4.99584000076197,1,1,27.3990791913458,98.6366850888448,5.74696256398761,0,5287.28444155537,0,0,0,1.225
67.875,5.00495567977941,1,1,27.4514732670222,98.8253037612801,5.7484134216138,0,5291.08547182802,0,0,0,1.225
68.125,5.01405399147375,1,1,27.5037807210567,99.0136105958043,5.74986426612668,0,5294.88715809472,0,0,0,1.225
68.375,5.02313503038777,1,1,27.5560020466122,99.201607367804,5.75131509756943,0,5298.68950038402,0,0,0,1.225
68.625,5.03219889020325,1,1,27.6081377323116,99.3892958363216,5.75276591598436,0,5302.49249872376,0,0,0,1.225
68.875,5.04124566375187,1,1,27.6601882622956,99.5766777442641,5.75421672141306,0,5306.29615314125,0,0,0,1.225
69.125,5.05027544302606,1,1,27.7121541162801,99.7637548186085,5.75566751389852,0,5310.10046366491,0,0,0,1.225
69.375,5.05928831918953,1,1,27.7640357696122,99.950528770604,5.75711829348211,0,5313.90543032192,0,0,0,1.225
69.625,5.06828438258773,1,1,27.8158336933253,100.137001295971,5.75856906020636,0,5317.71105314037,0,0,0,1.225
69.875,5.07726372275813,1,1,27.8675483541934,100.323174075096,5.76001981411264,0,5321.51733214746,0,0,0,1.225
70.125,5.08622642844029,1,1,27.9191802147851,100.509048773226,5.76147055524325,0,5325.32426737116,0,0,0,1.225
70.375,5.09517258758582,1,1,27.9707297335155,100.694627040656,5.76292128363934,0,5329.13185883853,0,0,0,1.225
70.625,5.10410228736813,1,1,28.0221973646985,100.879910512915,5.76437199934253,0,5332.94010657702,0,0,0,1.225
70.875,5.11301561419208,1,1,28.0735835585974,101.064900810951,5.76582270239442,0,5336.74901061408,0,0,0,1.225
71.125,5.12191265370341,1,1,28.1248887614752,101.249599541311,5.76727339283593,0,5340.55857097667,0,0,0,1.225
71.375,5.13079349079811,1,1,28.1761134156441,101.434008296319,5.76872407070846,0,5344.3687876921,0,0,0,1.225
71.625,5.13965820963156,1,1,28.2272579595138,101.61812865425,5.7701747360536,0,5348.17966078789,0,0,0,1.225
71.875,5.14850689362757,1,1,28.2783228276391,101.801962179501,5.77162538891162,0,5351.9911902905,0,0,0,1.225
72.125,5.15733962548724,1,1,28.3293084507676,101.985510422763,5.77307602932365,0,5355.80337622713,0,0,0,1.225
72.375,5.16615648719778,1,1,28.3802152558855,102.168774921188,5.77452665732994,0,5359.61621862426,0,0,0,1.225
72.625,5.17495756004103,1,1,28.4310436662633,102.351757198548,5.77597727297211,0,5363.42971750948,0,0,0,1.225
72.875,5.18374292460202,1,1,28.4817941015008,102.534458765403,5.77742787629018,0,5367.24387290915,0,0,0,1.225
73.125,5.19251266077728,1,1,28.5324669775712,102.716881119256,5.77887846732438,0,5371.05868484981,0,0,0,1.225
73.375,5.20126684778306,1,1,28.5830627068645,102.899025744712,5.78032904611541,0,5374.87415335839,0,0,0,1.225
73.625,5.21000556416344,1,1,28.6335816982308,103.080894113631,5.78177961270308,0,5378.69027846109,0,0,0,1.225
73.875,5.2187288877983,1,1,28.6840243570217,103.262487685278,5.78323016712761,0,5382.50706018452,0,0,0,1.225
74.125,5.22743689591117,1,1,28.7343910851327,103.443807906478,5.78468070942949,0,5386.32449855549,0,0,0,1.225
74.375,5.23612966507695,1,1,28.7846822810435,103.624856211757,5.78613123964783,0,5390.14259359971,0,0,0,1.225
74.625,5.24480727122956,1,1,28.8348983398588,103.805634023492,5.78758175782309,0,5393.96134534403,0,0,0,1.225
74.875,5.25346978966937,1,1,28.8850396533473,103.98614275205,5.78903226399507,0,5397.78075381474,0,0,0,1.225
75.125,5.26211729507068,1,1,28.9351066099815,104.166383795933,5.79048275820219,0,5401.6008190371,0,0,0,1.225
75.375,5.27074986148893,1,1,28.9850995949758,104.346358541913,5.79193324048538,0,5405.42154103835,0,0,0,1.225
75.625,5.27936756236789,1,1,29.0350189903245,104.526068365168,5.79338371088284,0,5409.24291984358,0,0,0,1.225
75.875,5.28797047054672,1,1,29.0848651748394,104.705514629422,5.79483416943435,0,5413.06495547918,0,0,0,1.225
76.125,5.29655865826694,1,1,29.1346385241861,104.88469868707,5.79628461617926,0,5416.88764797118,0,0,0,1.225
76.375,5.30513219717926,1,1,29.1843394109208,105.063621879315,5.797735051156,0,5420.71099734491,0,0,0,1.225
76.625,5.31369115835038,1,1,29.2339682045256,105.242285536292,5.79918547440434,0,5424.5350036268,0,0,0,1.225
76.875,5.32223561226958,1,1,29.2835252714441,105.420690977199,5.80063588596249,0,5428.35966684203,0,0,0,1.225
77.125,5.33076562885535,1,1,29.3330109751158,105.598839510417,5.80208628586911,0,5432.18498701617,0,0,0,1.225
77.375,5.33928127746178,1,1,29.3824256760103,105.776732433637,5.8035366741633,0,5436.01096417515,0,0,0,1.225
77.625,5.34778262688499,1,1,29.4317697316613,105.954371033981,5.80498705088348,0,5439.83759834439,0,0,0,1.225
77.875,5.35626974536938,1,1,29.4810434966992,106.131756588117,5.80643741606809,0,5443.66488954934,0,0,0,1.225
78.125,5.36474270061382,1,1,29.5302473228845,106.308890362384,5.8078877697551,0,5447.49283781506,0,0,0,1.225
78.375,5.37320155977772,1,1,29.5793815591395,106.485773612902,5.80933811198292,0,5451.32144316703,0,0,0,1.225
78.625,5.38164638948711,1,1,29.6284465515804,106.662407585689,5.81078844278954,0,5455.15070563038,0,0,0,1.225
78.875,5.39007725584048,1,1,29.6774426435484,106.838793516774,5.81223876221361,0,5458.98062523078,0,0,0,1.225
79.125,5.39849422441468,1,1,29.7263701756409,107.014932632307,5.81368907029218,0,5462.81120199267,0,0,0,1.225
79.375,5.40689736027066,1,1,29.7752294857415,107.190826148669,5.81513936706324,0,5466.64243594121,0,0,0,1.225
79.625,5.41528672795911,1,1,29.8240209090504,107.366475272582,5.8165896525652,0,5470.47432710198,0,0,0,1.225
79.875,5.42366239152613,1,1,29.8727447781138,107.54188120121,5.8180399268349,0,5474.30687549926,0,0,0,1.225
80.125,5.43202441451867,1,1,29.9214014228531,107.717045122271,5.81949018991008,0,5478.1400811581,0,0,0,1.225
80.375,5.44037285999002,1,1,29.9699911705934,107.891968214136,5.82094044182827,0,5481.97394410337,0,0,0,1.225
80.625,5.44870779050514,1,1,30.0185143460925,108.066651645933,5.82239068262675,0,5485.8084643598,0,0,0,1.225
80.875,5.45702926814597,1,1,30.0669712715682,108.241096577645,5.82384091234258,0,5489.64364195193,0,0,0,1.225
81.125,5.46533735451665,1,1,30.115362266726,108.415304160214,5.82529113101305,0,5493.47947690452,0,0,0,1.225
81.375,5.47363211074863,1,1,30.1636876487867,108.589275535632,5.82674133867476,0,5497.31596924178,0,0,0,1.225
81.625,5.48191359750578,1,1,30.2119477325126,108.763011837045,5.82819153536479,0,5501.15311898831,0,0,0,1.225
81.875,5.49018187498937,1,1,30.2601428302346,108.936514188844,5.8296417211202,0,5504.99092616873,0,0,0,1.225
82.125,5.498437002943,1,1,30.3082732518775,109.109783706759,5.83109189597735,0,5508.82939080713,0,0,0,1.225
82.375,5.50667904065747,1,1,30.3563393049863,109.282821497951,5.83254205997309,0,5512.66851292798,0,0,0,1.225
82.625,5.51490804697561,1,1,30.4043412947516,109.455628661106,5.8339922131438,0,5516.5082925554,0,0,0,1.225
82.875,5.52312408029697,1,1,30.4522795240341,109.628206286523,5.83544235552608,0,5520.34872971372,0,0,0,1.225
83.125,5.5313271985825,1,1,30.5001542933897,109.800555456203,5.83689248715609,0,5524.1898244269,0,0,0,1.225
83.375,5.53951745935918,1,1,30.5479659010937,109.972677243937,5.83834260806975,0,5528.03157671877,0,0,0,1.225
83.625,5.54769491972453,1,1,30.5957146431649,110.144572715394,5.83979271830344,0,5531.87398661349,0,0,0,1.225
83.875,5.55585963635114,1,1,30.6434008133892,110.316242928201,5.84124281789309,0,5535.71705413493,0,0,0,1.225
84.125,5.56401166549104,1,1,30.6910247033431,110.487688932035,5.84269290687484,0,5539.56077930712,0,0,0,1.225
84.375,5.57215106298011,1,1,30.7385866024165,110.658911768699,5.84414298528395,0,5543.40516215338,0,0,0,1.225
84.625,5.58027788424237,1,1,30.7860867978356,110.829912472208,5.84559305315702,0,5547.25020269817,0,0,0,1.225
84.875,5.58839218429421,1,1,30.8335255746856,111.000692068868,5.8470431105286,0,5551.09590096428,0,0,0,1.225
85.125,5.59649401774861,1,1,30.8809032159323,111.171251577356,5.84849315743509,0,5554.94225697602,0,0,0,1.225
85.375,5.60458343881928,1,1,30.9282200024446,111.341592008801,5.84994319391149,0,5558.78927075659,0,0,0,1.225
85.625,5.61266050132471,1,1,30.9754762130155,111.511714366856,5.85139321999304,0,5562.6369423294,0,0,0,1.225
85.875,5.62072525869224,1,1,31.0226721243838,111.681619647782,5.85284323571477,0,5566.4852717177,0,0,0,1.225
86.125,5.62877776396201,1,1,31.0698080112547,111.851308840517,5.8542932411126,0,5570.33425894549,0,0,0,1.225
86.375,5.63681806979091,1,1,31.1168841463209,112.020782926755,5.85574323622131,0,5574.18390403585,0,0,0,1.225
86.625,5.64484622845641,1,1,31.1639008002831,112.190042881019,5.85719322107502,0,5578.03420701135,0,0,0,1.225
86.875,5.65286229186044,1,1,31.2108582418696,112.359089670731,5.85864319570987,0,5581.88516789621,0,0,0,1.225
87.125,5.66086631153312,1,1,31.257756737857,112.527924256285,5.86009316015929,0,5585.73678671248,0,0,0,1.225
87.375,5.66885833863651,1,1,31.3045965530895,112.696547591122,5.86154311445875,0,5589.58906348388,0,0,0,1.225
87.625,5.67683842396828,1,1,31.3513779504981,112.864960621793,5.86299305864259,0,5593.4419982332,0,0,0,1.225
87.875,5.68480661796534,1,1,31.3981011911202,113.033164288033,5.86444299274558,0,5597.29559098365,0,0,0,1.225
88.125,5.69276297070742,1,1,31.4447665341184,113.201159522826,5.86589291680139,0,5601.14984175752,0,0,0,1.225
88.375,5.70070753192064,1,1,31.4913742367989,113.368947252476,5.86734283084502,0,5605.00475057821,0,0,0,1.225
88.625,5.70864035098095,1,1,31.5379245546304,113.53652839667,5.8687927349099,0,5608.86031746788,0,0,0,1.225
88.875,5.71656147691762,1,1,31.584417741262,113.703903868543,5.87024262903083,0,5612.71654244978,0,0,0,1.225
89.125,5.72447095841662,1,1,31.6308540485412,113.871074574748,5.87169251324121,0,5616.57342554608,0,0,0,1.225
89.375,5.73236884382403,1,1,31.6772337265317,114.038041415514,5.87314238757563,0,5620.43096677989,0,0,0,1.225
89.625,5.74025518114929,1,1,31.7235570235311,114.204805284712,5.87459225206726,0,5624.28916617324,0,0,0,1.225
89.875,5.74813001806854,1,1,31.7698241860879,114.371367069916,5.87604210674976,0,5628.14802374853,0,0,0,1.225
90.125,5.75599340192782,1,1,31.8160354590187,114.537727652467,5.87749195165725,0,5632.00753952856,0,0,0,1.225
90.375,5.7638453797463,1,1,31.8621910854253,114.703887907531,5.87894178682245,0,5635.86771353503,0,0,0,1.225
90.625,5.7716859982194,1,1,31.908291306711,114.86984870416,5.88039161227971,0,5639.72854579094,0,0,0,1.225
90.875,5.77951530372193,1,1,31.9543363625974,115.035610905351,5.88184142806222,0,5643.5900363184,0,0,0,1.225
91.125,5.78733334231119,1,1,32.0003264911404,115.201175368105,5.88329123420203,0,5647.45218513862,0,0,0,1.225
91.375,5.79514015972997,1,1,32.0462619287463,115.366542943487,5.8847410307344,0,5651.31499227537,0,0,0,1.225
91.625,5.80293580140959,1,1,32.0921429101879,115.531714476676,5.88619081769002,0,5655.1784577488,0,0,0,1.225
91.875,5.81072031247285,1,1,32.1379696686197,115.696690807031,5.88764059510413,0,5659.04258158271,0,0,0,1.225
92.125,5.81849373773694,1,1,32.1837424355939,115.861472768138,5.88909036300765,0,5662.90736379747,0,0,0,1.225
92.375,5.82625612171641,1,1,32.2294614410753,116.026061187871,5.89054012143515,0,5666.77280441636,0,0,0,1.225
92.625,5.83400750862596,1,1,32.2751269134565,116.190456888443,5.89198987041755,0,5670.63890345978,0,0,0,1.225
92.875,5.84174794238327,1,1,32.3207390795728,116.354660686462,5.89343960998758,0,5674.50566094959,0,0,0,1.225
93.125,5.84947746661183,1,1,32.366298164717,116.518673392981,5.89488934017982,0,5678.37307690912,0,0,0,1.225
93.375,5.85719612464368,1,1,32.411804392654,116.682495813554,5.89633906102517,0,5682.24115135881,0,0,0,1.225
93.625,5.86490395952214,1,1,32.4572579856349,116.846128748286,5.89778877255549,0,5686.10988431983,0,0,0,1.225
93.875,5.87260101400447,1,1,32.5026591644115,117.009572991881,5.89923847480304,0,5689.97927581376,0,0,0,1.225
94.125,5.88028733056459,1,1,32.5480081482501,117.1728293337,5.90068816780149,0,5693.84932586324,0,0,0,1.225
94.375,5.88796295139564,1,1,32.5933051549455,117.335898557804,5.90213785158176,0,5697.72003448878,0,0,0,1.225
94.625,5.89562791841264,1,1,32.6385504008349,117.498781443006,5.90358752617612,0,5701.59140171198,0,0,0,1.225
94.875,5.90328227325501,1,1,32.6837441008108,117.661478762919,5.90503719161552,0,5705.46342755336,0,0,0,1.225
95.125,5.91092605728914,1,1,32.7288864683352,117.823991286007,5.90648684793359,0,5709.33611203565,0,0,0,1.225
95.375,5.91855931161087,1,1,32.773977715452,117.986319775627,5.90793649515945,0,5713.20945517795,0,0,0,1.225
95.625,5.92618207704797,1,1,32.8190180528008,118.148464990083,5.90938613332719,0,5717.08345700338,0,0,0,1.225
95.875,5.93379439416262,1,1,32.8640076896293,118.310427682666,5.91083576246774,0,5720.95811753251,0,0,0,1.225
96.125,5.94139630325376,1,1,32.9089468338063,118.472208601703,5.91228538261112,0,5724.83343678522,0,0,0,1.225
96.375,5.94898784435956,1,1,32.9538356918339,118.633808490602,5.9137349937896,0,5728.70941478321,0,0,0,1.225
96.625,5.95656905725973,1,1,32.9986744688608,118.795228087899,5.91518459603549,0,5732.58605154821,0,0,0,1.225
96.875,5.96413998147787,1,1,33.0434633686936,118.956468127297,5.91663418937833,0,5736.46334709976,0,0,0,1.225
97.125,5.97170065628379,1,1,33.0882025938098,119.117529337715,5.91808377384905,0,5740.34130145851,0,0,0,1.225
97.375,5.97925112069576,1,1,33.1328923453694,119.27841244333,5.91953334948039,0,5744.2199146466,0,0,0,1.225
97.625,5.9867914134828,1,1,33.1775328232266,119.439118163616,5.92098291630191,0,5748.09918668361,0,0,0,1.225
97.875,5.99432157316688,1,1,33.2221242259423,119.599647213392,5.92243247434453,0,5751.97911759025,0,0,0,1.225
98.125,6.00184163802516,1,1,33.2666667507948,119.760000302861,5.92388202363918,0,5755.85970738722,0,0,0,1.225
98.375,6.00935164609212,1,1,33.311160593792,119.920178137651,5.92533156421632,0,5759.7409560949,0,0,0,1.225
98.625,6.01685163516175,1,1,33.3556059496823,120.080181418856,5.92678109610688,0,5763.62286373401,0,0,0,1.225
98.875,6.02434164278968,1,1,33.4000030119661,120.240010843078,5.92823061934178,0,5767.50543032532,0,0,0,1.225
99.125,6.03182170629525,1,1,33.4443519729067,120.399667102464,5.9296801339492,0,5771.38865588741,0,0,0,1.225
99.375,6.03929186276362,1,1,33.4886530235414,120.559150884749,5.93112963996236,0,5775.27254044288,0,0,0,1.225
99.625,6.04675214904783,1,1,33.5329063536922,120.718462873292,5.93257913740945,0,5779.15708401035,0,0,0,1.225
99.875,6.05420260177081,1,1,33.5771121519767,120.877603747116,5.93402862632047,0,5783.0422866099,0,0,0,1.225
100.125,6.06164325732742,1,1,33.6212706058186,121.036574180947,5.93547810672726,0,5786.92814826308,0,0,0,1.225
100.375,6.06907415188642,1,1,33.6653819014582,121.19537484525,5.93692757865847,0,5790.81466898891,0,0,0,1.225
100.625,6.07649532139243,1,1,33.7094462239627,121.354006406266,5.9383770421432,0,5794.70184880679,0,0,0,1.225
100.875,6.08390680156789,1,1,33.7534637572364,121.512469526051,5.93982649721283,0,5798.58968773794,0,0,0,1.225
101.125,6.09130862791499,1,1,33.7974346840311,121.670764862512,5.94127594389602,0,5802.47818580143,0,0,0,1.225
101.375,6.09870083571754,1,1,33.8413591859558,121.828893069441,5.94272538222231,0,5806.36734301705,0,0,0,1.225
101.625,6.10608346004289,1,1,33.8852374434869,121.986854796553,5.94417481222308,0,5810.25715940608,0,0,0,1.225
101.875,6.11345653574375,1,1,33.9290696359777,122.14465068952,5.94562423392517,0,5814.14763498617,0,0,0,1.225
102.125,6.12082009746007,1,1,33.9728559416683,122.302281390006,5.94707364735859,0,5818.03876977751,0,0,0,1.225
102.375,6.1281741796208,1,1,34.016596537695,122.459747535702,5.94852305255381,0,5821.9305638007,0,0,0,1.225
102.625,6.13551881644578,1,1,34.0602916001001,122.61704976036,5.94997244953856,0,5825.82301707414,0,0,0,1.225
102.875,6.14285404194741,1,1,34.1039413038408,122.774188693827,5.95142183834332,0,5829.71612961844,0,0,0,1.225
103.125,6.1501798899325,1,1,34.1475458227989,122.931164962076,5.95287121899537,0,5833.60990145168,0,0,0,1.225
103.375,6.15749639400397,1,1,34.1911053297898,123.087979187243,5.95432059152517,0,5837.50433259451,0,0,0,1.225
103.625,6.16480358756257,1,1,34.2346199965715,123.244631987657,5.95576995596139,0,5841.3994230661,0,0,0,1.225
103.875,6.17210150380859,1,1,34.2780899938536,123.401123977873,5.95721931233174,0,5845.29517288495,0,0,0,1.225
104.125,6.17939017574355,1,1,34.3215154913063,123.557455768703,5.95866866066581,0,5849.191582071,0,0,0,1.225
104.375,6.18666963617186,1,1,34.3648966575689,123.713627967248,5.96011800099222,0,5853.08865064348,0,0,0,1.225
104.625,6.19393991770247,1,1,34.4082336602589,123.869641176932,5.96156733333873,0,5856.98637862092,0,0,0,1.225
104.875,6.2012010527505,1,1,34.4515266659802,124.025495997529,5.96301665773353,0,5860.88476602221,0,0,0,1.225
105.125,6.20845307353885,1,1,34.4947758403316,124.181193025194,5.96446597420709,0,5864.78381286808,0,0,0,1.225
105.375,6.2156960120998,1,1,34.5379813479157,124.336732852497,5.96591528278577,0,5868.68351917599,0,0,0,1.225
105.625,6.2229299002766,1,1,34.5811433523466,124.492116068448,5.96736458349824,0,5872.58388496525,0,0,0,1.225
105.875,6.23015476972502,1,1,34.6242620162584,124.64734325853,5.96881387637222,0,5876.48491025444,0,0,0,1.225
106.125,6.23737065191488,1,1,34.6673375013133,124.802415004728,5.97026316143592,0,5880.38659506252,0,0,0,1.225
106.375,6.24457757813161,1,1,34.7103699682098,124.957331885555,5.97171243871799,0,5884.28893940883,0,0,0,1.225
106.625,6.25177557947775,1,1,34.7533595766905,125.112094476086,5.97316170824479,0,5888.1919433109,0,0,0,1.225
106.875,6.25896468687444,1,1,34.7963064855498,125.266703347979,5.97461097004543,0,5892.09560678846,0,0,0,1.225
107.125,6.26614493106292,1,1,34.8392108526422,125.421159069512,5.97606022414675,0,5895.99992985943,0,0,0,1.225
107.375,6.27331634260598,1,1,34.8820728348896,125.575462205603,5.97750947057693,0,5899.90491254284,0,0,0,1.225
107.625,6.2804789518894,1,1,34.9248925882891,125.729613317841,5.97895870936372,0,5903.81055485735,0,0,0,1.225
107.875,6.28763278912342,1,1,34.9676702679204,125.883612964514,5.98040794053304,0,5907.7168568202,0,0,0,1.225
108.125,6.29477788434414,1,1,35.0104060279536,126.037461700633,5.9818571641149,0,5911.62381845191,0,0,0,1.225
108.375,6.30191426741491,1,1,35.0531000216561,126.191160077962,5.98330638013385,0,5915.53143976864,0,0,0,1.225
108.625,6.30904196802776,1,1,35.0957524014006,126.344708645042,5.98475558861946,0,5919.43972079058,0,0,0,1.225
108.875,6.31616101570474,1,1,35.1383633186717,126.498107947218,5.98620478959629,0,5923.34866153391,0,0,0,1.225
109.125,6.3232714397993,1,1,35.1809329240733,126.651358526664,5.98765398309297,0,5927.25826201811,0,0,0,1.225
109.375,6.33037326949765,1,1,35.2234613673359,126.804460922409,5.98910316913589,0,5931.16852226085,0,0,0,1.225
109.625,6.33746653382006,1,1,35.2659487973232,126.957415670364,5.99055234775324,0,5935.07944228126,0,0,0,1.225
109.875,6.34455126162221,1,1,35.3083953620397,127.110223303343,5.99200151897003,0,5938.99102209596,0,0,0,1.225
110.125,6.35162748159651,1,1,35.3508012086367,127.262884351092,5.99345068281491,0,5942.90326172446,0,0,0,1.225
110.375,6.35869522227333,1,1,35.39316648342,127.415399340312,5.99489983931244,0,5946.81616118303,0,0,0,1.225
110.625,6.36575451202238,1,1,35.4354913318559,127.567768794681,5.99634898849081,0,5950.72972049087,0,0,0,1.225
110.875,6.37280537905388,1,1,35.4777758985784,127.719993234882,5.99779813037458,0,5954.64393966424,0,0,0,1.225
111.125,6.37984785141987,1,1,35.5200203273955,127.872073178624,5.99924726499148,0,5958.55881872202,0,0,0,1.225
111.375,6.38688195701546,1,1,35.562224761296,128.024009140665,6.00069639236881,0,5962.47435768268,0,0,0,1.225
111.625,6.39390772358001,1,1,35.6043893424555,128.17580163284,6.00214551253111,0,5966.39055656255,0,0,0,1.225
111.875,6.40092517869841,1,1,35.6465142122433,128.327451164076,6.00359462550568,0,5970.30741538017,0,0,0,1.225
112.125,6.40793434980223,1,1,35.6885995112287,128.478958240423,6.00504373131707,0,5974.22493415186,0,0,0,1.225
112.375,6.41493526417094,1,1,35.7306453791867,128.630323365072,6.00649282999393,0,5978.14311289727,0,0,0,1.225
112.625,6.42192794893311,1,1,35.7726519551051,128.781547038379,6.00794192155945,0,5982.06195163168,0,0,0,1.225
112.875,6.42891243106754,1,1,35.8146193771899,128.932629757884,6.00939100604091,0,5985.98145037366,0,0,0,1.225
113.125,6.43588873740443,1,1,35.8565477828717,129.083572018338,6.01084008346334,0,5989.90160913997,0,0,0,1.225
113.375,6.44285689462655,1,1,35.8984373088118,129.234374311723,6.01228915385354,0,5993.82242794883,0,0,0,1.225
113.625,6.44981692927036,1,1,35.940288090908,129.385037127269,6.0137382172361,0,5997.74390681667,0,0,0,1.225
113.875,6.45676886772711,1,1,35.9821002643006,129.535560951482,6.01518727363737,0,6001.66604576137,0,0,0,1.225
114.125,6.463712736244,1,1,36.0238739633783,129.685946268162,6.01663632308191,0,6005.58884479938,0,0,0,1.225
114.375,6.47064856092523,1,1,36.0656093217837,129.836193558421,6.01808536559565,0,6009.51230394824,0,0,0,1.225
114.625,6.47757636773315,1,1,36.1073064724196,129.98630330071,6.01953440120406,0,6013.43642322515,0,0,0,1.225
114.875,6.48449618248928,1,1,36.148965547454,130.136275970834,6.02098342993168,0,6017.36120264659,0,0,0,1.225
115.125,6.49140803087543,1,1,36.1905866783263,130.286112041975,6.02243245180534,0,6021.28664223086,0,0,0,1.225
115.375,6.49831193843471,1,1,36.2321699957526,130.435811984709,6.02388146684734,0,6025.21274199265,0,0,0,1.225
115.625,6.50520793057264,1,1,36.2737156297311,130.585376267032,6.02533047508496,0,6029.13950195065,0,0,0,1.225
115.875,6.51209603255813,1,1,36.3152237095478,130.734805354372,6.0267794765432,0,6033.06692212176,0,0,0,1.225
116.125,6.51897626952454,1,1,36.3566943637819,130.884099709615,6.02822847124571,0,6036.99500252178,0,0,0,1.225
116.375,6.52584866647069,1,1,36.3981277203109,131.033259793119,6.02967745921706,0,6040.92374316726,0,0,0,1.225
116.625,6.53271324826189,1,1,36.4395239063162,131.182286062738,6.0311264404836,0,6044.85314407621,0,0,0,1.225
116.875,6.53957003963091,1,1,36.4808830482882,131.331178973837,6.032575415069,0,6048.78320526448,0,0,0,1.225
117.125,6.54641906517896,1,1,36.5222052720314,131.479938979313,6.03402438299736,0,6052.71392674828,0,0,0,1.225
117.375,6.55326034937672,1,1,36.5634907026698,131.628566529611,6.03547334429368,0,6056.64530854457,0,0,0,1.225
117.625,6.56009391656527,1,1,36.6047394646518,131.777062072747,6.03692229898115,0,6060.57735066886,0,0,0,1.225
117.875,6.56691979095706,1,1,36.6459516817555,131.92542605432,6.03837124708707,0,6064.51005313996,0,0,0,1.225
118.125,6.57373799663688,1,1,36.6871274770932,132.073658917535,6.03982018863235,0,6068.44341597157,0,0,0,1.225
118.375,6.58054855756278,1,1,36.728266973117,132.221761103221,6.04126912364472,0,6072.37743918289,0,0,0,1.225
118.625,6.587351497567,1,1,36.7693702916232,132.369733049843,6.04271805214466,0,6076.31212278728,0,0,0,1.225
118.875,6.59414684035693,1,1,36.8104375537575,132.517575193527,6.04416697415854,0,6080.24746680286,0,0,0,1.225
119.125,6.60093460951599,1,1,36.8514688800195,132.66528796807,6.0456158897091,0,6084.18347124485,0,0,0,1.225
119.375,6.60771482850458,1,1,36.8924643902678,132.812871804964,6.04706479882088,0,6088.12013612993,0,0,0,1.225
119.625,6.61448752066091,1,1,36.9334242037245,132.960327133408,6.04851370151755,0,6092.05746147406,0,0,0,1.225
119.875,6.62125270920198,1,1,36.9743484389799,133.107654380328,6.04996259782229,0,6095.99544729285,0,0,0,1.225
120.125,6.62801041722439,1,1,37.0152372139973,133.25485397039,6.05141148776011,0,6099.93409360339,0,0,0,1.225
120.375,6.63476066770524,1,1,37.0560906461174,133.401926326023,6.05286037135329,0,6103.87340042058,0,0,0,1.225
120.625,6.64150348350301,1,1,37.0969088520629,133.548871867427,6.05430924862594,0,6107.81336776078,0,0,0,1.225
120.875,6.6482388873584,1,1,37.1376919479432,133.695691012595,6.0557581196008,0,6111.75399563931,0,0,0,1.225
121.125,6.65496690189521,1,1,37.1784400492584,133.84238417733,6.05720698430241,0,6115.6952840729,0,0,0,1.225
121.375,6.66168754962112,1,1,37.2191532709042,133.988951775255,6.05865584275352,0,6119.63723307688,0,0,0,1.225
121.625,6.66840085292858,1,1,37.2598317271763,134.135394217835,6.06010469497778,0,6123.5798426673,0,0,0,1.225
121.875,6.67510683409564,1,1,37.3004755317742,134.281711914387,6.06155354099656,0,6127.52311285839,0,0,0,1.225
122.125,6.68180551528673,1,1,37.3410847978061,134.427905272102,6.06300238083486,0,6131.46704366733,0,0,0,1.225
122.375,6.68849691855349,1,1,37.3816596377928,134.573974696054,6.06445121451543,0,6135.41163510947,0,0,0,1.225
122.625,6.69518106583559,1,1,37.4222001636719,134.719920589219,6.06590004206055,0,6139.35688719981,0,0,0,1.225
122.875,6.70185797896151,1,1,37.4627064868025,134.865743352489,6.06734886349477,0,6143.30279995518,0,0,0,1.225
123.125,6.70852767964932,1,1,37.5031787179687,135.011443384687,6.06879767883765,0,6147.24937338843,0,0,0,1.225
123.375,6.71519018950749,1,1,37.5436169673839,135.157021082582,6.07024648811466,0,6151.19660751713,0,0,0,1.225
123.625,6.72184553003565,1,1,37.5840213446952,135.302476840903,6.07169529134762,0,6155.14450235597,0,0,0,1.225
123.875,6.72849372262535,1,1,37.6243919589869,135.447811052353,6.07314408855927,0,6159.09305792037,0,0,0,1.225
124.125,6.73513478856084,1,1,37.6647289187851,135.593024107626,6.07459287977099,0,6163.04227422465,0,0,0,1.225
124.375,6.74176874901981,1,1,37.7050323320609,135.738116395419,6.07604166500687,0,6166.99215128536,0,0,0,1.225
124.625,6.74839562507414,1,1,37.7453023062352,135.883088302447,6.07749044428783,0,6170.94268911648,0,0,0,1.225
124.875,6.75501543769066,1,1,37.7855389481818,136.027940213454,6.07893921763753,0,6174.89388773421,0,0,0,1.225
125.125,6.76162820773184,1,1,37.8257423642318,136.172672511235,6.08038798507732,0,6178.84574715292,0,0,0,1.225
125.375,6.76823395595657,1,1,37.8659126601772,136.317285576638,6.08183674662951,0,6182.79826738773,0,0,0,1.225
125.625,6.77483270302085,1,1,37.9060499412746,136.461779788589,6.08328550231636,0,6186.75144845377,0,0,0,1.225
125.875,6.78142446947851,1,1,37.9461543122491,136.606155524097,6.08473425216016,0,6190.70529036617,0,0,0,1.225
126.125,6.78800927578191,1,1,37.9862258772981,136.750413158273,6.08618299618183,0,6194.65979313899,0,0,0,1.225
126.375,6.79458714228266,1,1,38.0262647400945,136.89455306434,6.08763173440457,0,6198.6149567881,0,0,0,1.225
126.625,6.80115808923232,1,1,38.0662710037911,137.038575613648,6.08908046684883,0,6202.57078132724,0,0,0,1.225
126.875,6.80772213678306,1,1,38.1062447710236,137.182481175685,6.09052919353644,0,6206.5272667712,0,0,0,1.225
127.125,6.81427930498836,1,1,38.1461861439145,137.326270118092,6.09197791449014,0,6210.48441313554,0,0,0,1.225
127.375,6.8208296138037,1,1,38.1860952240764,137.469942806675,6.09342662973131,0,6214.44222043472,0,0,0,1.225
127.625,6.82737308308721,1,1,38.2259721126158,137.613499605417,6.09487533928041,0,6218.4006886825,0,0,0,1.225
127.875,6.83390973260036,1,1,38.2658169101365,137.756940876491,6.09632404316062,0,6222.35981789483,0,0,0,1.225
128.125,6.84043958200857,1,1,38.3056297167431,137.900266980275,6.09777274139151,0,6226.31960808474,0,0,0,1.225
128.375,6.84696265088194,1,1,38.345410632044,138.043478275358,6.09922143399581,0,6230.28005926784,0,0,0,1.225
128.625,6.85347895869584,1,1,38.3851597551557,138.18657511856,6.10067012099444,0,6234.24117145828,0,0,0,1.225
128.875,6.85998852483155,1,1,38.4248771847051,138.329557864938,6.10211880240786,0,6238.20294466986,0,0,0,1.225
129.125,6.86649136857695,1,1,38.4645630188338,138.472426867802,6.10356747825745,0,6242.16537891712,0,0,0,1.225
129.375,6.87298750912711,1,1,38.5042173552008,138.615182478723,6.10501614856457,0,6246.12847421461,0,0,0,1.225
129.625,6.87947696558489,1,1,38.5438402909858,138.757825047549,6.10646481335016,0,6250.09223057652,0,0,0,1.225
129.875,6.88595975696164,1,1,38.583431922893,138.900354922415,6.10791347263375,0,6254.05664801596,0,0,0,1.225
130.125,6.89243590217775,1,1,38.6229923471536,139.042772449753,6.10936212643901,0,6258.02172654932,0,0,0,1.225
130.375,6.89890542006328,1,1,38.6625216595296,139.185077974306,6.11081077478548,0,6261.98746618975,0,0,0,1.225
130.625,6.90536832935855,1,1,38.7020199553165,139.327271839139,6.11225941769271,0,6265.95386695037,0,0,0,1.225
130.875,6.91182464871478,1,1,38.7414873293467,139.469354385648,6.11370805518209,0,6269.9209288458,0,0,0,1.225
131.125,6.91827439669464,1,1,38.7809238759928,139.611325953574,6.11515668727407,0,6273.88865188991,0,0,0,1.225
131.375,6.92471759177286,1,1,38.8203296891701,139.753186881012,6.11660531398911,0,6277.85703609661,0,0,0,1.225
131.625,6.93115425233682,1,1,38.8597048623403,139.894937504425,6.11805393534951,0,6281.82608148126,0,0,0,1.225
131.875,6.93758439668709,1,1,38.8990494885142,140.036578158651,6.11950255137253,0,6285.79578805523,0,0,0,1.225
132.125,6.94400804303809,1,1,38.9383636602547,140.178109176917,6.12095116207956,0,6289.76615583316,0,0,0,1.225
132.375,6.95042520951854,1,1,38.9776474696798,140.319530890847,6.12239976749242,0,6293.73718483008,0,0,0,1.225
132.625,6.95683591417212,1,1,39.0169010084657,140.460843630477,6.12384836762976,0,6297.70887505849,0,0,0,1.225
132.875,6.96324017495801,1,1,39.0561243678498,140.602047724259,6.12529696251113,0,6301.6812265316,0,0,0,1.225
133.125,6.96963800975141,1,1,39.0953176386331,140.743143499079,6.1267455521579,0,6305.6542392641,0,0,0,1.225
133.375,6.97602943634413,1,1,39.1344809111837,140.884131280261,6.12819413658917,0,6309.62791326888,0,0,0,1.225
133.625,6.98241447244509,1,1,39.1736142754394,141.025011391582,6.12964271582632,0,6313.60224856064,0,0,0,1.225
133.875,6.98879313568092,1,1,39.2127178209103,141.165784155277,6.13109128988708,0,6317.57724515119,0,0,0,1.225
134.125,6.99516544359646,1,1,39.2517916366821,141.306449892056,6.13253985879282,0,6321.55290305524,0,0,0,1.225
134.375,7.00153141365528,1,1,39.2908358114185,141.447008921106,6.1339884225622,0,6325.52922228536,0,0,0,1.225
134.625,7.00789106324025,1,1,39.3298504333641,141.587461560111,6.1354369812143,0,6329.50620285447,0,0,0,1.225
134.875,7.01424440965403,1,1,39.3688355903472,141.72780812525,6.13688553477141,0,6333.48384477805,0,0,0,1.225
135.125,7.02059147011959,1,1,39.4077913697823,141.868048931216,6.13833408325036,0,6337.46214806723,0,0,0,1.225
135.375,7.02693226178074,1,1,39.4467178586732,142.008184291224,6.13978262667206,0,6341.4411127364,0,0,0,1.225
135.625,7.03326680170263,1,1,39.4856151436153,142.148214517015,6.14123116505471,0,6345.4207387978,0,0,0,1.225
135.875,7.03959510687227,1,1,39.5244833107983,142.288139918874,6.14267969841785,0,6349.40102626477,0,0,0,1.225
136.125,7.045917194199,1,1,39.5633224460089,142.427960805632,6.1441282267815,0,6353.38197515102,0,0,0,1.225
136.375,7.05223308051502,1,1,39.6021326346335,142.567677484681,6.14557675016476,0,6357.36358546952,0,0,0,1.225
136.625,7.05854278257588,1,1,39.6409139616608,142.707290261979,6.14702526858537,0,6361.34585723218,0,0,0,1.225
136.875,7.06484631706094,1,1,39.679666511684,142.846799442062,6.14847378206468,0,6365.32879045383,0,0,0,1.225
137.125,7.0711437005739,1,1,39.7183903689038,142.986205328054,6.14992229062045,0,6369.31238514639,0,0,0,1.225
137.375,7.07743494964324,1,1,39.7570856171306,143.12550822167,6.15137079427086,0,6373.29664132215,0,0,0,1.225
137.625,7.08372008072274,1,1,39.7957523397872,143.264708423234,6.15281929303455,0,6377.28155899378,0,0,0,1.225
137.875,7.0899991101919,1,1,39.8343906199112,143.40380623168,6.15426778693336,0,6381.26713817651,0,0,0,1.225
138.125,7.09627205435645,1,1,39.8730005401575,143.542801944567,6.15571627598229,0,6385.2533788801,0,0,0,1.225
138.375,7.10253892944882,1,1,39.9115821828006,143.681695858082,6.1571647602027,0,6389.24028111943,0,0,0,1.225
138.625,7.10879975162858,1,1,39.9501356297372,143.820488267054,6.15861323961099,0,6393.22784490539,0,0,0,1.225
138.875,7.1150545369829,1,1,39.9886609624886,143.959179464959,6.16006171422714,0,6397.21607025178,0,0,0,1.225
139.125,7.12130330152702,1,1,40.0271582622028,144.09776974393,6.16151018406981,0,6401.2049571713,0,0,0,1.225
139.375,7.12754606120468,1,1,40.0656276096574,144.236259394767,6.16295864915583,0,6405.19450567525,0,0,0,1.225
139.625,7.13378283188859,1,1,40.1040690852612,144.37464870694,6.16440710950519,0,6409.18471577743,0,0,0,1.225
139.875,7.14001362938088,1,1,40.1424827690573,144.512937968606,6.1658555651361,0,6413.17558749024,0,0,0,1.225
140.125,7.14623846941349,1,1,40.1808687407249,144.65112746661,6.16730401606537,0,6417.16712082496,0,0,0,1.225
140.375,7.15245736764866,1,1,40.2192270795817,144.789217486494,6.16875246231211,0,6421.15931579473,0,0,0,1.225
140.625,7.15867033967935,1,1,40.2575578645862,144.92720831251,6.17020090389406,0,6425.15217241159,0,0,0,1.225
140.875,7.16487740102965,1,1,40.2958611743401,145.065100227624,6.1716493408303,0,6429.14569068867,0,0,0,1.225
141.125,7.17107856715523,1,1,40.3341370870902,145.202893513525,6.17309777313721,0,6433.13987063694,0,0,0,1.225
141.375,7.17727385344376,1,1,40.3723856807308,145.340588450631,6.1745462008339,0,6437.13471226956,0,0,0,1.225
141.625,7.18346327521531,1,1,40.410607032806,145.478185318102,6.17599462393764,0,6441.13021559824,0,0,0,1.225
141.875,7.18964684772278,1,1,40.4488012205117,145.615684393842,6.17744304246571,0,6445.1263806347,0,0,0,1.225
142.125,7.19582458615232,1,1,40.4869683206979,145.753085954512,6.17889145643812,0,6449.12320739285,0,0,0,1.225
142.375,7.20199650562374,1,1,40.5251084098707,145.890390275535,6.18033986586943,0,6453.12069588223,0,0,0,1.225
142.625,7.20816262119089,1,1,40.5632215641945,146.0275976311,6.18178827077918,0,6457.11884611642,0,0,0,1.225
142.875,7.2143229478421,1,1,40.6013078594942,146.164708294179,6.18323667118466,0,6461.11765810716,0,0,0,1.225
143.125,7.22047750050055,1,1,40.6393673712571,146.301722536526,6.18468506710224,0,6465.11713186549,0,0,0,1.225
143.375,7.22662629402469,1,1,40.6774001746352,146.438640628687,6.18613345855101,0,6469.11726740462,0,0,0,1.225
143.625,7.23276934320862,1,1,40.715406344447,146.575462840009,6.18758184554645,0,6473.11806473488,0,0,0,1.225
143.875,7.23890666278247,1,1,40.7533859551798,146.712189438647,6.18903022810855,0,6477.11952387023,0,0,0,1.225
144.125,7.24503826741284,1,1,40.7913390809917,146.84882069157,6.19047860625187,0,6481.12164482028,0,0,0,1.225
144.375,7.2511641717031,1,1,40.8292657957133,146.985356864568,6.19192697999415,0,6485.12442759719,0,0,0,1.225
144.625,7.25728439019386,1,1,40.86716617285,147.12179822226,6.19337534935312,0,6489.12787221314,0,0,0,1.225
144.875,7.26339893736328,1,1,40.9050402855841,147.258145028103,6.19482371434515,0,6493.1319786792,0,0,0,1.225
145.125,7.26950782762749,1,1,40.9428882067765,147.394397544395,6.19627207498888,0,6497.1367470083,0,0,0,1.225
145.375,7.27561107534094,1,1,40.9807100089685,147.530556032286,6.19772043129979,0,6501.14217721081,0,0,0,1.225
145.625,7.28170869479677,1,1,41.0185057643842,147.666620751783,6.19916878329377,0,6505.14826929748,0,0,0,1.225
145.875,7.2878007002272,1,1,41.0562755449321,147.802591961755,6.20061713098994,0,6509.1550232816,0,0,0,1.225
146.125,7.29388710580388,1,1,41.0940194222071,147.938469919946,6.20206547440375,0,6513.16243917358,0,0,0,1.225
146.375,7.29996792563822,1,1,41.1317374674925,148.074254882973,6.20351381355113,0,6517.17051698418,0,0,0,1.225
146.625,7.30604317378181,1,1,41.1694297517615,148.209947106341,6.2049621484507,0,6521.17925672636,0,0,0,1.225
146.875,7.31211286422673,1,1,41.2070963456795,148.345546844446,6.20641047911749,0,6525.18865841019,0,0,0,1.225
147.125,7.31817701090593,1,1,41.2447373196058,148.481054350581,6.20785880556787,0,6529.19872204681,0,0,0,1.225
147.375,7.32423562769355,1,1,41.2823527435953,148.616469876943,6.20930712781956,0,6533.20944764849,0,0,0,1.225
147.625,7.33028872840532,1,1,41.3199426874005,148.751793674642,6.21075544588803,0,6537.22083522566,0,0,0,1.225
147.875,7.33633632679883,1,1,41.3575072204731,148.887025993703,6.21220375978919,0,6541.23288478915,0,0,0,1.225
148.125,7.34237843657394,1,1,41.3950464119659,149.022167083077,6.21365206953988,0,6545.2455963505,0,0,0,1.225
148.375,7.34841507137311,1,1,41.4325603307349,149.157217190646,6.21510037515782,0,6549.25896992199,0,0,0,1.225
148.625,7.35444624478168,1,1,41.4700490453404,149.292176563226,6.21654867665529,0,6553.27300551156,0,0,0,1.225
148.875,7.36047197032829,1,1,41.5075126240494,149.427045446578,6.21799697405231,0,6557.28770313332,0,0,0,1.225
149.125,7.36649226148515,1,1,41.5449511348367,149.561824085412,6.21944526736252,0,6561.30306279631,0,0,0,1.225
149.375,7.37250713166839,1,1,41.5823646453874,149.696512723395,6.22089355660319,0,6565.31908451248,0,0,0,1.225
149.625,7.3785165942384,1,1,41.6197532230978,149.831111603152,6.22234184178978,0,6569.33576829233,0,0,0,1.225
149.875,7.38452066250012,1,1,41.6571169350778,149.96562096628,6.22379012293868,0,6573.35311414709,0,0,0,1.225
150.125,7.39051934970341,1,1,41.694455848152,150.100041053347,6.22523840006352,0,6577.37112208584,0,0,0,1.225
150.375,7.39651266904333,1,1,41.7317700288618,150.234372103902,6.22668667318158,0,6581.38979212054,0,0,0,1.225
150.625,7.40250063366048,1,1,41.7690595434668,150.368614356481,6.22813494230968,0,6585.40912426284,0,0,0,1.225
150.875,7.40848325664132,1,1,41.8063244579468,150.502768048608,6.22958320746193,0,6589.42911852216,0,0,0,1.225
151.125,7.41446055101845,1,1,41.8435648380029,150.63683341681,6.23103146865378,0,6593.44977490906,0,0,0,1.225
151.375,7.42043252977095,1,1,41.8807807490594,150.770810696614,6.23247972590116,0,6597.47109343446,0,0,0,1.225
151.625,7.42639920582468,1,1,41.9179722562658,150.904700122557,6.23392797921997,0,6601.49307410928,0,0,0,1.225
151.875,7.43236059205261,1,1,41.9551394244976,151.038501928191,6.23537622862477,0,6605.51571694336,0,0,0,1.225
152.125,7.43831670127507,1,1,41.9922823183584,151.17221634609,6.23682447413103,0,6609.53902194728,0,0,0,1.225
152.375,7.44426754626009,1,1,42.0294010021817,151.305843607854,6.23827271575465,0,6613.56298913198,0,0,0,1.225
152.625,7.45021313972372,1,1,42.0664955400317,151.439383944114,6.23972095350928,0,6617.58761850659,0,0,0,1.225
152.875,7.45615349433025,1,1,42.1035659957056,151.57283758454,6.24116918741265,0,6621.61291008354,0,0,0,1.225
153.125,7.4620886226926,1,1,42.1406124327348,151.706204757845,6.2426174174775,0,6625.63886387123,0,0,0,1.225
153.375,7.46801853737255,1,1,42.1776349143863,151.839485691791,6.24406564372021,0,6629.66547988101,0,0,0,1.225
153.625,7.47394325088105,1,1,42.2146335036647,151.972680613193,6.24551386615485,0,6633.6927581224,0,0,0,1.225
153.875,7.47986277567849,1,1,42.2516082633131,152.105789747927,6.24696208479691,0,6637.72069860603,0,0,0,1.225
154.125,7.48577712417504,1,1,42.288559255815,152.238813320934,6.24841029966092,0,6641.74930134179,0,0,0,1.225
154.375,7.49168630873086,1,1,42.3254865433959,152.371751556225,6.24985851076144,0,6645.7785663396,0,0,0,1.225
154.625,7.49759034165645,1,1,42.3623901880241,152.504604676887,6.2513067181153,0,6649.8084936112,0,0,0,1.225
154.875,7.50348923521288,1,1,42.3992702514131,152.637372905087,6.25275492173478,0,6653.83908316468,0,0,0,1.225
155.125,7.50938300161209,1,1,42.4361267950223,152.77005646208,6.25420312163487,0,6657.87033501035,0,0,0,1.225
155.375,7.51527165301719,1,1,42.4729598800587,152.902655568211,6.2556513178306,0,6661.90224915849,0,0,0,1.225
155.625,7.52115520154267,1,1,42.5097695674785,153.035170442922,6.25709951033696,0,6665.93482561942,0,0,0,1.225
155.875,7.52703365925475,1,1,42.5465559179882,153.167601304757,6.25854769916759,0,6669.96806440237,0,0,0,1.225
156.125,7.53290703817158,1,1,42.5833189920463,153.299948371367,6.25999588433751,0,6674.00196551764,0,0,0,1.225
156.375,7.53877535026357,1,1,42.6200588498646,153.432211859512,6.26144406586036,0,6678.03652897448,0,0,0,1.225
156.625,7.5446386074536,1,1,42.6567755514094,153.564391985074,6.26289224375114,0,6682.07175478321,0,0,0,1.225
156.875,7.55049682161733,1,1,42.6934691564034,153.696488963052,6.26434041802395,0,6686.10764295346,0,0,0,1.225
157.125,7.55635000458343,1,1,42.7301397243263,153.828503007575,6.26578858869152,0,6690.14419349375,0,0,0,1.225
157.375,7.56219816813386,1,1,42.7667873144168,153.9604343319,6.26723675577068,0,6694.18140641589,0,0,0,1.225
157.625,7.56804132400414,1,1,42.8034119856738,154.092283148426,6.26868491927462,0,6698.21928172877,0,0,0,1.225
157.875,7.57387948388356,1,1,42.8400137968575,154.224049668687,6.27013307921607,0,6702.25781944096,0,0,0,1.225
158.125,7.57971265941549,1,1,42.8765928064912,154.355734103368,6.27158123561048,0,6706.29701956318,0,0,0,1.225
158.375,7.5855408621976,1,1,42.9131490728619,154.487336662303,6.27302938846969,0,6710.33688210327,0,0,0,1.225
158.625,7.59136410378212,1,1,42.9496826540225,154.618857554481,6.27447753781007,0,6714.3774070727,0,0,0,1.225
158.875,7.59718239567609,1,1,42.9861936077923,154.750296988052,6.27592568364389,0,6718.41859447968,0,0,0,1.225
159.125,7.60299574934163,1,1,43.0226819917589,154.881655170332,6.27737382598616,0,6722.46044433461,0,0,0,1.225
159.375,7.60880417619612,1,1,43.059147863279,155.012932307804,6.27882196484916,0,6726.50295664572,0,0,0,1.225
159.625,7.61460768761254,1,1,43.09559127948,155.144128606128,6.28027010024698,0,6730.54613142268,0,0,0,1.225
159.875,7.62040629491963,1,1,43.1320122972614,155.275244270141,6.28171823219327,0,6734.58996867482,0,0,0,1.225
160.125,7.62620000940218,1,1,43.1684109732954,155.406279503863,6.28316636070213,0,6738.63446841183,0,0,0,1.225
160.375,7.63198884230123,1,1,43.2047873640289,155.537234510504,6.28461448578537,0,6742.67963064161,0,0,0,1.225
160.625,7.63777280481437,1,1,43.2411415256843,155.668109492464,6.28606260745846,0,6746.72545537493,0,0,0,1.225
160.875,7.6435519080959,1,1,43.277473514261,155.79890465134,6.28751072573368,0,6750.77194262008,0,0,0,1.225
161.125,7.64932616325713,1,1,43.3137833855362,155.92962018793,6.28895884062422,0,6754.81909238603,0,0,0,1.225
161.375,7.65509558136656,1,1,43.3500711950666,156.06025630224,6.29040695214371,0,6758.86690468215,0,0,0,1.225
161.625,7.66086017345016,1,1,43.3863369981893,156.190813193482,6.29185506030535,0,6762.91537951745,0,0,0,1.225
161.875,7.66661995049155,1,1,43.4225808500233,156.321291060084,6.29330316512323,0,6766.96451690166,0,0,0,1.225
162.125,7.67237492343228,1,1,43.4588028054702,156.451690099693,6.29475126660873,0,6771.01431684234,0,0,0,1.225
162.375,7.678125103172,1,1,43.4950029192158,156.582010509177,6.29619936477411,0,6775.06477934779,0,0,0,1.225
162.625,7.68387050056875,1,1,43.5311812457311,156.712252484632,6.2976474596353,0,6779.11590442923,0,0,0,1.225
162.875,7.68961112643912,1,1,43.5673378392736,156.842416221385,6.29909555120457,0,6783.16769209495,0,0,0,1.225
163.125,7.69534699155852,1,1,43.6034727538883,156.972501913998,6.30054363949239,0,6787.22014235181,0,0,0,1.225
163.375,7.70107810666135,1,1,43.6395860434088,157.102509756272,6.30199172451421,0,6791.27325521069,0,0,0,1.225
163.625,7.70680448244129,1,1,43.6756777614587,157.232439941251,6.3034398062814,0,6795.32703067917,0,0,0,1.225
163.875,7.71252612955145,1,1,43.7117479614525,157.362292661229,6.3048878848067,0,6799.38146876596,0,0,0,1.225
164.125,7.71824305860461,1,1,43.7477966965969,157.492068107749,6.30633596010375,0,6803.43656948048,0,0,0,1.225
164.375,7.72395528017345,1,1,43.7838240198917,157.62176647161,6.30778403218437,0,6807.4923328307,0,0,0,1.225
164.625,7.72966280479075,1,1,43.8198299841311,157.751387942872,6.30923210106039,0,6811.54875882462,0,0,0,1.225
164.875,7.73536564294958,1,1,43.8558146419048,157.880932710857,6.31068016674681,0,6815.60584747277,0,0,0,1.225
165.125,7.74106380510356,1,1,43.8917780455988,158.010400964156,6.31212822925318,0,6819.66359878132,0,0,0,1.225
165.375,7.74675730166701,1,1,43.927720247397,158.139792890629,6.3135762885945,0,6823.72201276082,0,0,0,1.225
165.625,7.7524461430152,1,1,43.9636412992818,158.269108677414,6.3150243447808,0,6827.78108941783,0,0,0,1.225
165.875,7.75813033948455,1,1,43.9995412530355,158.398348510928,6.3164723978266,0,6831.84082876255,0,0,0,1.225
166.125,7.76380990137281,1,1,44.035420160241,158.527512576868,6.31792044774238,0,6835.90123080189,0,0,0,1.225
166.375,7.7694848389393,1,1,44.0712780722834,158.65660106022,6.31936849454087,0,6839.96229554461,0,0,0,1.225
166.625,7.77515516240506,1,1,44.1071150403506,158.785614145262,6.32081653823434,0,6844.0240229991,0,0,0,1.225
166.875,7.7808208819531,1,1,44.1429311154345,158.914552015564,6.32226457883553,0,6848.08641317413,0,0,0,1.225
167.125,7.78648200772859,1,1,44.1787263483318,159.043414853995,6.32371261635444,0,6852.14946607628,0,0,0,1.225
167.375,7.79213854983902,1,1,44.2145007896457,159.172202842725,6.32516065080472,0,6856.21318171505,0,0,0,1.225
167.625,7.79779051835445,1,1,44.2502544897861,159.30091616323,6.32660868219909,0,6860.27756009923,0,0,0,1.225
167.875,7.80343792330765,1,1,44.285987498971,159.429554996296,6.32805671054757,0,6864.3426012354,0,0,0,1.225
168.125,7.80908077469435,1,1,44.3216998672278,159.55811952202,6.32950473586288,0,6868.40830513238,0,0,0,1.225
168.375,7.8147190824734,1,1,44.3573916443937,159.686609919817,6.3309527581564,0,6872.47467179785,0,0,0,1.225
168.625,7.82035285656693,1,1,44.393062880117,159.815026368421,6.33240077744085,0,6876.54170124062,0,0,0,1.225
168.875,7.82598210686063,1,1,44.4287136238583,159.94336904589,6.33384879372625,0,6880.60939346731,0,0,0,1.225
169.125,7.83160684320383,1,1,44.4643439248912,160.071638129608,6.33529680702668,0,6884.67774848783,0,0,0,1.225
169.375,7.83722707540978,1,1,44.499953832303,160.199833796291,6.33674481735034,0,6888.74676630735,0,0,0,1.225
169.625,7.84284281325577,1,1,44.5355433949965,160.327956221987,6.33819282471268,0,6892.81644693689,0,0,0,1.225
169.875,7.84845406648336,1,1,44.5711126616901,160.456005582084,6.33964082912235,0,6896.88679038199,0,0,0,1.225
170.125,7.85406084479854,1,1,44.6066616809194,160.58398205131,6.34108883059071,0,6900.95779665039,0,0,0,1.225
170.375,7.85966315787191,1,1,44.6421905010376,160.711885803735,6.34253682913095,0,6905.0294657513,0,0,0,1.225
170.625,7.86526101533886,1,1,44.6776991702169,160.839717012781,6.34398482475353,0,6909.10179769175,0,0,0,1.225
170.875,7.87085442679978,1,1,44.7131877364493,160.967475851217,6.34543281746846,0,6913.17479247839,0,0,0,1.225
171.125,7.8764434018202,1,1,44.7486562475472,161.09516249117,6.34688080728893,0,6917.24845012045,0,0,0,1.225
171.375,7.882027949931,1,1,44.784104751145,161.222777104122,6.34832879422493,0,6921.32277062459,0,0,0,1.225
171.625,7.88760808062855,1,1,44.8195332946993,161.350319860917,6.34977677828965,0,6925.39775400006,0,0,0,1.225
171.875,7.89318380337492,1,1,44.8549419254902,161.477790931765,6.35122475949038,0,6929.47340025135,0,0,0,1.225
172.125,7.89875512759803,1,1,44.8903306906224,161.605190486241,6.3526727378412,0,6933.54970938843,0,0,0,1.225
172.375,7.90432206269185,1,1,44.9256996370255,161.732518693292,6.35412071335168,0,6937.62668141763,0,0,0,1.225
172.625,7.90988461801654,1,1,44.9610488114554,161.85977572124,6.35556868603408,0,6941.70431634747,0,0,0,1.225
172.875,7.91544280289863,1,1,44.9963782604952,161.986961737783,6.35701665589841,0,6945.78261418466,0,0,0,1.225
173.125,7.92099662663121,1,1,45.0316880305555,162.11407691,6.35846462295422,0,6949.86157493554,0,0,0,1.225
173.375,7.92654609847408,1,1,45.0669781678761,162.241121404354,6.35991258721515,0,6953.94119860975,0,0,0,1.225
173.625,7.93209122765391,1,1,45.1022487185261,162.368095386694,6.36136054868848,0,6958.02148521182,0,0,0,1.225
173.875,7.93763202336443,1,1,45.1374997284056,162.49499902226,6.36280850738831,0,6962.10243475175,0,0,0,1.225
174.125,7.94316849476658,1,1,45.1727312432455,162.621832475684,6.36425646332236,0,6966.18404723445,0,0,0,1.225
174.375,7.94870065098867,1,1,45.2079433086095,162.748595910994,6.36570441650383,0,6970.26632266921,0,0,0,1.225
174.625,7.95422850112655,1,1,45.2431359698939,162.875289491618,6.3671523669409,0,6974.34926106131,0,0,0,1.225
174.875,7.95975205424378,1,1,45.2783092723293,163.001913380386,6.36860031464676,0,6978.43286242005,0,0,0,1.225
175.125,7.96527131937178,1,1,45.313463260981,163.128467739532,6.37004825962867,0,6982.51712674999,0,0,0,1.225
175.375,7.97078630550999,1,1,45.3485979807497,163.254952730699,6.37149620189848,0,6986.60205405934,0,0,0,1.225
175.625,7.97629702162604,1,1,45.3837134763727,163.381368514942,6.37294414146709,0,6990.68764435559,0,0,0,1.225
175.875,7.98180347665588,1,1,45.4188097924246,163.507715252729,6.3743920783445,0,6994.77389764551,0,0,0,1.225
176.125,7.98730567950398,1,1,45.453886973318,163.633993103945,6.3758400125389,0,6998.86081393441,0,0,0,1.225
176.375,7.99280363904344,1,1,45.4889450633043,163.760202227896,6.37728794406394,0,7002.94839323197,0,0,0,1.225
176.625,7.9982973641162,1,1,45.5239841064748,163.886342783309,6.3787358729287,0,7007.03663554425,0,0,0,1.225
176.875,8.00378686353313,1,1,45.559004146761,164.01241492834,6.38018379914229,0,7011.12554087729,0,0,0,1.225
177.125,8.00927214607422,1,1,45.5940052279359,164.138418820569,6.3816317227147,0,7015.2151092379,0,0,0,1.225
177.375,8.01475322048875,1,1,45.6289873936146,164.264354617013,6.38307964365595,0,7019.30534063286,0,0,0,1.225
177.625,8.02023009549539,1,1,45.6639506872549,164.390222474118,6.38452756197694,0,7023.3962350697,0,0,0,1.225
177.875,8.0257027797824,1,1,45.6988951521584,164.51602254777,6.38597547768677,0,7027.48779255449,0,0,0,1.225
178.125,8.03117128200773,1,1,45.733820831471,164.641754993296,6.38742339079545,0,7031.58001309403,0,0,0,1.225
178.375,8.03663561079922,1,1,45.7687277681838,164.767419965462,6.38887130131297,0,7035.67289669515,0,0,0,1.225
178.625,8.04209577475473,1,1,45.8036160051339,164.893017618482,6.39031920924845,0,7039.76644336392,0,0,0,1.225
178.875,8.04755178244224,1,1,45.8384855850051,165.018548106018,6.39176711461278,0,7043.86065310789,0,0,0,1.225
179.125,8.05300364240006,1,1,45.8733365503288,165.144011581184,6.39321501741506,0,7047.95552593317,0,0,0,1.225
179.375,8.05845136313696,1,1,45.9081689434843,165.269408196544,6.39466291766439,0,7052.05106184585,0,0,0,1.225
179.625,8.06389495313229,1,1,45.9429828067003,165.394738104121,6.39611081536987,0,7056.14726085204,0,0,0,1.225
179.875,8.06933442083612,1,1,45.9777781820548,165.520001455397,6.39755871054422,0,7060.24412296075,0,0,0,1.225
180.125,8.07476977466942,1,1,46.0125551114766,165.645198401316,6.3990066031929,0,7064.3416481752,0,0,0,1.225
180.375,8.08020102302418,1,1,46.0473136367454,165.770329092283,6.40045449332774,0,7068.43983650368,0,0,0,1.225
180.625,8.08562817426352,1,1,46.082053799493,165.895393678175,6.40190238095693,0,7072.53868795159,0,0,0,1.225
180.875,8.09105123672189,1,1,46.1167756412038,166.020392308334,6.40335026609046,0,7076.63820252578,0,0,0,1.225
181.125,8.09647021870516,1,1,46.1514792032156,166.145325131576,6.40479814873652,0,7080.73838023166,0,0,0,1.225
181.375,8.10188512849077,1,1,46.18616452672,166.270192296192,6.40624602890603,0,7084.83922107682,0,0,0,1.225
181.625,8.10729597432787,1,1,46.2208316527638,166.39499394995,6.40769390660716,0,7088.94072506667,0,0,0,1.225
181.875,8.11270276443748,1,1,46.2554806222489,166.519730240096,6.40914178184994,0,7093.04289220808,0,0,0,1.225
182.125,8.11810550701257,1,1,46.2901114759337,166.644401313361,6.41058965464163,0,7097.14572250575,0,0,0,1.225
182.375,8.12350421021824,1,1,46.3247242544332,166.76900731596,6.41203752499405,0,7101.24921596801,0,0,0,1.225
182.625,8.12889888219183,1,1,46.3593189982203,166.893548393593,6.41348539291357,0,7105.35337259883,0,0,0,1.225
182.875,8.13428953104307,1,1,46.3938957476259,167.018024691453,6.41493325840929,0,7109.45819240439,0,0,0,1.225
183.125,8.13967616485419,1,1,46.42845454284,167.142436354224,6.41638112149212,0,7113.56367539228,0,0,0,1.225
183.375,8.14505879168009,1,1,46.4629954239121,167.266783526083,6.41782898216934,0,7117.66982156724,0,0,0,1.225
183.625,8.1504374195484,1,1,46.4975184307521,167.391066350707,6.41927684045095,0,7121.77663093616,0,0,0,1.225
183.875,8.15581205645969,1,1,46.5320236031308,167.515284971271,6.42072469634331,0,7125.88410350304,0,0,0,1.225
184.125,8.16118271038755,1,1,46.5665109806809,167.639439530451,6.42217254985735,0,7129.9922392755,0,0,0,1.225
184.375,8.16654938927872,1,1,46.6009806028971,167.76353017043,6.42362040100306,0,7134.10103826048,0,0,0,1.225
184.625,8.17191210105324,1,1,46.6354325091372,167.887557032894,6.42506824978591,0,7138.21050046123,0,0,0,1.225
184.875,8.17727085360454,1,1,46.6698667386226,168.011520259041,6.42651609621498,0,7142.32062588396,0,0,0,1.225
185.125,8.18262565479962,1,1,46.7042833304389,168.13541998958,6.42796394030029,0,7146.43141453559,0,0,0,1.225
185.375,8.1879765124791,1,1,46.7386823235369,168.259256364733,6.42941178205092,0,7150.54286642232,0,0,0,1.225
185.625,8.19332343445743,1,1,46.7730637567327,168.383029524238,6.43085962147234,0,7154.65498154746,0,0,0,1.225
185.875,8.19866642852293,1,1,46.8074276687087,168.506739607351,6.43230745857545,0,7158.76775991865,0,0,0,1.225
186.125,8.20400550243798,1,1,46.8417740980141,168.630386752851,6.43375529336754,0,7162.88120154065,0,0,0,1.225
186.375,8.2093406639391,1,1,46.8761030830656,168.753971099036,6.4352031258577,0,7166.99530641969,0,0,0,1.225
186.625,8.21467192073708,1,1,46.910414662148,168.877492783733,6.4366509560532,0,7171.11007456054,0,0,0,1.225
186.875,8.2199992805171,1,1,46.9447088734148,169.000951944293,6.43809878396223,0,7175.22550596867,0,0,0,1.225
187.125,8.22532275093887,1,1,46.978985754889,169.1243487176,6.4395466095948,0,7179.34160065106,0,0,0,1.225
187.375,8.23064233963673,1,1,47.0132453444633,169.247683240068,6.44099443295727,0,7183.45835861174,0,0,0,1.225
187.625,8.23595805421976,1,1,47.0474876799012,169.370955647644,6.44244225405782,0,7187.57577985624,0,0,0,1.225
187.875,8.2412699022719,1,1,47.0817127988372,169.494166075814,6.44389007290465,0,7191.69386439005,0,0,0,1.225
188.125,8.2465778913521,1,1,47.1159207387778,169.6173146596,6.44533788950594,0,7195.81261221869,0,0,0,1.225
188.375,8.25188202899438,1,1,47.1501115371018,169.740401533566,6.44678570387077,0,7199.93202334842,0,0,0,1.225
188.625,8.257182322708,1,1,47.1842852310609,169.863426831819,6.44823351600553,0,7204.05209778329,0,0,0,1.225
188.875,8.26247877997753,1,1,47.2184418577804,169.98639068801,6.44968132591839,0,7208.17283552883,0,0,0,1.225
189.125,8.26777140826301,1,1,47.25258145426,170.109293235336,6.45112913361754,0,7212.29423659057,0,0,0,1.225
189.375,8.273060215,1,1,47.2867040573738,170.232134606546,6.45257693911026,0,7216.41630097333,0,0,0,1.225
189.625,8.27834520759976,1,1,47.3208097038717,170.354914933938,6.45402474240473,0,7220.53902868263,0,0,0,1.225
189.875,8.28362639344931,1,1,47.354898430379,170.477634349364,6.45547254350731,0,7224.66241972255,0,0,0,1.225
190.125,8.28890377991159,1,1,47.388970273398,170.600292984233,6.45692034242802,0,7228.78647410011,0,0,0,1.225
190.375,8.2941773743255,1,1,47.4230252693077,170.722890969508,6.45836813917413,0,7232.91119182011,0,0,0,1.225
190.625,8.29944718400609,1,1,47.457063454365,170.845428435714,6.45981593375109,0,7237.03657288593,0,0,0,1.225
190.875,8.30471321624463,1,1,47.491084864705,170.967905512938,6.461263726168,0,7241.16261730385,0,0,0,1.225
191.125,8.30997547830869,1,1,47.5250895363413,171.090322330829,6.46271151643214,0,7245.28932507869,0,0,0,1.225
191.375,8.3152339774423,1,1,47.5590775051672,171.212679018602,6.46415930454987,0,7249.41669621457,0,0,0,1.225
191.625,8.32048872086605,1,1,47.5930488069558,171.334975705041,6.46560709052937,0,7253.54473071705,0,0,0,1.225
191.875,8.32573971577716,1,1,47.6270034773604,171.457212518497,6.46705487437794,0,7257.67342859096,0,0,0,1.225
192.125,8.3309869693496,1,1,47.6609415519157,171.579389586896,6.46850265610374,0,7261.80278984188,0,0,0,1.225
192.375,8.33623048873423,1,1,47.6948630660376,171.701507037735,6.46995043571314,0,7265.93281447394,0,0,0,1.225
192.625,8.34147028105887,1,1,47.7287680550243,171.823564998087,6.47139821321434,0,7270.06350249269,0,0,0,1.225
192.875,8.34670635342841,1,1,47.7626565540566,171.945563594604,6.47284598861188,0,7274.19485390083,0,0,0,1.225
193.125,8.3519387129249,1,1,47.7965285981984,172.067502953514,6.47429376191576,0,7278.32686870538,0,0,0,1.225
193.375,8.35716736660772,1,1,47.8303842223973,172.18938320063,6.47574153313144,0,7282.45954690976,0,0,0,1.225
193.625,8.36239232151356,1,1,47.8642234614854,172.311204461347,6.4771893022662,0,7286.59288851882,0,0,0,1.225
193.875,8.36761358465666,1,1,47.8980463501791,172.432966860645,6.47863706932731,0,7290.72689353743,0,0,0,1.225
194.125,8.37283116302881,1,1,47.9318529230805,172.55467052309,6.48008483432295,0,7294.86156197119,0,0,0,1.225
194.375,8.37804506359948,1,1,47.9656432146772,172.676315572838,6.48153259725677,0,7298.99689382207,0,0,0,1.225
194.625,8.38325529331596,1,1,47.9994172593435,172.797902133637,6.48298035813968,0,7303.13288909784,0,0,0,1.225
194.875,8.3884618591034,1,1,48.0331750913402,172.919430328825,6.48442811697532,0,7307.26954780048,0,0,0,1.225
195.125,8.39366476786492,1,1,48.0669167448155,173.040900281336,6.48587587377096,0,7311.40686993487,0,0,0,1.225
195.375,8.39886402648176,1,1,48.1006422538058,173.162312113701,6.48732362853571,0,7315.54485550734,0,0,0,1.225
195.625,8.40405964181332,1,1,48.1343516522354,173.283665948047,6.48877138127227,0,7319.68350451916,0,0,0,1.225
195.875,8.40925162069727,1,1,48.1680449739178,173.404961906104,6.49021913199158,0,7323.82281697812,0,0,0,1.225
196.125,8.41443996994966,1,1,48.2017222525559,173.526200109201,6.49166688069636,0,7327.96279288549,0,0,0,1.225
196.375,8.41962469636503,1,1,48.2353835217423,173.647380678272,6.4931146273957,0,7332.1034322476,0,0,0,1.225
196.625,8.42480580671645,1,1,48.26902881496,173.768503733856,6.49456237209506,0,7336.24473506791,0,0,0,1.225
196.875,8.42998330775568,1,1,48.302658165583,173.889569396099,6.49601011480172,0,7340.38670135132,0,0,0,1.225
197.125,8.43515720621323,1,1,48.3362716068766,174.010577784756,6.49745785552204,0,7344.52933110201,0,0,0,1.225
197.375,8.44032750879845,1,1,48.3698691719979,174.131529019192,6.4989055942624,0,7348.67262432417,0,0,0,1.225
197.625,8.44549422219963,1,1,48.4034508939963,174.252423218387,6.50035333102824,0,7352.81658102124,0,0,0,1.225
197.875,8.45065735308411,1,1,48.4370168058142,174.373260500931,6.50180106582684,0,7356.96120119815,0,0,0,1.225
198.125,8.45581690809835,1,1,48.4705669402871,174.494040985033,6.50324879866366,0,7361.10648485836,0,0,0,1.225
198.375,8.46097289386803,1,1,48.5041013301443,174.614764788519,6.50469652954507,0,7365.25243200606,0,0,0,1.225
198.625,8.46612531699814,1,1,48.5376200080093,174.735432028834,6.50614425847743,0,7369.39904264545,0,0,0,1.225
198.875,8.47127418407307,1,1,48.5711230064006,174.856042823042,6.50759198546803,0,7373.54631678145,0,0,0,1.225
199.125,8.47641950165671,1,1,48.6046103577314,174.976597287833,6.50903971052048,0,7377.69425441609,0,0,0,1.225
199.375,8.48156127629253,1,1,48.638082094311,175.097095539519,6.51048743364299,0,7381.84285555503,0,0,0,1.225
199.625,8.48669951450367,1,1,48.6715382483444,175.21753769404,6.5119351548401,0,7385.99212020101,0,0,0,1.225
199.875,8.49183422279301,1,1,48.7049788519335,175.337923866961,6.51338287412091,0,7390.14204836043,0,0,0,1.225
200.125,8.49696540764331,1,1,48.7384039370771,175.458254173478,6.51483059148723,0,7394.29264003386,0,0,0,1.225
200.375,8.50209307551726,1,1,48.7718135356714,175.578528728417,6.51627830694633,0,7398.44389522626,0,0,0,1.225
200.625,8.50721723285754,1,1,48.8052076795107,175.698747646238,6.51772602050551,0,7402.59581394256,0,0,0,1.225
200.875,8.51233788608699,1,1,48.8385864002874,175.818911041035,6.51917373216838,0,7406.7483961848,0,0,0,1.225
201.125,8.51745504160861,1,1,48.871949729593,175.939019026535,6.52062144194315,0,7410.90164195867,0,0,0,1.225
201.375,8.52256870580569,1,1,48.9052976989181,176.059071716105,6.52206914983435,0,7415.05555126693,0,0,0,1.225
201.625,8.52767888504189,1,1,48.9386303396532,176.179069222752,6.52351685584745,0,7419.21012411308,0,0,0,1.225
201.875,8.53278558566133,1,1,48.9719476830888,176.29901165912,6.52496455998698,0,7423.36536049991,0,0,0,1.225
202.125,8.53788881398865,1,1,49.005249760416,176.418899137497,6.52641226226115,0,7427.5212604331,0,0,0,1.225
202.375,8.54298857632913,1,1,49.0385366027269,176.538731769817,6.52785996267448,0,7431.67782391544,0,0,0,1.225
202.625,8.54808487896874,1,1,49.0718082410151,176.658509667654,6.52930766123154,0,7435.8350509497,0,0,0,1.225
202.875,8.55317772817424,1,1,49.1050647061762,176.778232942234,6.53075535793778,0,7439.99294153941,0,0,0,1.225
203.125,8.55826713019325,1,1,49.1383060290079,176.897901704428,6.53220305280047,0,7444.15149568952,0,0,0,1.225
203.375,8.56335309125437,1,1,49.1715322402108,177.017516064759,6.53365074582325,0,7448.31071340212,0,0,0,1.225
203.625,8.5684356175672,1,1,49.2047433703886,177.137076133399,6.53509843701249,0,7452.47059468145,0,0,0,1.225
203.875,8.57351471532248,1,1,49.2379394500485,177.256582020175,6.53654612637456,0,7456.63113953176,0,0,0,1.225
204.125,8.57859039069212,1,1,49.271120509602,177.376033834567,6.53799381391218,0,7460.79234795439,0,0,0,1.225
204.375,8.58366264982933,1,1,49.3042865793645,177.495431685712,6.53944149963172,0,7464.9542199536,0,0,0,1.225
204.625,8.58873149886867,1,1,49.3374376895568,177.614775682404,6.54088918353773,0,7469.1167555322,0,0,0,1.225
204.875,8.59379694392612,1,1,49.3705738703045,177.734065933096,6.54233686563748,0,7473.27995469517,0,0,0,1.225
205.125,8.59885899109918,1,1,49.403695151639,177.853302545901,6.54378454593461,0,7477.44381744459,0,0,0,1.225
205.375,8.60391764646696,1,1,49.436801563498,177.972485628593,6.54523222443459,0,7481.60834378402,0,0,0,1.225
205.625,8.60897291609021,1,1,49.4698931357252,178.091615288611,6.54667990114194,0,7485.77353371624,0,0,0,1.225
205.875,8.61402480601145,1,1,49.5029698980715,178.210691633057,6.54812757606123,0,7489.9393872441,0,0,0,1.225
206.125,8.61907332225502,1,1,49.5360318801949,178.329714768702,6.54957524919882,0,7494.10590437185,0,0,0,1.225
206.375,8.62411847082715,1,1,49.5690791116612,178.44868480198,6.55102292055926,0,7498.27308510231,0,0,0,1.225
206.625,8.62916025771608,1,1,49.6021116219441,178.567601838999,6.5524705901471,0,7502.44092943832,0,0,0,1.225
206.875,8.63419868889207,1,1,49.6351294404259,178.686465985533,6.55391825796687,0,7506.60943738269,0,0,0,1.225
207.125,8.63923377030752,1,1,49.6681325963975,178.805277347031,6.55536592402404,0,7510.77860893898,0,0,0,1.225
207.375,8.64426550789704,1,1,49.7011211190594,178.924036028614,6.55681358832317,0,7514.94844411002,0,0,0,1.225
207.625,8.64929390757753,1,1,49.7340950375214,179.042742135077,6.55826125086878,0,7519.11894289864,0,0,0,1.225
207.875,8.65431897524822,1,1,49.7670543808034,179.161395770892,6.55970891166453,0,7523.29010530695,0,0,0,1.225
208.125,8.65934071679079,1,1,49.7999991778358,179.279997040209,6.56115657071769,0,7527.46193133995,0,0,0,1.225
208.375,8.66435913806941,1,1,49.8329294574594,179.398546046854,6.56260422803189,0,7531.63442099978,0,0,0,1.225
208.625,8.66937424493083,1,1,49.8658452484267,179.517042894336,6.56405188361077,0,7535.80757428853,0,0,0,1.225
208.875,8.67438604320445,1,1,49.8987465794012,179.635487685844,6.5654995374598,0,7539.98139120978,0,0,0,1.225
209.125,8.67939453870238,1,1,49.9316334789587,179.753880524251,6.56694718958261,0,7544.15587176564,0,0,0,1.225
209.375,8.68439973721952,1,1,49.9645059755869,179.872221512113,6.56839483998374,0,7548.33101595896,0,0,0,1.225
209.625,8.68940164453366,1,1,49.9973640976864,179.990510751671,6.56984248866866,0,7552.50682379332,0,0,0,1.225
209.875,8.69440026640551,1,1,50.0302078735707,180.108748344855,6.57129013564099,0,7556.68329527084,0,0,0,1.225
210.125,8.69939560857876,1,1,50.0630373314668,180.22693439328,6.5727377809053,0,7560.86043039436,0,0,0,1.225
210.375,8.70438767678023,1,1,50.0958524995152,180.345068998255,6.57418542446521,0,7565.03822916603,0,0,0,1.225
210.625,8.70937647671983,1,1,50.1286534057706,180.463152260774,6.57563306632437,0,7569.21669158796,0,0,0,1.225
210.875,8.71436201409073,1,1,50.1614400782023,180.581184281528,6.57708070649005,0,7573.3958176652,0,0,0,1.225
211.125,8.71934429456937,1,1,50.1942125446943,180.699165160899,6.57852834496407,0,7577.57560739842,0,0,0,1.225
211.375,8.72432332381553,1,1,50.2269708330457,180.817094998965,6.57997598175189,0,7581.75606079121,0,0,0,1.225
211.625,8.72929910747244,1,1,50.2597149709713,180.934973895497,6.58142361685623,0,7585.93717784499,0,0,0,1.225
211.875,8.7342716511668,1,1,50.2924449861016,181.052801949966,6.58287125028164,0,7590.11895856262,0,0,0,1.225
212.125,8.73924096050887,1,1,50.3251609059836,181.170579261541,6.58431888203268,0,7594.30140294696,0,0,0,1.225
212.375,8.74420704109256,1,1,50.3578627580805,181.28830592909,6.58576651211297,0,7598.48451100016,0,0,0,1.225
212.625,8.74916989849546,1,1,50.3905505697728,181.405982051182,6.58721414052616,0,7602.66828272437,0,0,0,1.225
212.875,8.7541295382789,1,1,50.4232243683581,181.523607726089,6.58866176727588,0,7606.85271812172,0,0,0,1.225
213.125,8.75908596598807,1,1,50.4558841810516,181.641183051786,6.59010939236759,0,7611.03781719582,0,0,0,1.225
213.375,8.76403918715204,1,1,50.4885300349865,181.758708125952,6.59155701580312,0,7615.22357994737,0,0,0,1.225
213.625,8.76898920728383,1,1,50.5211619572144,181.876183045972,6.59300463758882,0,7619.41000638069,0,0,0,1.225
213.875,8.7739360318805,1,1,50.5537799747053,181.993607908939,6.59445225772561,0,7623.59709649576,0,0,0,1.225
214.125,8.7788796664232,1,1,50.5863841143484,182.110982811654,6.59589987621985,0,7627.78485029692,0,0,0,1.225
214.375,8.78382011637722,1,1,50.6189744029521,182.228307850628,6.59734749307336,0,7631.97326778486,0,0,0,1.225
214.625,8.78875738719208,1,1,50.6515508672446,182.345583122081,6.59879510829069,0,7636.16234896248,0,0,0,1.225
214.875,8.79369148430158,1,1,50.6841135338738,182.462808721946,6.60024272187638,0,7640.35209383265,0,0,0,1.225
215.125,8.79862241312387,1,1,50.7166624294081,182.579984745869,6.60169033383045,0,7644.54250239464,0,0,0,1.225
215.375,8.80355017906149,1,1,50.7491975803365,182.697111289211,6.60313794416015,0,7648.7335746535,0,0,0,1.225
215.625,8.80847478750149,1,1,50.781719013069,182.814188447048,6.60458555286732,0,7652.92531060996,0,0,0,1.225
215.875,8.81339624381543,1,1,50.8142267539367,182.931216314172,6.6060331599565,0,7657.1177102669,0,0,0,1.225
216.125,8.81831455335947,1,1,50.8467208291925,183.048194985093,6.60748076543041,0,7661.31077362577,0,0,0,1.225
216.375,8.82322972147444,1,1,50.8792012650112,183.16512455404,6.6089283692927,0,7665.50450068873,0,0,0,1.225
216.625,8.82814175348588,1,1,50.9116680874898,183.282005114963,6.61037597154609,0,7669.69889145723,0,0,0,1.225
216.875,8.83305065470412,1,1,50.9441213226479,183.398836761532,6.61182357219332,0,7673.89394593272,0,0,0,1.225
217.125,8.83795643042435,1,1,50.9765609964278,183.51561958714,6.61327117123983,0,7678.08966411881,0,0,0,1.225
217.375,8.84285908592663,1,1,51.0089871346953,183.632353684903,6.61471876868927,0,7682.28604601769,0,0,0,1.225
217.625,8.84775862647603,1,1,51.0413997632394,183.749039147662,6.61616636454164,0,7686.48309162862,0,0,0,1.225
217.875,8.8526550573226,1,1,51.0737989077732,183.865676067983,6.61761395880058,0,7690.68080095379,0,0,0,1.225
218.125,8.85754838370151,1,1,51.1061845939336,183.982264538161,6.61906155147335,0,7694.87917399828,0,0,0,1.225
218.375,8.86243861083306,1,1,51.1385568472823,184.098804650216,6.62050914255815,0,7699.0782107599,0,0,0,1.225
218.625,8.86732574392277,1,1,51.1709156933055,184.2152964959,6.62195673206134,0,7703.27791124303,0,0,0,1.225
218.875,8.8722097881614,1,1,51.2032611574145,184.331740166692,6.62340431998382,0,7707.47827544765,0,0,0,1.225
219.125,8.87709074872506,1,1,51.2355932649459,184.448135753805,6.62485190633015,0,7711.6793033767,0,0,0,1.225
219.375,8.88196863077522,1,1,51.2679120411621,184.564483348183,6.62629949110305,0,7715.88099503162,0,0,0,1.225
219.625,8.88684343945879,1,1,51.3002175112512,184.680783040504,6.62774707430435,0,7720.08335041315,0,0,0,1.225
219.875,8.89171517990819,1,1,51.3325097003277,184.79703492118,6.62919465593768,0,7724.28636952348,0,0,0,1.225
220.125,8.89658385724139,1,1,51.3647886334328,184.913239080358,6.63064223600577,0,7728.49005236407,0,0,0,1.225
220.375,8.90144947656196,1,1,51.3970543355342,185.029395607923,6.63208981451226,0,7732.69439893711,0,0,0,1.225
220.625,8.90631204295916,1,1,51.429306831527,185.145504593497,6.63353739145896,0,7736.89940924334,0,0,0,1.225
220.875,8.91117156150795,1,1,51.4615461462336,185.261566126441,6.63498496684861,0,7741.10508328424,0,0,0,1.225
221.125,8.91602803726908,1,1,51.4937723044041,185.377580295855,6.63643254068393,0,7745.31142106126,0,0,0,1.225
221.375,8.92088147528915,1,1,51.5259853307166,185.49354719058,6.63788011296856,0,7749.5184225766,0,0,0,1.225
221.625,8.92573188060064,1,1,51.5581852497777,185.6094668992,6.63932768370341,0,7753.72608783028,0,0,0,1.225
221.875,8.93057925822198,1,1,51.5903720861222,185.72533951004,6.64077525289304,0,7757.93441682523,0,0,0,1.225
222.125,8.9354236131576,1,1,51.6225458642142,185.841165111171,6.64222282053925,0,7762.14340956218,0,0,0,1.225
222.375,8.940264950398,1,1,51.6547066084466,185.956943790408,6.64367038664295,0,7766.35306604118,0,0,0,1.225
222.625,8.94510327491979,1,1,51.6868543431418,186.072675635311,6.64511795121052,0,7770.56338626658,0,0,0,1.225
222.875,8.94993859168573,1,1,51.7189890925521,186.188360733187,6.64656551424014,0,7774.77437023624,0,0,0,1.225
223.125,8.95477090564483,1,1,51.7511108808595,186.303999171094,6.64801307573634,0,7778.9860179531,0,0,0,1.225
223.375,8.95960022173235,1,1,51.7832197321765,186.419591035835,6.64946063570187,0,7783.19832941861,0,0,0,1.225
223.625,8.96442654486989,1,1,51.815315670546,186.535136413966,6.65090819413854,0,7787.41130463355,0,0,0,1.225
223.875,8.96924987996544,1,1,51.8473987199419,186.650635391791,6.65235575104816,0,7791.62494359866,0,0,0,1.225
224.125,8.9740702319134,1,1,51.8794689042689,186.766088055368,6.65380330643438,0,7795.83924631615,0,0,0,1.225
224.375,8.97888760559469,1,1,51.9115262473633,186.881494490508,6.6552508602972,0,7800.05421278533,0,0,0,1.225
224.625,8.98370200587675,1,1,51.9435707729929,186.996854782774,6.65669841264116,0,7804.26984300912,0,0,0,1.225
224.875,8.98851343761362,1,1,51.9756025048575,187.112169017487,6.65814596346627,0,7808.48613698685,0,0,0,1.225
225.125,8.99332190564597,1,1,52.007621466589,187.22743727972,6.65959351277706,0,7812.70309472143,0,0,0,1.225
225.375,8.99812741480118,1,1,52.0396276817518,187.342659654306,6.66104106057537,0,7816.92071621365,0,0,0,1.225
225.625,9.00292996989338,1,1,52.0716211738429,187.457836225834,6.66248860686119,0,7821.13900146279,0,0,0,1.225
225.875,9.00772957572349,1,1,52.1036019662924,187.572967078653,6.66393615163815,0,7825.35795047108,0,0,0,1.225
226.125,9.01252623707928,1,1,52.1355700824635,187.688052296869,6.66538369490809,0,7829.57756323928,0,0,0,1.225
226.375,9.01731995873543,1,1,52.167525545653,187.803091964351,6.6668312366719,0,7833.79783976742,0,0,0,1.225
226.625,9.02211074545356,1,1,52.1994683790914,187.918086164729,6.66827877693322,0,7838.01878005773,0,0,0,1.225
226.875,9.02689860198229,1,1,52.2313986059431,188.033034981395,6.66972631569297,0,7842.24038411024,0,0,0,1.225
227.125,9.03168353305731,1,1,52.263316249307,188.147938497505,6.67117385295205,0,7846.462651925,0,0,0,1.225
227.375,9.03646554340138,1,1,52.2952213322164,188.262796795979,6.67262138871592,0,7850.68558350566,0,0,0,1.225
227.625,9.04124463772442,1,1,52.3271138776392,188.377609959501,6.67406892298186,0,7854.90917884938,0,0,0,1.225
227.875,9.04602082072357,1,1,52.3589939084787,188.492378070523,6.67551645575531,0,7859.13343795982,0,0,0,1.225
228.125,9.0507940970832,1,1,52.3908614475731,188.607101211263,6.67696398703447,0,7863.35836083485,0,0,0,1.225
228.375,9.05556447147497,1,1,52.4227165176965,188.721779463707,6.67841151682478,0,7867.58394747814,0,0,0,1.225
228.625,9.0603319485579,1,1,52.4545591415585,188.83641290961,6.67985904512443,0,7871.81019788756,0,0,0,1.225
228.875,9.06509653297838,1,1,52.4863893418048,188.951001630497,6.68130657193797,0,7876.03711206606,0,0,0,1.225
229.125,9.06985822937028,1,1,52.5182071410175,189.065545707663,6.68275409726448,0,7880.26469001222,0,0,0,1.225
229.375,9.07461704235493,1,1,52.5500125617151,189.180045222174,6.6842016211076,0,7884.49293172829,0,0,0,1.225
229.625,9.0793729765412,1,1,52.5818056263529,189.29450025487,6.68564914346734,0,7888.72183721357,0,0,0,1.225
229.875,9.08412603652555,1,1,52.6135863573232,189.408910886364,6.68709666434734,0,7892.9514064703,0,0,0,1.225
230.125,9.08887622689206,1,1,52.6453547769557,189.523277197041,6.68854418374667,0,7897.18163949706,0,0,0,1.225
230.375,9.09362355221251,1,1,52.6771109075174,189.637599267063,6.68999170166808,0,7901.41253629537,0,0,0,1.225
230.625,9.09836801704638,1,1,52.7088547712131,189.751877176367,6.69143921811155,0,7905.64409686453,0,0,0,1.225
230.875,9.10310962594093,1,1,52.7405863901856,189.866111004668,6.69288673308074,0,7909.8763212068,0,0,0,1.225
231.125,9.10784838343123,1,1,52.772305786516,189.980300831457,6.69433424657473,0,7914.10920932075,0,0,0,1.225
231.375,9.11258429404024,1,1,52.8040129822236,190.094446736005,6.69578175859624,0,7918.3427612079,0,0,0,1.225
231.625,9.11731736227879,1,1,52.8357079992667,190.20854879736,6.69722926914528,0,7922.57697686757,0,0,0,1.225
231.875,9.12204759264568,1,1,52.8673908595423,190.322607094352,6.69867677822458,0,7926.81185630126,0,0,0,1.225
232.125,9.12677498962773,1,1,52.8990615848867,190.436621705592,6.70012428583505,0,7931.04739950903,0,0,0,1.225
232.375,9.13149955769977,1,1,52.9307201970754,190.550592709471,6.70157179197668,0,7935.28360649021,0,0,0,1.225
232.625,9.13622130132473,1,1,52.9623667178237,190.664520184165,6.7030192966522,0,7939.5204772463,0,0,0,1.225
232.875,9.14094022495368,1,1,52.9940011687867,190.778404207632,6.70446679986253,0,7943.75801177736,0,0,0,1.225
233.125,9.14565633302587,1,1,53.0256235715596,190.892244857615,6.70591430160675,0,7947.99621008198,0,0,0,1.225
233.375,9.15036962996877,1,1,53.0572339476778,191.00604221164,6.7073618018876,0,7952.23507216168,0,0,0,1.225
233.625,9.1550801201981,1,1,53.0888323186172,191.119796347022,6.70880930070598,0,7956.47459801651,0,0,0,1.225
233.875,9.15978780811791,1,1,53.1204187057948,191.233507340861,6.71025679806189,0,7960.7147876458,0,0,0,1.225
234.125,9.1644926981206,1,1,53.1519931305681,191.347175270045,6.71170429395715,0,7964.95564105033,0,0,0,1.225
234.375,9.16919479458696,1,1,53.1835556142361,191.46080021125,6.71315178839177,0,7969.19715822944,0,0,0,1.225
234.625,9.17389410188621,1,1,53.2151061780392,191.574382240941,6.71459928136755,0,7973.4393391839,0,0,0,1.225
234.875,9.17859062437608,1,1,53.2466448431593,191.687921435374,6.71604677288633,0,7977.68218391451,0,0,0,1.225
235.125,9.18328436640281,1,1,53.2781716307204,191.801417870594,6.71749426294718,0,7981.92569241986,0,0,0,1.225
235.375,9.18797533230119,1,1,53.3096865617885,191.914871622438,6.71894175155012,0,7986.16986469929,0,0,0,1.225
235.625,9.19266352639466,1,1,53.3411896573716,192.028282766538,6.72038923869786,0,7990.41470075431,0,0,0,1.225
235.875,9.19734895299528,1,1,53.3726809384208,192.141651378315,6.72183672439132,0,7994.66020058497,0,0,0,1.225
236.125,9.2020316164038,1,1,53.4041604258294,192.254977532986,6.72328420862959,0,7998.90636418989,0,0,0,1.225
236.375,9.20671152090975,1,1,53.4356281404339,192.368261305562,6.72473169141267,0,8003.15319156839,0,0,0,1.225
236.625,9.21138867079139,1,1,53.467084103014,192.48150277085,6.72617917274329,0,8007.400682722,0,0,0,1.225
236.875,9.21606307031581,1,1,53.4985283342926,192.594702003453,6.72762665262144,0,8011.64883765003,0,0,0,1.225
237.125,9.22073472373899,1,1,53.5299608549364,192.707859077771,6.72907413104713,0,8015.89765635183,0,0,0,1.225
237.375,9.22540363530575,1,1,53.5613816855558,192.820974068001,6.73052160802126,0,8020.14713882746,0,0,0,1.225
237.625,9.23006980924992,1,1,53.5927908467052,192.934047048139,6.73196908354294,0,8024.39728507551,0,0,0,1.225
237.875,9.23473324979427,1,1,53.6241883588831,193.047078091979,6.73341655761396,0,8028.64809509679,0,0,0,1.225
238.125,9.2393939611506,1,1,53.6555742425327,193.160067273118,6.73486403023617,0,8032.89956889207,0,0,0,1.225
238.375,9.24405194751977,1,1,53.6869485180416,193.27301466495,6.73631150140682,0,8037.15170645852,0,0,0,1.225
238.625,9.24870721309176,1,1,53.7183112057423,193.385920340672,6.73775897112864,0,8041.40450779764,0,0,0,1.225
238.875,9.25335976204566,1,1,53.7496623259125,193.498784373285,6.73920643940073,0,8045.65797290804,0,0,0,1.225
239.125,9.25800959854978,1,1,53.7810018987748,193.611606835589,6.74065390622491,0,8049.91210179052,0,0,0,1.225
239.375,9.26265672676162,1,1,53.8123299444976,193.724387800191,6.74210137159753,0,8054.16689444149,0,0,0,1.225
239.625,9.26730115082796,1,1,53.8436464831948,193.837127339501,6.74354883552314,0,8058.42235086393,0,0,0,1.225
239.875,9.27194287488486,1,1,53.8749515349261,193.949825525734,6.74499629800175,0,8062.67847105717,0,0,0,1.225
240.125,9.27658190305774,1,1,53.9062451196974,194.06248243091,6.74644375903063,0,8066.93525501837,0,0,0,1.225
240.375,9.28121823946138,1,1,53.9375272574606,194.175098126858,6.74789121861068,0,8071.19270274759,0,0,0,1.225
240.625,9.28585188819999,1,1,53.9687979681144,194.287672685212,6.74933867674372,0,8075.45081424561,0,0,0,1.225
240.875,9.29048285336722,1,1,54.0000572715038,194.400206177414,6.75078613342885,0,8079.70958951105,0,0,0,1.225
241.125,9.29511113904623,1,1,54.0313051874208,194.512698674715,6.75223358866515,0,8083.96902854251,0,0,0,1.225
241.375,9.29973674930967,1,1,54.0625417356046,194.625150248177,6.75368104245445,0,8088.22913134078,0,0,0,1.225
241.625,9.30435968821981,1,1,54.0937669357413,194.737560968669,6.75512849479401,0,8092.48989790302,0,0,0,1.225
241.875,9.30897995982849,1,1,54.1249808074647,194.849930906873,6.75657594568747,0,8096.75132823147,0,0,0,1.225
242.125,9.3135975681772,1,1,54.156183370356,194.962260133282,6.75802339513211,0,8101.01342232327,0,0,0,1.225
242.375,9.31821251729712,1,1,54.1873746439444,195.0745487182,6.75947084312793,0,8105.27618017778,0,0,0,1.225
242.625,9.32282481120913,1,1,54.218554647707,195.186796731745,6.76091828967492,0,8109.53960179431,0,0,0,1.225
242.875,9.32743445392388,1,1,54.2497234010691,195.299004243849,6.76236573477399,0,8113.80368717293,0,0,0,1.225
243.125,9.3320414494418,1,1,54.2808809234044,195.411171324256,6.76381317842515,0,8118.06843631299,0,0,0,1.225
243.375,9.33664580175316,1,1,54.3120272340351,195.523298042526,6.76526062062567,0,8122.33384921162,0,0,0,1.225
243.625,9.34124751483807,1,1,54.3431623522322,195.635384468036,6.76670806137827,0,8126.59992587035,0,0,0,1.225
243.875,9.34584659266656,1,1,54.3742862972157,195.747430669977,6.76815550068113,0,8130.86666628705,0,0,0,1.225
244.125,9.35044303919859,1,1,54.4053990881547,195.859436717357,6.76960293853244,0,8135.13407045961,0,0,0,1.225
244.375,9.35503685838409,1,1,54.4365007441675,195.971402679003,6.77105037493493,0,8139.40213838953,0,0,0,1.225
244.625,9.35962805416301,1,1,54.4675912843221,196.08332862356,6.77249780988586,0,8143.67087007398,0,0,0,1.225
244.875,9.36421663046531,1,1,54.4986707276359,196.195214619489,6.77394524338524,0,8147.94026551228,0,0,0,1.225
245.125,9.36880259121107,1,1,54.5297390930764,196.307060735075,6.77539267543216,0,8152.21032470304,0,0,0,1.225
245.375,9.37338594031046,1,1,54.560796399561,196.41886703842,6.77684010602934,0,8156.48104764778,0,0,0,1.225
245.625,9.37796668166379,1,1,54.5918426659574,196.530633597447,6.77828753517224,0,8160.75243434219,0,0,0,1.225
245.875,9.38254481916158,1,1,54.6228779110837,196.642360479901,6.77973496286177,0,8165.02448478633,0,0,0,1.225
246.125,9.38712035668455,1,1,54.6539021537085,196.754047753351,6.7811823890961,0,8169.29719897807,0,0,0,1.225
246.375,9.39169329810368,1,1,54.6849154125513,196.865695485185,6.78262981387797,0,8173.57057691894,0,0,0,1.225
246.625,9.39626364728023,1,1,54.7159177062823,196.977303742616,6.78407723720375,0,8177.84461860535,0,0,0,1.225
246.875,9.40083140806578,1,1,54.7469090535231,197.088872592683,6.78552465907433,0,8182.11932403737,0,0,0,1.225
247.125,9.4053965843023,1,1,54.7778894728463,197.200402102247,6.78697207948881,0,8186.39469321359,0,0,0,1.225
247.375,9.40995917982209,1,1,54.8088589827763,197.311892337994,6.78841949844536,0,8190.67072613189,0,0,0,1.225
247.625,9.41451919844793,1,1,54.8398176017887,197.423343366439,6.789866915944,0,8194.94742279161,0,0,0,1.225
247.875,9.41907664399303,1,1,54.8707653483112,197.53475525392,6.7913143319829,0,8199.22478319061,0,0,0,1.225
248.125,9.42363152026108,1,1,54.9017022407235,197.646128066605,6.79276174656388,0,8203.50280732969,0,0,0,1.225
248.375,9.42818383104633,1,1,54.9326282973574,197.757461870487,6.79420915968331,0,8207.78149520525,0,0,0,1.225
248.625,9.43273358013355,1,1,54.9635435364969,197.868756731389,6.79565657134026,0,8212.06084681591,0,0,0,1.225
248.875,9.43728077129813,1,1,54.9944479763785,197.980012714963,6.79710398153657,0,8216.34086216245,0,0,0,1.225
249.125,9.44182540830606,1,1,55.0253416351917,198.09122988669,6.79855139026859,0,8220.62154124127,0,0,0,1.225
249.375,9.44636749491401,1,1,55.0562245310783,198.202408311882,6.79999879753541,0,8224.90288405099,0,0,0,1.225
249.625,9.45090703486931,1,1,55.0870966821335,198.313548055681,6.80144620333886,0,8229.18489059239,0,0,0,1.225
249.875,9.45544403191003,1,1,55.1179581064056,198.42464918306,6.8028936076762,0,8233.4675608626,0,0,0,1.225
250.125,9.459978489765,1,1,55.148808821896,198.535711758826,6.80434101054379,0,8237.75089485805,0,0,0,1.225
250.375,9.46451041215382,1,1,55.1796488465599,198.646735847616,6.80578841194529,0,8242.03489258098,0,0,0,1.225
250.625,9.46903980278692,1,1,55.2104781983059,198.757721513901,6.80723581187613,0,8246.31955402706,0,0,0,1.225
250.875,9.47356666536557,1,1,55.2412968949966,198.868668821988,6.8086832103354,0,8250.60487919489,0,0,0,1.225
251.125,9.47809100358192,1,1,55.2721049544486,198.979577836015,6.81013060732403,0,8254.89086808454,0,0,0,1.225
251.375,9.48261282111906,1,1,55.3029023944324,199.090448619957,6.81157800283927,0,8259.17752069313,0,0,0,1.225
251.625,9.48713212165098,1,1,55.3336892326732,199.201281237623,6.81302539688022,0,8263.46483701926,0,0,0,1.225
251.875,9.49164890884268,1,1,55.3644654868502,199.312075752661,6.81447278944415,0,8267.75281706008,0,0,0,1.225
252.125,9.49616318635016,1,1,55.3952311745978,199.422832228552,6.81592018053288,0,8272.04146081636,0,0,0,1.225
252.375,9.50067495782045,1,1,55.4259863135046,199.533550728616,6.81736757014278,0,8276.3307682845,0,0,0,1.225
252.625,9.50518422689166,1,1,55.4567309211145,199.644231316012,6.8188149582711,0,8280.62073946166,0,0,0,1.225
252.875,9.50969099719299,1,1,55.4874650149265,199.754874053736,6.82026234492059,0,8284.91137434933,0,0,0,1.225
253.125,9.51419527234477,1,1,55.5181886123948,199.865479004621,6.8217097300867,0,8289.20267294319,0,0,0,1.225
253.375,9.51869705595851,1,1,55.5489017309291,199.976046231345,6.82315711376941,0,8293.49463524256,0,0,0,1.225
253.625,9.52319635163689,1,1,55.5796043878944,200.08657579642,6.82460449596601,0,8297.78726124458,0,0,0,1.225
253.875,9.52769316297382,1,1,55.6102966006117,200.197067762202,6.82605187667559,0,8302.08055094783,0,0,0,1.225
254.125,9.53218749355445,1,1,55.6409783863579,200.307522190889,6.82749925589724,0,8306.37450435091,0,0,0,1.225
254.375,9.53667934695525,1,1,55.6716497623659,200.417939144517,6.82894663362731,0,8310.66912145022,0,0,0,1.225
254.625,9.54116872674395,1,1,55.7023107458246,200.528318684968,6.83039400986763,0,8314.96440224653,0,0,0,1.225
254.875,9.54565563647965,1,1,55.7329613538795,200.638660873966,6.83184138461365,0,8319.26034673551,0,0,0,1.225
255.125,9.55014007971282,1,1,55.7636016036325,200.748965773077,6.83328875786538,0,8323.55695491649,0,0,0,1.225
255.375,9.55462205998533,1,1,55.7942315121422,200.859233443712,6.83473612962098,0,8327.85422678732,0,0,0,1.225
255.625,9.55910158083047,1,1,55.8248510964238,200.969463947126,6.83618349987682,0,8332.1521623444,0,0,0,1.225
255.875,9.563578645773,1,1,55.8554603734498,201.079657344419,6.83763086863382,0,8336.45076158776,0,0,0,1.225
256.125,9.56805325832917,1,1,55.8860593601495,201.189813696538,6.83907823588743,0,8340.75002451309,0,0,0,1.225
256.375,9.57252542200673,1,1,55.9166480734095,201.299933064274,6.84052560163764,0,8345.04995111969,0,0,0,1.225
256.625,9.57699514030498,1,1,55.9472265300739,201.410015508266,6.84197296588445,0,8349.35054140687,0,0,0,1.225
256.875,9.58146241671482,1,1,55.9777947469444,201.520061089,6.84342032862151,0,8353.65179536885,0,0,0,1.225
257.125,9.58592725471871,1,1,56.0083527407802,201.630069866809,6.84486768985153,0,8357.9537130071,0,0,0,1.225
257.375,9.59038965779079,1,1,56.0389005282983,201.740041901874,6.84631504956906,0,8362.25629431659,0,0,0,1.225
257.625,9.59484962939681,1,1,56.0694381261739,201.849977254226,6.8477624077741,0,8366.55953929661,0,0,0,1.225
257.875,9.59930717299425,1,1,56.0999655510403,201.959875983745,6.84920976446392,0,8370.86344794428,0,0,0,1.225
258.125,9.60376229203228,1,1,56.1304828194888,202.06973815016,6.85065711963671,0,8375.16802025745,0,0,0,1.225
258.375,9.60821498995181,1,1,56.1609899480695,202.17956381305,6.85210447329155,0,8379.47325623469,0,0,0,1.225
258.625,9.61266527018556,1,1,56.1914869532907,202.289353031847,6.85355182542389,0,8383.77915587168,0,0,0,1.225
258.875,9.617113136158,1,1,56.2219738516197,202.399105865831,6.85499917603374,0,8388.08571916771,0,0,0,1.225
259.125,9.62155859128545,1,1,56.2524506594823,202.508822374136,6.85644652511837,0,8392.3929461199,0,0,0,1.225
259.375,9.6260016389761,1,1,56.2829173932637,202.618502615749,6.85789387267505,0,8396.70083672535,0,0,0,1.225
259.625,9.63044228262999,1,1,56.3133740693078,202.728146649508,6.85934121870196,0,8401.00939098193,0,0,0,1.225
259.875,9.6348805256391,1,1,56.343820703918,202.837754534105,6.86078856319818,0,8405.3186088882,0,0,0,1.225
260.125,9.63931637138731,1,1,56.3742573133571,202.947326328086,6.86223590616009,0,8409.62849044053,0,0,0,1.225
260.375,9.6437498232505,1,1,56.4046839138474,203.056862089851,6.86368324758496,0,8413.93903563605,0,0,0,1.225
260.625,9.64818088459651,1,1,56.4351005215708,203.166361877655,6.86513058747278,0,8418.25024447404,0,0,0,1.225
260.875,9.65260955878522,1,1,56.4655071526691,203.275825749609,6.866577925819,0,8422.56211695017,0,0,0,1.225
261.125,9.65703584916855,1,1,56.495903823244,203.385253763678,6.86802526262272,0,8426.87465306299,0,0,0,1.225
261.375,9.66145975909046,1,1,56.5262905493573,203.494645977686,6.86947259787939,0,8431.18785280816,0,0,0,1.225
261.625,9.66588129188704,1,1,56.5566673470311,203.604002449312,6.87091993159083,0,8435.50171618643,0,0,0,1.225
261.875,9.6703004508865,1,1,56.5870342322476,203.713323236091,6.87236726375068,0,8439.81624319198,0,0,0,1.225
262.125,9.67471723940919,1,1,56.6173912209499,203.82260839542,6.87381459435619,0,8444.13143382192,0,0,0,1.225
262.375,9.67913166076762,1,1,56.6477383290413,203.931857984549,6.87526192340829,0,8448.44728807628,0,0,0,1.225
262.625,9.68354371826653,1,1,56.6780755723861,204.04107206059,6.87670925090242,0,8452.76380595068,0,0,0,1.225
262.875,9.68795341520286,1,1,56.7084029668095,204.150250680514,6.87815657683586,0,8457.08098744224,0,0,0,1.225
263.125,9.69236075486583,1,1,56.7387205280975,204.259393901151,6.8796039012077,0,8461.39883254952,0,0,0,1.225
263.375,9.69676574053691,1,1,56.7690282719976,204.368501779191,6.8810512240143,0,8465.71734126887,0,0,0,1.225
263.625,9.70116837548988,1,1,56.7993262142182,204.477574371186,6.88249854525202,0,8470.03651359667,0,0,0,1.225
263.875,9.70556866299088,1,1,56.8296143704294,204.586611733546,6.88394586491995,0,8474.35634953148,0,0,0,1.225
264.125,9.70996660629836,1,1,56.8598927562628,204.695613922546,6.88539318301446,0,8478.67684906966,0,0,0,1.225
264.375,9.71436220866317,1,1,56.8901613873114,204.804580994321,6.8868404995319,0,8482.99801220757,0,0,0,1.225
264.625,9.71875547332857,1,1,56.9204202791304,204.91351300487,6.88828781447137,0,8487.31983894377,0,0,0,1.225
264.875,9.72314640353023,1,1,56.9506694472367,205.022410010052,6.88973512783014,0,8491.64232927534,0,0,0,1.225
265.125,9.72753500249631,1,1,56.9809089071092,205.131272065593,6.89118243960456,0,8495.96548319865,0,0,0,1.225
265.375,9.7319212734474,1,1,57.0111386741891,205.240099227081,6.89262974979283,0,8500.28930071152,0,0,0,1.225
265.625,9.73630521959663,1,1,57.04135876388,205.348891549968,6.89407705839039,0,8504.61378180957,0,0,0,1.225
265.875,9.74068684414965,1,1,57.0715691915477,205.457649089572,6.89552436539452,0,8508.9389264899,0,0,0,1.225
266.125,9.74506615030466,1,1,57.1017699725207,205.566371901075,6.89697167080431,0,8513.26473475104,0,0,0,1.225
266.375,9.74944314125244,1,1,57.1319611220902,205.675060039525,6.8984189746152,0,8517.59120658863,0,0,0,1.225
266.625,9.75381782017636,1,1,57.1621426555101,205.783713559836,6.89986627682629,0,8521.91834200119,0,0,0,1.225
266.875,9.75819019025244,1,1,57.1923145879973,205.89233251679,6.90131357743212,0,8526.24614098363,0,0,0,1.225
267.125,9.76256025464931,1,1,57.2224769347318,206.000916965034,6.90276087643088,0,8530.57460353376,0,0,0,1.225
267.375,9.76692801652833,1,1,57.2526297108567,206.109466959084,6.90420817381801,0,8534.90372964719,0,0,0,1.225
267.625,9.7712934790435,1,1,57.2827729314785,206.217982553323,6.90565546959442,0,8539.23351932392,0,0,0,1.225
267.875,9.77565664534158,1,1,57.312906611667,206.326463802001,6.90710276375285,0,8543.56397255738,0,0,0,1.225
268.125,9.78001751856206,1,1,57.3430307664556,206.43491075924,6.90855005629146,0,8547.89508934538,0,0,0,1.225
268.375,9.78437610183719,1,1,57.3731454108414,206.543323479029,6.90999734720845,0,8552.22686968571,0,0,0,1.225
268.625,9.78873239829203,1,1,57.4032505597852,206.651702015227,6.91144463650016,0,8556.55931357471,0,0,0,1.225
268.875,9.79308641104445,1,1,57.4333462282117,206.760046421562,6.91289192416207,0,8560.89242100801,0,0,0,1.225
269.125,9.79743814320515,1,1,57.4634324310098,206.868356751635,6.91433921019416,0,8565.22619198486,0,0,0,1.225
269.375,9.80178759787769,1,1,57.4935091830324,206.976633058917,6.91578649458916,0,8569.56062649867,0,0,0,1.225
269.625,9.80613477815854,1,1,57.5235764990965,207.084875396748,6.91723377734525,0,8573.89572454726,0,0,0,1.225
269.875,9.81047968713704,1,1,57.5536343939839,207.193083818342,6.9186810584597,0,8578.23148612767,0,0,0,1.225
270.125,9.8148223278955,1,1,57.5836828824404,207.301258376785,6.92012833793069,0,8582.56791123769,0,0,0,1.225
270.375,9.81916270350914,1,1,57.6137219791768,207.409399125037,6.92157561575186,0,8586.90499987149,0,0,0,1.225
270.625,9.82350081704619,1,1,57.6437516988684,207.517506115926,6.9230228919223,0,8591.24275202757,0,0,0,1.225
270.875,9.82783667156787,1,1,57.6737720561556,207.62557940216,6.92447016643655,0,8595.58116770082,0,0,0,1.225
271.125,9.83217027012841,1,1,57.7037830656433,207.733619036316,6.92591743929188,0,8599.92024688827,0,0,0,1.225
271.375,9.83650161577511,1,1,57.7337847419019,207.841625070847,6.92736471048738,0,8604.25998958845,0,0,0,1.225
271.625,9.84083071154829,1,1,57.7637770994669,207.949597558081,6.92881198001578,0,8608.60039579477,0,0,0,1.225
271.875,9.84515756048141,1,1,57.7937601528389,208.05753655022,6.93025924787526,0,8612.94146550501,0,0,0,1.225
272.125,9.849482165601,1,1,57.8237339164841,208.165442099343,6.93170651406308,0,8617.28319871621,0,0,0,1.225
272.375,9.85380452992675,1,1,57.8536984048341,208.273314257403,6.93315377857471,0,8621.62559542398,0,0,0,1.225
272.625,9.85812465647148,1,1,57.8836536322864,208.381153076231,6.93460104140649,0,8625.96865562462,0,0,0,1.225
272.875,9.86244254824121,1,1,57.9135996132039,208.488958607534,6.93604830255572,0,8630.31237931519,0,0,0,1.225
273.125,9.86675820823514,1,1,57.9435363619156,208.596730902896,6.93749556201965,0,8634.65676649273,0,0,0,1.225
273.375,9.87107163944569,1,1,57.9734638927164,208.704470013779,6.93894281979101,0,8639.00181715064,0,0,0,1.225
273.625,9.87538284485853,1,1,58.0033822198672,208.812175991522,6.9403900758698,0,8643.34753128815,0,0,0,1.225
273.875,9.87969182745259,1,1,58.0332913575952,208.919848887343,6.94183733025056,0,8647.6939089001,0,0,0,1.225
274.125,9.88399859020008,1,1,58.0631913200939,209.027488752338,6.94328458292966,0,8652.04094998281,0,0,0,1.225
274.375,9.88830313606652,1,1,58.0930821215232,209.135095637484,6.94473183390437,0,8656.38865453332,0,0,0,1.225
274.625,9.89260546801075,1,1,58.1229637760095,209.242669593634,6.94617908317014,0,8660.7370225472,0,0,0,1.225
274.875,9.89690558898497,1,1,58.1528362976457,209.350210671525,6.94762633072241,0,8665.08605402002,0,0,0,1.225
275.125,9.90120350193473,1,1,58.1826997004917,209.45771892177,6.94907357655757,0,8669.4357489481,0,0,0,1.225
275.375,9.90549920979898,1,1,58.2125539985741,209.565194394867,6.95052082067377,0,8673.78610732918,0,0,0,1.225
275.625,9.90979271551008,1,1,58.2423992058865,209.672637141191,6.95196806306558,0,8678.13712915811,0,0,0,1.225
275.875,9.91408402199383,1,1,58.2722353363893,209.780047211002,6.95341530372934,0,8682.48881443118,0,0,0,1.225
276.125,9.91837313216947,1,1,58.3020624040106,209.887424654438,6.95486254266234,0,8686.84116314542,0,0,0,1.225
276.375,9.92266004894971,1,1,58.3318804226451,209.994769521522,6.95630977985729,0,8691.19417529421,0,0,0,1.225
276.625,9.92694477524076,1,1,58.3616894061555,210.10208186216,6.9577570153142,0,8695.54785087675,0,0,0,1.225
276.875,9.93122731394235,1,1,58.3914893683716,210.209361726138,6.95920424902579,0,8699.90218988643,0,0,0,1.225
277.125,9.93550766794774,1,1,58.4212803230908,210.316609163127,6.96065148099115,0,8704.2571923217,0,0,0,1.225
277.375,9.93978584014372,1,1,58.4510622840783,210.423824222682,6.962098711203,0,8708.61285817595,0,0,0,1.225
277.625,9.94406183341071,1,1,58.4808352650671,210.531006954242,6.96354593965953,0,8712.96918744692,0,0,0,1.225
277.875,9.94833565062266,1,1,58.510599279758,210.638157407129,6.96499316635527,0,8717.32618012943,0,0,0,1.225
278.125,9.95260729464717,1,1,58.5403543418199,210.745275630552,6.96644039128842,0,8721.68383622121,0,0,0,1.225
278.375,9.95687676834549,1,1,58.5701004648897,210.852361673603,6.96788761445259,0,8726.04215571638,0,0,0,1.225
278.625,9.96114407457249,1,1,58.5998376625724,210.959415585261,6.96933483584326,0,8730.40113861046,0,0,0,1.225
278.875,9.96540921617673,1,1,58.6295659484416,211.06643741439,6.97078205545768,0,8734.76078490047,0,0,0,1.225
279.125,9.96967219600047,1,1,58.6592853360391,211.173427209741,6.97222927329221,0,8739.12109458267,0,0,0,1.225
279.375,9.97393301687967,1,1,58.6889958388752,211.280385019951,6.97367648934141,0,8743.48206765188,0,0,0,1.225
279.625,9.97819168164403,1,1,58.7186974704289,211.387310893544,6.97512370359982,0,8747.84370410292,0,0,0,1.225
279.875,9.98244819311702,1,1,58.7483902441477,211.494204878932,6.97657091606561,0,8752.20600393351,0,0,0,1.225
280.125,9.98670255411585,1,1,58.7780741734481,211.601067024413,6.97801812673424,0,8756.56896713918,0,0,0,1.225
280.375,9.99095476745154,1,1,58.8077492717154,211.707897378176,6.97946533560025,0,8760.93259371475,0,0,0,1.225
280.625,9.99520483592892,1,1,58.8374155523041,211.814695988295,6.98091254265819,0,8765.29688365501,0,0,0,1.225
280.875,9.99945276234666,1,1,58.8670730285374,211.921462902735,6.98235974790532,0,8769.66183695695,0,0,0,1.225
281.125,10.0036985494973,1,1,58.896721713708,212.028198169349,6.9838069513371,0,8774.02745361611,0,0,0,1.225
281.375,10.0079422001671,1,1,58.9263616210778,212.13490183588,6.98525415294989,0,8778.39373362873,0,0,0,1.225
281.625,10.0121837171364,1,1,58.9559927638782,212.241573949961,6.98670135273824,0,8782.76067698962,0,0,0,1.225
281.875,10.0164231031794,1,1,58.9856151553098,212.348214559115,6.98814855069668,0,8787.12828369357,0,0,0,1.225
282.125,10.0206603610642,1,1,59.0152288085431,212.454823710755,6.9895957468234,0,8791.49655373828,0,0,0,1.225
282.375,10.0248954935528,1,1,59.0448337367181,212.561401452185,6.99104294111021,0,8795.86548711637,0,0,0,1.225
282.625,10.0291285034012,1,1,59.0744299529445,212.6679478306,6.9924901335562,0,8800.23508382625,0,0,0,1.225
282.875,10.0333593933594,1,1,59.1040174703021,212.774462893088,6.99393732415319,0,8804.60534386054,0,0,0,1.225
283.125,10.0375881661713,1,1,59.1335963018404,212.880946686626,6.99538451290027,0,8808.97626721765,0,0,0,1.225
283.375,10.041814824575,1,1,59.1631664605792,212.987399258085,6.99683169979016,0,8813.34785389091,0,0,0,1.225
283.625,10.0460393713026,1,1,59.1927279595084,213.09382065423,6.99827888482014,0,8817.72010387729,0,0,0,1.225
283.875,10.05026180908,1,1,59.2222808115878,213.200210921716,6.99972606798383,0,8822.09301717084,0,0,0,1.225
284.125,10.0544821406275,1,1,59.2518250297481,213.306570107093,7.0011732492776,0,8826.46659376779,0,0,0,1.225
284.375,10.0587003686593,1,1,59.2813606268899,213.412898256804,7.00262042869508,0,8830.84083366219,0,0,0,1.225
284.625,10.0629164958838,1,1,59.3108876158847,213.519195417185,7.00406760623446,0,8835.21573685171,0,0,0,1.225
284.875,10.0671305250035,1,1,59.3404060095744,213.625461634468,7.00551478188754,0,8839.59130332895,0,0,0,1.225
285.125,10.071342458715,1,1,59.3699158207717,213.731696954778,7.00696195565342,0,8843.96753309231,0,0,0,1.225
285.375,10.0755522997091,1,1,59.3994170622601,213.837901424136,7.00840912752301,0,8848.34442613365,0,0,0,1.225
285.625,10.0797600506707,1,1,59.4289097467938,213.944075088458,7.00985629749448,0,8852.72198245063,0,0,0,1.225
285.875,10.0839657142792,1,1,59.4583938870983,214.050217993554,7.01130346556238,0,8857.10020203803,0,0,0,1.225
286.125,10.0881692932078,1,1,59.4878694958699,214.156330185132,7.01275063172125,0,8861.47908489059,0,0,0,1.225
286.375,10.0923707901242,1,1,59.5173365857762,214.262411708794,7.01419779596654,0,8865.85863100381,0,0,0,1.225
286.625,10.0965702076902,1,1,59.5467951694559,214.368462610041,7.0156449582928,0,8870.23884037243,0,0,0,1.225
286.875,10.1007675485621,1,1,59.5762452595192,214.474482934269,7.01709211869638,0,8874.61971299267,0,0,0,1.225
287.125,10.1049628153902,1,1,59.6056868685477,214.580472726772,7.01853927717093,0,8879.00124885855,0,0,0,1.225
287.375,10.1091560108193,1,1,59.6351200090943,214.686432032739,7.01998643371189,0,8883.38344796554,0,0,0,1.225
287.625,10.1133471374885,1,1,59.6645446936837,214.792360897261,7.0214335883129,0,8887.76631030766,0,0,0,1.225
287.875,10.117536198031,1,1,59.6939609348123,214.898259365324,7.02288074097214,0,8892.14983588256,0,0,0,1.225
288.125,10.1217231950748,1,1,59.7233687449483,215.004127481814,7.02432789168051,0,8896.53402468207,0,0,0,1.225
288.375,10.1259081312419,1,1,59.7527681365315,215.109965291513,7.02577504043711,0,8900.91887670456,0,0,0,1.225
288.625,10.1300910091487,1,1,59.7821591219739,215.215772839106,7.02722218723375,0,8905.3043919426,0,0,0,1.225
288.875,10.1342718314064,1,1,59.8115417136596,215.321550169174,7.02866933206678,0,8909.69057039237,0,0,0,1.225
289.125,10.13845060062,1,1,59.8409159239444,215.4272973262,7.03011647492895,0,8914.07741204715,0,0,0,1.225
289.375,10.1426273193896,1,1,59.8702817651569,215.533014354565,7.03156361581841,0,8918.46491690456,0,0,0,1.225
289.625,10.1468019903092,1,1,59.8996392495974,215.638701298551,7.033010754727,0,8922.85308495717,0,0,0,1.225
289.875,10.1509746159676,1,1,59.928988389539,215.744358202341,7.03445789165107,0,8927.24191620114,0,0,0,1.225
290.125,10.155145198948,1,1,59.9583291972272,215.849985110018,7.03590502658517,0,8931.6314106312,0,0,0,1.225
290.375,10.1593137418281,1,1,59.9876616848798,215.955582065567,7.03735215952383,0,8936.02156824207,0,0,0,1.225
290.625,10.1634802471801,1,1,60.0169858646874,216.061149112875,7.0387992904607,0,8940.41238902773,0,0,0,1.225
290.875,10.1676447175708,1,1,60.0463017488134,216.166686295728,7.04024641939213,0,8944.80387298436,0,0,0,1.225
291.125,10.1718071555614,1,1,60.0756093493938,216.272193657818,7.04169354631085,0,8949.1960201052,0,0,0,1.225
291.375,10.175967563708,1,1,60.1049086785377,216.377671242736,7.04314067121413,0,8953.58883038717,0,0,0,1.225
291.625,10.1801259445609,1,1,60.1341997483269,216.483119093977,7.04458779409379,0,8957.98230382276,0,0,0,1.225
291.875,10.1842823006653,1,1,60.1634825708165,216.588537254939,7.046034914948,0,8962.37644040961,0,0,0,1.225
292.125,10.1884366345608,1,1,60.1927571580346,216.693925768924,7.04748203376676,0,8966.77124013878,0,0,0,1.225
292.375,10.1925889487819,1,1,60.2220235219824,216.799284679137,7.04892915054734,0,8971.16670300714,0,0,0,1.225
292.625,10.1967392458573,1,1,60.2512816746346,216.904614028685,7.05037626528429,0,8975.5628290094,0,0,0,1.225
292.875,10.200887528311,1,1,60.2805316279392,217.009913860581,7.05182337797123,0,8979.95961813952,0,0,0,1.225
293.125,10.205033798661,1,1,60.3097733938175,217.115184217743,7.05327048860272,0,8984.35707039219,0,0,0,1.225
293.375,10.2091780594206,1,1,60.3390069841646,217.220425142992,7.05471759717329,0,8988.7551857621,0,0,0,1.225
293.625,10.2133203130975,1,1,60.3682324108489,217.325636679056,7.0561647036775,0,8993.15396424393,0,0,0,1.225
293.875,10.2174605621941,1,1,60.3974496857129,217.430818868566,7.05761180810896,0,8997.55340583166,0,0,0,1.225
294.125,10.2215988092077,1,1,60.4266588205724,217.535971754061,7.05905891046405,0,9001.9535105214,0,0,0,1.225
294.375,10.2257350566303,1,1,60.4558598272174,217.641095377983,7.06050601073457,0,9006.35427830566,0,0,0,1.225
294.625,10.2298693069486,1,1,60.4850527174117,217.746189782682,7.0619531089169,0,9010.75570918056,0,0,0,1.225
294.875,10.2340015626442,1,1,60.5142375028931,217.851255010415,7.06340020500556,0,9015.15780314079,0,0,0,1.225
295.125,10.2381318261935,1,1,60.5434141953735,217.956291103345,7.06484729899148,0,9019.5605601781,0,0,0,1.225
295.375,10.2422601000676,1,1,60.572582806539,218.06129810354,7.06629439087374,0,9023.96398029079,0,0,0,1.225
295.625,10.2463863867327,1,1,60.6017433480498,218.166276052979,7.06774148064233,0,9028.3680634699,0,0,0,1.225
295.875,10.2505106886495,1,1,60.6308958315407,218.271224993546,7.06918856829361,0,9032.77280971155,0,0,0,1.225
296.125,10.2546330082739,1,1,60.6600402686205,218.376144967034,7.07063565382123,0,9037.17821900965,0,0,0,1.225
296.375,10.2587533480565,1,1,60.6891766708729,218.481036015142,7.07208273722154,0,9041.58429136034,0,0,0,1.225
296.625,10.2628717104428,1,1,60.7183050498559,218.585898179481,7.07352981848453,0,9045.99102675463,0,0,0,1.225
296.875,10.2669880978733,1,1,60.747425417102,218.690731501567,7.07497689760658,0,9050.39842518862,0,0,0,1.225
297.125,10.2711025127834,1,1,60.7765377841188,218.795536022828,7.0764239745813,0,9054.80648665623,0,0,0,1.225
297.375,10.2752149576033,1,1,60.8056421623883,218.900311784598,7.07787104940508,0,9059.21521115357,0,0,0,1.225
297.625,10.2793254347584,1,1,60.8347385633676,219.005058828123,7.07931812206698,0,9063.62459867091,0,0,0,1.225
297.875,10.283433946669,1,1,60.8638269984885,219.109777194559,7.0807651925661,0,9068.03464920655,0,0,0,1.225
298.125,10.2875404957502,1,1,60.8929074791581,219.214466924969,7.08221226089427,0,9072.44536275292,0,0,0,1.225
298.375,10.2916450844123,1,1,60.9219800167583,219.31912806033,7.0836593270451,0,9076.85673930394,0,0,0,1.225
298.625,10.2957477150606,1,1,60.9510446226462,219.423760641526,7.08510639101405,0,9081.26877885496,0,0,0,1.225
298.875,10.2998483900954,1,1,60.9801013081543,219.528364709355,7.08655345279294,0,9085.68148139845,0,0,0,1.225
299.125,10.3039471119121,1,1,61.0091500845902,219.632940304525,7.08800051237813,0,9090.09484693048,0,0,0,1.225
299.375,10.3080438829009,1,1,61.038190963237,219.737487467653,7.08944756976143,0,9094.50887544349,0,0,0,1.225
299.625,10.3121387054475,1,1,61.0672239553532,219.842006239271,7.09089462493648,0,9098.92356693137,0,0,0,1.225
299.875,10.3162315819323,1,1,61.0962490721728,219.946496659822,7.09234167790055,0,9103.33892139093,0,0,0,1.225
300.125,10.3203225147311,1,1,61.1252663249053,220.050958769659,7.09378872864272,0,9107.75493881242,0,0,0,1.225
300.375,10.3244115062146,1,1,61.1542757247362,220.15539260905,7.09523577716118,0,9112.17161919337,0,0,0,1.225
300.625,10.3284985587488,1,1,61.1832772828263,220.259798218175,7.09668282344592,0,9116.58896252473,0,0,0,1.225
300.875,10.3325836746947,1,1,61.2122710103125,220.364175637125,7.09812986749421,0,9121.00696880332,0,0,0,1.225
301.125,10.3366668564085,1,1,61.2412569183075,220.468524905907,7.09957690929605,0,9125.42563802008,0,0,0,1.225
301.375,10.3407481062417,1,1,61.2702350178998,220.572846064439,7.10102394884962,0,9129.84497017254,0,0,0,1.225
301.625,10.3448274265408,1,1,61.2992053201543,220.677139152555,7.102470986144,0,9134.26496525093,0,0,0,1.225
301.875,10.3489048196476,1,1,61.3281678361115,220.781404210001,7.10391802117647,0,9138.68562325202,0,0,0,1.225
302.125,10.3529802878991,1,1,61.3571225767884,220.885641276438,7.10536505393975,0,9143.10694416897,0,0,0,1.225
302.375,10.3570538336276,1,1,61.3860695531782,220.989850391441,7.10681208442566,0,9147.52892799416,0,0,0,1.225
302.625,10.3611254591605,1,1,61.4150087762502,221.094031594501,7.10825911263055,0,9151.95157472365,0,0,0,1.225
302.875,10.3651951668206,1,1,61.4439402569504,221.198184925021,7.10970613854533,0,9156.3748843491,0,0,0,1.225
303.125,10.3692629589259,1,1,61.4728640062009,221.302310422323,7.11115316216637,0,9160.79885686657,0,0,0,1.225
303.375,10.3733288377896,1,1,61.5017800349004,221.406408125642,7.11260018348457,0,9165.22349226771,0,0,0,1.225
303.625,10.3773928057204,1,1,61.5306883539244,221.510478074128,7.11404720249539,0,9169.64879054782,0,0,0,1.225
303.875,10.3814548650221,1,1,61.5595889741248,221.614520306849,7.11549421919062,0,9174.07475169931,0,0,0,1.225
304.125,10.3855150179939,1,1,61.5884819063304,221.718534862789,7.11694123356665,0,9178.50137571818,0,0,0,1.225
304.375,10.3895732669305,1,1,61.6173671613465,221.822521780847,7.11838824561255,0,9182.92866259465,0,0,0,1.225
304.625,10.3936296141217,1,1,61.6462447499555,221.92648109984,7.11983525532651,0,9187.35661232619,0,0,0,1.225
304.875,10.3976840618528,1,1,61.6751146829166,222.0304128585,7.12128226269851,0,9191.78522490372,0,0,0,1.225
305.125,10.4017366124044,1,1,61.7039769709662,222.134317095478,7.12272926772312,0,9196.21450032179,0,0,0,1.225
305.375,10.4057872680526,1,1,61.7328316248174,222.238193849343,7.12417627039486,0,9200.64443857497,0,0,0,1.225
305.625,10.4098360310688,1,1,61.7616786551607,222.342043158578,7.12562327070555,0,9205.07503965562,0,0,0,1.225
305.875,10.41388290372,1,1,61.7905180726636,222.445865061589,7.12707026864882,0,9209.50630355756,0,0,0,1.225
306.125,10.4179278882683,1,1,61.819349887971,222.549659596696,7.12851726421832,0,9213.93823027461,0,0,0,1.225
306.375,10.4219709869715,1,1,61.8481741117051,222.653426802138,7.12996425740675,0,9218.37081979986,0,0,0,1.225
306.625,10.4260122020828,1,1,61.8769907544654,222.757166716075,7.13141124820777,0,9222.80407212712,0,0,0,1.225
306.875,10.4300515358509,1,1,61.9057998268288,222.860879376584,7.13285823661499,0,9227.23798725019,0,0,0,1.225
307.125,10.4340889905199,1,1,61.9346013393499,222.96456482166,7.13430522262206,0,9231.67256516289,0,0,0,1.225
307.375,10.4381245683294,1,1,61.9633953025608,223.068223089219,7.1357522062217,0,9236.10780585829,0,0,0,1.225
307.625,10.4421582715146,1,1,61.9921817269712,223.171854217096,7.1371991874048,0,9240.543709328,0,0,0,1.225
307.875,10.4461901023061,1,1,62.0209606230685,223.275458243047,7.13864616616866,0,9244.98027556873,0,0,0,1.225
308.125,10.4502200629301,1,1,62.049732001318,223.379035204745,7.14009314250416,0,9249.41750457209,0,0,0,1.225
308.375,10.4542481556085,1,1,62.0784958721626,223.482585139786,7.14154011640403,0,9253.85539633114,0,0,0,1.225
308.625,10.4582743825583,1,1,62.1072522460234,223.586108085684,7.14298708786282,0,9258.29395084041,0,0,0,1.225
308.875,10.4622987459926,1,1,62.1360011332992,223.689604079877,7.14443405687143,0,9262.73316809148,0,0,0,1.225
309.125,10.4663212481198,1,1,62.1647425443671,223.793073159721,7.14588102342623,0,9267.17304808032,0,0,0,1.225
309.375,10.4703418911439,1,1,62.1934764895819,223.896515362495,7.14732798751811,0,9271.61359079852,0,0,0,1.225
309.625,10.4743606772646,1,1,62.2222029792769,223.999930725397,7.14877494913981,0,9276.05479623915,0,0,0,1.225
309.875,10.4783776086771,1,1,62.2509220237636,224.103319285549,7.15022190828495,0,9280.49666439595,0,0,0,1.225
310.125,10.4823926875723,1,1,62.2796336333316,224.206681079994,7.15166886494626,0,9284.93919526197,0,0,0,1.225
310.375,10.4864059161368,1,1,62.3083378182489,224.310016145696,7.15311581911737,0,9289.38238883099,0,0,0,1.225
310.625,10.4904172965529,1,1,62.3370345887619,224.413324519543,7.1545627707892,0,9293.82624509457,0,0,0,1.225
310.875,10.4944268309982,1,1,62.3657239550956,224.516606238344,7.156009719959,0,9298.27076404938,0,0,0,1.225
311.125,10.4984345216465,1,1,62.3944059274534,224.619861338832,7.15745666661587,0,9302.71594568554,0,0,0,1.225
311.375,10.502440370667,1,1,62.4230805160172,224.723089857662,7.15890361075253,0,9307.16178999607,0,0,0,1.225
311.625,10.5064443802245,1,1,62.4517477309478,224.826291831412,7.16035055236443,0,9311.60829697619,0,0,0,1.225
311.875,10.5104465524799,1,1,62.4804075823846,224.929467296584,7.16179749144248,0,9316.05546661744,0,0,0,1.225
312.125,10.5144468895894,1,1,62.5090600804456,225.032616289604,7.16324442798032,0,9320.50329891357,0,0,0,1.225
312.375,10.5184453937052,1,1,62.5377052352278,225.13573884682,7.16469136197156,0,9324.95179385833,0,0,0,1.225
312.625,10.5224420669752,1,1,62.5663430568072,225.238835004506,7.16613829340713,0,9329.40095144325,0,0,0,1.225
312.875,10.5264369115431,1,1,62.5949735552385,225.341904798859,7.16758522227974,0,9333.85077166135,0,0,0,1.225
313.125,10.5304299295482,1,1,62.6235967405556,225.444948266,7.16903214858485,0,9338.3012545078,0,0,0,1.225
313.375,10.5344211231258,1,1,62.6522126227714,225.547965441977,7.17047907231245,0,9342.75239997343,0,0,0,1.225
313.625,10.5384104944069,1,1,62.6808212118778,225.65095636276,7.17192599345526,0,9347.20420805123,0,0,0,1.225
313.875,10.5423980455184,1,1,62.7094225178462,225.753921064246,7.17337291200784,0,9351.65667873564,0,0,0,1.225
314.125,10.5463837785829,1,1,62.738016550627,225.856859582257,7.17481982796289,0,9356.10981201964,0,0,0,1.225
314.375,10.5503676957188,1,1,62.76660332015,225.95977195254,7.17626674131134,0,9360.56360789478,0,0,0,1.225
314.625,10.5543497990405,1,1,62.7951828363244,226.062658210768,7.1777136520468,0,9365.01806635475,0,0,0,1.225
314.875,10.5583300906582,1,1,62.8237551090387,226.165518392539,7.1791605601602,0,9369.47318739108,0,0,0,1.225
315.125,10.562308572678,1,1,62.8523201481609,226.268352533379,7.18060746564697,0,9373.92897099893,0,0,0,1.225
315.375,10.5662852472017,1,1,62.8808779635387,226.371160668739,7.18205436849803,0,9378.3854171698,0,0,0,1.225
315.625,10.5702601163273,1,1,62.9094285649993,226.473942833997,7.18350126870519,0,9382.84252589595,0,0,0,1.225
315.875,10.5742331821484,1,1,62.9379719623495,226.576699064458,7.18494816626389,0,9387.30029717251,0,0,0,1.225
316.125,10.5782044467547,1,1,62.9665081653759,226.679429395353,7.18639506116324,0,9391.75873098954,0,0,0,1.225
316.375,10.5821739122318,1,1,62.9950371838448,226.782133861841,7.18784195339686,0,9396.21782734071,0,0,0,1.225
316.625,10.5861415806611,1,1,63.0235590275024,226.884812499009,7.18928884295838,0,9400.67758621972,0,0,0,1.225
316.875,10.5901074541201,1,1,63.0520737060747,226.987465341869,7.19073572983871,0,9405.13800761804,0,0,0,1.225
317.125,10.5940715346823,1,1,63.0805812292677,227.090092425364,7.19218261403239,0,9409.5990915301,0,0,0,1.225
317.375,10.598033824417,1,1,63.1090816067675,227.192693784363,7.19362949552851,0,9414.06083794591,0,0,0,1.225
317.625,10.6019943253895,1,1,63.1375748482399,227.295269453664,7.19507637432343,0,9418.52324686133,0,0,0,1.225
317.875,10.6059530396613,1,1,63.1660609633313,227.397819467993,7.19652325040624,0,9422.98631826638,0,0,0,1.225
318.125,10.6099099692898,1,1,63.1945399616678,227.500343862004,7.19797012377057,0,9427.45005215473,0,0,0,1.225
318.375,10.6138651163281,1,1,63.223011852856,227.602842670282,7.19941699440915,0,9431.9144485193,0,0,0,1.225
318.625,10.6178184828259,1,1,63.2514766464827,227.705315927338,7.20086386231287,0,9436.37950735155,0,0,0,1.225
318.875,10.6217700708284,1,1,63.2799343521151,227.807763667614,7.20231072747447,0,9440.84522864442,0,0,0,1.225
319.125,10.6257198823773,1,1,63.3083849793006,227.910185925482,7.20375758988848,0,9445.31161239228,0,0,0,1.225
319.375,10.6296679195099,1,1,63.3368285375673,228.012582735242,7.205204449544,0,9449.77865858512,0,0,0,1.225
319.625,10.63361418426,1,1,63.3652650364235,228.114954131125,7.20665130643647,0,9454.24636721805,0,0,0,1.225
319.875,10.6375586786572,1,1,63.3936944853582,228.21730014729,7.20809816055407,0,9458.71473828033,0,0,0,1.225
320.125,10.6415014047273,1,1,63.4221168938411,228.319620817828,7.20954501189408,0,9463.18377176851,0,0,0,1.225
320.375,10.6454423644921,1,1,63.4505322713225,228.421916176761,7.21099186044285,0,9467.65346767039,0,0,0,1.225
320.625,10.6493815599697,1,1,63.4789406272332,228.524186258039,7.21243870619764,0,9472.1238259825,0,0,0,1.225
320.875,10.6533189931741,1,1,63.507341970985,228.626431095546,7.21388554914756,0,9476.59484669484,0,0,0,1.225
321.125,10.6572546661156,1,1,63.5357363119704,228.728650723094,7.21533238928441,0,9481.06652979955,0,0,0,1.225
321.375,10.6611885808006,1,1,63.564123659563,228.830845174427,7.21677922660365,0,9485.53887529171,0,0,0,1.225
321.625,10.6651207392315,1,1,63.5925040231169,228.933014483221,7.21822606109345,0,9490.01188316057,0,0,0,1.225
321.875,10.6690511434071,1,1,63.6208774119675,229.035158683083,7.21967289274835,0,9494.48555340045,0,0,0,1.225
322.125,10.6729797953223,1,1,63.6492438354312,229.137277807552,7.22111972156108,0,9498.95988600424,0,0,0,1.225
322.375,10.6769066969681,1,1,63.6776033028053,229.239371890099,7.22256654751982,0,9503.43488096116,0,0,0,1.225
322.625,10.6808318503317,1,1,63.7059558233685,229.341440964127,7.22401337062092,0,9507.91053826699,0,0,0,1.225
322.875,10.6847552573966,1,1,63.7343014063804,229.44348506297,7.22546019085348,0,9512.38685791169,0,0,0,1.225
323.125,10.6886769201424,1,1,63.7626400610821,229.545504219896,7.22690700820931,0,9516.86383988738,0,0,0,1.225
323.375,10.6925968405451,1,1,63.7909717966958,229.647498468105,7.22835382268386,0,9521.34148418912,0,0,0,1.225
323.625,10.6965150205768,1,1,63.819296622425,229.74946784073,7.22980063426439,0,9525.81979080538,0,0,0,1.225
323.875,10.7004314622057,1,1,63.8476145474549,229.851412370838,7.23124744294637,0,9530.29875973119,0,0,0,1.225
324.125,10.7043461673967,1,1,63.8759255809518,229.953332091427,7.2326942487216,0,9534.77839095868,0,0,0,1.225
324.375,10.7082591381104,1,1,63.9042297320637,230.055227035429,7.23414105157917,0,9539.25868447778,0,0,0,1.225
324.625,10.7121703763041,1,1,63.9325270099199,230.157097235712,7.23558785151181,0,9543.73964028132,0,0,0,1.225
324.875,10.7160798839313,1,1,63.9608174236317,230.258942725074,7.23703464851405,0,9548.22125836358,0,0,0,1.225
325.125,10.7199876629417,1,1,63.9891009822917,230.36076353625,7.23848144257499,0,9552.70353871451,0,0,0,1.225
325.375,10.7238937152813,1,1,64.0173776949742,230.462559701907,7.23992823368462,0,9557.18648132473,0,0,0,1.225
325.625,10.7277980428924,1,1,64.0456475707356,230.564331254648,7.24137502184021,0,9561.6700861907,0,0,0,1.225
325.875,10.7317006477138,1,1,64.0739106186136,230.666078227009,7.24282180703085,0,9566.15435330235,0,0,0,1.225
326.125,10.7356015316806,1,1,64.1021668476281,230.767800651461,7.24426858924562,0,9570.63928264956,0,0,0,1.225
326.375,10.7395006967239,1,1,64.1304162667808,230.869498560411,7.24571536848089,0,9575.12487422806,0,0,0,1.225
326.625,10.7433981447716,1,1,64.1586588850553,230.971171986199,7.24716214472392,0,9579.6111280263,0,0,0,1.225
326.875,10.7472938777478,1,1,64.1868947114172,231.072820961102,7.24860891797107,0,9584.09804403998,0,0,0,1.225
327.125,10.7511878975728,1,1,64.2151237548142,231.174445517331,7.25005568821143,0,9588.585622259,0,0,0,1.225
327.375,10.7550802061636,1,1,64.243346024176,231.276045687034,7.25150245543591,0,9593.07386267471,0,0,0,1.225
327.625,10.7589708054334,1,1,64.2715615284146,231.377621502293,7.25294921963359,0,9597.56276527697,0,0,0,1.225
327.875,10.7628596972917,1,1,64.299770276424,231.479172995126,7.25439598080266,0,9602.05233006295,0,0,0,1.225
328.125,10.7667468836446,1,1,64.3279722770804,231.58070019749,7.25584273893037,0,9606.54255702106,0,0,0,1.225
328.375,10.7706323663947,1,1,64.3561675392426,231.682203141273,7.25728949401127,0,9611.03344614553,0,0,0,1.225
328.625,10.7745161474407,1,1,64.3843560717514,231.783681858305,7.25873624603628,0,9615.5249974277,0,0,0,1.225
328.875,10.7783982286781,1,1,64.4125378834302,231.885136380349,7.26018299499265,0,9620.01721085597,0,0,0,1.225
329.125,10.7822786119985,1,1,64.4407129830847,231.986566739105,7.26162974087492,0,9624.51008642456,0,0,0,1.225
329.375,10.7861572992903,1,1,64.4688813795031,232.087972966211,7.26307648367583,0,9629.00362412624,0,0,0,1.225
329.625,10.7900342924381,1,1,64.4970430814561,232.189355093242,7.26452322338628,0,9633.49782395232,0,0,0,1.225
329.875,10.7939095933231,1,1,64.525198097697,232.290713151709,7.26596995999353,0,9637.99268589117,0,0,0,1.225
330.125,10.7977832038231,1,1,64.5533464369619,232.392047173063,7.26741669349758,0,9642.48820994139,0,0,0,1.225
330.375,10.8016551258121,1,1,64.5814881079692,232.493357188689,7.26886342388025,0,9646.98439608698,0,0,0,1.225
330.625,10.8055253611608,1,1,64.6096231194202,232.594643229913,7.27031015113971,0,9651.48124432506,0,0,0,1.225
330.875,10.8093939117365,1,1,64.6377514799991,232.695905327997,7.27175687526687,0,9655.97875464692,0,0,0,1.225
331.125,10.8132607794028,1,1,64.6658731983726,232.797143514141,7.273203596249,0,9660.47692704093,0,0,0,1.225
331.375,10.8171259660201,1,1,64.6939882831904,232.898357819486,7.27465031408065,0,9664.97576150127,0,0,0,1.225
331.625,10.8209894734449,1,1,64.7220967430853,232.999548275107,7.2760970287527,0,9669.47525801922,0,0,0,1.225
331.875,10.8248513035308,1,1,64.7501985866726,233.100714912022,7.2775437402579,0,9673.97541658751,0,0,0,1.225
332.125,10.8287114581276,1,1,64.778293822551,233.201857761184,7.27899044858168,0,9678.47623719304,0,0,0,1.225
332.375,10.8325699390818,1,1,64.806382459302,233.302976853487,7.28043715372223,0,9682.97771983288,0,0,0,1.225
332.625,10.8364267482364,1,1,64.8344645054903,233.404072219765,7.28188385566864,0,9687.47986449685,0,0,0,1.225
332.875,10.840281887431,1,1,64.8625399696635,233.505143890789,7.28333055440817,0,9691.98267117329,0,0,0,1.225
333.125,10.8441353585018,1,1,64.8906088603527,233.60619189727,7.284777249939,0,9696.48613985926,0,0,0,1.225
333.375,10.8479871632818,1,1,64.918671186072,233.707216269859,7.2862239422484,0,9700.99027054312,0,0,0,1.225
333.625,10.8518373036003,1,1,64.9467269553187,233.808217039147,7.28767063132545,0,9705.49506321463,0,0,0,1.225
333.875,10.8556857812834,1,1,64.9747761765737,233.909194235665,7.28911731716653,0,9710.00051786941,0,0,0,1.225
334.125,10.8595325981538,1,1,65.0028188583009,234.010147889883,7.29056399975707,0,9714.50663449432,0,0,0,1.225
334.375,10.8633777560308,1,1,65.0308550089478,234.111078032212,7.29201067909526,0,9719.01341308642,0,0,0,1.225
334.625,10.8672212567304,1,1,65.0588846369453,234.211984693003,7.29345735516472,0,9723.52085363111,0,0,0,1.225
334.875,10.8710631020653,1,1,65.0869077507077,234.312867902548,7.29490402796182,0,9728.02895612398,0,0,0,1.225
335.125,10.8749032938447,1,1,65.114924358633,234.413727691079,7.29635069747565,0,9732.53772055478,0,0,0,1.225
335.375,10.8787418338747,1,1,65.1429344691025,234.514564088769,7.29779736369528,0,9737.04714691329,0,0,0,1.225
335.625,10.8825787239579,1,1,65.1709380904815,234.615377125733,7.29924402661891,0,9741.55723519653,0,0,0,1.225
335.875,10.8864139658936,1,1,65.1989352311184,234.716166832026,7.30069068622834,0,9746.06798538843,0,0,0,1.225
336.125,10.8902475614779,1,1,65.2269258993459,234.816933237645,7.30213734251993,0,9750.57939748456,0,0,0,1.225
336.375,10.8940795125037,1,1,65.2549101034801,234.917676372528,7.30358399548459,0,9755.09147147611,0,0,0,1.225
336.625,10.8979098207603,1,1,65.2828878518208,235.018396266555,7.30503064510958,0,9759.60420735137,0,0,0,1.225
336.875,10.9017384880339,1,1,65.3108591526519,235.119092949547,7.30647729139309,0,9764.11760510734,0,0,0,1.225
337.125,10.9055655161076,1,1,65.3388240142411,235.219766451268,7.30792393431693,0,9768.63166472794,0,0,0,1.225
337.375,10.909390906761,1,1,65.3667824448398,235.320416801423,7.30937057387928,0,9773.14638621017,0,0,0,1.225
337.625,10.9132146617705,1,1,65.3947344526836,235.421044029661,7.31081721006922,0,9777.66176954375,0,0,0,1.225
337.875,10.9170367829093,1,1,65.422680045992,235.521648165571,7.31226384287584,0,9782.17781471839,0,0,0,1.225
338.125,10.9208572719475,1,1,65.4506192329685,235.622229238687,7.31371047229004,0,9786.69452172527,0,0,0,1.225
338.375,10.9246761306516,1,1,65.4785520218009,235.722787278483,7.31515709830455,0,9791.211890557,0,0,0,1.225
338.625,10.9284933607853,1,1,65.5064784206607,235.823322314378,7.31660372090846,0,9795.72992120329,0,0,0,1.225
338.875,10.9323089641089,1,1,65.534398437704,235.923834375734,7.31805034009449,0,9800.24861365675,0,0,0,1.225
339.125,10.9361229423795,1,1,65.5623120810708,236.024323491855,7.31949695585354,0,9804.76796790852,0,0,0,1.225
339.375,10.9399352973509,1,1,65.5902193588856,236.124789691988,7.3209435681747,0,9809.28798394832,0,0,0,1.225
339.625,10.9437460307741,1,1,65.618120279257,236.225233005325,7.32239017704705,0,9813.80866176581,0,0,0,1.225
339.875,10.9475551443964,1,1,65.6460148502779,236.325653461001,7.32383678246515,0,9818.33000135505,0,0,0,1.225
340.125,10.9513626399624,1,1,65.6739030800259,236.426051088093,7.32528338441989,0,9822.85200270717,0,0,0,1.225
340.375,10.9551685192132,1,1,65.7017849765626,236.526425915625,7.32672998289672,0,9827.37466580894,0,0,0,1.225
340.625,10.958972783887,1,1,65.7296605479342,236.626777972563,7.32817657789201,0,9831.89799065585,0,0,0,1.225
340.875,10.9627754357187,1,1,65.7575298021716,236.727107287818,7.32962316939484,0,9836.42197723757,0,0,0,1.225
341.125,10.9665764764401,1,1,65.7853927472899,236.827413890244,7.33106975739611,0,9840.94662554521,0,0,0,1.225
341.375,10.97037590778,1,1,65.813249391289,236.92769780864,7.33251634188491,0,9845.47193556843,0,0,0,1.225
341.625,10.9741737314638,1,1,65.8410997421533,237.027959071752,7.33396292285033,0,9849.99790729689,0,0,0,1.225
341.875,10.977969949214,1,1,65.868943807852,237.128197708267,7.33540950028873,0,9854.52454072605,0,0,0,1.225
342.125,10.9817645627501,1,1,65.8967815963389,237.22841374682,7.33685607418738,0,9859.0518358441,0,0,0,1.225
342.375,10.9855575737882,1,1,65.9246131155524,237.328607215989,7.33830264453354,0,9863.57979263924,0,0,0,1.225
342.625,10.9893489840416,1,1,65.952438373416,237.428778144297,7.3397492113254,0,9868.10841110836,0,0,0,1.225
342.875,10.9931387952203,1,1,65.9802573778377,237.528926560216,7.3411957745484,0,9872.6376912382,0,0,0,1.225
343.125,10.9969270090313,1,1,66.0080701367104,237.629052492158,7.34264233419162,0,9877.16763301839,0,0,0,1.225
343.375,11.0007136271787,1,1,66.0358766579122,237.729155968484,7.3440888902478,0,9881.69823644145,0,0,0,1.225
343.625,11.0044986513633,1,1,66.0636769493058,237.829237017501,7.34553544270966,0,9886.22950149991,0,0,0,1.225
343.875,11.0082820832831,1,1,66.0914710187389,237.92929566746,7.34698199156446,0,9890.76142818193,0,0,0,1.225
344.125,11.0120639246327,1,1,66.1192588740444,238.02933194656,7.34842853680493,0,9895.29401648004,0,0,0,1.225
344.375,11.015844177104,1,1,66.14704052304,238.129345882944,7.34987507841652,0,9899.82726638093,0,0,0,1.225
344.625,11.0196228423858,1,1,66.1748159735288,238.229337504704,7.3513216163974,0,9904.36117788148,0,0,0,1.225
344.875,11.0233999221638,1,1,66.2025852332988,238.329306839876,7.35276815073303,0,9908.89575096837,0,0,0,1.225
345.125,11.0271754181207,1,1,66.2303483101231,238.429253916443,7.35421468141612,0,9913.43098563411,0,0,0,1.225
345.375,11.0309493319362,1,1,66.2581052117602,238.529178762337,7.35566120843214,0,9917.96688186537,0,0,0,1.225
345.625,11.0347216652872,1,1,66.2858559459538,238.629081405434,7.35710773177925,0,9922.50343965901,0,0,0,1.225
345.875,11.0384924198473,1,1,66.3136005204328,238.728961873558,7.35855425143927,0,9927.0406589988,0,0,0,1.225
346.125,11.0422615972874,1,1,66.3413389429114,238.828820194481,7.36000076741038,0,9931.57853988158,0,0,0,1.225
346.375,11.0460291992752,1,1,66.3690712210893,238.928656395922,7.36144727967621,0,9936.11708229256,0,0,0,1.225
346.625,11.0497952274755,1,1,66.3967973626515,239.028470505545,7.36289378823494,0,9940.65628622858,0,0,0,1.225
346.875,11.0535596835503,1,1,66.4245173752684,239.128262550966,7.3643402930702,0,9945.19615167483,0,0,0,1.225
347.125,11.0573225691584,1,1,66.4522312665959,239.228032559745,7.36578679417107,0,9949.73667862088,0,0,0,1.225
347.375,11.0610838859559,1,1,66.4799390442754,239.327780559391,7.36723329153392,0,9954.2778670621,0,0,0,1.225
347.625,11.0648436355958,1,1,66.5076407159338,239.427506577362,7.36867978514601,0,9958.81971698657,0,0,0,1.225
347.875,11.0686018197282,1,1,66.5353362891838,239.527210641062,7.37012627499644,0,9963.36222838385,0,0,0,1.225
348.125,11.0723584400003,1,1,66.5630257716233,239.626892777844,7.37157276107973,0,9967.90540124783,0,0,0,1.225
348.375,11.0761134980564,1,1,66.5907091708363,239.726553015011,7.37301924337771,0,9972.44923556224,0,0,0,1.225
348.625,11.079866995538,1,1,66.6183864943923,239.826191379812,7.37446572189037,0,9976.99373132533,0,0,0,1.225
348.875,11.0836189340834,1,1,66.6460577498463,239.925807899447,7.37591219659953,0,9981.53888852081,0,0,0,1.225
349.125,11.0873693153282,1,1,66.6737229447394,240.025402601062,7.37735866750154,0,9986.08470714401,0,0,0,1.225
349.375,11.0911181409053,1,1,66.7013820865984,240.124975511754,7.37880513458549,0,9990.63118718447,0,0,0,1.225
349.625,11.0948654124443,1,1,66.7290351829359,240.224526658569,7.38025159783501,0,9995.17832862731,0,0,0,1.225
349.875,11.0986111315723,1,1,66.7566822412504,240.324056068501,7.38169805724829,0,9999.72613146934,0,0,0,1.225
350.125,11.1023552999134,1,1,66.7843232690261,240.423563768494,7.3831445128144,0,10004.2745957,0,0,0,1.225
350.375,11.1060979190888,1,1,66.8119582737336,240.523049785441,7.38459096451697,0,10008.8237213045,0,0,0,1.225
350.625,11.109838990717,1,1,66.839587262829,240.622514146184,7.38603741235238,0,10013.3735082782,0,0,0,1.225
350.875,11.1135785164133,1,1,66.8672102437548,240.721956877517,7.3874838563097,0,10017.9239566104,0,0,0,1.225
351.125,11.1173164977907,1,1,66.8948272239392,240.821378006181,7.38893029637438,0,10022.4750662879,0,0,0,1.225
351.375,11.1210529364589,1,1,66.9224382107967,240.920777558868,7.39037673254461,0,10027.0268373073,0,0,0,1.225
351.625,11.1247878340251,1,1,66.9500432117279,241.020155562221,7.39182316480219,0,10031.5792696522,0,0,0,1.225
351.875,11.1285211920935,1,1,66.9776422341196,241.119512042831,7.39326959313985,0,10036.1323633152,0,0,0,1.225
352.125,11.1322530122656,1,1,67.0052352853447,241.218847027241,7.39471601755213,0,10040.68611829,0,0,0,1.225
352.375,11.1359832961399,1,1,67.0328223727622,241.318160541944,7.39616243802084,0,10045.2405345602,0,0,0,1.225
352.625,11.1397120453124,1,1,67.0604035037177,241.417452613384,7.39760885454052,0,10049.7956121197,0,0,0,1.225
352.875,11.1434392613762,1,1,67.0879786855428,241.516723267954,7.3990552671039,0,10054.3513509609,0,0,0,1.225
353.125,11.1471649459215,1,1,67.1155479255555,241.615972532,7.40050167569643,0,10058.9077510702,0,0,0,1.225
353.375,11.1508891005358,1,1,67.1431112310604,241.715200431817,7.40194808030719,0,10063.4648124371,0,0,0,1.225
353.625,11.154611726804,1,1,67.170668609348,241.814406993653,7.40339448093073,0,10068.0225350555,0,0,0,1.225
353.875,11.158332826308,1,1,67.1982200676958,241.913592243705,7.40484087755249,0,10072.5809189118,0,0,0,1.225
354.125,11.162052400627,1,1,67.2257656133673,242.012756208122,7.40628727016156,0,10077.1399639955,0,0,0,1.225
354.375,11.1657704513376,1,1,67.2533052536129,242.111898913006,7.4077336587543,0,10081.6996703018,0,0,0,1.225
354.625,11.1694869800136,1,1,67.2808389956691,242.211020384409,7.40918004331434,0,10086.2600378158,0,0,0,1.225
354.875,11.1732019882259,1,1,67.3083668467594,242.310120648334,7.41062642383076,0,10090.8210665268,0,0,0,1.225
355.125,11.1769154775428,1,1,67.3358888140935,242.409199730737,7.41207280030176,0,10095.3827564317,0,0,0,1.225
355.375,11.18062744953,1,1,67.3634049048682,242.508257657526,7.41351917270913,0,10099.9451075139,0,0,0,1.225
355.625,11.1843379057504,1,1,67.3909151262665,242.607294454559,7.41496554104197,0,10104.5081197628,0,0,0,1.225
355.875,11.188046847764,1,1,67.4184194854584,242.70631014765,7.41641190529663,0,10109.0717931738,0,0,0,1.225
356.125,11.1917542771285,1,1,67.4459179896006,242.805304762562,7.41785826545492,0,10113.6361277302,0,0,0,1.225
356.375,11.1954601953985,1,1,67.4734106458364,242.904278325011,7.41930462151504,0,10118.2011234289,0,0,0,1.225
356.625,11.1991646041261,1,1,67.5008974612961,243.003230860666,7.42075097345696,0,10122.7667802519,0,0,0,1.225
356.875,11.2028675048609,1,1,67.5283784430968,243.102162395148,7.42219732128069,0,10127.3330981974,0,0,0,1.225
357.125,11.2065688991494,1,1,67.5558535983423,243.201072954032,7.42364366496622,0,10131.9000772473,0,0,0,1.225
357.375,11.2102687885359,1,1,67.5833229341236,243.299962562845,7.42509000450991,0,10136.467717397,0,0,0,1.225
357.625,11.2139671745617,1,1,67.6107864575183,243.398831247066,7.42653633989903,0,10141.0360186343,0,0,0,1.225
357.875,11.2176640587656,1,1,67.6382441755911,243.497679032128,7.42798267112448,0,10145.60498095,0,0,0,1.225
358.125,11.2213594426838,1,1,67.665696095394,243.596505943418,7.42942899817172,0,10150.1746043306,0,0,0,1.225
358.375,11.2250533278496,1,1,67.6931422239655,243.695312006276,7.43087532103345,0,10154.7448887683,0,0,0,1.225
358.625,11.228745715794,1,1,67.7205825683315,243.794097245993,7.43232163969878,0,10159.3158342524,0,0,0,1.225
358.875,11.2324366080452,1,1,67.7480171355049,243.892861687818,7.43376795416043,0,10163.8874407754,0,0,0,1.225
359.125,11.2361260061288,1,1,67.7754459324858,243.991605356949,7.4352142644002,0,10168.4597083205,0,0,0,1.225
359.375,11.2398139115677,1,1,67.8028689662614,244.090328278541,7.43666057041446,0,10173.032636883,0,0,0,1.225
359.625,11.2435003258824,1,1,67.830286243806,244.189030477702,7.43810687219229,0,10177.6062264523,0,0,0,1.225
359.875,11.2471852505906,1,1,67.8576977720814,244.287711979493,7.43955316972097,0,10182.1804770161,0,0,0,1.225
360.125,11.2508686872076,1,1,67.8851035580363,244.386372808931,7.44099946298593,0,10186.7553885609,0,0,0,1.225
360.375,11.2545506372458,1,1,67.912503608607,244.485012990985,7.44244575198536,0,10191.3309610832,0,0,0,1.225
360.625,11.2582311022154,1,1,67.9398979307169,244.583632550581,7.44389203669925,0,10195.9071945652,0,0,0,1.225
360.875,11.2619100836237,1,1,67.9672865312768,244.682231512597,7.44533831712579,0,10200.4840890033,0,0,0,1.225
361.125,11.2655875829757,1,1,67.994669417185,244.780809901866,7.44678459325041,0,10205.061644384,0,0,0,1.225
361.375,11.2692636017735,1,1,68.0220465953271,244.879367743178,7.44823086506221,0,10209.6398606965,0,0,0,1.225
361.625,11.2729381415171,1,1,68.0494180725762,244.977905061274,7.44967713255028,0,10214.2187379302,0,0,0,1.225
361.875,11.2766112037034,1,1,68.0767838557927,245.076421880854,7.45112339570733,0,10218.7982760771,0,0,0,1.225
362.125,11.2802827898273,1,1,68.1041439518248,245.174918226569,7.45256965451517,0,10223.3784751209,0,0,0,1.225
362.375,11.2839529013808,1,1,68.131498367508,245.273394123029,7.454015908972,0,10227.959335058,0,0,0,1.225
362.625,11.2876215398534,1,1,68.1588471096655,245.371849594796,7.45546215905961,0,10232.5408558718,0,0,0,1.225
362.875,11.2912887067323,1,1,68.186190185108,245.470284666389,7.45690840477073,0,10237.1230375546,0,0,0,1.225
363.125,11.2949544035018,1,1,68.2135276006338,245.568699362282,7.45835464609991,0,10241.7058800999,0,0,0,1.225
363.375,11.2986186316442,1,1,68.2408593630291,245.667093706905,7.45980088302531,0,10246.2893834883,0,0,0,1.225
363.625,11.3022813926387,1,1,68.2681854790675,245.765467724643,7.46124711554512,0,10250.8735477164,0,0,0,1.225
363.875,11.3059426879625,1,1,68.2955059555104,245.863821439837,7.46269334364297,0,10255.4583727688,0,0,0,1.225
364.125,11.30960251909,1,1,68.322820799107,245.962154876785,7.4641395673134,0,10260.0438586394,0,0,0,1.225
364.375,11.3132608874932,1,1,68.3501300165944,246.06046805974,7.46558578654003,0,10264.6300053129,0,0,0,1.225
364.625,11.3169177946417,1,1,68.3774336146972,246.15876101291,7.4670320013156,0,10269.2168127815,0,0,0,1.225
364.875,11.3205732420024,1,1,68.404731600128,246.257033760461,7.46847821162737,0,10273.804281033,0,0,0,1.225
365.125,11.32422723104,1,1,68.4320239795874,246.355286326515,7.46992441746625,0,10278.392410058,0,0,0,1.225
365.375,11.3278797632165,1,1,68.4593107597637,246.453518735149,7.47137061882131,0,10282.9811998457,0,0,0,1.225
365.625,11.3315308399916,1,1,68.4865919473332,246.5517310104,7.4728168156762,0,10287.5706503809,0,0,0,1.225
365.875,11.3351804628225,1,1,68.5138675489601,246.649923176256,7.47426300802908,0,10292.1607616603,0,0,0,1.225
366.125,11.3388286331638,1,1,68.5411375712967,246.748095256668,7.47570919586542,0,10296.7515336699,0,0,0,1.225
366.375,11.3424753524679,1,1,68.5684020209833,246.84624727554,7.47715537917065,0,10301.3429663962,0,0,0,1.225
366.625,11.3461206221846,1,1,68.5956609046481,246.944379256733,7.47860155793751,0,10305.9350598312,0,0,0,1.225
366.875,11.3497644437614,1,1,68.6229142289074,247.042491224067,7.48004773215507,0,10310.527813964,0,0,0,1.225
367.125,11.3534068186431,1,1,68.6501620003659,247.140583201317,7.48149390181061,0,10315.1212287825,0,0,0,1.225
367.375,11.3570477482724,1,1,68.677404225616,247.238655212217,7.48294006689503,0,10319.7153042772,0,0,0,1.225
367.625,11.3606872340894,1,1,68.7046409112385,247.336707280459,7.48438622739741,0,10324.3100404373,0,0,0,1.225
367.875,11.3643252775319,1,1,68.7318720638024,247.434739429689,7.4858323833032,0,10328.9054372491,0,0,0,1.225
368.125,11.3679618800352,1,1,68.7590976898649,247.532751683514,7.48727853460514,0,10333.5014947046,0,0,0,1.225
368.375,11.3715970430321,1,1,68.7863177959713,247.630744065497,7.48872468129048,0,10338.0982127916,0,0,0,1.225
368.625,11.3752307679534,1,1,68.8135323886553,247.728716599159,7.49017082334831,0,10342.695591499,0,0,0,1.225
368.875,11.378863056227,1,1,68.840741474439,247.82666930798,7.4916169607659,0,10347.2936308148,0,0,0,1.225
369.125,11.3824939092788,1,1,68.8679450598326,247.924602215397,7.49306309353597,0,10351.8923307308,0,0,0,1.225
369.375,11.3861233285322,1,1,68.8951431513348,248.022515344805,7.49450922164397,0,10356.4916912333,0,0,0,1.225
369.625,11.3897513154083,1,1,68.9223357554327,248.120408719558,7.4959553450808,0,10361.091712313,0,0,0,1.225
369.875,11.3933778713255,1,1,68.9495228786017,248.218282362966,7.49740146383738,0,10365.6923939603,0,0,0,1.225
370.125,11.3970029977004,1,1,68.9767045273059,248.316136298301,7.49884757789914,0,10370.2937361615,0,0,0,1.225
370.375,11.4006266959467,1,1,69.0038807079975,248.413970548791,7.50029368725336,0,10374.8957389042,0,0,0,1.225
370.625,11.4042489674762,1,1,69.0310514271174,248.511785137623,7.50173979189094,0,10379.498402179,0,0,0,1.225
370.875,11.407869813698,1,1,69.0582166910952,248.609580087943,7.50318589180642,0,10384.1017259794,0,0,0,1.225
371.125,11.4114892360191,1,1,69.0853765063487,248.707355422855,7.5046319869798,0,10388.7057102871,0,0,0,1.225
371.375,11.4151072358441,1,1,69.1125308792844,248.805111165424,7.50607807740198,0,10393.3103550928,0,0,0,1.225
371.625,11.4187238145752,1,1,69.1396798162977,248.902847338672,7.50752416306386,0,10397.9156603869,0,0,0,1.225
371.875,11.4223389736123,1,1,69.1668233237722,249.00056396558,7.5089702439509,0,10402.5216261556,0,0,0,1.225
372.125,11.4259527143532,1,1,69.1939614080804,249.098261069089,7.51041632005945,0,10407.1282523939,0,0,0,1.225
372.375,11.429565038193,1,1,69.2210940755835,249.1959386721,7.5118623913695,0,10411.7355390834,0,0,0,1.225
372.625,11.4331759465249,1,1,69.2482213326313,249.293596797473,7.51330845787379,0,10416.3434862163,0,0,0,1.225
372.875,11.4367854407394,1,1,69.2753431855624,249.391235468025,7.51475451955957,0,10420.9520937801,0,0,0,1.225
373.125,11.4403935222251,1,1,69.3024596407042,249.488854706535,7.51620057641776,0,10425.5613617652,0,0,0,1.225
373.375,11.4440001923681,1,1,69.329570704373,249.586454535743,7.51764662843561,0,10430.1712901594,0,0,0,1.225
373.625,11.4476054525521,1,1,69.3566763828736,249.684034978345,7.51909267560404,0,10434.781878953,0,0,0,1.225
373.875,11.4512093041588,1,1,69.3837766825001,249.781596057,7.52053871790667,0,10439.3931281308,0,0,0,1.225
374.125,11.4548117485675,1,1,69.410871609535,249.879137794326,7.52198475533442,0,10444.0050376833,0,0,0,1.225
374.375,11.4584127871551,1,1,69.4379611702501,249.9766602129,7.52343078787817,0,10448.6176076008,0,0,0,1.225
374.625,11.4620124212965,1,1,69.4650453709058,250.074163335261,7.52487681552338,0,10453.2308378697,0,0,0,1.225
374.875,11.4656106523641,1,1,69.4921242177518,250.171647183907,7.52632283826279,0,10457.8447284817,0,0,0,1.225
375.125,11.4692074817282,1,1,69.5191977170266,250.269111781296,7.52776885608,0,10462.4592794215,0,0,0,1.225
375.375,11.4728029107568,1,1,69.5462658749576,250.366557149848,7.5292148689623,0,10467.0744906767,0,0,0,1.225
375.625,11.4763969408157,1,1,69.5733286977615,250.463983311941,7.53066087690604,0,10471.690362242,0,0,0,1.225
375.875,11.4799895732683,1,1,69.6003861916438,250.561390289918,7.53210687989485,0,10476.3068941022,0,0,0,1.225
376.125,11.483580809476,1,1,69.6274383627993,250.658778106078,7.53355287791965,0,10480.9240862477,0,0,0,1.225
376.375,11.4871706507979,1,1,69.6544852174118,250.756146782682,7.53499887096223,0,10485.5419386616,0,0,0,1.225
376.625,11.4907590985908,1,1,69.6815267616542,250.853496341955,7.53644485902259,0,10490.1604513416,0,0,0,1.225
376.875,11.4943461542093,1,1,69.7085630016888,250.95082680608,7.53789084207892,0,10494.779624268,0,0,0,1.225
377.125,11.4979318190059,1,1,69.7355939436667,251.0481381972,7.53933682011848,0,10499.3994574283,0,0,0,1.225
377.375,11.5015160943307,1,1,69.7626195937285,251.145430537423,7.54078279314308,0,10504.0199508217,0,0,0,1.225
377.625,11.5050989815319,1,1,69.7896399580041,251.242703848815,7.54222876112726,0,10508.6411044254,0,0,0,1.225
377.875,11.5086804819552,1,1,69.8166550426124,251.339958153405,7.54367472406739,0,10513.2629182342,0,0,0,1.225
378.125,11.5122605969442,1,1,69.8436648536619,251.437193473183,7.54512068194526,0,10517.8853922314,0,0,0,1.225
378.375,11.5158393278404,1,1,69.8706693972501,251.5344098301,7.54656663475726,0,10522.5085264115,0,0,0,1.225
378.625,11.5194166759831,1,1,69.8976686794641,251.631607246071,7.54801258248881,0,10527.1323207607,0,0,0,1.225
378.875,11.5229926427094,1,1,69.9246627063802,251.728785742969,7.54945852512355,0,10531.7567752635,0,0,0,1.225
379.125,11.5265672293541,1,1,69.9516514840642,251.825945342631,7.55090446265422,0,10536.3818899118,0,0,0,1.225
379.375,11.5301404372501,1,1,69.9786350185713,251.923086066857,7.55235039506988,0,10541.0076646945,0,0,0,1.225
379.625,11.5337122677278,1,1,70.0056133159461,252.020207937406,7.55379632235781,0,10545.634099599,0,0,0,1.225
379.875,11.5372827221159,1,1,70.0325863822227,252.117310976002,7.55524224450346,0,10550.2611946113,0,0,0,1.225
380.125,11.5408518017405,1,1,70.0595542234247,252.214395204329,7.55668816149773,0,10554.8889497219,0,0,0,1.225
380.375,11.5444195079258,1,1,70.0865168455652,252.311460644035,7.55813407332971,0,10559.5173649195,0,0,0,1.225
380.625,11.5479858419939,1,1,70.1134742546468,252.408507316728,7.55957997998667,0,10564.1464401917,0,0,0,1.225
380.875,11.5515508052645,1,1,70.1404264566618,252.505535243982,7.56102588145768,0,10568.7761755273,0,0,0,1.225
381.125,11.5551143990554,1,1,70.1673734575919,252.602544447331,7.56247177773002,0,10573.4065709138,0,0,0,1.225
381.375,11.5586766246822,1,1,70.1943152634087,252.699534948271,7.56391766878914,0,10578.0376263371,0,0,0,1.225
381.625,11.5622374834584,1,1,70.221251880073,252.796506768263,7.56536355462958,0,10582.6693417904,0,0,0,1.225
381.875,11.5657969766955,1,1,70.2481833135358,252.893459928729,7.56680943523497,0,10587.3017172584,0,0,0,1.225
382.125,11.5693551057025,1,1,70.2751095697373,252.990394451054,7.56825531059621,0,10591.9347527312,0,0,0,1.225
382.375,11.5729118717868,1,1,70.3020306546077,253.087310356588,7.5697011806933,0,10596.5684481904,0,0,0,1.225
382.625,11.5764672762533,1,1,70.328946574067,253.184207666641,7.57114704552987,0,10601.2028036367,0,0,0,1.225
382.875,11.580021320405,1,1,70.3558573340245,253.281086402488,7.57259290507864,0,10605.8378190456,0,0,0,1.225
383.125,11.5835740055428,1,1,70.3827629403799,253.377946585368,7.57403875933596,0,10610.4734944118,0,0,0,1.225
383.375,11.5871253329655,1,1,70.4096633990223,253.47478823648,7.57548460829275,0,10615.1098297258,0,0,0,1.225
383.625,11.5906753039696,1,1,70.4365587158308,253.571611376991,7.576930451929,0,10619.7468249689,0,0,0,1.225
383.875,11.59422391985,1,1,70.4634488966742,253.668416028027,7.57837629023379,0,10624.3844801301,0,0,0,1.225
384.125,11.597771181899,1,1,70.4903339474114,253.765202210681,7.57982212320167,0,10629.0227952025,0,0,0,1.225
384.375,11.6013170914552,1,1,70.5172100488555,253.86195617588,7.5791101040777,0,10631.9349971493,0,0,0,1.225
384.625,11.6048616503368,1,1,70.5440579923977,253.958608772632,7.56970973739953,0,10627.8941983641,0,0,0,1.225
384.875,11.6084048615647,1,1,70.5708624515964,254.055104825747,7.5603267720744,0,10623.8630063647,0,0,0,1.225
385.125,11.6119467283427,1,1,70.5976235375083,254.15144473503,7.55096115433298,0,10619.8413861172,0,0,0,1.225
385.375,11.6154872538627,1,1,70.6243413607517,254.247628898706,7.5416128306515,0,10615.8293027592,0,0,0,1.225
385.625,11.619026441305,1,1,70.6510160315094,254.343657713434,7.5322817477645,0,10611.8267216106,0,0,0,1.225
385.875,11.6225642938382,1,1,70.6776476595302,254.439531574309,7.52296785265753,0,10607.8336081676,0,0,0,1.225
386.125,11.6261008146196,1,1,70.7042363541323,254.535250874876,7.51367109256717,0,10603.849928103,0,0,0,1.225
386.375,11.629636006795,1,1,70.7307822242048,254.630816007137,7.50439141497372,0,10599.8756472605,0,0,0,1.225
386.625,11.6331698734988,1,1,70.7572853782106,254.726227361558,7.49512876761037,0,10595.9107316617,0,0,0,1.225
386.875,11.636702417854,1,1,70.7837459241883,254.821485327078,7.48588309845218,0,10591.9551474982,0,0,0,1.225
387.125,11.6402336429724,1,1,70.810163969755,254.916590291118,7.47665435571798,0,10588.0088611323,0,0,0,1.225
387.375,11.6437635519546,1,1,70.8365396221081,255.011542639589,7.46744248786854,0,10584.0718390965,0,0,0,1.225
387.625,11.6472921478899,1,1,70.8628729880278,255.1063427569,7.45824744360834,0,10580.1440480945,0,0,0,1.225
387.875,11.6508194338567,1,1,70.8891641738794,255.200991025966,7.44906917188018,0,10576.2254549971,0,0,0,1.225
388.125,11.6543454129223,1,1,70.9154132856156,255.295487828216,7.43990762186513,0,10572.3160268424,0,0,0,1.225
388.375,11.6578700881429,1,1,70.9416204287784,255.389833543602,7.43076274297164,0,10568.415730827,0,0,0,1.225
388.625,11.6613934625638,1,1,70.9677857085018,255.484028550606,7.42163448485371,0,10564.5245343209,0,0,0,1.225
388.875,11.6649155392195,1,1,70.9939092295134,255.578073226248,7.4125227973982,0,10560.6424048573,0,0,0,1.225
389.125,11.6684363211336,1,1,71.0199910961373,255.671967946094,7.40342763071203,0,10556.7693101223,0,0,0,1.225
389.375,11.6719558113189,1,1,71.0460314122956,255.765713084264,7.39434893514954,0,10552.9052179773,0,0,0,1.225
389.625,11.6754740127776,1,1,71.0720302815109,255.859309013439,7.3852866612815,0,10549.0500964339,0,0,0,1.225
389.875,11.6789909285011,1,1,71.0979878069084,255.95275610487,7.37624075990789,0,10545.2039136646,0,0,0,1.225
390.125,11.6825065614703,1,1,71.1239040912181,256.046054728385,7.36721118205969,0,10541.3666380039,0,0,0,1.225
390.375,11.6860209146555,1,1,71.1497792367766,256.139205252396,7.35819787899163,0,10537.5382379432,0,0,0,1.225
390.625,11.6895339910164,1,1,71.1756133455296,256.232208043907,7.34920080216943,0,10533.71868212,0,0,0,1.225
390.875,11.6930457935024,1,1,71.2014065190338,256.325063468522,7.34021990330257,0,10529.9079393448,0,0,0,1.225
391.125,11.6965563250524,1,1,71.2271588584587,256.417771890451,7.33125513430423,0,10526.1059785688,0,0,0,1.225
391.375,11.700065588595,1,1,71.2528704645891,256.510333672521,7.32230644730771,0,10522.3127688974,0,0,0,1.225
391.625,11.7035735870484,1,1,71.2785414378269,256.602749176177,7.31337379467914,0,10518.5282796001,0,0,0,1.225
391.875,11.7070803233207,1,1,71.3041718781932,256.695018761496,7.30445712897745,0,10514.752480079,0,0,0,1.225
392.125,11.7105858003097,1,1,71.3297618853303,256.787142787189,7.29555640299441,0,10510.9853399007,0,0,0,1.225
392.375,11.714090020903,1,1,71.3553115585035,256.879121610612,7.28667156973643,0,10507.2268287818,0,0,0,1.225
392.625,11.7175929879783,1,1,71.3808209966034,256.970955587772,7.27780258241182,0,10503.476916579,0,0,0,1.225
392.875,11.721094704403,1,1,71.4062902981477,257.062645073332,7.26894939443991,0,10499.7355732961,0,0,0,1.225
393.125,11.7245957176818,1,1,71.3872763945198,256.994195020271,-18.1292018575878,0,0,9821.27989256364,0,0,1.225
393.375,11.728099567519,1,1,71.3020578913719,256.687408408939,-30.5098840744649,0,0,19736.9974561154,0,0,1.225
393.625,11.731608410507,1,1,71.1951090978065,256.302392752103,-30.4497163094711,0,0,19702.8649023335,0,0,1.225
393.875,11.7351225271705,1,1,71.0882108061216,255.917558902038,-30.3896590224358,0,0,19668.7931167268,0,0,1.225
394.125,11.7386419308876,1,1,70.9813628557055,255.53290628054,-30.3297120265925,0,0,19634.78200059,0,0,1.225
394.375,11.7421666350935,1,1,70.8745650855285,255.148434307903,-30.2698751354728,0,0,19600.8314553706,0,0,1.225
394.625,11.745696653281,1,1,70.7678173341401,254.764142402904,-30.2101481628888,0,0,19566.9413826547,0,0,1.225
394.875,11.7492319990008,1,1,70.6611194396661,254.380029982798,-30.1505309229578,0,0,19533.1116841874,0,0,1.225
395.125,11.752772685862,1,1,70.5544712398053,253.996096463299,-30.0910232300594,0,0,19499.3422618382,0,0,1.225
395.375,11.756318727532,1,1,70.4478725718263,253.612341258575,-30.0316248988856,0,0,19465.6330176413,0,0,1.225
395.625,11.7598701377375,1,1,70.3413232725647,253.228763781233,-29.9723357443963,0,0,19431.9838537601,0,0,1.225
395.875,11.7634269302644,1,1,70.2348231784198,252.845363442311,-29.9131555818512,0,0,19398.394672513,0,0,1.225
396.125,11.7669891189586,1,1,70.1283721253511,252.462139651264,-29.8540842267885,0,0,19364.8653763564,0,0,1.225
396.375,11.7705567177259,1,1,70.0219699488758,252.079091815953,-29.7951214950408,0,0,19331.3958678975,0,0,1.225
396.625,11.7741297405326,1,1,69.9156164840648,251.696219342633,-29.7362672027157,0,0,19297.9860498789,0,0,1.225
396.875,11.777708201406,1,1,69.8093115655397,251.313521635943,-29.6775211662098,0,0,19264.6358251902,0,0,1.225
397.125,11.7812921144347,1,1,69.7030550274699,250.930998098892,-29.6188832022071,0,0,19231.3450968664,0,0,1.225
397.375,11.7848814937688,1,1,69.5968467035686,250.548648132847,-29.5603531276756,0,0,19198.1137680857,0,0,1.225
397.625,11.7884763536207,1,1,69.4906864270899,250.166471137524,-29.501930759865,0,0,19164.9417421676,0,0,1.225
397.875,11.7920767082651,1,1,69.3845740308254,249.784466510972,-29.443615916307,0,0,19131.8289225734,0,0,1.225
398.125,11.7956825720395,1,1,69.2785093471007,249.402633649562,-29.3854084148206,0,0,19098.7752129104,0,0,1.225
398.375,11.799293959345,1,1,69.1724922077717,249.020971947978,-29.3273080735034,0,0,19065.7805169251,0,0,1.225
398.625,11.8029108846459,1,1,69.0665224442216,248.639480799198,-29.269314710742,0,0,19032.8447385117,0,0,1.225
398.875,11.8065333624709,1,1,68.9605998873573,248.258159594486,-29.2114281451941,0,0,18999.967781698,0,0,1.225
399.125,11.8101614074132,1,1,68.8547243676056,247.87700772338,-29.1536481958083,0,0,18967.1495506615,0,0,1.225
399.375,11.8137950341308,1,1,68.7488957149097,247.496024573675,-29.0959746818098,0,0,18934.3899497174,0,0,1.225
399.625,11.8174342573471,1,1,68.643113758726,247.115209531414,-29.0384074227059,0,0,18901.6888833239,0,0,1.225
399.875,11.8210790918511,1,1,68.5373783280201,246.734561980872,-28.9809462382818,0,0,18869.0462560787,0,0,1.225
400.125,11.8247295524983,1,1,68.4316892512631,246.354081304547,-28.9235909486106,0,0,18836.4619727268,0,0,1.225
400.375,11.8283856542105,1,1,68.3260463564282,245.973766883142,-28.8663413740287,0,0,18803.9359381416,0,0,1.225
400.625,11.8320474119768,1,1,68.2204494709869,245.593618095553,-28.8091973351711,0,0,18771.4680573528,0,0,1.225
400.875,11.8357148408536,1,1,68.1148984219051,245.213634318858,-28.7521586529365,0,0,18739.0582355186,0,0,1.225
401.125,11.8393879559654,1,1,68.0093930356395,244.833814928302,-28.6952251485091,0,0,18706.7063779436,0,0,1.225
401.375,11.843066772505,1,1,67.9039331381336,244.454159297281,-28.6383966433496,0,0,18674.4123900713,0,0,1.225
401.625,11.8467513057339,1,1,67.7985185548142,244.074666797331,-28.5816729591934,0,0,18642.1761774832,0,0,1.225
401.875,11.8504415709833,1,1,67.6931491105871,243.695336798113,-28.5250539180579,0,0,18609.9976459044,0,0,1.225
402.125,11.8541375836536,1,1,67.5878246298333,243.3161686674,-28.4685393422351,0,0,18577.8767011982,0,0,1.225
402.375,11.8578393592159,1,1,67.4825449364054,242.937161771059,-28.4121290542917,0,0,18545.8132493657,0,0,1.225
402.625,11.8615469132117,1,1,67.377309853623,242.558315473043,-28.3558228770671,0,0,18513.8071965453,0,0,1.225
402.875,11.8652602612536,1,1,67.2721192042695,242.17962913537,-28.2996206336902,0,0,18481.8584490252,0,0,1.225
403.125,11.8689794190261,1,1,67.166972810587,241.801102118113,-28.2435221475444,0,0,18449.9669132161,0,0,1.225
403.375,11.8727044022855,1,1,67.0618704942732,241.422733779383,-28.1875272423094,0,0,18418.1324956849,0,0,1.225
403.625,11.8764352268609,1,1,66.9568120764767,241.044523475316,-28.1316357419219,0,0,18386.3551031227,0,0,1.225
403.875,11.8801719086542,1,1,66.8517973777929,240.666470560055,-28.0758474705981,0,0,18354.6346423641,0,0,1.225
404.125,11.8839144636412,1,1,66.7468262182602,240.288574385737,-28.0201622528366,0,0,18322.9710203883,0,0,1.225
404.375,11.8876629078714,1,1,66.641898417355,239.910834302478,-27.9645799133923,0,0,18291.3641442991,0,0,1.225
404.625,11.8914172574693,1,1,66.5370137939883,239.533249658358,-27.9091002773093,0,0,18259.8139213516,0,0,1.225
404.875,11.8951775286339,1,1,66.4321721665007,239.155819799402,-27.853723169892,0,0,18228.3202589282,0,0,1.225
405.125,11.8989437376402,1,1,66.3273733526584,238.77854406957,-27.7984484167227,0,0,18196.8830645541,0,0,1.225
405.375,11.9027159008391,1,1,66.2226171696486,238.401421810735,-27.7432758436571,0,0,18165.5022458927,0,0,1.225
405.625,11.9064940346582,1,1,66.1179034340754,238.024452362671,-27.6882052768196,0,0,18134.1777107426,0,0,1.225
405.875,11.910278155602,1,1,66.0132319619549,237.647635063038,-27.6332365425969,0,0,18102.9093670323,0,0,1.225
406.125,11.9140682802529,1,1,65.908602568711,237.27096924736,-27.5783694676666,0,0,18071.6971228435,0,0,1.225
406.375,11.9178644252712,1,1,65.8040150691707,236.894454249015,-27.5236038789535,0,0,18040.5408863761,0,0,1.225
406.625,11.9216666073963,1,1,65.6994692775595,236.518089399214,-27.4689396036683,0,0,18009.4405659791,0,0,1.225
406.875,11.9254748434464,1,1,65.594965007497,236.141874026989,-27.4143764692835,0,0,17978.3960701318,0,0,1.225
407.125,11.9292891503199,1,1,65.4905020719917,235.76580745917,-27.3599143035426,0,0,17947.4073074509,0,0,1.225
407.375,11.9331095449952,1,1,65.3860802834368,235.389889020373,-27.3055529344583,0,0,17916.4741866897,0,0,1.225
407.625,11.9369360445319,1,1,65.2816994536053,235.014118032979,-27.251292190309,0,0,17885.5966167348,0,0,1.225
407.875,11.9407686660709,1,1,65.177359393645,234.638493817122,-27.1971318996457,0,0,17854.7745066124,0,0,1.225
408.125,11.9446074268351,1,1,65.0730599140738,234.263015690666,-27.1430718912798,0,0,17824.0077654779,0,0,1.225
408.375,11.94845234413,1,1,64.9688008247746,233.887682969189,-27.0891119942953,0,0,17793.2963026265,0,0,1.225
408.625,11.9523034353446,1,1,64.864581934991,233.512494965967,-27.0352520380402,0,0,17762.6400274861,0,0,1.225
408.875,11.9561607179511,1,1,64.7604030533212,233.137450991956,-26.9814918521279,0,0,17732.0388496185,0,0,1.225
409.125,11.9600242095065,1,1,64.6562639877141,232.762550355771,-26.9278312664428,0,0,17701.4926787243,0,0,1.225
409.375,11.9638939276526,1,1,64.5521645454634,232.387792363668,-26.8742701111296,0,0,17671.0014246338,0,0,1.225
409.625,11.9677698901165,1,1,64.4481045332029,232.01317631953,-26.8208082165984,0,0,17640.5649973123,0,0,1.225
409.875,11.9716521147119,1,1,64.3440837569012,231.638701524844,-26.7674454135249,0,0,17610.1833068592,0,0,1.225
410.125,11.9755406193387,1,1,64.2401020218564,231.264367278683,-26.7141815328541,0,0,17579.8562635118,0,0,1.225
410.375,11.9794354219847,1,1,64.136159132691,230.890172877688,-26.6610164057838,0,0,17549.5837776321,0,0,1.225
410.625,11.9833365407252,1,1,64.0322548933463,230.516117616047,-26.6079498637864,0,0,17519.3657597242,0,0,1.225
410.875,11.9872439937244,1,1,63.9283891070773,230.142200785478,-26.5549817385927,0,0,17489.2021204216,0,0,1.225
411.125,11.9911577992357,1,1,63.824561576447,229.768421675209,-26.5021118621953,0,0,17459.0927704902,0,0,1.225
411.375,11.9950779756022,1,1,63.7207721033213,229.394779571957,-26.4493400668516,0,0,17429.0376208302,0,0,1.225
411.625,11.9990045412576,1,1,63.6170204888631,229.021273759907,-26.3966661850782,0,0,17399.0365824724,0,0,1.225
411.875,12.0029375147268,1,1,63.5133065335269,228.647903520697,-26.344090049658,0,0,17369.0895665839,0,0,1.225
412.125,12.0068769146266,1,1,63.4096300370529,228.274668133391,-26.2916114936315,0,0,17339.196484461,0,0,1.225
412.375,12.010822759666,1,1,63.3059907984619,227.901566874463,-26.2392303502993,0,0,17309.3572475312,0,0,1.225
412.625,12.0147750686474,1,1,63.2023886160489,227.528599017776,-26.1869464532274,0,0,17279.5717673582,0,0,1.225
412.875,12.0187338604668,1,1,63.0988232873775,227.155763834559,-26.1347596362384,0,0,17249.8399556345,0,0,1.225
413.125,12.0226991541149,1,1,62.9952946092744,226.783060593388,-26.0826697334132,0,0,17220.1617241827,0,0,1.225
413.375,12.0266709686775,1,1,62.8918023778231,226.410488560163,-26.0306765790974,0,0,17190.5369849612,0,0,1.225
413.625,12.0306493233361,1,1,62.7883463883578,226.038046998088,-25.9787800078902,0,0,17160.9656500553,0,0,1.225
413.875,12.0346342373691,1,1,62.6849264354579,225.665735167649,-25.9269798546538,0,0,17131.4476316846,0,0,1.225
414.125,12.0386257301519,1,1,62.5815423129415,225.293552326589,-25.8752759545059,0,0,17101.9828421974,0,0,1.225
414.375,12.042623821158,1,1,62.4781938138592,224.921497729893,-25.8236681428225,0,0,17072.571194073,0,0,1.225
414.625,12.0466285299596,1,1,62.3748807304882,224.549570629758,-25.7721562552415,0,0,17043.2125999247,0,0,1.225
414.875,12.0506398762283,1,1,62.2716028543261,224.177770275574,-25.7207401276492,0,0,17013.9069724887,0,0,1.225
415.125,12.0546578797359,1,1,62.1683599760839,223.806095913902,-25.6694195961991,0,0,16984.6542246402,0,0,1.225
415.375,12.058682560355,1,1,62.0651518856804,223.434546788449,-25.6181944972914,0,0,16955.4542693762,0,0,1.225
415.625,12.06271393806,1,1,61.9619783722353,223.063122140047,-25.5670646675908,0,0,16926.3070198301,0,0,1.225
415.875,12.0667520329277,1,1,61.8588392240628,222.691821206626,-25.5160299440131,0,0,16897.2123892616,0,0,1.225
416.125,12.0707968651379,1,1,61.7557342286651,222.320643223194,-25.4650901637297,0,0,16868.1702910596,0,0,1.225
416.375,12.0748484549745,1,1,61.6526631727255,221.949587421812,-25.4142451641692,0,0,16839.1806387443,0,0,1.225
416.625,12.078906822826,1,1,61.549625842102,221.578653031567,-25.3634947830133,0,0,16810.2433459637,0,0,1.225
416.875,12.0829719891864,1,1,61.4466220218203,221.207839278553,-25.3128388581981,0,0,16781.3583264948,0,0,1.225
417.125,12.0870439746562,1,1,61.343651496067,220.837145385841,-25.2622772279137,0,0,16752.5254942433,0,0,1.225
417.375,12.0911227999426,1,1,61.2407140481828,220.466570573458,-25.2118097306029,0,0,16723.744763243,0,0,1.225
417.625,12.0952084858611,1,1,61.1378094606553,220.096114058359,-25.161436204964,0,0,16695.0160476577,0,0,1.225
417.875,12.0993010533355,1,1,61.0349375151124,219.725775054404,-25.1111564899475,0,0,16666.339261779,0,0,1.225
418.125,12.1034005233995,1,1,60.9320979923143,219.355552772332,-25.0609704247527,0,0,16637.7143200239,0,0,1.225
418.375,12.1075069171968,1,1,60.8292906721474,218.985446419731,-25.0108778488393,0,0,16609.1411369436,0,0,1.225
418.625,12.1116202559827,1,1,60.7265153336161,218.615455201018,-24.9608786019071,0,0,16580.6196272076,0,0,1.225
418.875,12.1157405611242,1,1,60.623771754836,218.24557831741,-24.9109725239196,0,0,16552.149705623,0,0,1.225
419.125,12.1198678541014,1,1,60.5210597130264,217.875814966895,-24.8611594550821,0,0,16523.731287117,0,0,1.225
419.375,12.124002156508,1,1,60.4183789845025,217.506164344209,-24.8114392358548,0,0,16495.3642867469,0,0,1.225
419.625,12.1281434900524,1,1,60.3157293446682,217.136625640806,-24.7618117069478,0,0,16467.0486196973,0,0,1.225
419.875,12.1322918765587,1,1,60.2131105680084,216.76719804483,-24.7122767093206,0,0,16438.7842012786,0,0,1.225
420.125,12.1364473379672,1,1,60.110522428081,216.397880741091,-24.6628340841826,0,0,16410.5709469286,0,0,1.225
420.375,12.1406098963355,1,1,60.0079646975094,216.028672911034,-24.6134836729916,0,0,16382.4087722107,0,0,1.225
420.625,12.1447795738395,1,1,59.9054371479745,215.659573732708,-24.5642253174556,0,0,16354.2975928156,0,0,1.225
420.875,12.1489563927742,1,1,59.8029395502067,215.290582380744,-24.5150588595307,0,0,16326.2373245601,0,0,1.225
421.125,12.1531403755547,1,1,59.7004716739779,214.92169802632,-24.4659841414204,0,0,16298.2278833862,0,0,1.225
421.375,12.157331544717,1,1,59.5980332880934,214.552919837136,-24.4170010055768,0,0,16270.2691853622,0,0,1.225
421.625,12.1615299229192,1,1,59.4956241603836,214.184246977381,-24.368109294699,0,0,16242.3611466821,0,0,1.225
421.875,12.1657355329421,1,1,59.3932440576957,213.815678607705,-24.3193088517346,0,0,16214.5036836661,0,0,1.225
422.125,12.1699483976904,1,1,59.2908927458856,213.447213885188,-24.2705995198739,0,0,16186.6967127566,0,0,1.225
422.375,12.1741685401938,1,1,59.1885699898088,213.078851963312,-24.2219811425603,0,0,16158.9401505266,0,0,1.225
422.625,12.1783959836076,1,1,59.0862755533126,212.710591991925,-24.1734535634796,0,0,16131.2339136711,0,0,1.225
422.875,12.1826307512141,1,1,58.9840091992269,212.342433117217,-24.125016626559,0,0,16103.5779190064,0,0,1.225
423.125,12.1868728664232,1,1,58.8817706893555,211.97437448168,-24.0766701759785,0,0,16075.9720834795,0,0,1.225
423.375,12.1911223527739,1,1,58.7795597844677,211.606415224084,-24.028414056158,0,0,16048.4163241576,0,0,1.225
423.625,12.1953792339349,1,1,58.6773762442888,211.23855447944,-23.9802481117649,0,0,16020.9105582349,0,0,1.225
423.875,12.1996435337057,1,1,58.5752198274916,210.87079137897,-23.9321721877104,0,0,15993.4547030288,0,0,1.225
424.125,12.2039152760179,1,1,58.4730902916867,210.503125050072,-23.8841861291467,0,0,15966.0486759787,0,0,1.225
424.375,12.2081944849361,1,1,58.3709873934139,210.13555461629,-23.836289781475,0,0,15938.6923946521,0,0,1.225
424.625,12.2124811846588,1,1,58.2689108881326,209.768079197277,-23.7884829903323,0,0,15911.385776734,0,0,1.225
424.875,12.2167753995198,1,1,58.1668605302122,209.400697908764,-23.7407656016076,0,0,15884.1287400401,0,0,1.225
425.125,12.2210771539892,1,1,58.0648360729228,209.033409862522,-23.6931374614232,0,0,15856.9212025025,0,0,1.225
425.375,12.2253864726741,1,1,57.9628372684257,208.666214166333,-23.6455984161521,0,0,15829.7630821824,0,0,1.225
425.625,12.2297033803205,1,1,57.8608638677635,208.299109923949,-23.5981483124006,0,0,15802.6542972579,0,0,1.225
425.875,12.2340279018137,1,1,57.7589156208503,207.932096235061,-23.5507869970252,0,0,15775.5947660365,0,0,1.225
426.125,12.2383600621797,1,1,57.6569922764618,207.565172195262,-23.5035143171153,0,0,15748.5844069417,0,0,1.225
426.375,12.2426998865865,1,1,57.5550935822251,207.19833689601,-23.4563301200069,0,0,15721.6231385241,0,0,1.225
426.625,12.247047400345,1,1,57.453219284609,206.831589424593,-23.409234253274,0,0,15694.7108794548,0,0,1.225
426.875,12.2514026289105,1,1,57.3513691289133,206.464928864088,-23.3622265647336,0,0,15667.8475485291,0,0,1.225
427.125,12.2557655978836,1,1,57.2495428592585,206.098354293331,-23.3153069024365,0,0,15641.0330646597,0,0,1.225
427.375,12.2601363330113,1,1,57.1477402185756,205.731864786872,-23.2684751146771,0,0,15614.2673468842,0,0,1.225
427.625,12.2645148601886,1,1,57.0459609485951,205.365459414942,-23.2217310499891,0,0,15587.5503143622,0,0,1.225
427.875,12.2689012054595,1,1,56.9442047898366,204.999137243412,-23.1750745571435,0,0,15560.8818863736,0,0,1.225
428.125,12.2732953950183,1,1,56.8424714815979,204.632897333753,-23.1285054851505,0,0,15534.2619823202,0,0,1.225
428.375,12.2776974552107,1,1,56.7407607619441,204.266738742999,-23.0820236832578,0,0,15507.6905217244,0,0,1.225
428.625,12.2821074125352,1,1,56.6390723676961,203.900660523706,-23.0356290009513,0,0,15481.1674242301,0,0,1.225
428.875,12.2865252936446,1,1,56.5374060344202,203.534661723913,-22.9893212879533,0,0,15454.6926096012,0,0,1.225
429.125,12.2909511253466,1,1,56.435761496416,203.168741387098,-22.9431003942227,0,0,15428.2659977218,0,0,1.225
429.375,12.2953849346061,1,1,56.3341384867054,202.80289855214,-22.8969661699584,0,0,15401.8875085994,0,0,1.225
429.625,12.2998267485456,1,1,56.232536737021,202.437132253276,-22.8509184655923,0,0,15375.5570623587,0,0,1.225
429.875,12.3042765944469,1,1,56.1309559777942,202.071441520059,-22.8049571317906,0,0,15349.2745792436,0,0,1.225
430.125,12.3087344997529,1,1,56.0293959381436,201.705825377317,-22.7590820194619,0,0,15323.0399796232,0,0,1.225
430.375,12.3132004920679,1,1,55.9278563458627,201.340282845106,-22.7132929797417,0,0,15296.8531839797,0,0,1.225
430.625,12.3176745991602,1,1,55.8263369274084,200.97481293867,-22.6675898640078,0,0,15270.7141129208,0,0,1.225
430.875,12.3221568489626,1,1,55.724837407888,200.609414668397,-22.621972523867,0,0,15244.6226871691,0,0,1.225
431.125,12.3266472695741,1,1,55.6233575110474,200.244087039771,-22.5764408111645,0,0,15218.57882757,0,0,1.225
431.375,12.3311458892616,1,1,55.5218969592584,199.87882905333,-22.5309945779791,0,0,15192.5824550876,0,0,1.225
431.625,12.3356527364609,1,1,55.420455473506,199.513639704622,-22.4856336766179,0,0,15166.6334908009,0,0,1.225
431.875,12.3401678397783,1,1,55.3190327733755,199.148517984152,-22.4403579596283,0,0,15140.7318559131,0,0,1.225
432.125,12.3446912279922,1,1,55.21762857704,198.783462877344,-22.3951672797848,0,0,15114.8774717417,0,0,1.225
432.375,12.3492229300547,1,1,55.1162426012466,198.418473364488,-22.3500614900986,0,0,15089.0702597259,0,0,1.225
432.625,12.3537629750926,1,1,55.0148745613038,198.053548420694,-22.3050404438136,0,0,15063.3101414233,0,0,1.225
432.875,12.3583113924095,1,1,54.9135241710677,197.688687015844,-22.2601039944002,0,0,15037.5970385057,0,0,1.225
433.125,12.3628682114869,1,1,54.8121911429287,197.323888114543,-22.2152519955662,0,0,15011.9308727675,0,0,1.225
433.375,12.3674334619863,1,1,54.7108751877974,196.959150676071,-22.1704843012485,0,0,14986.311566119,0,0,1.225
433.625,12.37200717375,1,1,54.6095760150913,196.594473654329,-22.1258007656124,0,0,14960.7390405864,0,0,1.225
433.875,12.3765893768034,1,1,54.5082933327202,196.229855997793,-22.0812012430579,0,0,14935.2132183167,0,0,1.225
434.125,12.3811801013564,1,1,54.4070268470723,195.86529664946,-22.036685588213,0,0,14909.7340215723,0,0,1.225
434.375,12.3857793778047,1,1,54.305776263,195.5007945468,-21.9922536559343,0,0,14884.301372732,0,0,1.225
434.625,12.3903872367319,1,1,54.2045412838048,195.136348621697,-21.9479053013138,0,0,14858.9151942961,0,0,1.225
434.875,12.3950037089111,1,1,54.1033216112232,194.771957800404,-21.9036403796654,0,0,14833.575408876,0,0,1.225
435.125,12.3996288253063,1,1,54.0021169454115,194.407621003481,-21.859458746535,0,0,14808.2819392022,0,0,1.225
435.375,12.4042626170744,1,1,53.9009269849308,194.043337145751,-21.8153602576995,0,0,14783.0347081238,0,0,1.225
435.625,12.4089051155669,1,1,53.7997514267318,193.679105136234,-21.7713447691576,0,0,14757.8336386012,0,0,1.225
435.875,12.4135563523314,1,1,53.6985899661393,193.314923878101,-21.7274121371456,0,0,14732.6786537185,0,0,1.225
436.125,12.4182163591137,1,1,53.5974422968367,192.950792268612,-21.6835622181179,0,0,14707.5696766686,0,0,1.225
436.375,12.4228851678593,1,1,53.4963081108502,192.586709199061,-21.6397948687609,0,0,14682.5066307638,0,0,1.225
436.625,12.4275628107156,1,1,53.3951870985329,192.222673554718,-21.5961099459882,0,0,14657.4894394329,0,0,1.225
436.875,12.4322493200332,1,1,53.2940789485483,191.858684214774,-21.5525073069366,0,0,14632.5180262168,0,0,1.225
437.125,12.4369447283681,1,1,53.1929833478545,191.494740052276,-21.5089868089744,0,0,14607.5923147768,0,0,1.225
437.375,12.4416490684837,1,1,53.091899981687,191.130839934073,-21.4655483096894,0,0,14582.7122288839,0,0,1.225
437.625,12.4463623733524,1,1,52.9908285335426,190.766982720753,-21.422191666903,0,0,14557.8776924307,0,0,1.225
437.875,12.4510846761576,1,1,52.8897686851618,190.403167266582,-21.378916738654,0,0,14533.0886294183,0,0,1.225
438.125,12.4558160102957,1,1,52.7887201165121,190.039392419444,-21.3357233832094,0,0,14508.3449639656,0,0,1.225
438.375,12.460556409378,1,1,52.6876825057706,189.675657020774,-21.2926114590628,0,0,14483.6466203074,0,0,1.225
438.625,12.4653059072328,1,1,52.586655529306,189.311959905502,-21.2495808249305,0,0,14458.9935227918,0,0,1.225
438.875,12.4700645379075,1,1,52.4856388616612,188.94829990198,-21.2066313397499,0,0,14434.385595879,0,0,1.225
439.125,12.4748323356701,1,1,52.3846321755351,188.584675831926,-21.1637628626886,0,0,14409.8227641483,0,0,1.225
439.375,12.4796093350121,1,1,52.2836351417645,188.221086510352,-21.1209752531304,0,0,14385.3049522877,0,0,1.225
439.625,12.4843955706498,1,1,52.1826474293054,187.8575307455,-21.0782683706875,0,0,14360.8320851032,0,0,1.225
439.875,12.489191077527,1,1,52.0816687052146,187.494007338772,-21.0356420751914,0,0,14336.4040875119,0,0,1.225
440.125,12.4939958908167,1,1,51.9806986346303,187.130515084669,-20.9930962266972,0,0,14312.0208845452,0,0,1.225
440.375,12.4988100459237,1,1,51.8797368807535,186.767052770712,-20.9506306854819,0,0,14287.6824013481,0,0,1.225
440.625,12.5036335784863,1,1,51.7787831048281,186.403619177381,-20.9082453120463,0,0,14263.3885631804,0,0,1.225
440.875,12.5084665243789,1,1,51.6778369661216,186.040213078038,-20.8659399671087,0,0,14239.1392954116,0,0,1.225
441.125,12.5133089197141,1,1,51.5768981219049,185.676833238858,-20.8237145116118,0,0,14214.9345235271,0,0,1.225
441.375,12.5181608008452,1,1,51.4759662274326,185.313478418757,-20.7815688067158,0,0,14190.7741731225,0,0,1.225
441.625,12.5230222043679,1,1,51.3750409359219,184.950147369319,-20.7395027138055,0,0,14166.6581699091,0,0,1.225
441.875,12.5278931671234,1,1,51.2741218985326,184.586838834717,-20.6975160944821,0,0,14142.586439708,0,0,1.225
442.125,12.5327737262001,1,1,51.1732087643458,184.223551551645,-20.6556088105672,0,0,14118.5589084526,0,0,1.225
442.375,12.5376639189366,1,1,51.0723011803428,183.860284249234,-20.6137807241066,0,0,14094.5755021929,0,0,1.225
442.625,12.5425637829235,1,1,50.9713987913838,183.497035648982,-20.5720316973575,0,0,14070.6361470842,0,0,1.225
442.875,12.5474733560064,1,1,50.8705012401857,183.133804464669,-20.5303615928015,0,0,14046.7407693982,0,0,1.225
443.125,12.5523926762879,1,1,50.7696081673008,182.770589402283,-20.4887702731348,0,0,14022.8892955153,0,0,1.225
443.375,12.5573217821306,1,1,50.6687192110937,182.407389159937,-20.4472576012777,0,0,13999.081651932,0,0,1.225
443.625,12.5622607121591,1,1,50.5678340077192,182.044202427789,-20.4058234403628,0,0,13975.3177652519,0,0,1.225
443.875,12.5672095052631,1,1,50.4669521910994,181.681027887958,-20.3644676537424,0,0,13951.5975621912,0,0,1.225
444.125,12.5721682005997,1,1,50.3660733929004,181.317864214442,-20.3231901049849,0,0,13927.9209695767,0,0,1.225
444.375,12.5771368375961,1,1,50.2651972425088,180.954710073032,-20.2819906578761,0,0,13904.2879143461,0,0,1.225
444.625,12.5821154559524,1,1,50.164323367008,180.591564121229,-20.2408691764231,0,0,13880.6983235519,0,0,1.225
444.875,12.587104095644,1,1,50.0634513911539,180.228425008154,-20.1998255248409,0,0,13857.1521243503,0,0,1.225
445.125,12.5921027969247,1,1,49.9625809373508,179.865291374463,-20.1588595675648,0,0,13833.6492440116,0,0,1.225
445.375,12.5971116003293,1,1,49.8617116256264,179.502161852255,-20.1179711692475,0,0,13810.1896099177,0,0,1.225
445.625,12.6021305466765,1,1,49.7608430736068,179.139035064984,-20.0771601947554,0,0,13786.7731495591,0,0,1.225
445.875,12.6071596770716,1,1,49.6599748964912,178.775909627368,-20.0364265091675,0,0,13763.3997905349,0,0,1.225
446.125,12.6121990329096,1,1,49.5591067070261,178.412784145294,-19.9957699777824,0,0,13740.0694605574,0,0,1.225
446.375,12.6172486558779,1,1,49.4582381154791,178.049657215725,-19.9551904661084,0,0,13716.7820874452,0,0,1.225
446.625,12.6223085879596,1,1,49.3573687296126,177.686527426605,-19.9146878398715,0,0,13693.537599129,0,0,1.225
446.875,12.6273788714361,1,1,49.2564981546569,177.323393356765,-19.8742619650102,0,0,13670.3359236483,0,0,1.225
447.125,12.6324595488904,1,1,49.1556259932833,176.96025357582,-19.8339127076742,0,0,13647.1769891497,0,0,1.225
447.375,12.6375506632101,1,1,49.0547518455763,176.597106644075,-19.7936399342298,0,0,13624.0607238915,0,0,1.225
447.625,12.6426522575907,1,1,48.9538753090059,176.233951112421,-19.7534435112557,0,0,13600.9870562411,0,0,1.225
447.875,12.6477643755385,1,1,48.8529959783993,175.870785522237,-19.7133233055429,0,0,13577.9559146741,0,0,1.225
448.125,12.6528870608739,1,1,48.7521134459122,175.507608405284,-19.6732791840914,0,0,13554.9672277723,0,0,1.225
448.375,12.6580203577348,1,1,48.6512273009997,175.144418283599,-19.6333110141168,0,0,13532.0209242287,0,0,1.225
448.625,12.6631643105797,1,1,48.5503371303871,174.781213669394,-19.5934186630457,0,0,13509.1169328446,0,0,1.225
448.875,12.6683189641913,1,1,48.4494425180399,174.417993064944,-19.5536019985175,0,0,13486.2551825302,0,0,1.225
449.125,12.6734843636795,1,1,48.3485430451336,174.054754962481,-19.5138608883763,0,0,13463.4356022991,0,0,1.225
449.375,12.6786605544852,1,1,48.2476382900227,173.691497844082,-19.4741952006871,0,0,13440.6581212807,0,0,1.225
449.625,12.6838475823835,1,1,48.1467278282104,173.328220181557,-19.4346048037141,0,0,13417.9226687033,0,0,1.225
449.875,12.6890454934875,1,1,48.0458112323161,172.964920436338,-19.3950895659409,0,0,13395.2291739103,0,0,1.225
450.125,12.6942543342518,1,1,47.9448880720443,172.601597059359,-19.3556493560545,0,0,13372.5775663473,0,0,1.225
450.375,12.6994741514757,1,1,47.8439579141515,172.238248490945,-19.316284042955,0,0,13349.9677755703,0,0,1.225
450.625,12.7047049923077,1,1,47.7430203224139,171.87487316069,-19.2769934957514,0,0,13327.3997312421,0,0,1.225
450.875,12.7099469042484,1,1,47.6420748575935,171.511469487337,-19.2377775837613,0,0,13304.8733631323,0,0,1.225
451.125,12.7151999351548,1,1,47.541121077405,171.148035878658,-19.1986361765075,0,0,13282.3886011149,0,0,1.225
451.375,12.720464133244,1,1,47.4401585364807,170.78457073133,-19.159569143726,0,0,13259.9453751742,0,0,1.225
451.625,12.725739547097,1,1,47.3391867863364,170.421072430811,-19.120576355358,0,0,13237.5436153991,0,0,1.225
451.875,12.7310262256627,1,1,47.238205375336,170.05753935121,-19.0816576815523,0,0,13215.1832519849,0,0,1.225
452.125,12.7363242182617,1,1,47.1372138486554,169.693969855159,-19.0428129926686,0,0,13192.8642152359,0,0,1.225
452.375,12.7416335745908,1,1,47.0362117482465,169.330362293687,-19.0040421592666,0,0,13170.586435557,0,0,1.225
452.625,12.7469543447268,1,1,46.9351986128006,168.966715006082,-18.96534505212,0,0,13148.3498434649,0,0,1.225
452.875,12.7522865791305,1,1,46.8341739777105,168.603026319758,-18.926721542206,0,0,13126.1543695795,0,0,1.225
453.125,12.7576303286514,1,1,46.7331373750332,168.23929455012,-18.8881715007055,0,0,13103.9999446249,0,0,1.225
453.375,12.7629856445313,1,1,46.6320883334512,167.875518000424,-18.8496947990097,0,0,13081.886499434,0,0,1.225
453.625,12.7683525784095,1,1,46.5310263782336,167.511694961641,-18.8112913087116,0,0,13059.8139649421,0,0,1.225
453.875,12.7737311823265,1,1,46.4299510311963,167.147823712307,-18.7729609016133,0,0,13037.782272193,0,0,1.225
454.125,12.7791215087287,1,1,46.3288618106624,166.783902518385,-18.734703449717,0,0,13015.7913523317,0,0,1.225
454.375,12.784523610473,1,1,46.2277582314211,166.419929633116,-18.6965188252316,0,0,12993.8411366096,0,0,1.225
454.625,12.7899375408316,1,1,46.1266398046862,166.05590329687,-18.6584069005748,0,0,12971.9315563869,0,0,1.225
454.875,12.7953633534959,1,1,46.0255060380549,165.691821736998,-18.6203675483621,0,0,12950.0625431229,0,0,1.225
455.125,12.8008011025824,1,1,45.9243564354645,165.327683167672,-18.5824006414132,0,0,12928.2340283824,0,0,1.225
455.375,12.8062508426362,1,1,45.8231904971494,164.963485789738,-18.5445060527563,0,0,12906.4459438382,0,0,1.225
455.625,12.8117126286372,1,1,45.7220077195977,164.599227790552,-18.5066836556189,0,0,12884.6982212644,0,0,1.225
455.875,12.8171865160038,1,1,45.6208075955061,164.234907343822,-18.4689333234301,0,0,12862.9907925382,0,0,1.225
456.125,12.8226725605988,1,1,45.5195896137353,163.870522609447,-18.4312549298238,0,0,12841.3235896427,0,0,1.225
456.375,12.8281708187342,1,1,45.4183532592636,163.506071733349,-18.3936483486377,0,0,12819.6965446656,0,0,1.225
456.625,12.8336813471763,1,1,45.317098013141,163.141552847307,-18.3561134539068,0,0,12798.1095897948,0,0,1.225
456.875,12.8392042031511,1,1,45.2158233524413,162.776964068789,-18.3186501198743,0,0,12776.5626573272,0,0,1.225
457.125,12.8447394443493,1,1,45.1145287502149,162.412303500774,-18.2812582209772,0,0,12755.0556796565,0,0,1.225
457.375,12.8502871289323,1,1,45.0132136754393,162.047569231582,-18.2439376318589,0,0,12733.5885892844,0,0,1.225
457.625,12.855847315537,1,1,44.9118775929703,161.682759334693,-18.2066882273625,0,0,12712.1613188143,0,0,1.225
457.875,12.8614200632819,1,1,44.8105199634916,161.31787186857,-18.1695098825303,0,0,12690.7738009519,0,0,1.225
458.125,12.8670054317724,1,1,44.7091402434636,160.952904876469,-18.1324024726068,0,0,12669.4259685072,0,0,1.225
458.375,12.8726034811069,1,1,44.607737885072,160.587856386259,-18.0953658730336,0,0,12648.1177543905,0,0,1.225
458.625,12.8782142718822,1,1,44.506312336175,160.22272441023,-18.0583999594551,0,0,12626.8490916173,0,0,1.225
458.875,12.8838378651997,1,1,44.4048630402501,159.8575069449,-18.0215046077124,0,0,12605.6199133034,0,0,1.225
459.125,12.8894743226715,1,1,44.3033894363397,159.492201970823,-17.9846796938464,0,0,12584.4301526674,0,0,1.225
459.375,12.8951237064261,1,1,44.2018909589963,159.126807452387,-17.9479250940981,0,0,12563.279743031,0,0,1.225
459.625,12.9007860791149,1,1,44.1003670382259,158.761321337613,-17.9112406849049,0,0,12542.1686178163,0,0,1.225
459.875,12.9064615039186,1,1,43.9988170994322,158.395741557956,-17.8746263429048,0,0,12521.0967105492,0,0,1.225
460.125,12.9121500445533,1,1,43.8972405633581,158.030066028089,-17.8380819449308,0,0,12500.0639548548,0,0,1.225
460.375,12.917851765277,1,1,43.7956368460272,157.664292645698,-17.8016073680142,0,0,12479.0702844606,0,0,1.225
460.625,12.9235667308964,1,1,43.6940053586845,157.298419291264,-17.7652024893864,0,0,12458.1156331975,0,0,1.225
460.875,12.9292950067735,1,1,43.5923455077354,156.932443827848,-17.7288671864717,0,0,12437.1999349944,0,0,1.225
461.125,12.9350366588324,1,1,43.4906566946849,156.566364100866,-17.6926013368939,0,0,12416.3231238836,0,0,1.225
461.375,12.9407917535661,1,1,43.3889383160743,156.200177937867,-17.6564048184714,0,0,12395.485133997,0,0,1.225
461.625,12.9465603580438,1,1,43.2871897634182,155.833883148305,-17.6202775092211,0,0,12374.6858995688,0,0,1.225
461.875,12.9523425399177,1,1,43.1854104231398,155.467477523303,-17.5842192873529,0,0,12353.9253549322,0,0,1.225
462.125,12.9581383674305,1,1,43.0835996765054,155.100958835419,-17.5482300312742,0,0,12333.2034345222,0,0,1.225
462.375,12.9639479094225,1,1,42.9817568995575,154.734324838407,-17.5123096195866,0,0,12312.5200728732,0,0,1.225
462.625,12.9697712353394,1,1,42.8798814630473,154.36757326697,-17.4764579310881,0,0,12291.8752046212,0,0,1.225
462.875,12.9756084152396,1,1,42.7779727323657,154.000701836517,-17.4406748447695,0,0,12271.2687645008,0,0,1.225
463.125,12.9814595198022,1,1,42.6760300674732,153.633708242904,-17.4049602398181,0,0,12250.7006873481,0,0,1.225
463.375,12.9873246203347,1,1,42.5740528228289,153.266590162184,-17.3693139956135,0,0,12230.1709080979,0,0,1.225
463.625,12.9932037887808,1,1,42.4720403473177,152.899345250344,-17.3337359917309,0,0,12209.6793617858,0,0,1.225
463.875,12.9990970977291,1,1,42.3699919841775,152.531971143039,-17.2982261079355,0,0,12189.2259835442,0,0,1.225
464.125,13.0050046204205,1,1,42.2679070709237,152.164465455325,-17.26278422419,0,0,12168.8107086085,0,0,1.225
464.375,13.0109264307573,1,1,42.1657849392731,151.796825781383,-17.2274102206475,0,0,12148.433472311,0,0,1.225
464.625,13.0168626033115,1,1,42.0636249150671,151.429049694242,-17.1921039776557,0,0,12128.094210085,0,0,1.225
464.875,13.0228132133332,1,1,41.9614263181925,151.061134745493,-17.1568653757522,0,0,12107.7928574606,0,0,1.225
465.125,13.0287783367599,1,1,41.8591884625018,150.693078465007,-17.1216942956698,0,0,12087.5293500692,0,0,1.225
465.375,13.0347580502251,1,1,41.7569106557315,150.324878360633,-17.0865906183303,0,0,12067.3036236388,0,0,1.225
465.625,13.0407524310673,1,1,41.6545921994196,149.956531917911,-17.0515542248495,0,0,12047.1156139978,0,0,1.225
465.875,13.0467615573398,1,1,41.5522323888212,149.588036599756,-17.0165849965306,0,0,12026.96525707,0,0,1.225
466.125,13.0527855078195,1,1,41.449830512823,149.219389846163,-16.9816828148737,0,0,12006.8524888825,0,0,1.225
466.375,13.0588243620169,1,1,41.3473858538559,148.850589073881,-16.946847561564,0,0,11986.7772455556,0,0,1.225
466.625,13.0648782001857,1,1,41.2448976878066,148.481631676104,-16.9120791184819,0,0,11966.7394633117,0,0,1.225
466.875,13.0709471033328,1,1,41.1423652839271,148.112515022138,-16.8773773676926,0,0,11946.7390784669,0,0,1.225
467.125,13.0770311532282,1,1,41.0397879047432,147.743236457075,-16.8427421914571,0,0,11926.7760274398,0,0,1.225
467.375,13.0831304324154,1,1,40.9371648059606,147.373793301458,-16.8081734722214,0,0,11906.8502467427,0,0,1.225
467.625,13.0892450242219,1,1,40.8344952363706,147.004182850934,-16.773671092622,0,0,11886.9616729866,0,0,1.225
467.875,13.0953750127696,1,1,40.7317784377523,146.634402375908,-16.7392349354864,0,0,11867.1102428815,0,0,1.225
468.125,13.1015204829858,1,1,40.629013644775,146.26444912119,-16.704864883829,0,0,11847.2958932329,0,0,1.225
468.375,13.1076815206142,1,1,40.5262000848975,145.894320305631,-16.670560820854,0,0,11827.5185609444,0,0,1.225
468.625,13.1138582122261,1,1,40.423336978266,145.524013121757,-16.6363226299509,0,0,11807.7781830145,0,0,1.225
468.875,13.1200506452314,1,1,40.3204235376103,145.153524735397,-16.6021501947002,0,0,11788.0746965409,0,0,1.225
469.125,13.126258907891,1,1,40.2174589681383,144.782852285298,-16.5680433988691,0,0,11768.408038717,0,0,1.225
469.375,13.1324830893277,1,1,40.1144424674277,144.41199288274,-16.5340021264124,0,0,11748.7781468332,0,0,1.225
469.625,13.138723279539,1,1,40.0113732253168,144.04094361114,-16.5000262614703,0,0,11729.1849582749,0,0,1.225
469.875,13.1449795694087,1,1,39.9082504237925,143.669701525653,-16.4661156883735,0,0,11709.6284105266,0,0,1.225
470.125,13.1512520507197,1,1,39.8050732368769,143.298263652757,-16.4322702916352,0,0,11690.1084411657,0,0,1.225
470.375,13.1575408161668,1,1,39.7018408305111,142.92662698984,-16.3984899559573,0,0,11670.6249878678,0,0,1.225
470.625,13.1638459593692,1,1,39.5985523624373,142.554788504774,-16.364774566227,0,0,11651.1779884034,0,0,1.225
470.875,13.170167574884,1,1,39.4952069820789,142.182745135484,-16.3311240075186,0,0,11631.7673806404,0,0,1.225
471.125,13.1765057582193,1,1,39.3918038304176,141.810493789503,-16.297538165089,0,0,11612.3931025395,0,0,1.225
471.375,13.1828606058483,1,1,39.288342039869,141.438031343528,-16.2640169243818,0,0,11593.0550921584,0,0,1.225
471.625,13.1892322152226,1,1,39.1848207341552,141.065354642959,-16.2305601710268,0,0,11573.753287651,0,0,1.225
471.875,13.1956206847869,1,1,39.0812390281759,140.692460501433,-16.1971677908355,0,0,11554.4876272641,0,0,1.225
472.125,13.2020261139929,1,1,38.9775960278755,140.319345700352,-16.1638396698077,0,0,11535.258049343,0,0,1.225
472.375,13.2084486033146,1,1,38.8738908301095,139.946006988394,-16.1305756941233,0,0,11516.0644923244,0,0,1.225
472.625,13.2148882542626,1,1,38.770122522507,139.572441081025,-16.0973757501492,0,0,11496.9068947425,0,0,1.225
472.875,13.2213451693998,1,1,38.666290183331,139.198644659992,-16.0642397244328,0,0,11477.7851952237,0,0,1.225
473.125,13.227819452357,1,1,38.5623928813361,138.82461437281,-16.0311675037078,0,0,11458.6993324914,0,0,1.225
473.375,13.2343112078481,1,1,38.4584296756235,138.450346832244,-15.9981589748904,0,0,11439.6492453631,0,0,1.225
473.625,13.2408205416872,1,1,38.3543996154924,138.075838615773,-15.9652140250764,0,0,11420.6348727478,0,0,1.225
473.875,13.2473475608043,1,1,38.2503017402899,137.701086265044,-15.9323325415476,0,0,11401.6561536517,0,0,1.225
474.125,13.2538923732622,1,1,38.1461350792567,137.326086285324,-15.8995144117657,0,0,11382.7130271733,0,0,1.225
474.375,13.260455088274,1,1,38.0418986513701,136.950835144932,-15.8667595233783,0,0,11363.8054325079,0,0,1.225
474.625,13.26703581622,1,1,37.9375914651842,136.575329274663,-15.8340677642091,0,0,11344.9333089401,0,0,1.225
474.875,13.273634668666,1,1,37.8332125186667,136.1995650672,-15.801439022267,0,0,11326.0965958515,0,0,1.225
475.125,13.2802517583809,1,1,37.7287607990323,135.823538876516,-15.7688731857393,0,0,11307.2952327146,0,0,1.225
475.375,13.2868871993557,1,1,37.624235282573,135.447247017263,-15.736370142999,0,0,11288.5291590994,0,0,1.225
475.625,13.2935411068218,1,1,37.5196349344848,135.070685764145,-15.7039297825927,0,0,11269.7983146635,0,0,1.225
475.875,13.3002135972708,1,1,37.414958708691,134.693851351288,-15.6715519932541,0,0,11251.102639163,0,0,1.225
476.125,13.3069047884736,1,1,37.3102055476617,134.316739971582,-15.6392366638929,0,0,11232.4420724438,0,0,1.225
476.375,13.313614799501,1,1,37.2053743822299,133.939347776028,-15.6069836835995,0,0,11213.8165544451,0,0,1.225
476.625,13.3203437507435,1,1,37.1004641314038,133.561670873054,-15.5747929416443,0,0,11195.2260251996,0,0,1.225
476.875,13.3270917639325,1,1,36.9954737021747,133.183705327829,-15.5426643274754,0,0,11176.670424831,0,0,1.225
477.125,13.3338589621614,1,1,36.8904019893217,132.805447161558,-15.5105977307235,0,0,11158.1496935584,0,0,1.225
477.375,13.3406454699075,1,1,36.7852478752118,132.426892350762,-15.4785930411931,0,0,11139.6637716895,0,0,1.225
477.625,13.347451413054,1,1,36.6800102295958,132.048036826545,-15.4466501488714,0,0,11121.2125996274,0,0,1.225
477.875,13.3542769189126,1,1,36.5746879094006,131.668876473842,-15.4147689439219,0,0,11102.7961178657,0,0,1.225
478.125,13.3611221162466,1,1,36.469279758516,131.289407130658,-15.3829493166863,0,0,11084.4142669902,0,0,1.225
478.375,13.3679871352943,1,1,36.3637846075778,130.90962458728,-15.3511911576834,0,0,11066.066987678,0,0,1.225
478.625,13.3748721077935,1,1,36.2582012737462,130.529524585486,-15.3194943576113,0,0,11047.7542206997,0,0,1.225
478.875,13.3817771670055,1,1,36.152528560479,130.149102817724,-15.2878588073427,0,0,11029.4759069148,0,0,1.225
479.125,13.3887024477408,1,1,36.0467652573006,129.768354926282,-15.2562843979285,0,0,11011.231987276,0,0,1.225
479.375,13.3956480863839,1,1,35.9409101395652,129.387276502435,-15.2247710205966,0,0,10993.0224028268,0,0,1.225
479.625,13.4026142209203,1,1,35.8349619682157,129.005863085576,-15.1933185667503,0,0,10974.847094702,0,0,1.225
479.875,13.4096009909629,1,1,35.7289194895365,128.624110162332,-15.1619269279709,0,0,10956.7060041279,0,0,1.225
480.125,13.4166085377789,1,1,35.6227814349019,128.242013165647,-15.1305959960127,0,0,10938.5990724206,0,0,1.225
480.375,13.4236370043185,1,1,35.5165465205175,127.859567473863,-15.0993256628076,0,0,10920.5262409874,0,0,1.225
480.625,13.4306865352427,1,1,35.4102134471577,127.476768409768,-15.0681158204625,0,0,10902.487451327,0,0,1.225
480.875,13.4377572769531,1,1,35.3037808998956,127.093611239624,-15.0369663612596,0,0,10884.4826450284,0,0,1.225
481.125,13.4448493776208,1,1,35.1972475478283,126.710091172182,-15.0058771776535,0,0,10866.5117637688,0,0,1.225
481.375,13.4519629872178,1,1,35.0906120437949,126.326203357662,-14.9748481622782,0,0,10848.5747493201,0,0,1.225
481.625,13.4590982575475,1,1,34.9838730240888,125.94194288672,-14.9438792079372,0,0,10830.6715435402,0,0,1.225
481.875,13.4662553422767,1,1,34.8770291081635,125.557304789389,-14.9129702076107,0,0,10812.8020883791,0,0,1.225
482.125,13.4734343969682,1,1,34.7700788983311,125.172284033992,-14.8821210544511,0,0,10794.9663258756,0,0,1.225
482.375,13.4806355791139,1,1,34.6630209794546,124.786875526036,-14.8513316417852,0,0,10777.1641981591,0,0,1.225
482.625,13.487859048169,1,1,34.5558539186327,124.401074107078,-14.8206018631145,0,0,10759.3956474494,0,0,1.225
482.875,13.4951049655868,1,1,34.4485762648774,124.014874553559,-14.7899316121106,0,0,10741.660616054,0,0,1.225
483.125,13.5023734948542,1,1,34.3411865487842,123.628271575623,-14.7593207826199,0,0,10723.9590463707,0,0,1.225
483.375,13.509664801528,1,1,34.2336832821941,123.241259815899,-14.7287692686596,0,0,10706.2908808862,0,0,1.225
483.625,13.5169790532725,1,1,34.1260649578486,122.853833848255,-14.6982769644214,0,0,10688.6560621773,0,0,1.225
483.875,13.5243164198975,1,1,34.0183300490358,122.465988176529,-14.6678437642668,0,0,10671.0545329084,0,0,1.225
484.125,13.5316770733974,1,1,33.910477009228,122.077717233221,-14.637469562731,0,0,10653.4862358346,0,0,1.225
484.375,13.5390611879907,1,1,33.8025042717114,121.689015378161,-14.6071542545183,0,0,10635.9511137975,0,0,1.225
484.625,13.5464689401618,1,1,33.6944102492062,121.299876897142,-14.5768977345074,0,0,10618.44910973,0,0,1.225
484.875,13.5539005087018,1,1,33.5861933334778,120.91029600052,-14.546699897744,0,0,10600.9801666505,0,0,1.225
485.125,13.5613560747525,1,1,33.4778518949387,120.520266821779,-14.5165606394476,0,0,10583.5442276679,0,0,1.225
485.375,13.5688358218494,1,1,33.3693842822405,120.129783416066,-14.4864798550079,0,0,10566.1412359798,0,0,1.225
485.625,13.576339935967,1,1,33.2607888218559,119.738839758681,-14.4564574399824,0,0,10548.7711348693,0,0,1.225
485.875,13.5838686055653,1,1,33.1520638176505,119.347429743542,-14.4264932901015,0,0,10531.4338677104,0,0,1.225
486.125,13.5914220216361,1,1,33.0432075504442,118.955547181599,-14.3965873012635,0,0,10514.1293779633,0,0,1.225
486.375,13.5990003777523,1,1,32.934218277561,118.563185799219,-14.3667393695373,0,0,10496.8576091771,0,0,1.225
486.625,13.6066038701167,1,1,32.8250942323683,118.170339236526,-14.3369493911587,0,0,10479.6185049864,0,0,1.225
486.875,13.6142326976135,1,1,32.7158336238041,117.777001045695,-14.3072172625357,0,0,10462.4120091163,0,0,1.225
487.125,13.6218870618598,1,1,32.6064346358926,117.383164689213,-14.2775428802424,0,0,10445.238065377,0,0,1.225
487.375,13.629567167259,1,1,32.4968954272469,116.988823538089,-14.2479261410226,0,0,10428.0966176669,0,0,1.225
487.625,13.6372732210561,1,1,32.3872141305596,116.593970870015,-14.2183669417882,0,0,10410.9876099719,0,0,1.225
487.875,13.6450054333932,1,1,32.2773888520798,116.198599867487,-14.1888651796185,0,0,10393.910986364,0,0,1.225
488.125,13.6527640173674,1,1,32.1674176710771,115.802703615878,-14.1594207517614,0,0,10376.8666910032,0,0,1.225
488.375,13.6605491890895,1,1,32.0572986392908,115.406275101447,-14.1300335556307,0,0,10359.8546681348,0,0,1.225
488.625,13.6683611677451,1,1,31.9470297803656,115.009307209316,-14.1007034888084,0,0,10342.8748620919,0,0,1.225
488.875,13.6762001756563,1,1,31.8366090892718,114.611792721378,-14.0714304490448,0,0,10325.9272172949,0,0,1.225
489.125,13.6840664383458,1,1,31.7260345317103,114.213724314157,-14.0422143342532,0,0,10309.0116782478,0,0,1.225
489.375,13.6919601846019,1,1,31.6153040435022,113.815094556608,-14.0130550425174,0,0,10292.1281895441,0,0,1.225
489.625,13.6998816465464,1,1,31.5044155299608,113.415895907859,-13.9839524720849,0,0,10275.2766958616,0,0,1.225
489.875,13.7078310597027,1,1,31.3933668652483,113.016120714894,-13.9549065213694,0,0,10258.4571419642,0,0,1.225
490.125,13.7158086630675,1,1,31.2821558917139,112.61576121017,-13.9259170889516,0,0,10241.669472703,0,0,1.225
490.375,13.723814699183,1,1,31.170780419214,112.214809509171,-13.896984073576,0,0,10224.9136330133,0,0,1.225
490.625,13.7318494142119,1,1,31.0592382244144,111.813257607892,-13.8681073741541,0,0,10208.1895679177,0,0,1.225
490.875,13.739913058014,1,1,30.9475270500721,111.41109738026,-13.8392868897604,0,0,10191.4972225227,0,0,1.225
491.125,13.7480058842252,1,1,30.8356446042984,111.008320575474,-13.8105225196352,0,0,10174.8365420213,0,0,1.225
491.375,13.7561281503383,1,1,30.7235885598003,110.604918815281,-13.7818141631838,0,0,10158.207471692,0,0,1.225
491.625,13.7642801177869,1,1,30.6113565531014,110.200883591165,-13.7531617199743,0,0,10141.6099568975,0,0,1.225
491.875,13.7724620520304,1,1,30.4989461837401,109.796206261464,-13.7245650897403,0,0,10125.0439430869,0,0,1.225
492.125,13.7806742226425,1,1,30.3863550134455,109.390878048404,-13.6960241723777,0,0,10108.5093757931,0,0,1.225
492.375,13.7889169034014,1,1,30.2735805652893,108.984890035042,-13.6675388679469,0,0,10092.0062006342,0,0,1.225
492.625,13.7971903723836,1,1,30.1606203228135,108.578233162129,-13.6391090766713,0,0,10075.5343633135,0,0,1.225
492.875,13.8054949120587,1,1,30.0474717291323,108.170898224876,-13.610734698937,0,0,10059.0938096183,0,0,1.225
493.125,13.8138308093892,1,1,29.9341321860088,107.762875869632,-13.5824156352937,0,0,10042.6844854211,0,0,1.225
493.375,13.8221983559309,1,1,29.8205990529032,107.354156590452,-13.5541517864519,0,0,10026.3063366773,0,0,1.225
493.625,13.830597847938,1,1,29.706869645994,106.944730725578,-13.5259430532869,0,0,10009.9593094288,0,0,1.225
493.875,13.8390295864705,1,1,29.5929412371692,106.534588453809,-13.4977893368339,0,0,9993.64334979971,0,0,1.225
494.125,13.8474938775046,1,1,29.478811052988,106.123719790757,-13.4696905382903,0,0,9977.35840399863,0,0,1.225
494.375,13.8559910320471,1,1,29.3644762736106,105.712114584998,-13.4416465590159,0,0,9961.10441831869,0,0,1.225
494.625,13.8645213662528,1,1,29.2499340316958,105.299762514105,-13.4136573005312,0,0,9944.88133913617,0,0,1.225
494.875,13.8730852015451,1,1,29.1351814112645,104.886653080552,-13.3857226645182,0,0,9928.68911291148,0,0,1.225
495.125,13.8816828647412,1,1,29.020215446529,104.472775607504,-13.3578425528187,0,0,9912.52768618777,0,0,1.225
495.375,13.8903146881806,1,1,28.9050331206849,104.058119234466,-13.3300168674364,0,0,9896.39700559247,0,0,1.225
495.625,13.898981009857,1,1,28.7896313646667,103.6426729128,-13.3022455105342,0,0,9880.29701783571,0,0,1.225
495.875,13.9076821735556,1,1,28.6740070558626,103.226425401105,-13.2745283844365,0,0,9864.22766971152,0,0,1.225
496.125,13.9164185289938,1,1,28.5581570167902,102.809365260445,-13.2468653916258,0,0,9848.18890809586,0,0,1.225
496.375,13.9251904319664,1,1,28.4420780137291,102.391480849425,-13.2192564347458,0,0,9832.18067994891,0,0,1.225
496.625,13.9339982444956,1,1,28.3257667553098,101.972760319115,-13.1917014165986,0,0,9816.20293231258,0,0,1.225
496.875,13.9428423349859,1,1,28.2092198910574,101.553191607807,-13.1642002401461,0,0,9800.25561231239,0,0,1.225
497.125,13.9517230783839,1,1,28.0924340098871,101.132762435594,-13.1367528085088,0,0,9784.33866715595,0,0,1.225
497.375,13.9606408563431,1,1,27.9754056385514,100.711460298785,-13.1093590249661,0,0,9768.45204413353,0,0,1.225
497.625,13.9695960573942,1,1,27.858131240035,100.289272464126,-13.0820187929553,0,0,9752.59569061742,0,0,1.225
497.875,13.9785890771213,1,1,27.7406072118971,99.8661859628296,-13.0547320160726,0,0,9736.76955406275,0,0,1.225
498.125,13.9876203183435,1,1,27.6228298845578,99.4421875844082,-13.0274985980716,0,0,9720.97358200609,0,0,1.225
498.375,13.9966901913031,1,1,27.5047955195269,99.0172638702969,-13.0003184428642,0,0,9705.20772206679,0,0,1.225
498.625,14.0057991138593,1,1,27.386500307572,98.5914011072592,-12.9731914545193,0,0,9689.47192194543,0,0,1.225
498.875,14.0149475116894,1,1,27.2679403668245,98.1645853205681,-12.9461175372633,0,0,9673.76612942462,0,0,1.225
499.125,14.0241358184967,1,1,27.1491117408196,97.7368022669507,-12.9190965954795,0,0,9658.09029236869,0,0,1.225
499.375,14.0333644762246,1,1,27.0300103964688,97.3080374272878,-12.8921285337083,0,0,9642.4443587236,0,0,1.225
499.625,14.0426339352797,1,1,26.9106322219606,96.8782759990582,-12.8652132566463,0,0,9626.82827651646,0,0,1.225
499.875,14.0519446547616,1,1,26.7909730245875,96.4475028885151,-12.8383506691466,0,0,9611.24199385596,0,0,1.225
500.124997055183,14.0612920762659,1,2,26.7271678209364,96.217804155371,-0.820612165990471,11.9056916621416,0,0.188479916818778,0,0,1.225
500.374991165548,14.0706468951499,1,2,26.720433094583,96.193559140499,-0.619241620500007,11.8996924127015,160.577247850164,0,0,0,1.225
500.624985275913,14.0800037981606,1,2,26.7149455367153,96.173803932175,-0.553704942110375,11.8948052504944,212.737185745203,0,0,0,1.225
500.874979386278,14.0893625236183,1,2,26.7099848656141,96.1559455162109,-0.506414066052817,11.8903881920223,250.326396242973,0,0,0,1.225
501.124973496643,14.098722913868,1,2,26.7054214013417,96.1395170448302,-0.468646097320239,11.886325537054,280.316817373911,0,0,0,1.225
501.374967607009,14.1080848444272,1,2,26.7011822532803,96.1242561118092,-0.43696923904699,11.8825522287149,305.450300370316,0,0,0,1.225
501.624961717374,14.1174482113098,1,2,26.6972188413387,96.1099878288195,-0.409610147368875,11.8790248977055,327.143129590918,0,0,0,1.225
501.874955827739,14.1268129248635,1,2,26.6934958052209,96.0965848987951,-0.385510820470437,11.8757119717224,346.239966064848,0,0,0,1.225
502.124949938104,14.1361789061835,1,2,26.6899859495194,96.0839494182697,-0.363980107654086,11.8725891664257,363.292391675947,0,0,0,1.225
502.37494404847,14.1455460847993,1,2,26.6866675483798,96.0720031741673,-0.344537175149964,11.8696370806291,378.68400394971,0,0,0,1.225
502.624938158835,14.1549143970795,1,2,26.6835227545647,96.0606819164329,-0.326831618823867,11.8668397765562,392.694247623566,0,0,0,1.225
502.8749322692,14.1642837850744,1,2,26.6805365902085,96.0499317247505,-0.310598805776602,11.8641838790242,405.534091709929,0,0,0,1.225
503.124926379565,14.1736541956452,1,2,26.6776962709791,96.0397065755247,-0.295633135533889,11.8616579721102,417.367387285463,0,0,0,1.225
503.37492048993,14.18302557979,1,2,26.6749907339612,96.0299666422602,-0.28177114605622,11.8592521776152,428.324359446064,0,0,0,1.225
503.624914600296,14.1923978921081,1,2,26.6724102964425,96.0206770671928,-0.268880367065261,11.8569578503628,438.510507849042,0,0,0,1.225
503.874908710661,14.2017710903669,1,2,26.6699464023061,96.0118070483019,-0.256851697976044,11.854767351698,448.012691881516,0,0,0,1.225
504.124902821026,14.2111451351461,1,2,26.66759142906,96.0033291446162,-0.245594037322008,11.8526738771213,456.903417618704,0,0,0,1.225
504.374896931391,14.2205199895398,1,2,26.6653385380435,95.9952187369565,-0.235030400729383,11.8506713224744,465.243936067897,0,0,0,1.225
504.624891041756,14.2298956189063,1,2,26.6631815561301,95.9874536020683,-0.2250950523995,11.8487541782526,473.086532156574,0,0,0,1.225
504.874885152122,14.2392719906532,1,2,26.6611148808945,95.9800135712203,-0.215731344423168,11.8469174448709,480.476248609975,0,0,0,1.225
505.124879262487,14.2486490740534,1,2,26.6591334035794,95.9728802528859,-0.206890061565688,11.8451565638307,487.452206328619,0,0,0,1.225
505.374873372852,14.2580268400847,1,2,26.6572324457862,95.9660368048304,-0.198528134158278,11.8434673611446,494.048630956476,0,0,0,1.225
505.624867483217,14.2674052612895,1,2,26.6554077069,95.9594677448399,-0.190607623776131,11.841846000351,500.295661748446,0,0,0,1.225
505.874861593582,14.2767843116516,1,2,26.6536552200168,95.9531587920605,-0.183094914239963,11.8402889431255,506.219996597822,0,0,0,1.225
506.124855703948,14.2861639664866,1,2,26.6519713146858,95.9470967328689,-0.175960059345829,11.8387929159806,511.845412016767,0,0,0,1.225
506.374849814313,14.2955442023445,1,2,26.6503525851683,95.9412693066058,-0.16917625176069,11.8373548818964,517.193186455989,0,0,0,1.225
506.624843924678,14.3049249969225,1,2,26.6487958632078,95.935665107548,-0.162719386678407,11.835972015982,522.282448038282,0,0,0,1.225
506.874838035043,14.3143063289868,1,2,26.6472981945195,95.9302735002703,-0.156567700365985,11.8346416844607,527.13046256311,0,0,0,1.225
507.124832145408,14.3236881783011,1,2,26.6458568183711,95.925084546136,-0.150701468483661,11.8333614264189,531.752873844414,0,0,0,1.225
507.374826255774,14.3330705255632,1,2,26.6444691497515,95.9200889391055,-0.145102752524093,11.8321289378677,536.163905680682,0,0,0,1.225
507.624820366139,14.342453352346,1,2,26.6431327637218,95.9152779493986,-0.139755185323894,11.8309420577551,540.376532674637,0,0,0,1.225
507.874814476504,14.3518366410447,1,2,26.6418453816164,95.9106433738189,-0.134643788535345,11.8297987556326,544.402625575969,0,0,0,1.225
508.124808586869,14.3612203748275,1,2,26.6406048588226,95.9061774917615,-0.129754816425183,11.8286971207321,548.253075640209,0,0,0,1.225
508.374802697234,14.3706045375914,1,2,26.6394091739156,95.9018730260961,-0.125075621510877,11.827635352255,551.937901584354,0,0,0,1.225
508.6247968076,14.3799891139205,1,2,26.6382564189593,95.8977231082533,-0.120594538416778,11.8266117507037,555.466342024121,0,0,0,1.225
508.874790917965,14.3893740890483,1,2,26.6371447908197,95.8937212469508,-0.116300783021292,11.8256247101182,558.846935728232,0,0,0,1.225
509.12478502833,14.3987594488224,1,2,26.6360725833578,95.889861300088,-0.112184364504389,11.8246727110984,562.087591595788,0,0,0,1.225
509.374779138695,14.408145179672,1,2,26.635038180391,95.8861374494077,-0.108236008340019,11.8237543145148,565.195649915613,0,0,0,1.225
509.624773249061,14.4175312685775,1,2,26.6340400493293,95.8825441775854,-0.104447088610822,11.8228681558213,568.17793620099,0,0,0,1.225
509.874767359426,14.4269177030427,1,2,26.6330767354043,95.8790762474555,-0.100809568304766,11.8220129398989,571.040808668114,0,0,0,1.225
510.124761469791,14.4363044710683,1,2,26.6321468564238,95.8757286831258,-0.0973159464747604,11.8211874363688,573.79020025002,0,0,0,1.225
510.374755580156,14.4456915611274,1,2,26.6312490979905,95.8724967527657,-0.0939592113185357,11.8203904753203,576.431655897204,0,0,0,1.225
510.624749690521,14.4550789621427,1,2,26.630382209134,95.8693759528824,-0.0907327983922923,11.8196209434093,578.970365791606,0,0,0,1.225
510.874743800887,14.4644666634652,1,2,26.6295449983122,95.866361993924,-0.0876305532827923,11.8188777802856,581.41119501201,0,0,0,1.225
511.124737911252,14.4738546548537,1,2,26.628736329742,95.8634507870711,-0.0846466981792319,11.8181599753153,583.758710095873,0,0,0,1.225
511.374732021617,14.4832429264564,1,2,26.6279551200253,95.8606384320911,-0.081775801847385,11.817466564568,586.017202893904,0,0,0,1.225
511.624726131982,14.4926314687927,1,2,26.6272003350419,95.8579212061508,-0.0790127526017402,11.8167966280409,588.190712039364,0,0,0,1.225
511.874720242347,14.5020202727369,1,2,26.6264709870811,95.855295553492,-0.076352733912278,11.8161492870979,590.283042321448,0,0,0,1.225
512.124714352713,14.511409329502,1,2,26.6257661321905,95.8527580758858,-0.0737912023423379,11.8155237021017,592.297782204486,0,0,0,1.225
512.374708463078,14.5207986306253,1,2,26.6250848677202,95.8503055237928,-0.071323867548814,11.8149190702217,594.238319706922,0,0,0,1.225
512.624702573443,14.530188167954,1,2,26.6244263300457,95.8479347881645,-0.0689466741132054,11.8143346234005,596.107856824389,0,0,0,1.225
512.874696683808,14.5395779336321,1,2,26.6237896924517,95.8456428928263,-0.0666557850061588,11.813769626465,597.909422653956,0,0,0,1.225
513.124690794174,14.5489679200877,1,2,26.6231741631642,95.843426987391,-0.064447566507236,11.8132233753695,599.645885361457,0,0,0,1.225
513.374684904539,14.5583581200213,1,2,26.622578983516,95.8412843406574,-0.06231857442529,11.8126951955591,601.319963114963,0,0,0,1.225
513.624679014904,14.5677485263943,1,2,26.6220034262364,95.839212334451,-0.0602655414882511,11.8121844404424,602.934234088785,0,0,0,1.225
513.874673125269,14.5771391324185,1,2,26.621446793853,95.8372084578709,-0.0582853657790839,11.8116904899658,604.491145636097,0,0,0,1.225
514.124667235635,14.5865299315457,1,2,26.6209084171968,95.8352703019086,-0.0563751001192335,11.8112127492797,605.993022708656,0,0,0,1.225
514.374661346,14.5959209174582,1,2,26.6203876540027,95.8333955544096,-0.0545319422999669,11.8107506474896,607.442075602893,0,0,0,1.225
514.624655456365,14.6053120840595,1,2,26.6198838875971,95.8315819953496,-0.0527532260849851,11.8103036364859,608.840407093296,0,0,0,1.225
514.87464956673,14.6147034254658,1,2,26.6193965256669,95.8298274924008,-0.0510364129099512,11.8098711898448,610.190019012233,0,0,0,1.225
515.124643677096,14.6240949359972,1,2,26.618924999102,95.8281299967672,-0.0493790842116318,11.8094528017969,611.492818329751,0,0,0,1.225
515.374637787461,14.6334866101702,1,2,26.6184687609074,95.8264875392668,-0.0477789343348077,11.8090479862568,612.750622774558,0,0,0,1.225
515.624631897826,14.64287844269,1,2,26.618027285179,95.8248982266444,-0.0462337639571546,11.8086562759089,613.965166043754,0,0,0,1.225
515.874626008192,14.6522704284431,1,2,26.6176000661378,95.8233602380959,-0.044741473992529,11.8082772213476,615.138102632764,0,0,0,1.225
516.124620118557,14.6616625624905,1,2,26.6171866172199,95.8218718219915,-0.0433000599294579,11.8079103902651,616.2710123198,0,0,0,1.225
516.374614228922,14.6710548400614,1,2,26.616786470217,95.8204312927812,-0.0419076065648129,11.8075553666855,617.365404336685,0,0,0,1.225
516.624608339287,14.6804472565465,1,2,26.6163991744644,95.8190370280718,-0.0405622831022002,11.8072117502405,618.422721250246,0,0,0,1.225
516.874602449653,14.689839807492,1,2,26.6160242960729,95.8176874658625,-0.0392623385832342,11.8068791554857,619.444342579564,0,0,0,1.225
517.124596560018,14.6992324885942,1,2,26.6156614172027,95.8163811019299,-0.038006097626454,11.8065572112529,620.431588169154,0,0,0,1.225
517.374590670383,14.7086252956937,1,2,26.6153101353749,95.8151164873497,-0.0367919564454618,11.8062455600365,621.385721340643,0,0,0,1.225
517.624584780748,14.71801822477,1,2,26.6149700628193,95.8138922261494,-0.0356183791280928,11.8059438574128,622.307951837406,0,0,0,1.225
517.874578891114,14.7274112719369,1,2,26.6146408258561,95.8127069730818,-0.0344838941518312,11.8056517714887,623.199438581851,0,0,0,1.225
518.124573001479,14.7368044334373,1,2,26.6143220643085,95.8115594315108,-0.0333870911216032,11.805368982379,624.061292256361,0,0,0,1.225
518.374567111844,14.7461977056385,1,2,26.6140134309458,95.8104483514049,-0.0323266177090281,11.8050951817094,624.894577724507,0,0,0,1.225
518.624561222209,14.7555910850279,1,2,26.6137145909526,95.8093725274294,-0.0313011767838042,11.8048300721447,625.700316299935,0,0,0,1.225
518.874555332575,14.764984568209,1,2,26.6134252214258,95.808330797133,-0.0303095237131281,11.8045733669404,626.479487882088,0,0,0,1.225
519.12454944294,14.7743781518968,1,2,26.6131450108948,95.8073220392213,-0.0293504638264188,11.8043247895153,627.233032960893,0,0,0,1.225
519.374543553305,14.7837718329139,1,2,26.6128736588651,95.8063451719143,-0.0284228500310204,11.8040840730452,627.961854501803,0,0,0,1.225
519.62453766367,14.7931656081871,1,2,26.6126108753835,95.8053991513807,-0.0275255805636518,11.8038509600764,628.666819723288,0,0,0,1.225
519.874531774036,14.8025594747437,1,2,26.6123563806241,95.8044829702466,-0.0266575968725976,11.8036252021557,629.348761770755,0,0,0,1.225
520.124525884401,14.8119534297075,1,2,26.6121099044923,95.8035956561725,-0.0258178816206386,11.8034065594797,630.008481294806,0,0,0,1.225
520.374519994766,14.8213474702961,1,2,26.6118711862489,95.8027362704961,-0.025005456800534,11.8031948005584,630.646747940356,0,0,0,1.225
520.624514105132,14.8307415938173,1,2,26.6116399741492,95.801903906937,-0.0242193819528249,11.8029897018956,631.264301754733,0,0,0,1.225
520.874508215497,14.8401357976661,1,2,26.6114160250997,95.8010976903588,-0.0234587524839112,11.8027910476822,631.861854516352,0,0,0,1.225
521.124502325862,14.8495300793216,1,2,26.6111991043298,95.8003167755873,-0.0227226980734893,11.8025986295047,632.440090992657,0,0,0,1.225
521.374496436227,14.8589244363444,1,2,26.6109889850779,95.7995603462803,-0.0220103811670288,11.8024122460656,632.999670130742,0,0,0,1.225
521.624490546593,14.8683188663736,1,2,26.6107854482907,95.7988276138466,-0.0213209955489691,11.802231702916,633.541226184071,0,0,0,1.225
521.874484656958,14.877713367124,1,2,26.6105882823368,95.7981178164127,-0.0206537649904964,11.8020568122007,634.065369780168,0,0,0,1.225
522.124478767323,14.8871079363841,1,2,26.6103972827312,95.7974302178322,-0.0200079419666712,11.8018873924131,634.572688933436,0,0,0,1.225
522.374472877688,14.896502572013,1,2,26.6102122518721,95.7967641067394,-0.0193828064381315,11.8017232681614,635.06375000689,0,0,0,1.225
522.624466988054,14.9058972719383,1,2,26.6100329987892,95.7961187956411,-0.0187776646962343,11.8015642699442,635.539098623685,0,0,0,1.225
522.874461098419,14.915292034154,1,2,26.6098593389019,95.795493620047,-0.0181918482659524,11.8014102339358,635.999260532947,0,0,0,1.225
523.124455208784,14.9246868567179,1,2,26.6096910937878,95.7948879376362,-0.0176247128612947,11.8012610017802,636.444742434097,0,0,0,1.225
523.374449319149,14.9340817377497,1,2,26.6095280909606,95.7943011274581,-0.0170756373932514,11.8011164203937,636.8760327596,0,0,0,1.225
523.624443429515,14.9434766754289,1,2,26.6093701636571,95.7937325891654,-0.0165440230257167,11.8009763417754,637.293602419794,0,0,0,1.225
523.87443753988,14.952871667993,1,2,26.609217150633,95.7931817422788,-0.0160292922762042,11.8008406228257,637.697905512303,0,0,0,1.225
524.124431650245,14.9622667137352,1,2,26.6090688959669,95.7926480254807,-0.0155308881590834,11.8007091251718,638.089379997832,0,0,0,1.225
524.374425760611,14.9716618110029,1,2,26.6089252488714,95.7921308959372,-0.0150482733724713,11.8005817150005,638.468448341424,0,0,0,1.225
524.624419870976,14.9810569581957,1,2,26.6087860635131,95.7916298286473,-0.01458092951514,11.8004582628969,638.835518130077,0,0,0,1.225
524.874413981341,14.9904521537638,1,2,26.6086511988382,95.7911443158174,-0.0141283563504902,11.8003386436905,639.190982653049,0,0,0,1.225
525.124408091706,14.9998473962066,1,2,26.6085205184056,95.7906738662602,-0.0136900710928086,11.8002227363069,639.535221464669,0,0,0,1.225
525.374402202072,15.0092426840705,1,2,26.6083938902269,95.7902180048168,-0.0132656077364995,11.8001104236244,639.868600913095,0,0,0,1.225
525.624396312437,15.0186380159479,1,2,26.6082711866116,95.7897762718018,-0.0128545164057814,11.8000015923378,640.191474652995,0,0,0,1.225
525.874390422802,15.0280333904753,1,2,26.6081522840191,95.7893482224688,-0.0124563627416722,11.7998961328259,640.504184128687,0,0,0,1.225
526.124384533167,15.0374288063323,1,2,26.6080370629157,95.7889334264964,-0.0120707273089857,11.7997939390249,640.807059041559,0,0,0,1.225
526.374378643533,15.0468242622399,1,2,26.6079254076373,95.7885314674944,-0.011697205035614,11.7996949083065,641.100417791907,0,0,0,1.225
526.624372753898,15.0562197569593,1,2,26.6078172062576,95.7881419425274,-0.0113354046711387,11.7995989413603,641.384567905577,0,0,0,1.225
526.874366864263,15.0656152892903,1,2,26.6077123504604,95.7877644616574,-0.0109849482702254,11.7995059420807,641.659806441019,0,0,0,1.225
527.124360974628,15.0750108580707,1,2,26.6076107354173,95.7873986475024,-0.0106454707008027,11.7994158174583,641.926420376744,0,0,0,1.225
527.374355084994,15.0844064621743,1,2,26.60751225967,95.7870441348118,-0.0103166191683859,11.7993284774748,642.184686986089,0,0,0,1.225
527.624349195359,15.0938021005104,1,2,26.6074168250161,95.7867005700579,-0.00999805276472876,11.7992438350025,642.43487419273,0,0,0,1.225
527.874343305724,15.1031977720223,1,2,26.6073243364004,95.7863676110413,-0.00968944203057444,11.7991618057067,642.677240915123,0,0,0,1.225
528.124337416089,15.1125934756862,1,2,26.6072347018087,95.7860449265113,-0.00939046854341673,11.7990823079522,642.912037391133,0,0,0,1.225
528.374331526455,15.1219892105104,1,2,26.6071478321667,95.7857321958003,-0.0091008245143573,11.7990052627129,643.139505495564,0,0,0,1.225
528.62432563682,15.1313849755341,1,2,26.6070636412418,95.7854291084707,-0.0088202124065636,11.7989305934849,643.359879040604,0,0,0,1.225
528.874319747185,15.1407807698263,1,2,26.6069820455486,95.7851353639749,-0.00854834456805179,11.7988582262024,643.573384064967,0,0,0,1.225
529.124313857551,15.1501765924852,1,2,26.6069029642577,95.7848506713277,-0.00828494287743011,11.7987880891571,643.78023911284,0,0,0,1.225
529.374307967916,15.159572442637,1,2,26.6068263191082,95.7845747487897,-0.00802973840783275,11.7987201129199,643.980655498441,0,0,0,1.225
529.624302078281,15.168968319435,1,2,26.6067520343228,95.7843073235623,-0.00778247109858451,11.7986542302657,644.17483756453,0,0,0,1.225
529.874296188646,15.1783642220588,1,2,26.6066800365259,95.7840481314934,-0.00754288944551053,11.7985903761011,644.362982926166,0,0,0,1.225
530.124290299012,15.1877601497137,1,2,26.6066102546649,95.7837969167936,-0.00731075019806745,11.798528487394,644.54528270914,0,0,0,1.225
530.374284409377,15.1971561016294,1,2,26.606542619934,95.7835534317622,-0.00708581807330056,11.798468503106,644.72192177508,0,0,0,1.225
530.624278519742,15.2065520770598,1,2,26.6064770657007,95.7833174365225,-0.00686786547707715,11.7984103641276,644.893078940873,0,0,0,1.225
530.874272630107,15.2159480752816,1,2,26.6064135274351,95.7830886987664,-0.00665667223805299,11.7983540132147,645.058927188018,0,0,0,1.225
531.124266740473,15.2253440955942,1,2,26.6063519426413,95.7828669935085,-0.00645202535027931,11.7982993949282,645.219633865192,0,0,0,1.225
531.374260850838,15.2347401373186,1,2,26.606292250791,95.7826521028478,-0.00625371872740602,11.7982464555751,645.37536088165,0,0,0,1.225
531.624254961203,15.2441361997969,1,2,26.6062343932604,95.7824438157375,-0.00606155296438854,11.7981951431519,645.526264894737,0,0,0,1.225
531.874249071568,15.2535322823913,1,2,26.6061783132677,95.7822419277638,-0.00587533511033611,11.79814540729,645.672497488591,0,0,0,1.225
532.124243181934,15.2629283844841,1,2,26.6061239558143,95.7820462409313,-0.00569487844681722,11.7980971992026,645.814205348587,0,0,0,1.225
532.374237292299,15.2723245054765,1,2,26.6060712676266,95.7818565634556,-0.00552000227685192,11.7980504716337,645.951530427328,0,0,0,1.225
532.624231402664,15.2817206447882,1,2,26.606020197101,95.7816727095637,-0.0053505317218623,11.7980051788091,646.084610104363,0,0,0,1.225
532.87422551303,15.291116801857,1,2,26.6059706942501,95.7814944993003,-0.0051862975231706,11.7979612763882,646.213577342365,0,0,0,1.225
533.124219623395,15.3005129761378,1,2,26.6059227106504,95.7813217583415,-0.00502713585463892,11.7979187214184,646.338560834478,0,0,0,1.225
533.37421373376,15.3099091671025,1,2,26.6058761993927,95.7811543178138,-0.00487288813894691,11.7978774722902,646.45968514884,0,0,0,1.225
533.624207844125,15.3193053742393,1,2,26.6058311150334,95.7809920141202,-0.00472340087341949,11.7978374886946,646.577070865556,0,0,0,1.225
533.874201954491,15.3287015970522,1,2,26.6057874135475,95.7808346887708,-0.00457852545812824,11.7977987315813,646.690834711919,0,0,0,1.225
534.124196064856,15.3380978350604,1,2,26.6057450522836,95.7806821882208,-0.00443811803513449,11.7977611631185,646.801089688801,0,0,0,1.225
534.374190175221,15.347494087798,1,2,26.60570398992,95.7805343637121,-0.00430203933023344,11.7977247466541,646.907945195121,0,0,0,1.225
534.624184285586,15.3568903548134,1,2,26.6056641864225,95.7803910711212,-0.00417015449901862,11.7976894466781,647.011507148917,0,0,0,1.225
534.874178395952,15.366286635669,1,2,26.6056256030033,95.7802521708119,-0.00404233298386046,11.7976552287864,647.111878099763,0,0,0,1.225
535.124172506317,15.3756829299407,1,2,26.6055882020814,95.780117527493,-0.00391844836997534,11.7976220596455,647.209157341981,0,0,0,1.225
535.374166616682,15.3850792372173,1,2,26.6055519472445,95.7799870100803,-0.00379837824990771,11.7975899069588,647.303441021177,0,0,0,1.225
535.624160727047,15.3944755571003,1,2,26.605516803212,95.7798604915634,-0.00368200409278712,11.7975587394333,647.394822237031,0,0,0,1.225
535.874154837413,15.4038718892037,1,2,26.6054827357991,95.7797378488767,-0.0035692111160865,11.7975285267484,647.483391144135,0,0,0,1.225
536.124148947778,15.413268233153,1,2,26.605449711882,95.7796189627752,-0.00345988816351956,11.7974992395247,647.569235047983,0,0,0,1.225
536.374143058143,15.4226645885856,1,2,26.6054176993648,95.7795037177134,-0.00335392758657634,11.7974708492946,647.652438498103,0,0,0,1.225
536.624137168508,15.4320609551497,1,2,26.6053866671469,95.7793920017288,-0.00325122513083371,11.7974433284733,647.733083377424,0,0,0,1.225
536.874131278874,15.4414573325045,1,2,26.6053565850915,95.7792837063293,-0.00315167982567651,11.7974166503312,647.811248988964,0,0,0,1.225
537.124125389239,15.4508537203196,1,2,26.6053274239954,95.7791787263833,-0.00305519387629252,11.7973907889667,647.887012140754,0,0,0,1.225
537.374119499604,15.460250118275,1,2,26.6052991555597,95.779076960015,-0.00296167256362569,11.7973657192805,647.960447224435,0,0,0,1.225
537.62411360997,15.4696465260601,1,2,26.6052717523615,95.7789783085013,-0.00287102414228296,11.7973414169501,648.031626295545,0,0,0,1.225
537.874107720335,15.4790429433742,1,2,26.6052451878259,95.7788826761732,-0.00278315974548981,11.7973178584055,648.100619148214,0,0,0,1.225
538.1241018307,15.4884393699257,1,2,26.6052194362,95.77878997032,-0.00269799329345651,11.7972950208059,648.167493387161,0,0,0,1.225
538.374095941065,15.497835805432,1,2,26.6051944725269,95.7787001010968,-0.00261544140242654,11.7972728820162,648.232314499205,0,0,0,1.225
538.624090051431,15.5072322496189,1,2,26.6051702726206,95.7786129814343,-0.00253542329759036,11.7972514205856,648.295145921709,0,0,0,1.225
538.874084161796,15.5166287022211,1,2,26.6051468130424,95.7785285269525,-0.00245786073191115,11.7972306157256,648.356049106347,0,0,0,1.225
539.124078272161,15.5260251629811,1,2,26.6051240710768,95.7784466558764,-0.00238267790222194,11.7972104472898,648.415083585073,0,0,0,1.225
539.374072382526,15.5354216316493,1,2,26.6051020247096,95.7783672889545,-0.0023098013741905,11.7971908957534,648.472307029056,0,0,0,1.225
539.624066492892,15.544818107984,1,2,26.6050806526057,95.7782903493805,-0.00223916000319145,11.7971719421942,648.527775310904,0,0,0,1.225
539.874060603257,15.5542145917506,1,2,26.6050599340879,95.7782157627164,-0.00217068486427353,11.7971535682735,648.581542559657,0,0,0,1.225
540.124054713622,15.5636110827219,1,2,26.6050398491165,95.7781434568193,-0.00210430918076258,11.7971357562179,648.633661216904,0,0,0,1.225
540.374048823987,15.5730075806776,1,2,26.6050203782693,95.7780733617695,-0.00203996825422878,11.7971184888021,648.684182091832,0,0,0,1.225
540.624042934353,15.5824040854042,1,2,26.6050015027226,95.7780054098015,-0.00197759940127531,11.7971017493312,648.733154410864,0,0,0,1.225
540.874037044718,15.5918005966947,1,2,26.6049832042324,95.7779395352368,-0.00191714188668889,11.7970855216248,648.780625870218,0,0,0,1.225
541.124031155083,15.6011971143484,1,2,26.6049654651165,95.7778756744193,-0.00185853686500338,11.7970697900007,648.826642681784,0,0,0,1.225
541.374025265448,15.6105936381708,1,2,26.6049482682367,95.7778137656522,-0.00180172731774314,11.7970545392592,648.871249622469,0,0,0,1.225
541.624019375814,15.6199901679734,1,2,26.6049315969826,95.7777537491373,-0.00174665799703309,11.7970397546687,648.914490078486,0,0,0,1.225
541.874013486179,15.6293867035734,1,2,26.6049154352544,95.777695566916,-0.00169327536920865,11.7970254219507,648.956406089664,0,0,0,1.225
542.124007596544,15.6387832447937,1,2,26.6048997674479,95.7776391628124,-0.00164152756183646,11.7970115272658,648.997038391058,0,0,0,1.225
542.37400170691,15.6481797914624,1,2,26.6048845784382,95.7775844823776,-0.0015913643100529,11.7969980572003,649.036426455127,0,0,0,1.225
542.623995817275,15.657576343413,1,2,26.6048698535658,95.777531472837,-0.00154273690631337,11.7969849987529,649.074608531204,0,0,0,1.225
542.87398992764,15.6669729004843,1,2,26.6048555786215,95.7774800830372,-0.00149559815218788,11.7969723393218,649.111621683361,0,0,0,1.225
543.123984038005,15.6763694625198,1,2,26.6048417398326,95.7774302633973,-0.00144990230970197,11.7969600666923,649.147501828651,0,0,0,1.225
543.373978148371,15.6857660293677,1,2,26.6048283238497,95.7773819658589,-0.00140560505608829,11.7969481690252,649.182283772646,0,0,0,1.225
543.623972258736,15.695162600881,1,2,26.6048153177333,95.7773351438397,-0.00136266344035718,11.7969366348449,649.21600124354,0,0,0,1.225
543.873966369101,15.7045591769173,1,2,26.6048027089411,95.777289752188,-0.00132103583827563,11.796925453028,649.248686927549,0,0,0,1.225
544.123960479466,15.7139557573384,1,2,26.6047904853161,95.777245747138,-0.00128068191234858,11.7969146127928,649.280372500323,0,0,0,1.225
544.373954589832,15.7233523420102,1,2,26.6047786350742,95.7772030862671,-0.00124156257134543,11.7969041036883,649.311088658743,0,0,0,1.225
544.623948700197,15.7327489308031,1,2,26.604767146793,95.7771617284548,-0.00120363993050875,11.7968939155846,649.340865152194,0,0,0,1.225
544.873942810562,15.7421455235911,1,2,26.6047560094006,95.7771216338421,-0.00116687727494621,11.7968840386623,649.369730811301,0,0,0,1.225
545.123936920927,15.7515421202522,1,2,26.6047452121646,95.7770827637927,-0.0011312390227952,11.7968744634033,649.39771357687,0,0,0,1.225
545.373931031293,15.7609387206681,1,2,26.604734744682,95.7770450808553,-0.00109669068906958,11.7968651805815,649.4248405283,0,0,0,1.225
545.623925141658,15.7703353247242,1,2,26.6047245968686,95.7770085487271,-0.00106319885200754,11.7968561812538,649.451137910008,0,0,0,1.225
545.873919252023,15.7797319323092,1,2,26.6047147589495,95.7769731322182,-0.00103073112123858,11.7968474567511,649.476631156413,0,0,0,1.225
546.123913362389,15.7891285433155,1,2,26.6047052214494,95.7769387972177,-0.000999256103449224,11.7968389986703,649.501344918938,0,0,0,1.225
546.373907472754,15.7985251576385,1,2,26.6046959751834,95.7769055106601,-0.0009687433719143,11.7968307988656,649.525303089936,0,0,0,1.225
546.623901583119,15.807921775177,1,2,26.6046870112481,95.776873240493,-0.00093916343852926,11.7968228494412,649.548528824622,0,0,0,1.225
546.873895693484,15.8173183958328,1,2,26.6046783210129,95.7768419556465,-0.000910487721749762,11.7968151427429,649.571044566304,0,0,0,1.225
547.12388980385,15.8267150195108,1,2,26.6046698961118,95.7768116260024,-0.00088268851953356,11.7968076713513,649.592872067612,0,0,0,1.225
547.373883914215,15.8361116461185,1,2,26.6046617284347,95.776782222365,-0.000855738982964535,11.796800428074,649.614032411207,0,0,0,1.225
547.62387802458,15.8455082755667,1,2,26.6046538101203,95.776753716433,-0.000829613088739836,11.7967934059391,649.634546031402,0,0,0,1.225
547.873872134945,15.8549049077686,1,2,26.6046461335477,95.7767260807717,-0.000804285613703425,11.7967865981882,649.654432734164,0,0,0,1.225
548.123866245311,15.8643015426401,1,2,26.6046386913296,95.7766992887866,-0.000779732110743902,11.7967799982699,649.673711716032,0,0,0,1.225
548.373860355676,15.8736981800997,1,2,26.6046314763048,95.7766733146973,-0.000755928882645914,11.7967735998332,649.692401584686,0,0,0,1.225
548.623854466041,15.8830948200684,1,2,26.6046244815313,95.7766481335128,-0.00073285296230818,11.7967673967216,649.710520374432,0,0,0,1.225
548.873848576406,15.8924914624697,1,2,26.6046177002797,95.7766237210068,-0.000710482087049661,11.7967613829672,649.72808556643,0,0,0,1.225
549.123842686772,15.9018881072292,1,2,26.6046111260263,95.7766000536948,-0.000688794678600205,11.7967555527847,649.745114104379,0,0,0,1.225
549.373836797137,15.911284754275,1,2,26.6046047524474,95.7765771088108,-0.000667769820590023,11.7967499005658,649.761622412219,0,0,0,1.225
549.623830907502,15.9206814035373,1,2,26.6045985734126,95.7765548642855,-0.000647387240131987,11.7967444208738,649.777626408564,0,0,0,1.225
549.873825017867,15.9300780549485,1,2,26.6045925829791,95.7765332987249,-0.000627627284856346,11.7967391084385,649.793141524785,0,0,0,1.225
550.123819128233,15.9394747084429,1,2,26.6045867753859,95.7765123913894,-0.000608470907221576,11.7967339581507,649.808182717278,0,0,0,1.225
550.373813238598,15.948871363957,1,2,26.6045811450483,95.7764921221739,-0.000589899643368129,11.7967289650577,649.82276448411,0,0,0,1.225
550.623807348963,15.9582680214292,1,2,26.6045756865524,95.7764724715885,-0.000571895595837626,11.7967241243582,649.836900878577,0,0,0,1.225
550.873801459329,15.9676646807996,1,2,26.6045703946497,95.7764534207391,-0.000554441416519429,11.7967194313979,649.850605522594,0,0,0,1.225
551.123795569694,15.9770613420104,1,2,26.6045652642526,95.7764349513095,-0.000537520289142455,11.7967148816646,649.86389162045,0,0,0,1.225
551.373789680059,15.9864580050053,1,2,26.6045602904288,95.7764170455438,-0.000521115912449132,11.7967104707844,649.87677197203,0,0,0,1.225
551.623783790424,15.99585466973,1,2,26.6045554683969,95.7763996862289,-0.000505212486780031,11.7967061945168,649.889258983315,0,0,0,1.225
551.87377790079,16.0052513361316,1,2,26.6045507935216,95.7763828566779,-0.000489794694291892,11.7967020487512,649.901364681977,0,0,0,1.225
552.123772011155,16.0146480041589,1,2,26.6045462613095,95.7763665407143,-0.00047484768849819,11.7966980295026,649.913100725535,0,0,0,1.225
552.37376612152,16.0240446737625,1,2,26.6045418674044,95.776350722656,-0.000460357077443082,11.7966941329079,649.924478414595,0,0,0,1.225
552.623760231885,16.033441344894,1,2,26.6045376075834,95.7763353873002,-0.000446308909376536,11.796690355222,649.93550870411,0,0,0,1.225
552.873754342251,16.042838017507,1,2,26.6045334777525,95.7763205199089,-0.000432689661157993,11.7966866928142,649.946202212457,0,0,0,1.225
553.123748452616,16.0522346915563,1,2,26.604529473943,95.7763061061947,-0.000419486222567215,11.796683142165,649.956569233793,0,0,0,1.225
553.373742562981,16.0616313669979,1,2,26.6045255923074,95.7762921323067,-0.000406685886299613,11.7966796998623,649.966619745871,0,0,0,1.225
553.623736673346,16.0710280437894,1,2,26.6045218291159,95.7762785848171,-0.000394276332731843,11.7966763625984,649.97636342205,0,0,0,1.225
553.873730783712,16.0804247218897,1,2,26.6045181807524,95.7762654507088,-0.000382245620826654,11.7966731271665,649.98580963839,0,0,0,1.225
554.123724894077,16.0898214012587,1,2,26.6045146437117,95.7762527173623,-0.000370582174490139,11.7966699904579,649.994967484398,0,0,0,1.225
554.373719004442,16.0992180818578,1,2,26.6045112145954,95.7762403725436,-0.000359274771657545,11.7966669494589,650.003845771596,0,0,0,1.225
554.623713114808,16.1086147636495,1,2,26.6045078901091,95.7762284043926,-0.000348312534288593,11.7966640012479,650.012453041361,0,0,0,1.225
554.873707225173,16.1180114465973,1,2,26.6045046670588,95.7762168014116,-0.00033768491722591,11.7966611429925,650.020797573683,0,0,0,1.225
555.123701335538,16.1274081306659,1,2,26.6045015423484,95.7762055524541,-0.000327381697735589,11.7966583719469,650.028887395386,0,0,0,1.225
555.373695445903,16.1368048158213,1,2,26.6044985129761,95.7761946467139,-0.000317392966412029,11.7966556854491,650.036730287253,0,0,0,1.225
555.623689556269,16.1462015020302,1,2,26.604495576032,95.7761840737153,-0.000307709116036362,11.7966530809185,650.044333792802,0,0,0,1.225
555.873683666634,16.1555981892604,1,2,26.6044927286951,95.7761738233023,-0.000298320834300328,11.7966505558532,650.051705223966,0,0,0,1.225
556.123677776999,16.1649948774809,1,2,26.6044899682303,95.7761638856292,-0.000289219093119454,11.7966481078278,650.058851669512,0,0,0,1.225
556.373671887364,16.1743915666614,1,2,26.6044872919864,95.776154251151,-0.000280395141584307,11.7966457344911,650.065780000553,0,0,0,1.225
556.62366599773,16.1837882567726,1,2,26.6044846973928,95.7761449106141,-0.000271840494591546,11.7966434335635,650.072496879513,0,0,0,1.225
556.873660108095,16.1931849477861,1,2,26.6044821819577,95.7761358550478,-0.000263546928296335,11.7966412028351,650.079008763648,0,0,0,1.225
557.12365421846,16.2025816396744,1,2,26.6044797432653,95.776127075755,-0.000255506469652911,11.7966390401636,650.085321913294,0,0,0,1.225
557.373648328825,16.2119783324108,1,2,26.6044773789735,95.7761185643046,-0.000247711389365834,11.7966369434719,650.091442397394,0,0,0,1.225
557.623642439191,16.2213750259694,1,2,26.6044750868118,95.7761103125225,-0.000240154194159099,11.7966349107465,650.097376099573,0,0,0,1.225
557.873636549556,16.2307717203252,1,2,26.604472864579,95.7761023124845,-0.000232827620636903,11.7966329400354,650.10312872294,0,0,0,1.225
558.123630659921,16.2401684154538,1,2,26.6044707101412,95.7760945565083,-0.000225724626188482,11.796631029446,650.108705797261,0,0,0,1.225
558.373624770286,16.2495651113317,1,2,26.6044686214295,95.7760870371462,-0.000218838385350049,11.7966291771438,650.11411268177,0,0,0,1.225
558.623618880652,16.2589618079359,1,2,26.6044665964382,95.7760797471777,-0.000212162279800116,11.79662738135,650.119354573077,0,0,0,1.225
558.873612991017,16.2683585052444,1,2,26.604464633223,95.776072679603,-0.000205689893584531,11.7966256403403,650.12443650889,0,0,0,1.225
559.123607101382,16.2777552032357,1,2,26.6044627298988,95.7760658276358,-0.000199415007659386,11.7966239524429,650.12936337229,0,0,0,1.225
559.373601211748,16.2871519018888,1,2,26.6044608846381,95.7760591846972,-0.000193331592614885,11.7966223160373,650.134139897466,0,0,0,1.225
559.623595322113,16.2965486011837,1,2,26.6044590956692,95.776052744409,-0.000187433802081353,11.7966207295522,650.138770674901,0,0,0,1.225
559.873589432478,16.3059453011008,1,2,26.6044573612743,95.7760465005876,-0.000181715970910204,11.7966191914644,650.143260152747,0,0,0,1.225
560.123583542843,16.315342001621,1,2,26.6044556797885,95.7760404472384,-0.000176172604941884,11.7966177002971,650.147612644926,0,0,0,1.225
560.373577653209,16.324738702726,1,2,26.6044540495971,95.7760345785497,-0.000170798378504701,11.7966162546188,650.151832333056,0,0,0,1.225
560.623571763574,16.3341354043979,1,2,26.6044524691353,95.7760288888872,-0.000165588128502973,11.7966148530413,650.155923271102,0,0,0,1.225
560.873565873939,16.3435321066194,1,2,26.6044509368857,95.7760233727884,-0.000160536849869443,11.7966134942193,650.159889388942,0,0,0,1.225
561.123559984304,16.3529288093739,1,2,26.6044494513772,95.7760180249578,-0.000155639690790323,11.7966121768481,650.163734496117,0,0,0,1.225
561.37355409467,16.3623255126449,1,2,26.6044480111838,95.7760128402615,-0.000150891946566058,11.796610899663,650.16746228667,0,0,0,1.225
561.623548205035,16.3717222164168,1,2,26.6044466149228,95.7760078137222,-0.00014628905688278,11.796609661438,650.171076341263,0,0,0,1.225
561.8735423154,16.3811189206743,1,2,26.604445261254,95.7760029405145,-0.000141826601037346,11.7966084609844,650.174580130933,0,0,0,1.225
562.123536425765,16.3905156254026,1,2,26.6044439488778,95.7759982159603,-0.000137500292707619,11.7966072971497,650.177977021212,0,0,0,1.225
562.373530536131,16.3999123305872,1,2,26.6044426765345,95.7759936355243,-0.00013330597608703,11.7966061688168,650.181270275159,0,0,0,1.225
562.623524646496,16.4093090362144,1,2,26.6044414430027,95.7759891948096,-0.00012923962383816,11.7966050749026,650.184463054936,0,0,0,1.225
562.873518756861,16.4187057422705,1,2,26.6044402470982,95.7759848895535,-0.000125297330498754,11.796604014357,650.187558427029,0,0,0,1.225
563.123512867227,16.4281024487425,1,2,26.6044390876732,95.7759807156233,-0.000121475309525788,11.7966029861619,650.190559364552,0,0,0,1.225
563.373506977592,16.4374991556178,1,2,26.6044379636146,95.7759766690127,-0.000117769891021683,11.7966019893303,650.193468749017,0,0,0,1.225
563.623501087957,16.4468958628839,1,2,26.6044368738437,95.7759727458373,-0.000114177516731966,11.7966010229056,650.196289374284,0,0,0,1.225
563.873495198322,16.4562925705291,1,2,26.6044358173143,95.7759689423314,-0.000110694736179823,11.7966000859599,650.199023949597,0,0,0,1.225
564.123489308688,16.4656892785417,1,2,26.6044347930123,95.7759652548443,-0.000107318205983966,11.7965991775941,650.201675100086,0,0,0,1.225
564.373483419053,16.4750859869105,1,2,26.6044337999546,95.7759616798365,-0.000104044683719395,11.7965982969361,650.204245371627,0,0,0,1.225
564.623477529418,16.4844826956247,1,2,26.604432837188,95.7759582138767,-0.000100871025643612,11.7965974431408,650.20673723262,0,0,0,1.225
564.873471639783,16.4938794046737,1,2,26.6044319037884,95.7759548536382,-9.77941851049649e-05,11.7965966153886,650.20915307521,0,0,0,1.225
565.123465750149,16.5032761140473,1,2,26.6044309988599,95.7759515958958,-9.48112073129313e-05,11.796595812885,650.211495219435,0,0,0,1.225
565.373459860514,16.5126728237356,1,2,26.6044301215341,95.7759484375227,-9.19192284286008e-05,11.7965950348598,650.213765913906,0,0,0,1.225
565.623453970879,16.522069533729,1,2,26.6044292709688,95.7759453754877,-8.91154721539907e-05,11.7965942805664,650.215967338497,0,0,0,1.225
565.873448081244,16.5314662440183,1,2,26.6044284463477,95.7759424068518,-8.63972458666021e-05,11.7965935492806,650.218101607399,0,0,0,1.225
566.12344219161,16.5408629545943,1,2,26.6044276468794,95.7759395287659,-8.37619403920411e-05,11.7965928403007,650.220170769262,0,0,0,1.225
566.373436301975,16.5502596654483,1,2,26.6044268717966,95.7759367384676,-8.12070252290587e-05,11.7965921529462,650.222176810975,0,0,0,1.225
566.62343041234,16.5596563765719,1,2,26.6044261203553,95.7759340332792,-7.87300480947931e-05,11.7965914865574,650.224121658002,0,0,0,1.225
566.873424522705,16.5690530879568,1,2,26.6044253918345,95.7759314106042,-7.63286310593258e-05,11.7965908404948,650.226007177429,0,0,0,1.225
567.123418633071,16.5784497995951,1,2,26.6044246855349,95.7759288679257,-7.40004682718918e-05,11.7965902141383,650.227835179757,0,0,0,1.225
567.373412743436,16.5878465114791,1,2,26.6044240007787,95.7759264028033,-7.1743324823984e-05,11.7965896068868,650.229607419777,0,0,0,1.225
567.623406853801,16.5972432236011,1,2,26.6044233369087,95.7759240128713,-6.95550344755629e-05,11.7965890181575,650.231325598353,0,0,0,1.225
567.873400964167,16.606639935954,1,2,26.6044226932878,95.775921695836,-6.74334960169923e-05,11.7965884473854,650.232991365308,0,0,0,1.225
568.123395074532,16.6160366485308,1,2,26.6044220692983,95.7759194494738,-6.53766730416603e-05,11.7965878940228,650.234606319571,0,0,0,1.225
568.373389184897,16.6254333613246,1,2,26.6044214643414,95.775917271629,-6.33825907626725e-05,11.7965873575385,650.236172011698,0,0,0,1.225
568.623383295262,16.6348300743287,1,2,26.6044208778365,95.7759151602113,-6.14493360128522e-05,11.7965868374177,650.23768994384,0,0,0,1.225
568.873377405628,16.6442267875369,1,2,26.6044203092207,95.7759131131947,-5.9575052015023e-05,11.7965863331613,650.239161573904,0,0,0,1.225
569.123371515993,16.6536235009428,1,2,26.6044197579485,95.7759111286146,-5.77579406557983e-05,11.7965858442853,650.240588313705,0,0,0,1.225
569.373365626358,16.6630202145404,1,2,26.6044192234907,95.7759092045665,-5.59962565737274e-05,11.7965853703207,650.241971533669,0,0,0,1.225
569.623359736723,16.6724169283238,1,2,26.6044187053344,95.775907339204,-5.42883101152223e-05,11.7965849108125,650.243312560446,0,0,0,1.225
569.873353847089,16.6818136422875,1,2,26.6044182029825,95.7759055307369,-5.2632460740566e-05,11.7965844653198,650.24461268216,0,0,0,1.225
570.123347957454,16.6912103564259,1,2,26.6044177159528,95.7759037774299,-5.10271199798397e-05,11.796584033415,650.245873146019,0,0,0,1.225
570.373342067819,16.7006070707336,1,2,26.6044172437779,95.7759020776004,-4.94707466579635e-05,11.7965836146838,650.247095162117,0,0,0,1.225
570.623336178184,16.7100037852056,1,2,26.6044167860048,95.7759004296171,-4.7961846894696e-05,11.7965832087242,650.248279903406,0,0,0,1.225
570.87333028855,16.7194004998367,1,2,26.6044163421941,95.7758988318987,-4.64989722856025e-05,11.7965828151467,650.249428507135,0,0,0,1.225
571.123324398915,16.7287972146223,1,2,26.60441591192,95.7758972829119,-4.50807192199173e-05,11.7965824335737,650.250542075372,0,0,0,1.225
571.37331850928,16.7381939295574,1,2,26.6044154947695,95.7758957811702,-4.3705725924617e-05,11.7965820636389,650.251621677352,0,0,0,1.225
571.623312619646,16.7475906446376,1,2,26.6044150903424,95.7758943252327,-4.23726733739358e-05,11.7965817049873,650.252668348726,0,0,0,1.225
571.873306730011,16.7569873598585,1,2,26.6044146982506,95.7758929137021,-4.10802816513017e-05,11.7965813572749,650.253683094455,0,0,0,1.225
572.123300840376,16.7663840752157,1,2,26.6044143181178,95.775891545224,-3.98273108588525e-05,11.7965810201678,650.254666888065,0,0,0,1.225
572.373294950741,16.7757807907051,1,2,26.6044139495792,95.7758902184851,-3.86125579341289e-05,11.7965806933427,650.255620674171,0,0,0,1.225
572.623289061107,16.7851775063227,1,2,26.6044135922812,95.7758889322125,-3.74348573322121e-05,11.796580376486,650.256545367924,0,0,0,1.225
572.873283171472,16.7945742220646,1,2,26.604413245881,95.7758876851716,-3.62930787519331e-05,11.7965800692935,650.257441856802,0,0,0,1.225
573.123277281837,16.8039709379269,1,2,26.6044129100461,95.775886476166,-3.51861264537361e-05,11.7965797714705,650.258311001147,0,0,0,1.225
573.373271392202,16.813367653906,1,2,26.6044125844543,95.7758853040355,-3.41129381227828e-05,11.7965794827312,650.259153635058,0,0,0,1.225
573.623265502568,16.8227643699984,1,2,26.6044122687931,95.7758841676553,-3.30724832772993e-05,11.7965792027985,650.259970567646,0,0,0,1.225
573.873259612933,16.8321610862005,1,2,26.6044119627597,95.775883065935,-3.20637644054717e-05,11.7965789314039,650.260762582114,0,0,0,1.225
574.123253723298,16.8415578025091,1,2,26.6044116660604,95.7758819978174,-3.10858124178648e-05,11.7965786682868,650.261530439378,0,0,0,1.225
574.373247833663,16.8509545189208,1,2,26.6044113784105,95.7758809622776,-3.013768960335e-05,11.7965784131949,650.262274875688,0,0,0,1.225
574.623241944029,16.8603512354326,1,2,26.6044110995339,95.775879958322,-2.92184855362825e-05,11.7965781658834,650.262996605891,0,0,0,1.225
574.873236054394,16.8697479520413,1,2,26.6044108291631,95.775878984987,-2.83273186681547e-05,11.7965779261148,650.263696322145,0,0,0,1.225
575.123230164759,16.8791446687441,1,2,26.6044105670386,95.7758780413389,-2.74633329169105e-05,11.7965776936592,650.264374696632,0,0,0,1.225
575.373224275124,16.8885413855381,1,2,26.6044103129089,95.7758771264721,-2.66257001681147e-05,11.7965774682936,650.265032379549,0,0,0,1.225
575.62321838549,16.8979381024204,1,2,26.6044100665302,95.7758762395088,-2.58136154999934e-05,11.7965772498016,650.265670002912,0,0,0,1.225
575.873212495855,16.9073348193884,1,2,26.6044098276661,95.7758753795979,-2.50263005941197e-05,11.7965770379736,650.266288177819,0,0,0,1.225
576.12320660622,16.9167315364395,1,2,26.6044095960873,95.7758745459142,-2.42629994152115e-05,11.7965768326063,650.266887497893,0,0,0,1.225
576.373200716586,16.9261282535711,1,2,26.6044093715716,95.7758737376578,-2.35229795754063e-05,11.7965766335028,650.267468538181,0,0,0,1.225
576.623194826951,16.9355249707808,1,2,26.6044091539037,95.7758729540532,-2.28055307426076e-05,11.7965764404719,650.268031856418,0,0,0,1.225
576.873188937316,16.9449216880662,1,2,26.6044089428745,95.7758721943484,-2.21099648678641e-05,11.7965762533284,650.268577992833,0,0,0,1.225
577.123183047681,16.954318405425,1,2,26.6044087382818,95.7758714578145,-2.14356141389583e-05,11.7965760718927,650.269107471777,0,0,0,1.225
577.373177158047,16.963715122855,1,2,26.6044085399291,95.7758707437447,-2.07818314351647e-05,11.7965758959909,650.269620801349,0,0,0,1.225
577.623171268412,16.9731118403539,1,2,26.6044083476261,95.775870051454,-2.01479896451126e-05,11.796575725454,650.270118473934,0,0,0,1.225
577.873165378777,16.9825085579197,1,2,26.6044081611883,95.775869380278,-1.95334805298909e-05,11.7965755601184,650.270600967103,0,0,0,1.225
578.123159489142,16.9919052755503,1,2,26.6044079804369,95.7758687295727,-1.89377140409112e-05,11.7965753998255,650.27106874415,0,0,0,1.225
578.373153599508,17.0013019932438,1,2,26.6044078051982,95.7758680987137,-1.83601187746658e-05,11.7965752444216,650.271522253719,0,0,0,1.225
578.623147709873,17.0106987109983,1,2,26.6044076353044,95.7758674870958,-1.78001403810741e-05,11.7965750937574,650.27196193107,0,0,0,1.225
578.873141820238,17.0200954288118,1,2,26.6044074705922,95.775866894132,-1.72572413361041e-05,11.7965749476884,650.272388198253,0,0,0,1.225
579.123135930603,17.0294921466826,1,2,26.6044073109037,95.7758663192534,-1.67309009417722e-05,11.7965748060745,650.272801464101,0,0,0,1.225
579.373130040969,17.038888864609,1,2,26.6044071560857,95.7758657619084,-1.6220614189248e-05,11.7965746687797,650.27320212513,0,0,0,1.225
579.623124151334,17.0482855825892,1,2,26.6044070059895,95.7758652215623,-1.57258915314753e-05,11.7965745356724,650.273590565716,0,0,0,1.225
579.873118261699,17.0576823006216,1,2,26.6044068604712,95.7758646976965,-1.52462577462767e-05,11.7965744066248,650.273967158997,0,0,0,1.225
580.123112372064,17.0670790187046,1,2,26.6044067193912,95.7758641898084,-1.47812528458703e-05,11.7965742815131,650.274332266136,0,0,0,1.225
580.37310648243,17.0764757368366,1,2,26.6044065826141,95.7758636974107,-1.43304307125949e-05,11.7965741602173,650.27468623741,0,0,0,1.225
580.623100592795,17.0858724550163,1,2,26.6044064500086,95.7758632200309,-1.38933584167733e-05,11.796574042621,650.275029412748,0,0,0,1.225
580.87309470316,17.095269173242,1,2,26.6044063214475,95.775862757211,-1.34696171262283e-05,11.7965739286113,650.275362120995,0,0,0,1.225
581.123088813526,17.1046658915125,1,2,26.6044061968075,95.7758623085069,-1.30588002872504e-05,11.7965738180788,650.275684681363,0,0,0,1.225
581.373082923891,17.1140626098263,1,2,26.6044060759689,95.775861873488,-1.26605129424607e-05,11.7965737109175,650.275997403974,0,0,0,1.225
581.623077034256,17.1234593281821,1,2,26.6044059588158,95.775861451737,-1.22743735498432e-05,11.7965736070246,650.276300588391,0,0,0,1.225
581.873071144621,17.1328560465786,1,2,26.6044058452359,95.7758610428492,-1.19000112541965e-05,11.7965735063004,650.276594525805,0,0,0,1.225
582.123065254987,17.1422527650147,1,2,26.6044057351201,95.7758606464323,-1.15370672514078e-05,11.7965734086482,650.276879497929,0,0,0,1.225
582.373059365352,17.1516494834891,1,2,26.6044056283627,95.7758602621059,-1.11851925146628e-05,11.7965733139743,650.277155778823,0,0,0,1.225
582.623053475717,17.1610462020006,1,2,26.6044055248614,95.7758598895012,-1.08440505229938e-05,11.796573222188,650.277423632694,0,0,0,1.225
582.873047586082,17.1704429205481,1,2,26.6044054245169,95.7758595282608,-1.05133129410785e-05,11.7965731332011,650.277683317355,0,0,0,1.225
583.123041696448,17.1798396391304,1,2,26.6044053272328,95.775859178038,-1.0192662802546e-05,11.7965730469282,650.277935081674,0,0,0,1.225
583.373035806813,17.1892363577467,1,2,26.6044052329158,95.7758588384967,-9.88179246356571e-06,11.7965729632866,650.278179167203,0,0,0,1.225
583.623029917178,17.1986330763957,1,2,26.6044051414754,95.7758585093113,-9.58040383022657e-06,11.796572882196,650.278415807991,0,0,0,1.225
583.873024027543,17.2080297950765,1,2,26.6044050528239,95.7758581901659,-9.28820722164157e-06,11.7965728035787,650.278645231496,0,0,0,1.225
584.123018137909,17.2174265137882,1,2,26.6044049668762,95.7758578807542,-9.00492227946406e-06,11.7965727273591,650.278867657846,0,0,0,1.225
584.373012248274,17.2268232325297,1,2,26.6044048835498,95.7758575807793,-8.73027774050867e-06,11.7965726534642,650.279083300019,0,0,0,1.225
584.623006358639,17.2362199513002,1,2,26.6044048027649,95.7758572899535,-8.46401007247713e-06,11.796572581823,650.279292364934,0,0,0,1.225
584.873000469005,17.2456166700988,1,2,26.6044047244438,95.7758570079978,-8.20586301920018e-06,11.7965725123668,650.279495053805,0,0,0,1.225
585.12299457937,17.2550133889247,1,2,26.6044046485115,95.7758567346414,-7.95558964704891e-06,11.796572445029,650.279691560507,0,0,0,1.225
585.372988689735,17.2644101077769,1,2,26.6044045748951,95.7758564696223,-7.71294938900728e-06,11.796572379745,650.27988207393,0,0,0,1.225
585.6229828001,17.2738068266548,1,2,26.6044045035239,95.7758562126861,-7.47770940894637e-06,11.796572316452,650.280066776892,0,0,0,1.225
585.872976910466,17.2832035455575,1,2,26.6044044343295,95.7758559635862,-7.24964460162433e-06,11.7965722550895,650.280245846129,0,0,0,1.225
586.122971020831,17.2926002644842,1,2,26.6044043672455,95.7758557220837,-7.02853509151706e-06,11.7965721955985,650.280419454294,0,0,0,1.225
586.372965131196,17.3019969834343,1,2,26.6044043022075,95.7758554879469,-6.81416987088273e-06,11.7965721379219,650.280587767049,0,0,0,1.225
586.622959241561,17.311393702407,1,2,26.6044042391531,95.7758552609511,-6.60634247956012e-06,11.7965720820044,650.280750946511,0,0,0,1.225
586.872953351927,17.3207904214016,1,2,26.6044041780218,95.7758550408785,-6.40485373351706e-06,11.7965720277924,650.280909149069,0,0,0,1.225
587.122947462292,17.3301871404175,1,2,26.604404118755,95.775854827518,-6.20951036057622e-06,11.7965719752338,650.281062526474,0,0,0,1.225
587.372941572657,17.339583859454,1,2,26.6044040612958,95.7758546206648,-6.02012454565703e-06,11.7965719242782,650.281211226198,0,0,0,1.225
587.622935683022,17.3489805785105,1,2,26.604404005589,95.7758544201204,-5.83651529504989e-06,11.7965718748767,650.281355390341,0,0,0,1.225
587.872929793388,17.3583772975863,1,2,26.6044039515813,95.7758542256926,-5.65850593524681e-06,11.7965718269819,650.281495157628,0,0,0,1.225
588.122923903753,17.3677740166809,1,2,26.6044038992207,95.7758540371946,-5.48592547721562e-06,11.7965717805478,650.281630662318,0,0,0,1.225
588.372918014118,17.3771707357938,1,2,26.6044038484571,95.7758538544457,-5.31860884377894e-06,11.79657173553,650.281762034017,0,0,0,1.225
588.622912124483,17.3865674549243,1,2,26.6044037992418,95.7758536772705,-5.15639573271913e-06,11.7965716918852,650.281889398585,0,0,0,1.225
588.872906234849,17.3959641740719,1,2,26.6044037515275,95.775853505499,-4.99912925250398e-06,11.7965716495715,650.282012879227,0,0,0,1.225
589.122900345214,17.4053608932361,1,2,26.6044037052684,95.7758533389664,-4.84665956035129e-06,11.7965716085483,650.282132593579,0,0,0,1.225
589.372894455579,17.4147576124164,1,2,26.6044036604202,95.7758531775129,-4.6988404515434e-06,11.7965715687764,650.282248656436,0,0,0,1.225
589.622888565945,17.4241543316123,1,2,26.6044036169399,95.7758530209836,-4.55552935942713e-06,11.7965715302174,650.282361179747,0,0,0,1.225
589.87288267631,17.4335510508233,1,2,26.6044035747856,95.7758528692283,-4.41658917444609e-06,11.7965714928345,650.28247027116,0,0,0,1.225
590.122876786675,17.442947770049,1,2,26.6044035339171,95.7758527221015,-4.28188665248744e-06,11.7965714565917,650.282576035293,0,0,0,1.225
590.37287089704,17.4523444892889,1,2,26.604403494295,95.7758525794619,-4.15129286963994e-06,11.7965714214542,650.282678573369,0,0,0,1.225
590.622865007406,17.4617412085425,1,2,26.6044034558813,95.7758524411727,-4.02468163054074e-06,11.7965713873885,650.282777984485,0,0,0,1.225
590.872859117771,17.4711379278096,1,2,26.6044034186392,95.7758523071012,-3.90193196954473e-06,11.7965713543617,650.282874363613,0,0,0,1.225
591.122853228136,17.4805346470895,1,2,26.604403382533,95.7758521771188,-3.78292610431325e-06,11.7965713223422,650.282967803231,0,0,0,1.225
591.372847338501,17.4899313663821,1,2,26.604403347528,95.7758520511007,-3.66754989057216e-06,11.7965712912993,650.283058392961,0,0,0,1.225
591.622841448867,17.4993280856868,1,2,26.6044033135906,95.7758519289261,-3.55569282211182e-06,11.7965712612032,650.283146219567,0,0,0,1.225
591.872835559232,17.5087248050033,1,2,26.6044032806883,95.7758518104777,-3.44724689389197e-06,11.7965712320249,650.283231367859,0,0,0,1.225
592.122829669597,17.5181215243312,1,2,26.6044032487894,95.7758516956419,-3.34210887583199e-06,11.7965712037366,650.28331391888,0,0,0,1.225
592.372823779962,17.5275182436703,1,2,26.6044032178635,95.7758515843085,-3.24017735688355e-06,11.7965711763111,650.283393952262,0,0,0,1.225
592.622817890328,17.5369149630201,1,2,26.6044031878807,95.7758514763707,-3.14135479144185e-06,11.796571149722,650.283471544591,0,0,0,1.225
592.872812000693,17.5463116823803,1,2,26.6044031588124,95.7758513717248,-3.04554613507144e-06,11.7965711239438,650.283546770496,0,0,0,1.225
593.122806111058,17.5557084017506,1,2,26.6044031306307,95.7758512702706,-2.9526592992643e-06,11.7965710989519,650.283619702284,0,0,0,1.225
593.372800221424,17.5651051211308,1,2,26.6044031033085,95.7758511719107,-2.86260560619788e-06,11.7965710747222,650.283690409576,0,0,0,1.225
593.622794331789,17.5745018405204,1,2,26.6044030768196,95.7758510765506,-2.77529865183998e-06,11.7965710512315,650.283758960214,0,0,0,1.225
593.872788442154,17.5838985599193,1,2,26.6044030511386,95.775850984099,-2.69065430594868e-06,11.7965710284572,650.283825420259,0,0,0,1.225
594.122782552519,17.5932952793271,1,2,26.6044030262408,95.775850894467,-2.60859162158853e-06,11.7965710063775,650.283889853265,0,0,0,1.225
594.372779607702,17.6026897361993,1,3,26.6312927586367,95.872653931092,5.72597706277293,0,5232.38281170236,0,0,0,1.225
594.622779607702,17.6120677335631,1,3,26.6849977569912,96.0659919251684,5.72742811487865,0,5236.17435738868,0,0,0,1.225
594.872779607702,17.621426892692,1,3,26.73860845496,96.2589904378559,5.72887915324372,0,5239.96655865639,0,0,0,1.225
595.122779607702,17.6307673219271,1,3,26.7921254184965,96.4516515065874,5.73033017791204,0,5243.75941553429,0,0,0,1.225
595.372779607702,17.6400891285677,1,3,26.845549208056,96.6439771490016,5.73178118892815,0,5247.55292805175,0,0,0,1.225
595.622779607702,17.6493924188853,1,3,26.8988803786695,96.8359693632103,5.73323218633618,0,5251.34709623781,0,0,0,1.225
595.872779607702,17.658677298137,1,3,26.9521194800168,97.0276301280605,5.7346831701791,0,5255.14192012059,0,0,0,1.225
596.122779607702,17.6679438705795,1,3,27.0052670564979,97.2189614033925,5.73613414050124,0,5258.93739972935,0,0,0,1.225
596.372779607702,17.677192239482,1,3,27.0583236473037,97.4099651302932,5.73758509734625,0,5262.73353509281,0,0,0,1.225
596.622779607702,17.6864225071397,1,3,27.1112897864849,97.6006432313455,5.7390360407569,0,5266.53032623898,0,0,0,1.225
596.872779607702,17.6956347748859,1,3,27.1641660030203,97.790997610873,5.74048697077751,0,5270.32777319718,0,0,0,1.225
597.122779607702,17.7048291431056,1,3,27.2169528208835,97.9810301551807,5.7419378874506,0,5274.12587599528,0,0,0,1.225
597.372779607702,17.714005711247,1,3,27.2696507591089,98.1707427327919,5.74338879081961,0,5277.9246346619,0,0,0,1.225
597.622779607702,17.7231645778343,1,3,27.3222603318558,98.360137194681,5.7448396809275,0,5281.72404922531,0,0,0,1.225
597.872779607702,17.7323058404794,1,3,27.3747820484728,98.5492153745021,5.74629055781702,0,5285.52411971364,0,0,0,1.225
598.122779607702,17.7414295958939,1,3,27.4272164135595,98.7379790888141,5.74774142153137,0,5289.32484615538,0,0,0,1.225
598.372779607702,17.7505359399005,1,3,27.4795639270283,98.926430137302,5.74919227211285,0,5293.12622857832,0,0,0,1.225
598.622779607702,17.7596249674447,1,3,27.5318250841652,99.1145703029947,5.7506431096042,0,5296.92826701064,0,0,0,1.225
598.872779607702,17.7686967726055,1,3,27.5840003756884,99.3024013524784,5.75209393404771,0,5300.73096148016,0,0,0,1.225
599.122779607702,17.7777514486071,1,3,27.6360902878078,99.489925036108,5.75354474548635,0,5304.53431201528,0,0,0,1.225
599.372779607702,17.7867890878293,1,3,27.6880953022815,99.6771430882136,5.75499554396129,0,5308.33831864296,0,0,0,1.225
599.622779607702,17.7958097818183,1,3,27.7400158964734,99.8640572273041,5.75644632951571,0,5312.14298139181,0,0,0,1.225
599.872779607702,17.8048136212973,1,3,27.7918525434078,100.050669156268,5.75789710219055,0,5315.94830028866,0,0,0,1.225
600.122779607702,17.8138006961768,1,3,27.843605711825,100.23698056257,5.75934786202902,0,5319.75427536215,0,0,0,1.225
600.372779607702,17.8227710955646,1,3,27.895275866235,100.422993118446,5.7607986090718,0,5323.56090663896,0,0,0,1.225
600.622779607702,17.8317249077761,1,3,27.9468634669699,100.608708481092,5.76224934336074,0,5327.36819414668,0,0,0,1.225
600.872779607702,17.8406622203439,1,3,27.9983689702371,100.794128292853,5.76370006493789,0,5331.17613791312,0,0,0,1.225
601.122779607702,17.8495831200276,1,3,28.0497928281695,100.97925418141,5.76515077384465,0,5334.98473796556,0,0,0,1.225
601.372779607702,17.8584876928236,1,3,28.101135488877,101.164087759957,5.76660147012171,0,5338.79399433075,0,0,0,1.225
601.622779607702,17.8673760239737,1,3,28.1523973964955,101.348630627384,5.76805215381114,0,5342.60390703654,0,0,0,1.225
601.872779607702,17.8762481979754,1,3,28.2035789912361,101.53288436845,5.76950282495318,0,5346.41447610935,0,0,0,1.225
602.122779607702,17.8851042985902,1,3,28.2546807094335,101.71685055396,5.77095348358989,0,5350.22570157709,0,0,0,1.225
602.372779607702,17.8939444088528,1,3,28.3057029835927,101.900530740934,5.7724041297613,0,5354.03758346603,0,0,0,1.225
602.622779607702,17.90276861108,1,3,28.3566462424365,102.083926472771,5.77385476350878,0,5357.85012180357,0,0,0,1.225
602.872779607702,17.9115769868793,1,3,28.4075109109507,102.267039279422,5.77530538487258,0,5361.66331661619,0,0,0,1.225
603.122779607702,17.9203696171574,1,3,28.4582974104298,102.449870677547,5.77675599389386,0,5365.47716793115,0,0,0,1.225
603.372779607702,17.9291465821288,1,3,28.5090061585212,102.632422170676,5.77820659061285,0,5369.29167577497,0,0,0,1.225
603.622779607702,17.9379079613236,1,3,28.5596375692693,102.81469524937,5.77965717506936,0,5373.10684017386,0,0,0,1.225
603.872779607702,17.9466538335965,1,3,28.6101920531585,102.996691391371,5.78110774730453,0,5376.9226611551,0,0,0,1.225
604.122779607702,17.9553842771339,1,3,28.6606700171556,103.17841206176,5.7825583073577,0,5380.73913874457,0,0,0,1.225
604.372779607702,17.9640993694623,1,3,28.7110718647517,103.359858713106,5.78400885526958,0,5384.55627296923,0,0,0,1.225
604.622779607702,17.9727991874562,1,3,28.7613979960037,103.541032785613,5.78545939107971,0,5388.37406385518,0,0,0,1.225
604.872779607702,17.9814838073453,1,3,28.8116488075744,103.721935707268,5.78690991482836,0,5392.19251142904,0,0,0,1.225
605.122779607702,17.9901533047227,1,3,28.8618246927727,103.902568893982,5.78836042655462,0,5396.01161571659,0,0,0,1.225
605.372779607702,17.9988077545516,1,3,28.9119260415933,104.082933749736,5.78981092629897,0,5399.83137674468,0,0,0,1.225
605.622779607702,18.0074472311733,1,3,28.9619532407547,104.263031666717,5.79126141410006,0,5403.65179453874,0,0,0,1.225
605.872779607702,18.016071808314,1,3,29.011906673738,104.442864025457,5.79271188999769,0,5407.47286912512,0,0,0,1.225
606.122779607702,18.0246815590919,1,3,29.0617867208245,104.622432194968,5.79416235403119,0,5411.29460052985,0,0,0,1.225
606.372779607702,18.0332765560245,1,3,29.1115937591325,104.801737532877,5.79561280623989,0,5415.11698877893,0,0,0,1.225
606.622779607702,18.0418568710355,1,3,29.1613281626538,104.980781385554,5.79706324666245,0,5418.94003389788,0,0,0,1.225
606.872779607702,18.050422575461,1,3,29.2109903022901,105.159565088244,5.7985136753382,0,5422.76373591276,0,0,0,1.225
607.122779607702,18.0589737400571,1,3,29.2605805458879,105.338089965197,5.7999640923058,0,5426.58809484909,0,0,0,1.225
607.372779607702,18.0675104350058,1,3,29.310099258274,105.516357329786,5.80141449760481,0,5430.41311073317,0,0,0,1.225
607.622779607702,18.0760327299217,1,3,29.3595468012892,105.694368484641,5.80286489127275,0,5434.23878358965,0,0,0,1.225
607.872779607702,18.0845406938588,1,3,29.408923533823,105.872124721763,5.80431527334895,0,5438.06511344467,0,0,0,1.225
608.122779607702,18.0930343953161,1,3,29.4582298118464,106.049627322647,5.80576564387161,0,5441.89210032348,0,0,0,1.225
608.372779607702,18.1015139022444,1,3,29.5074659884451,106.226877558402,5.80721600287916,0,5445.71974425151,0,0,0,1.225
608.622779607702,18.1099792820522,1,3,29.5566324138519,106.403876689867,5.80866635040979,0,5449.54804525403,0,0,0,1.225
608.872779607702,18.118430601612,1,3,29.6057294354791,106.580625967725,5.81011668650194,0,5453.37700335654,0,0,0,1.225
609.122779607702,18.1268679272657,1,3,29.6547573979491,106.757126632617,5.81156701119312,0,5457.2066185838,0,0,0,1.225
609.372779607702,18.1352913248311,1,3,29.7037166431264,106.933379915255,5.81301732452198,0,5461.0368909615,0,0,0,1.225
609.622779607702,18.1437008596075,1,3,29.7526075101478,107.109387036532,5.81446762652604,0,5464.86782051444,0,0,0,1.225
609.872779607702,18.1520965963811,1,3,29.8014303354528,107.28514920763,5.81591791724281,0,5468.69940726744,0,0,0,1.225
610.122779607702,18.1604785994311,1,3,29.8501854528131,107.460667630127,5.81736819671028,0,5472.53165124571,0,0,0,1.225
610.372779607702,18.1688469325349,1,3,29.8988731933622,107.635943496104,5.81881846496572,0,5476.36455247392,0,0,0,1.225
610.622779607702,18.1772016589738,1,3,29.9474938856244,107.810977988248,5.82026872204733,0,5480.19811097748,0,0,0,1.225
610.872779607702,18.1855428415383,1,3,29.9960478555429,107.985772279954,5.82171896799127,0,5484.03232678019,0,0,0,1.225
611.122779607702,18.1938705425334,1,3,30.0445354265085,108.160327535431,5.82316920283574,0,5487.8671999075,0,0,0,1.225
611.372779607702,18.2021848237839,1,3,30.0929569193871,108.334644909794,5.82461942661735,0,5491.70273038361,0,0,0,1.225
611.622779607702,18.2104857466395,1,3,30.1413126525469,108.508725549169,5.8260696393736,0,5495.53891823346,0,0,0,1.225
611.872779607702,18.2187733719801,1,3,30.1896029418857,108.682570590789,5.82751984114066,0,5499.37576348091,0,0,0,1.225
612.122779607702,18.2270477602206,1,3,30.2378281008572,108.856181163086,5.82897003195626,0,5503.21326615112,0,0,0,1.225
612.372779607702,18.2353089713159,1,3,30.2859884404974,109.029558385791,5.83042021185702,0,5507.05142626835,0,0,0,1.225
612.622779607702,18.243557064766,1,3,30.3340842694505,109.202703370022,5.83187038087885,0,5510.89024385634,0,0,0,1.225
612.872779607702,18.2517920996206,1,3,30.3821158939945,109.37561721838,5.83332053905906,0,5514.72971893992,0,0,0,1.225
613.122779607702,18.260014134484,1,3,30.4300836180659,109.548301025037,5.83477068643333,0,5518.5698515427,0,0,0,1.225
613.372779607702,18.2682232275197,1,3,30.4779877432854,109.720755875827,5.83622082303918,0,5522.41064168971,0,0,0,1.225
613.622779607702,18.2764194364552,1,3,30.5258285689814,109.892982848333,5.83767094891186,0,5526.25208940423,0,0,0,1.225
613.872779607702,18.2846028185862,1,3,30.573606392215,110.064983011974,5.83912106408775,0,5530.09419471042,0,0,0,1.225
614.122779607702,18.2927734307817,1,3,30.6213215078034,110.236757428092,5.84057116860299,0,5533.93695763231,0,0,0,1.225
614.372779607702,18.3009313294879,1,3,30.6689742083435,110.408307150036,5.84202126249374,0,5537.78037819393,0,0,0,1.225
614.622779607702,18.3090765707329,1,3,30.7165647842351,110.579633223246,5.84347134579548,0,5541.62445641878,0,0,0,1.225
614.872779607702,18.3172092101311,1,3,30.7640935237038,110.750736685334,5.84492141854389,0,5545.46919233057,0,0,0,1.225
615.122779607702,18.3253293028869,1,3,30.8115607128237,110.921618566165,5.84637148077491,0,5549.3145859532,0,0,0,1.225
615.372779607702,18.3334369037998,1,3,30.8589666355396,111.092279887943,5.84782153252445,0,5553.16063731057,0,0,0,1.225
615.622779607702,18.3415320672679,1,3,30.9063115736889,111.26272166528,5.84927157382731,0,5557.00734642573,0,0,0,1.225
615.872779607702,18.3496148472922,1,3,30.9535958070233,111.432944905284,5.85072160471873,0,5560.85471332206,0,0,0,1.225
616.122779607702,18.3576852974808,1,3,31.0008196132306,111.60295060763,5.85217162523509,0,5564.7027380239,0,0,0,1.225
616.372779607702,18.3657434710526,1,3,31.0479832679551,111.772739764639,5.85362163541049,0,5568.55142055378,0,0,0,1.225
616.622779607702,18.3737894208415,1,3,31.0950870448194,111.94231336135,5.85507163528018,0,5572.40076093514,0,0,0,1.225
616.872779607702,18.3818231993003,1,3,31.1421312154441,112.111672375599,5.85652162487941,0,5576.25075919147,0,0,0,1.225
617.122779607702,18.3898448585044,1,3,31.1891160494685,112.280817778087,5.85797160424318,0,5580.10141534605,0,0,0,1.225
617.372779607702,18.3978544501557,1,3,31.236041814571,112.449750532456,5.85942157340583,0,5583.95272942166,0,0,0,1.225
617.622779607702,18.4058520255861,1,3,31.2829087764882,112.618471595357,5.86087153240214,0,5587.80470144145,0,0,0,1.225
617.872779607702,18.4138376357618,1,3,31.3297171990348,112.786981916525,5.86232148126737,0,5591.65733142896,0,0,0,1.225
618.122779607702,18.4218113312863,1,3,31.3764673441231,112.955282438843,5.86377142003494,0,5595.51061940628,0,0,0,1.225
618.372779607702,18.4297731624042,1,3,31.4231594717816,113.123374098414,5.86522134874008,0,5599.36456539697,0,0,0,1.225
618.622779607702,18.4377231790051,1,3,31.469793840174,113.291257824627,5.86667126741668,0,5603.21916942352,0,0,0,1.225
618.872779607702,18.4456614306267,1,3,31.516370705618,113.458934540225,5.86812117609929,0,5607.07443150899,0,0,0,1.225
619.122779607702,18.4535879664583,1,3,31.562890322603,113.626405161371,5.86957107482181,0,5610.93035167588,0,0,0,1.225
619.372779607702,18.4615028353446,1,3,31.6093529438088,113.793670597712,5.87102096361832,0,5614.78692994692,0,0,0,1.225
619.622779607702,18.4694060857886,1,3,31.6557588201232,113.960731752444,5.87247084252294,0,5618.64416634484,0,0,0,1.225
619.872779607702,18.4772977659554,1,3,31.7021082006597,114.127589522375,5.87392071156933,0,5622.50206089203,0,0,0,1.225
620.122779607702,18.4851779236749,1,3,31.7484013327746,114.294244797989,5.87537057079089,0,5626.3606136107,0,0,0,1.225
620.372779607702,18.4930466064458,1,3,31.7946384620847,114.460698463505,5.87682042022152,0,5630.21982452345,0,0,0,1.225
620.622779607702,18.5009038614381,1,3,31.840819832484,114.626951396942,5.87827025989532,0,5634.07969365308,0,0,0,1.225
620.872779607702,18.508749735497,1,3,31.8869456861604,114.793004470177,5.87972008984502,0,5637.9402210213,0,0,0,1.225
621.122779607702,18.5165842751453,1,3,31.9330162636123,114.958858549004,5.88116991010429,0,5641.80140665058,0,0,0,1.225
621.372779607702,18.524407526587,1,3,31.9790318036652,115.124514493195,5.88261972070586,0,5645.66325056266,0,0,0,1.225
621.622779607702,18.5322195357101,1,3,32.0249925434875,115.289973156555,5.88406952168452,0,5649.52575278095,0,0,0,1.225
621.872779607702,18.54002034809,1,3,32.0708987186065,115.455235386984,5.88551931307211,0,5653.3889133265,0,0,0,1.225
622.122779607702,18.5478100089919,1,3,32.1167505629245,115.620302026528,5.88696909490136,0,5657.25273222111,0,0,0,1.225
622.372779607702,18.5555885633742,1,3,32.1625483087338,115.785173911442,5.88841886720547,0,5661.11720948695,0,0,0,1.225
622.622779607702,18.5633560558913,1,3,32.2082921867327,115.949851872238,5.8898686300181,0,5664.98234514657,0,0,0,1.225
622.872779607702,18.5711125308964,1,3,32.2539824260399,116.114336733744,5.89131838337107,0,5668.84813922108,0,0,0,1.225
623.122779607702,18.5788580324444,1,3,32.2996192542104,116.278629315157,5.89276812729668,0,5672.71459173198,0,0,0,1.225
623.372779607702,18.5865926042947,1,3,32.3452028972495,116.442730430098,5.89421786182902,0,5676.58170270224,0,0,0,1.225
623.622779607702,18.5943162899141,1,3,32.3907335796281,116.606640886661,5.89566758699948,0,5680.44947215263,0,0,0,1.225
623.872779607702,18.6020291324791,1,3,32.4362115242965,116.770361487467,5.89711730283943,0,5684.31790010398,0,0,0,1.225
624.122779607702,18.6097311748793,1,3,32.4816369526993,116.933893029718,5.89856700938299,0,5688.18698657929,0,0,0,1.225
624.372779607702,18.6174224597195,1,3,32.5270100847891,117.097236305241,5.90001670666197,0,5692.05673159975,0,0,0,1.225
624.622779607702,18.6251030293225,1,3,32.5723311390406,117.260392100546,5.90146639470777,0,5695.92713518624,0,0,0,1.225
624.872779607702,18.6327729257319,1,3,32.6176003324644,117.423361196872,5.90291607355266,0,5699.79819736033,0,0,0,1.225
625.122779607702,18.6404321907144,1,3,32.6628178806204,117.586144370233,5.90436574322803,0,5703.66991814291,0,0,0,1.225
625.372779607702,18.6480808657625,1,3,32.7079839976316,117.748742391474,5.90581540376706,0,5707.54229755634,0,0,0,1.225
625.622779607702,18.6557189920971,1,3,32.7530988961971,117.911156026309,5.9072650552007,0,5711.41533562117,0,0,0,1.225
625.872779607702,18.6633466106698,1,3,32.7981627876053,118.073386035379,5.9087146975603,0,5715.28903235831,0,0,0,1.225
626.122779607702,18.6709637621656,1,3,32.843175881747,118.235433174289,5.91016433087725,0,5719.16338778872,0,0,0,1.225
626.372779607702,18.6785704870049,1,3,32.888138387128,118.397298193661,5.91161395518429,0,5723.03840193443,0,0,0,1.225
626.622779607702,18.6861668253464,1,3,32.933050510882,118.558981839175,5.91306357051144,0,5726.91407481533,0,0,0,1.225
626.872779607702,18.6937528170893,1,3,32.977912458783,118.720484851619,5.91451317688961,0,5730.79040645204,0,0,0,1.225
627.122779607702,18.7013285018755,1,3,33.0227244352577,118.881807966928,5.91596277435247,0,5734.66739686737,0,0,0,1.225
627.372779607702,18.7088939190921,1,3,33.0674866433977,119.042951916232,5.9174123629291,0,5738.54504608052,0,0,0,1.225
627.622779607702,18.7164491078736,1,3,33.1121992849717,119.203917425898,5.91886194265089,0,5742.42335411252,0,0,0,1.225
627.872779607702,18.7239941071041,1,3,33.1568625604373,119.364705217574,5.92031151354877,0,5746.30232098404,0,0,0,1.225
628.122779607702,18.7315289554198,1,3,33.201476668953,119.525316008231,5.92176107565319,0,5750.18194671542,0,0,0,1.225
628.372779607702,18.7390536912109,1,3,33.2460418083897,119.685750510203,5.92321062899646,0,5754.06223132844,0,0,0,1.225
628.622779607702,18.7465683526241,1,3,33.2905581753422,119.846009431232,5.92466017360812,0,5757.94317484274,0,0,0,1.225
628.872779607702,18.7540729775645,1,3,33.335025965141,120.006093474508,5.92610970951864,0,5761.82477727869,0,0,0,1.225
629.122779607702,18.7615676036979,1,3,33.3794453718631,120.166003338707,5.92755923675804,0,5765.70703865631,0,0,0,1.225
629.372779607702,18.7690522684527,1,3,33.4238165883435,120.325739718037,5.92900875535861,0,5769.58995899745,0,0,0,1.225
629.622779607702,18.7765270090223,1,3,33.4681398061859,120.485303302269,5.93045826534853,0,5773.47353832071,0,0,0,1.225
629.872779607702,18.7839918623672,1,3,33.5124152157738,120.644694776786,5.9319077667592,0,5777.35777664724,0,0,0,1.225
630.122779607702,18.7914468652164,1,3,33.5566430062815,120.803914822614,5.93335725962061,0,5781.24267399711,0,0,0,1.225
630.372779607702,18.7988920540702,1,3,33.6008233656844,120.962964116464,5.93480674396233,0,5785.12823039006,0,0,0,1.225
630.622779607702,18.806327465202,1,3,33.6449564807694,121.12184333077,5.93625621981528,0,5789.01444584692,0,0,0,1.225
630.872779607702,18.8137531346598,1,3,33.6890425371458,121.280553133725,5.93770568720856,0,5792.90132038706,0,0,0,1.225
631.122779607702,18.8211690982689,1,3,33.7330817192554,121.43909418932,5.9391551461722,0,5796.78885403064,0,0,0,1.225
631.372779607702,18.828575391633,1,3,33.7770742103826,121.597467157377,5.94060459673619,0,5800.67704679778,0,0,0,1.225
631.622779607702,18.8359720501371,1,3,33.8210201926643,121.755672693592,5.94205403892965,0,5804.56589870793,0,0,0,1.225
631.872779607702,18.8433591089484,1,3,33.8649198471004,121.913711449562,5.94350347278214,0,5808.45540978089,0,0,0,1.225
632.122779607702,18.8507366030189,1,3,33.9087733535631,122.071584072827,5.94495289832412,0,5812.34558003721,0,0,0,1.225
632.372779607702,18.8581045670868,1,3,33.952580890807,122.229291206905,5.94640231558378,0,5816.23640949564,0,0,0,1.225
632.622779607702,18.8654630356786,1,3,33.9963426364783,122.386833491322,5.9478517245916,0,5820.12789817675,0,0,0,1.225
632.872779607702,18.8728120431107,1,3,34.040058767125,122.54421156165,5.94930112537577,0,5824.02004609931,0,0,0,1.225
633.122779607702,18.8801516234914,1,3,34.0837294582057,122.701426049541,5.95075051796539,0,5827.91285328283,0,0,0,1.225
633.372779607702,18.8874818107226,1,3,34.1273548840992,122.858477582757,5.95219990239048,0,5831.80631974758,0,0,0,1.225
633.622779607702,18.8948026385013,1,3,34.1709352181136,123.015366785209,5.95364927867831,0,5835.70044551163,0,0,0,1.225
633.872779607702,18.9021141403218,1,3,34.2144706324956,123.172094276984,5.95509864686028,0,5839.59523059635,0,0,0,1.225
634.122779607702,18.9094163494769,1,3,34.2579612984392,123.328660674381,5.95654800696229,0,5843.49067501876,0,0,0,1.225
634.372779607702,18.9167092990601,1,3,34.301407386095,123.485066589942,5.95799735901528,0,5847.3867787999,0,0,0,1.225
634.622779607702,18.9239930219668,1,3,34.3448090645787,123.641312632483,5.95944670304698,0,5851.28354195826,0,0,0,1.225
634.872779607702,18.9312675508964,1,3,34.38816650198,123.797399407128,5.96089603908649,0,5855.18096451345,0,0,0,1.225
635.122779607702,18.9385329183535,1,3,34.4314798653712,123.953327515336,5.96234536716065,0,5859.07904648328,0,0,0,1.225
635.372779607702,18.9457891566498,1,3,34.4747493208156,124.109097554936,5.96379468729947,0,5862.97778788809,0,0,0,1.225
635.622779607702,18.9530362979058,1,3,34.5179750333762,124.264710120154,5.96524399953114,0,5866.87718874681,0,0,0,1.225
635.872779607702,18.9602743740521,1,3,34.5611571671239,124.420165801646,5.96669330388386,0,5870.77724907836,0,0,0,1.225
636.122779607702,18.9675034168309,1,3,34.6042958851456,124.575465186524,5.96814260038445,0,5874.6779689006,0,0,0,1.225
636.372779607702,18.9747234577982,1,3,34.6473913495528,124.73060885839,5.96959188906203,0,5878.57934823321,0,0,0,1.225
636.622779607702,18.9819345283245,1,3,34.6904437214894,124.885597397362,5.97104116994524,0,5882.48138709551,0,0,0,1.225
636.872779607702,18.989136659597,1,3,34.7334531611395,125.040431380102,5.97249044306045,0,5886.38408550505,0,0,0,1.225
637.122779607702,18.9963298826205,1,3,34.7764198277359,125.195111379849,5.97393970843677,0,5890.28744348153,0,0,0,1.225
637.372779607702,19.0035142282195,1,3,34.8193438795676,125.349637966443,5.97538896610013,0,5894.19146104214,0,0,0,1.225
637.622779607702,19.0106897270393,1,3,34.8622254739872,125.504011706354,5.97683821608052,0,5898.09613820736,0,0,0,1.225
637.872779607702,19.0178564095474,1,3,34.9050647674194,125.65823316271,5.97828745840388,0,5902.00147499441,0,0,0,1.225
638.122779607702,19.0250143060351,1,3,34.9478619153679,125.812302895324,5.97973669309795,0,5905.90747142196,0,0,0,1.225
638.372779607702,19.0321634466192,1,3,34.9906170724231,125.966221460723,5.98118592019136,0,5909.81412750943,0,0,0,1.225
638.622779607702,19.0393038612427,1,3,35.0333303922696,126.11998941217,5.98263513971006,0,5913.72144327408,0,0,0,1.225
638.872779607702,19.0464355796768,1,3,35.0760020276936,126.273607299697,5.9840843516813,0,5917.62941873426,0,0,0,1.225
639.122779607702,19.0535586315223,1,3,35.1186321305902,126.427075670125,5.98553355613149,0,5921.53805390761,0,0,0,1.225
639.372779607702,19.0606730462104,1,3,35.1612208519702,126.580395067093,5.98698275309016,0,5925.44734881432,0,0,0,1.225
639.622779607702,19.0677788530047,1,3,35.2037683419679,126.733566031085,5.98843194258234,0,5929.35730347098,0,0,0,1.225
639.872779607702,19.0748760810021,1,3,35.2462747498477,126.886589099452,5.9898811246353,0,5933.26791789597,0,0,0,1.225
640.122779607702,19.0819647591344,1,3,35.2887402240109,127.039464806439,5.9913302992768,0,5937.1791921081,0,0,0,1.225
640.372779607702,19.0890449161694,1,3,35.3311649120034,127.192193683212,5.99277946653274,0,5941.09112612469,0,0,0,1.225
640.622779607702,19.0961165807124,1,3,35.3735489605216,127.344776257878,5.99422862643041,0,5945.00371996418,0,0,0,1.225
640.872779607702,19.1031797812074,1,3,35.4158925154199,127.497213055512,5.99567777899529,0,5948.91697364357,0,0,0,1.225
641.122779607702,19.1102345459383,1,3,35.458195721717,127.649504598181,5.99712692425464,0,5952.83088718134,0,0,0,1.225
641.372779607702,19.1172809030303,1,3,35.5004587236026,127.801651404969,5.99857606223441,0,5956.74546059486,0,0,0,1.225
641.622779607702,19.124318880451,1,3,35.5426816644441,127.953653991999,6.0000251929614,0,5960.66069390226,0,0,0,1.225
641.872779607702,19.1313485060117,1,3,35.584864686793,128.105512872455,6.00147431646201,0,5964.57658712131,0,0,0,1.225
642.122779607702,19.1383698073688,1,3,35.6270079323913,128.257228556609,6.0029234327626,0,5968.49314026981,0,0,0,1.225
642.372779607702,19.1453828120246,1,3,35.669111542178,128.408801551841,6.00437254188864,0,5972.41035336482,0,0,0,1.225
642.622779607702,19.152387547329,1,3,35.7111756562952,128.560232362663,6.00582164386742,0,5976.32822642488,0,0,0,1.225
642.872779607702,19.1593840404802,1,3,35.7532004140947,128.711521490741,6.00727073872304,0,5980.246759466,0,0,0,1.225
643.122779607702,19.1663723185263,1,3,35.7951859541436,128.862669434917,6.00871982648232,0,5984.16595250638,0,0,0,1.225
643.372779607702,19.1733524083662,1,3,35.8371324142311,129.013676691232,6.01016890717074,0,5988.08580556312,0,0,0,1.225
643.622779607702,19.1803243367508,1,3,35.879039931374,129.164543752947,6.01161798081557,0,5992.00631865482,0,0,0,1.225
643.872779607702,19.1872881302841,1,3,35.920908641823,129.315271110563,6.01306704743956,0,5995.92749179644,0,0,0,1.225
644.122779607702,19.1942438154246,1,3,35.9627386810685,129.465859251847,6.01451610707181,0,5999.84932500804,0,0,0,1.225
644.372779607702,19.201191418486,1,3,36.0045301838467,129.616308661848,6.01596515973552,0,6003.77181830498,0,0,0,1.225
644.622779607702,19.2081309656386,1,3,36.0462832841449,129.766619822922,6.01741420545613,0,6007.69497170441,0,0,0,1.225
644.872779607702,19.2150624829104,1,3,36.087998115208,129.916793214749,6.01886324426005,0,6011.61878522428,0,0,0,1.225
645.122779607702,19.2219859961879,1,3,36.1296748095435,130.066829314357,6.02031227617135,0,6015.54325888067,0,0,0,1.225
645.372779607702,19.2289015312175,1,3,36.1713134989277,130.21672859614,6.02176130121688,0,6019.4683926919,0,0,0,1.225
645.622779607702,19.2358091136065,1,3,36.2129143144109,130.366491531879,6.02321031941938,0,6023.39418667301,0,0,0,1.225
645.872779607702,19.242708768824,1,3,36.2544773863232,130.516118590764,6.02465933080612,0,6027.32064084269,0,0,0,1.225
646.122779607702,19.249600522202,1,3,36.2960028442799,130.665610239408,6.0261083354012,0,6031.24775521709,0,0,0,1.225
646.372779607702,19.2564843989365,1,3,36.3374908171868,130.814966941872,6.02755733322965,0,6035.17552981311,0,0,0,1.225
646.622779607702,19.2633604240887,1,3,36.3789414332457,130.964189159684,6.02900632431601,0,6039.1039646473,0,0,0,1.225
646.872779607702,19.2702286225854,1,3,36.4203548199598,131.113277351855,6.03045530868394,0,6043.03305973547,0,0,0,1.225
647.122779607702,19.2770890192207,1,3,36.4617311041389,131.2622319749,6.03190428636117,0,6046.96281509673,0,0,0,1.225
647.372779607702,19.2839416386567,1,3,36.5030704119046,131.411053482856,6.03335325736953,0,6050.8932307455,0,0,0,1.225
647.622779607702,19.2907865054243,1,3,36.5443728686954,131.559742327303,6.03480222173448,0,6054.82430669907,0,0,0,1.225
647.872779607702,19.2976236439246,1,3,36.585638599272,131.708298957379,6.03625117948059,0,6058.75604297404,0,0,0,1.225
648.122779607702,19.3044530784294,1,3,36.6268677277224,131.856723819801,6.03770013063195,0,6062.68843958667,0,0,0,1.225
648.372779607702,19.3112748330826,1,3,36.6680603774665,132.00501735888,6.03914907521266,0,6066.62149655321,0,0,0,1.225
648.622779607702,19.3180889319008,1,3,36.7092166712618,132.153180016543,6.0405980132482,0,6070.55521389102,0,0,0,1.225
648.872779607702,19.3248953987744,1,3,36.7503367312076,132.301212232347,6.04204694476084,0,6074.48959161493,0,0,0,1.225
649.122779607702,19.3316942574685,1,3,36.7914206787504,132.449114443502,6.04349586977651,0,6078.42462974268,0,0,0,1.225
649.372779607702,19.3384855316237,1,3,36.8324686346884,132.596887084878,6.04494478831748,0,6082.36032828911,0,0,0,1.225
649.622779607702,19.3452692447575,1,3,36.8734807191766,132.744530589036,6.04639370040877,0,6086.29668727127,0,0,0,1.225
649.872779607702,19.3520454202645,1,3,36.9144570517312,132.892045386232,6.04784260607403,0,6090.23370670512,0,0,0,1.225
650.122779607702,19.3588140814177,1,3,36.9553977512347,133.039431904445,6.04929150533553,0,6094.17138660554,0,0,0,1.225
650.372779607702,19.3655752513693,1,3,36.9963029359401,133.186690569384,6.05074039821966,0,6098.10972699069,0,0,0,1.225
650.622779607702,19.3723289531517,1,3,37.037172723476,133.333821804514,6.05218928474824,0,6102.04872787511,0,0,0,1.225
650.872779607702,19.3790752096783,1,3,37.0780072308507,133.480826031062,6.05363816494628,0,6105.98838927589,0,0,0,1.225
651.122779607702,19.3858140437442,1,3,37.1188065744571,133.627703668046,6.05508703883561,0,6109.9287112076,0,0,0,1.225
651.372779607702,19.3925454780271,1,3,37.1595708700771,133.774455132277,6.05653590643897,0,6113.86969368553,0,0,0,1.225
651.622779607702,19.3992695350886,1,3,37.2003002328857,133.921080838389,6.05798476778318,0,6117.81133672826,0,0,0,1.225
651.872779607702,19.4059862373742,1,3,37.240994777456,134.067581198842,6.05943362288872,0,6121.7536403493,0,0,0,1.225
652.122779607702,19.4126956072149,1,3,37.281654617763,134.213956623947,6.06088247177786,0,6125.69660456361,0,0,0,1.225
652.372779607702,19.4193976668278,1,3,37.3222798671884,134.360207521878,6.06233131447698,0,6129.64022938943,0,0,0,1.225
652.622779607702,19.4260924383165,1,3,37.3628706385244,134.506334298688,6.06378015100745,0,6133.58451484104,0,0,0,1.225
652.872779607702,19.4327799436724,1,3,37.4034270439783,134.652337358322,6.06522898139156,0,6137.52946093342,0,0,0,1.225
653.122779607702,19.4394602047756,1,3,37.4439491951766,134.798217102636,6.06667780565294,0,6141.47506768268,0,0,0,1.225
653.372779607702,19.446133243395,1,3,37.4844372031692,134.943973931409,6.06812662381344,0,6145.42133510347,0,0,0,1.225
653.622779607702,19.4527990811899,1,3,37.5248911784333,135.08960824236,6.0695754358976,0,6149.36826321264,0,0,0,1.225
653.872779607702,19.4594577397101,1,3,37.5653112308778,135.23512043116,6.07102424192681,0,6153.31585202451,0,0,0,1.225
654.122779607702,19.4661092403973,1,3,37.6056974698473,135.38051089145,6.0724730419247,0,6157.2641015552,0,0,0,1.225
654.372779607702,19.4727536045851,1,3,37.6460500041258,135.525780014853,6.07392183591264,0,6161.21301181906,0,0,0,1.225
654.622779607702,19.4793908535007,1,3,37.686368941941,135.670928190988,6.07537062391339,0,6165.16258283152,0,0,0,1.225
654.872779607702,19.4860210082647,1,3,37.7266543909682,135.815955807486,6.07681940595012,0,6169.11281460839,0,0,0,1.225
655.122779607702,19.4926440898927,1,3,37.7669064583341,135.960863250003,6.07826818204512,0,6173.06370716476,0,0,0,1.225
655.372779607702,19.4992601192952,1,3,37.8071252506208,136.105650902235,6.07971695221931,0,6177.01526051464,0,0,0,1.225
655.622779607702,19.5058691172791,1,3,37.8473108738693,136.250319145929,6.08116571649543,0,6180.96747467351,0,0,0,1.225
655.872779607702,19.5124711045479,1,3,37.8874634335838,136.394868360902,6.08261447489667,0,6184.92034965721,0,0,0,1.225
656.122779607702,19.5190661017028,1,3,37.9275830347353,136.539298925047,6.08406322744349,0,6188.87388547942,0,0,0,1.225
656.372779607702,19.5256541292429,1,3,37.9676697817648,136.683611214353,6.08551197415909,0,6192.82808215602,0,0,0,1.225
656.622779607702,19.5322352075665,1,3,38.007723778588,136.827805602917,6.08696071506483,0,6196.78293970142,0,0,0,1.225
656.872779607702,19.5388093569714,1,3,38.047745128598,136.971882462953,6.0884094501821,0,6200.73845813006,0,0,0,1.225
657.122779607702,19.5453765976556,1,3,38.0877339346696,137.115842164811,6.08985817953362,0,6204.69463745748,0,0,0,1.225
657.372779607702,19.5519369497184,1,3,38.1276902991626,137.259685076985,6.09130690314169,0,6208.65147769886,0,0,0,1.225
657.622779607702,19.5584904331605,1,3,38.1676143239252,137.403411566131,6.09275562102539,0,6212.60897886684,0,0,0,1.225
657.872779607702,19.565037067885,1,3,38.2075061102979,137.547021997073,6.09420433320884,0,6216.56714097809,0,0,0,1.225
658.122779607702,19.5715768736981,1,3,38.2473657591171,137.690516732822,6.09565303971203,0,6220.52596404599,0,0,0,1.225
658.372779607702,19.5781098703096,1,3,38.287193370718,137.833896134585,6.09710174055635,0,6224.48544808504,0,0,0,1.225
658.622779607702,19.5846360773336,1,3,38.3269890449385,137.977160561778,6.09855043576454,0,6228.44559311083,0,0,0,1.225
658.872779607702,19.5911555142895,1,3,38.3667528811224,138.120310372041,6.09999912535659,0,6232.40639913679,0,0,0,1.225
659.122779607702,19.5976682006018,2,3,38.406484978123,138.263345921243,6.10144780935389,0,6236.36786617745,0,0,0,1.225
659.372779607702,19.6041741556018,2,3,38.4461854343064,138.406267563503,6.1028964877778,0,6240.32999424732,0,0,0,1.225
659.622779607702,19.6106733985273,2,3,38.4858543475545,138.549075651196,6.10434516064925,0,6244.29278336061,0,0,0,1.225
659.872779607702,19.6171659485239,2,3,38.5254918152688,138.691770534968,6.10579382799006,0,6248.25623353221,0,0,0,1.225
660.122779607702,19.6236518246452,2,3,38.5650979343731,138.834352563743,6.10724248981978,0,6252.22034477523,0,0,0,1.225
660.372779607702,19.6301310458537,2,3,38.6046728013175,138.976822084743,6.10869114616071,0,6256.18511710499,0,0,0,1.225
660.622779607702,19.6366036310211,2,3,38.6442165120809,139.119179443491,6.11013979703193,0,6260.15055053423,0,0,0,1.225
660.872779607702,19.6430695989294,2,3,38.6837291621743,139.261424983828,6.11158844245574,0,6264.11664507829,0,0,0,1.225
661.122779607702,19.6495289682709,2,3,38.7232108466445,139.40355904792,6.11303708245168,0,6268.08340075029,0,0,0,1.225
661.372779607702,19.6559817576492,2,3,38.7626616600764,139.545581976275,6.11448571704159,0,6272.05081756523,0,0,0,1.225
661.622779607702,19.6624279855797,2,3,38.8020816965969,139.687494107749,6.11593434624501,0,6276.01889553625,0,0,0,1.225
661.872779607702,19.6688676704902,2,3,38.8414710498774,139.829295779558,6.11738297008287,0,6279.98763467763,0,0,0,1.225
662.122779607702,19.6753008307214,2,3,38.880829813137,139.970987327293,6.11883158857518,0,6283.95703500292,0,0,0,1.225
662.372779607702,19.6817274845275,2,3,38.9201580791459,140.112569084925,6.12028020174193,0,6287.92709652566,0,0,0,1.225
662.622779607702,19.6881476500769,2,3,38.9594559402277,140.25404138482,6.12172880960497,0,6291.89781926089,0,0,0,1.225
662.872779607702,19.6945613454526,2,3,38.9987234882629,140.395404557746,6.12317741218294,0,6295.86920322108,0,0,0,1.225
663.122779607702,19.7009685886528,2,3,39.0379608146917,140.53665893289,6.1246260094963,0,6299.84124842018,0,0,0,1.225
663.372779607702,19.7073693975915,2,3,39.077168010517,140.677804837861,6.12607460156505,0,6303.81395487179,0,0,0,1.225
663.622779607702,19.7137637900992,2,3,39.116345166307,140.818842598705,6.12752318840967,0,6307.78732258987,0,0,0,1.225
663.872779607702,19.7201517839231,2,3,39.1554923721983,140.959772539914,6.1289717700497,0,6311.76135158766,0,0,0,1.225
664.122779607702,19.7265333967278,2,3,39.194609717899,141.100594984436,6.13042034650562,0,6315.73604187917,0,0,0,1.225
664.372779607702,19.732908646096,2,3,39.2336972926908,141.241310253687,6.13186891779696,0,6319.71139347764,0,0,0,1.225
664.622779607702,19.7392775495289,2,3,39.2727551854327,141.381918667558,6.13331748394194,0,6323.68740639527,0,0,0,1.225
664.872779607702,19.7456401244466,2,3,39.311783484563,141.522420544427,6.13476604496282,0,6327.66408064752,0,0,0,1.225
665.122779607702,19.7519963881888,2,3,39.3507822781024,141.662816201169,6.13621460087779,0,6331.64141624659,0,0,0,1.225
665.372779607702,19.7583463580155,2,3,39.3897516536569,141.803105953165,6.13766315170596,0,6335.61941320542,0,0,0,1.225
665.622779607702,19.764690051107,2,3,39.42869169842,141.943290114312,6.13911169746643,0,6339.59807153697,0,0,0,1.225
665.872779607702,19.7710274845648,2,3,39.4676024991761,142.083368997034,6.14056023818102,0,6343.57739125636,0,0,0,1.225
666.122779607702,19.777358675412,2,3,39.5064841423023,142.223342912288,6.14200877386702,0,6347.55737237511,0,0,0,1.225
666.372779607702,19.783683640594,2,3,39.5453367137717,142.363212169578,6.14345730454397,0,6351.53801490656,0,0,0,1.225
666.622779607702,19.7900023969786,2,3,39.584160299156,142.502977076962,6.14490583023189,0,6355.51931886441,0,0,0,1.225
666.872779607702,19.7963149613567,2,3,39.6229549836275,142.642637941059,6.14635435094851,0,6359.50128426057,0,0,0,1.225
667.122779607702,19.8026213504431,2,3,39.6617208519624,142.782195067065,6.14780286671476,0,6363.4839111095,0,0,0,1.225
667.372779607702,19.8089215808762,2,3,39.7004579885428,142.921648758754,6.14925137754835,0,6367.46719942311,0,0,0,1.225
667.622779607702,19.8152156692195,2,3,39.7391664773597,143.060999318495,6.15069988346795,0,6371.45114921405,0,0,0,1.225
667.872779607702,19.8215036319612,2,3,39.777846402015,143.200247047254,6.15214838449356,0,6375.43576049608,0,0,0,1.225
668.122779607702,19.8277854855152,2,3,39.8164978457245,143.339392244608,6.15359688064336,0,6379.42103328151,0,0,0,1.225
668.372779607702,19.8340612462213,2,3,39.8551208913199,143.478435208752,6.15504537193601,0,6383.40696758302,0,0,0,1.225
668.622779607702,19.8403309303459,2,3,39.8937156212518,143.617376236506,6.15649385839015,0,6387.3935634133,0,0,0,1.225
668.872779607702,19.8465945540821,2,3,39.9322821175914,143.756215623329,6.15794234002487,0,6391.3808207854,0,0,0,1.225
669.122779607702,19.8528521335507,2,3,39.9708204620337,143.894953663321,6.15939081685883,0,6395.36873971204,0,0,0,1.225
669.372779607702,19.8591036848002,2,3,40.0093307358993,144.033590649237,6.1608392889093,0,6399.35732020483,0,0,0,1.225
669.622779607702,19.8653492238073,2,3,40.047813020137,144.172126872493,6.16228775619629,0,6403.3465622776,0,0,0,1.225
669.872779607702,19.8715887664776,2,3,40.0862673953261,144.310562623174,6.16373621873845,0,6407.33646594307,0,0,0,1.225
670.122779607702,19.8778223286459,2,3,40.124693941679,144.448898190044,6.16518467655214,0,6411.32703121216,0,0,0,1.225
670.372779607702,19.8840499260765,2,3,40.1630927390429,144.587133860554,6.16663312965602,0,6415.31825809762,0,0,0,1.225
670.622779607702,19.890271574464,2,3,40.2014638669028,144.72526992085,6.16808157806918,0,6419.31014661258,0,0,0,1.225
670.872779607702,19.8964872894333,2,3,40.2398074043833,144.86330665578,6.16953002180981,0,6423.30269676943,0,0,0,1.225
671.122779607702,19.9026970865403,2,3,40.278123430251,145.001244348904,6.17097846089518,0,6427.29590857985,0,0,0,1.225
671.372779607702,19.9089009812725,2,3,40.3164120229169,145.139083282501,6.17242689534442,0,6431.289782057,0,0,0,1.225
671.622779607702,19.9150989890488,2,3,40.3546732604382,145.276823737578,6.17387532517432,0,6435.2843172122,0,0,0,1.225
671.872779607702,19.9212911252206,2,3,40.3929072205211,145.414465993876,6.17532375040309,0,6439.27951405789,0,0,0,1.225
672.122779607702,19.9274774050719,2,3,40.4311139805223,145.55201032988,6.17677217104892,0,6443.27537260651,0,0,0,1.225
672.372779607702,19.9336578438197,2,3,40.4692936174519,145.689457022827,6.17822058712954,0,6447.27189287015,0,0,0,1.225
672.622779607702,19.9398324566145,2,3,40.5074462079749,145.82680634871,6.17966899866178,0,6451.26907486018,0,0,0,1.225
672.872779607702,19.9460012585406,2,3,40.5455718284137,145.96405858229,6.18111740566383,0,6455.26691858906,0,0,0,1.225
673.122779607702,19.9521642646167,2,3,40.5836705547504,146.101213997101,6.1825658081525,0,6459.26542406817,0,0,0,1.225
673.372779607702,19.958321489796,2,3,40.6217424626282,146.238272865461,6.18401420614737,0,6463.2645913111,0,0,0,1.225
673.622779607702,19.9644729489669,2,3,40.6597876273541,146.375235458475,6.18546259966388,0,6467.26442032814,0,0,0,1.225
673.872779607702,19.9706186569534,2,3,40.697806123901,146.512102046044,6.18691098871977,0,6471.26491113144,0,0,0,1.225
674.122779607702,19.9767586285151,2,3,40.7357980269093,146.648872896874,6.18835937333279,0,6475.26606373314,0,0,0,1.225
674.372779607702,19.9828928783479,2,3,40.7737634106893,146.785548278481,6.1898077535202,0,6479.26787814501,0,0,0,1.225
674.622779607702,19.9890214210846,2,3,40.8117023492229,146.922128457203,6.19125612929884,0,6483.27035437851,0,0,0,1.225
674.872779607702,19.9951442712947,2,3,40.8496149161662,147.058613698198,6.19270450068689,0,6487.27349244615,0,0,0,1.225
675.122779607702,20.0012614434853,2,3,40.8875011848506,147.195004265462,6.1941528676989,0,6491.27729235756,0,0,0,1.225
675.372779607702,20.0073729521011,2,3,40.9253612282857,147.331300421829,6.19560123035535,0,6495.28175412712,0,0,0,1.225
675.622779607702,20.0134788115252,2,3,40.9631951191607,147.467502428978,6.19704958866987,0,6499.28687776373,0,0,0,1.225
675.872779607702,20.019579036079,2,3,41.0010029298463,147.603610547447,6.19849794266202,0,6503.29266328105,0,0,0,1.225
676.122779607702,20.025673640023,2,3,41.0387847323969,147.739625036629,6.19994629234634,0,6507.29911068874,0,0,0,1.225
676.372779607702,20.0317626375568,2,3,41.0765405985526,147.875546154789,6.20139463774149,0,6511.30621999973,0,0,0,1.225
676.622779607702,20.0378460428196,2,3,41.1142705997405,148.011374159066,6.20284297886337,0,6515.31399122481,0,0,0,1.225
676.872779607702,20.0439238698907,2,3,41.1519748070774,148.147109305479,6.20429131572791,0,6519.32242437473,0,0,0,1.225
677.122779607702,20.0499961327898,2,3,41.1896532913711,148.282751848936,6.2057396483533,0,6523.3315194621,0,0,0,1.225
677.372779607702,20.0560628454771,2,3,41.2273061231223,148.41830204324,6.20718797675454,0,6527.34127649698,0,0,0,1.225
677.622779607702,20.0621240218539,2,3,41.2649333725266,148.553760141096,6.20863630094891,0,6531.35169549126,0,0,0,1.225
677.872779607702,20.068179675763,2,3,41.3025351094765,148.689126394115,6.21008462095278,0,6535.36277645611,0,0,0,1.225
678.122779607702,20.0742298209889,2,3,41.3401114035626,148.824401052825,6.21153293678208,0,6539.37451940234,0,0,0,1.225
678.372779607702,20.0802744712581,2,3,41.3776623240762,148.959584366674,6.21298124845316,0,6543.38692434113,0,0,0,1.225
678.622779607702,20.0863136402396,2,3,41.4151879400104,149.094676584038,6.21442955598377,0,6547.39999128476,0,0,0,1.225
678.872779607702,20.0923473415452,2,3,41.4526883200623,149.229677952224,6.215877859388,0,6551.41372024261,0,0,0,1.225
679.122779607702,20.0983755887297,2,3,41.4901635326344,149.364588717484,6.21732615868223,0,6555.42811122589,0,0,0,1.225
679.372779607702,20.1043983952914,2,3,41.5276136458368,149.499409125012,6.21877445388282,0,6559.44316424581,0,0,0,1.225
679.622779607702,20.1104157746725,2,3,41.5650387274884,149.634139418958,6.2202227450075,0,6563.45887931468,0,0,0,1.225
679.872779607702,20.1164277402591,2,3,41.6024388451192,149.768779842429,6.22167103206948,0,6567.47525644119,0,0,0,1.225
680.122779607702,20.1224343053817,2,3,41.6398140659714,149.903330637497,6.22311931508602,0,6571.49229563728,0,0,0,1.225
680.372779607702,20.1284354833157,2,3,41.6771644570016,150.037792045206,6.22456759407214,0,6575.50999691313,0,0,0,1.225
680.622779607702,20.1344312872815,2,3,41.7144900848822,150.172164305576,6.2260158690442,0,6579.52836027996,0,0,0,1.225
680.872779607702,20.1404217304448,2,3,41.7517910160032,150.306447657611,6.22746414001904,0,6583.54738574941,0,0,0,1.225
681.122779607702,20.1464068259173,2,3,41.7890673164736,150.440642339305,6.22891240700983,0,6587.56707333019,0,0,0,1.225
681.372779607702,20.1523865867563,2,3,41.8263190521234,150.574748587644,6.23036067003477,0,6591.58742303502,0,0,0,1.225
681.622779607702,20.1583610259657,2,3,41.8635462885051,150.708766638618,6.23180892910659,0,6595.60843487228,0,0,0,1.225
681.872779607702,20.1643301564961,2,3,41.9007490908951,150.842696727222,6.23325718424303,0,6599.63010885435,0,0,0,1.225
682.122779607702,20.1702939912447,2,3,41.9379275242956,150.976539087464,6.23470543545909,0,6603.65244499141,0,0,0,1.225
682.372779607702,20.1762525430563,2,3,41.9750816534361,151.11029395237,6.23615368276978,0,6607.67544329368,0,0,0,1.225
682.622779607702,20.1822058247232,2,3,42.0122115427749,151.24396155399,6.23760192618965,0,6611.69910377101,0,0,0,1.225
682.872779607702,20.1881538489853,2,3,42.0493172565007,151.377542123403,6.23905016573462,0,6615.72342643435,0,0,0,1.225
683.122779607702,20.1940966285309,2,3,42.0863988585343,151.511035890723,6.2404984014197,0,6619.74841129393,0,0,0,1.225
683.372779607702,20.2000341759968,2,3,42.1234564125299,151.644443085108,6.24194663326034,0,6623.77405836034,0,0,0,1.225
683.622779607702,20.2059665039683,2,3,42.1604899818769,151.777763934757,6.24339486127155,0,6627.80036764384,0,0,0,1.225
683.872779607702,20.2118936249798,2,3,42.1974996297011,151.910998666924,6.24484308546744,0,6631.82733915394,0,0,0,1.225
684.122779607702,20.2178155515152,2,3,42.2344854188666,152.04414750792,6.24629130586527,0,6635.85497290271,0,0,0,1.225
684.372779607702,20.2237322960079,2,3,42.2714474119771,152.177210683117,6.24773952247733,0,6639.88326889825,0,0,0,1.225
684.622779607702,20.2296438708411,2,3,42.3083856713772,152.310188416958,6.24918773531908,0,6643.91222715117,0,0,0,1.225
684.872779607702,20.2355502883483,2,3,42.3453002591542,152.443080932955,6.25063594440599,0,6647.94184767213,0,0,0,1.225
685.122779607702,20.2414515608135,2,3,42.3821912371395,152.575888453702,6.2520841497535,0,6651.97213047177,0,0,0,1.225
685.372779607702,20.2473477004712,2,3,42.4190586669099,152.708611200876,6.25353235137436,0,6656.00307555856,0,0,0,1.225
685.622779607702,20.2532387195073,2,3,42.4559026097893,152.841249395241,6.25498054928494,0,6660.03468294389,0,0,0,1.225
685.872779607702,20.2591246300586,2,3,42.4927231268497,152.973803256659,6.25642874349705,0,6664.06695263552,0,0,0,1.225
686.122779607702,20.2650054442137,2,3,42.5295202789132,153.106273004087,6.25787693402845,0,6668.09988464594,0,0,0,1.225
686.372779607702,20.270881174013,2,3,42.566294126553,153.238658855591,6.25932512089184,0,6672.13347898365,0,0,0,1.225
686.622779607702,20.276751831449,2,3,42.6030447300949,153.370961028342,6.26077330410317,0,6676.1677356597,0,0,0,1.225
686.872779607702,20.2826174284666,2,3,42.6397721496188,153.503179738628,6.26222148367378,0,6680.20265468151,0,0,0,1.225
687.122779607702,20.2884779769632,2,3,42.6764764449601,153.635315201856,6.26366965962097,0,6684.23823606124,0,0,0,1.225
687.372779607702,20.2943334887892,2,3,42.7131576757108,153.767367632559,6.26511783195747,0,6688.27447980741,0,0,0,1.225
687.622779607702,20.3001839757482,2,3,42.7498159012211,153.899337244396,6.26656600069691,0,6692.31138592927,0,0,0,1.225
687.872779607702,20.3060294495972,2,3,42.7864511806007,154.031224250163,6.26801416585522,0,6696.34895443792,0,0,0,1.225
688.122779607702,20.311869922047,2,3,42.8230635727204,154.163028861794,6.26946232744376,0,6700.38718534081,0,0,0,1.225
688.372779607702,20.3177054047619,2,3,42.8596531362129,154.294751290367,6.27091048547891,0,6704.4260786494,0,0,0,1.225
688.622779607702,20.323535909361,2,3,42.8962199294745,154.426391746108,6.2723586399743,0,6708.46563437296,0,0,0,1.225
688.872779607702,20.3293614474174,2,3,42.9327640106665,154.557950438399,6.27380679094404,0,6712.50585252117,0,0,0,1.225
689.122779607702,20.3351820304591,2,3,42.969285437716,154.689427575778,6.27525493839994,0,6716.54673310185,0,0,0,1.225
689.372779607702,20.340997669969,2,3,43.005784268318,154.820823365945,6.27670308235793,0,6720.58827612613,0,0,0,1.225
689.622779607702,20.3468083773851,2,3,43.0422605599358,154.952138015769,6.27815122282936,0,6724.6304816015,0,0,0,1.225
689.872779607702,20.3526141641009,2,3,43.0787143698029,155.083371731291,6.27959935983063,0,6728.67334953947,0,0,0,1.225
690.122779607702,20.3584150414657,2,3,43.1151457549243,155.214524717727,6.2810474933749,0,6732.71687994898,0,0,0,1.225
690.372779607702,20.3642110207846,2,3,43.1515547720772,155.345597179478,6.28249562347355,0,6736.76107283755,0,0,0,1.225
690.622779607702,20.3700021133188,2,3,43.1879414778128,155.476589320126,6.2839437501425,0,6740.80592821634,0,0,0,1.225
690.872779607702,20.3757883302861,2,3,43.2243059284573,155.607501342446,6.28539187339311,0,6744.85144609286,0,0,0,1.225
691.122779607702,20.3815696828607,2,3,43.2606481801131,155.738333448407,6.28683999323994,0,6748.89762647719,0,0,0,1.225
691.372779607702,20.3873461821738,2,3,43.2969682886604,155.869085839177,6.28828810969708,0,6752.94446937904,0,0,0,1.225
691.622779607702,20.3931178393138,2,3,43.3332663097577,155.999758715128,6.28973622277681,0,6756.9919748067,0,0,0,1.225
691.872779607702,20.3988846653263,2,3,43.3695422988437,156.130352275837,6.29118433249232,0,6761.04014276914,0,0,0,1.225
692.122779607702,20.4046466712145,2,3,43.4057963111384,156.260866720098,6.29263243885634,0,6765.08897327503,0,0,0,1.225
692.372779607702,20.4104038679394,2,3,43.4420284016437,156.391302245917,6.29408054188343,0,6769.13846633446,0,0,0,1.225
692.622779607702,20.41615626642,2,3,43.4782386251454,156.521659050523,6.29552864158541,0,6773.18862195537,0,0,0,1.225
692.872779607702,20.4219038775336,2,3,43.5144270362138,156.65193733037,6.29697673797637,0,6777.23944014751,0,0,0,1.225
693.122779607702,20.427646712116,2,3,43.5505936892052,156.782137281139,6.29842483106768,0,6781.29092091845,0,0,0,1.225
693.372779607702,20.4333847809617,2,3,43.5867386382627,156.912259097746,6.2998729208739,0,6785.34306427832,0,0,0,1.225
693.622779607702,20.4391180948239,2,3,43.6228619373178,157.042302974344,6.3013210074073,0,6789.39587023544,0,0,0,1.225
693.872779607702,20.4448466644152,2,3,43.6589636400913,157.172269104329,6.30276909068016,0,6793.44933879814,0,0,0,1.225
694.122779607702,20.4505705004076,2,3,43.6950438000943,157.30215768034,6.30421717070521,0,6797.50346997509,0,0,0,1.225
694.372779607702,20.4562896134323,2,3,43.7311024706297,157.431968894267,6.30566524749611,0,6801.55826377574,0,0,0,1.225
694.622779607702,20.4620040140807,2,3,43.7671397047928,157.561702937254,6.30711332106512,0,6805.61372020841,0,0,0,1.225
694.872779607702,20.467713712904,2,3,43.8031555554731,157.691359999703,6.30856139142361,0,6809.66983928073,0,0,0,1.225
695.122779607702,20.4734187204136,2,3,43.8391500753547,157.820940271277,6.31000945858568,0,6813.7266210025,0,0,0,1.225
695.372779607702,20.4791190470814,2,3,43.875123316918,157.950443940905,6.31145752256407,0,6817.78406538244,0,0,0,1.225
695.622779607702,20.4848147033399,2,3,43.9110753324403,158.079871196785,6.31290558337014,0,6821.84217242819,0,0,0,1.225
695.872779607702,20.4905056995824,2,3,43.9470061739971,158.20922222639,6.31435364101526,0,6825.90094214739,0,0,0,1.225
696.122779607702,20.4961920461632,2,3,43.9829158934634,158.338497216468,6.31580169551398,0,6829.96037455023,0,0,0,1.225
696.372779607702,20.5018737533981,2,3,44.0188045425143,158.467696353051,6.31724974687813,0,6834.02046964472,0,0,0,1.225
696.622779607702,20.5075508315642,2,3,44.0546721726263,158.596819821455,6.31869779511953,0,6838.0812274389,0,0,0,1.225
696.872779607702,20.5132232909001,2,3,44.0905188350785,158.725867806283,6.32014584024955,0,6842.14264794041,0,0,0,1.225
697.122779607702,20.5188911416065,2,3,44.1263445809535,158.854840491433,6.32159388228092,0,6846.20473115803,0,0,0,1.225
697.372779607702,20.5245543938461,2,3,44.1621494611384,158.983738060098,6.32304192122638,0,6850.26747710051,0,0,0,1.225
697.622779607702,20.5302130577437,2,3,44.1979335263257,159.112560694773,6.32448995709683,0,6854.33088577517,0,0,0,1.225
697.872779607702,20.5358671433867,2,3,44.2336968270148,159.241308577253,6.32593798990456,0,6858.39495719043,0,0,0,1.225
698.122779607702,20.5415166608253,2,3,44.2694394135124,159.369981888645,6.3273860196623,0,6862.45969135507,0,0,0,1.225
698.372779607702,20.5471616200721,2,3,44.3051613359342,159.498580809363,6.32883404638142,0,6866.52508827679,0,0,0,1.225
698.622779607702,20.5528020311032,2,3,44.3408626442052,159.627105519139,6.33028207007237,0,6870.59114796255,0,0,0,1.225
698.872779607702,20.5584379038576,2,3,44.3765433880612,159.75555619702,6.33173009075017,0,6874.65787042297,0,0,0,1.225
699.122779607702,20.5640692482378,2,3,44.4122036170496,159.883933021378,6.33317810842254,0,6878.72525566287,0,0,0,1.225
699.372779607702,20.5696960741102,2,3,44.4478433805303,160.012236169909,6.3346261231045,0,6882.79330369286,0,0,0,1.225
699.622779607702,20.5753183913045,2,3,44.483462727677,160.140465819637,6.33607413480468,0,6886.86201451849,0,0,0,1.225
699.872779607702,20.5809362096146,2,3,44.5190617074778,160.26862214692,6.33752214353808,0,6890.9313881504,0,0,0,1.225
700.122779607702,20.5865495387988,2,3,44.5546403687363,160.396705327451,6.3389701493129,0,6895.00142459377,0,0,0,1.225
700.372779607702,20.5921583885794,2,3,44.5901987600727,160.524715536262,6.34041815214232,0,6899.0721238578,0,0,0,1.225
700.622779607702,20.5977627686434,2,3,44.6257369299246,160.652652947729,6.34186615203726,0,6903.14348594986,0,0,0,1.225
700.872779607702,20.6033626886424,2,3,44.6612549265479,160.780517735572,6.34331414901044,0,6907.2155108788,0,0,0,1.225
701.122779607702,20.6089581581931,2,3,44.6967527980179,160.908310072864,6.34476214307097,0,6911.28819865056,0,0,0,1.225
701.372779607702,20.6145491868771,2,3,44.7322305922301,161.036030132028,6.3462101342302,0,6915.3615492729,0,0,0,1.225
701.622779607702,20.6201357842413,2,3,44.7676883569012,161.163678084844,6.34765812250089,0,6919.43556275466,0,0,0,1.225
701.872779607702,20.6257179597981,2,3,44.8031261395701,161.291254102452,6.34910610789439,0,6923.51023910363,0,0,0,1.225
702.122779607702,20.6312957230253,2,3,44.8385439875985,161.418758355355,6.35055409042025,0,6927.58557832612,0,0,0,1.225
702.372779607702,20.6368690833667,2,3,44.8739419481722,161.54619101342,6.35200207009029,0,6931.66158043027,0,0,0,1.225
702.622779607702,20.642438050232,2,3,44.9093200683019,161.673552245887,6.35345004691408,0,6935.73824542242,0,0,0,1.225
702.872779607702,20.6480026329969,2,3,44.9446783948238,161.800842221366,6.35489802090569,0,6939.81557331254,0,0,0,1.225
703.122779607702,20.6535628410036,2,3,44.9800169744008,161.928061107843,6.35634599207378,0,6943.89356410625,0,0,0,1.225
703.372779607702,20.6591186835606,2,3,45.0153358535234,162.055209072684,6.35779396042835,0,6947.97221781024,0,0,0,1.225
703.622779607702,20.6646701699431,2,3,45.0506350785104,162.182286282637,6.35924192598213,0,6952.05153443343,0,0,0,1.225
703.872779607702,20.6702173093931,2,3,45.0859146955099,162.309292903836,6.36068988874558,0,6956.13151398288,0,0,0,1.225
704.122779607702,20.6757601111196,2,3,45.1211747505,162.4362291018,6.36213784872916,0,6960.2121564657,0,0,0,1.225
704.372779607702,20.6812985842987,2,3,45.1564152892901,162.563095041444,6.36358580594333,0,6964.29346188896,0,0,0,1.225
704.622779607702,20.6868327380737,2,3,45.191636357521,162.689890887076,6.36503376039855,0,6968.37543025978,0,0,0,1.225
704.872779607702,20.6923625815555,2,3,45.2268380006666,162.8166168024,6.36648171210572,0,6972.45806158561,0,0,0,1.225
705.122779607702,20.6978881238227,2,3,45.2620202640341,162.943272950523,6.36792966107487,0,6976.54135587321,0,0,0,1.225
705.372779607702,20.7034093739215,2,3,45.2971831927652,163.069859493955,6.36937760731598,0,6980.62531312931,0,0,0,1.225
705.622779607702,20.7089263408662,2,3,45.3323268318368,163.196376594613,6.3708255508418,0,6984.70993336285,0,0,0,1.225
705.872779607702,20.7144390336391,2,3,45.3674512260618,163.322824413823,6.37227349166005,0,6988.79521657878,0,0,0,1.225
706.122779607702,20.7199474611908,2,3,45.4025564200901,163.449203112324,6.37372142978256,0,6992.8811627853,0,0,0,1.225
706.372779607702,20.7254516324403,2,3,45.437642458409,163.575512850272,6.37516936521934,0,6996.9677719892,0,0,0,1.225
706.622779607702,20.7309515562752,2,3,45.4727093853446,163.701753787241,6.37661729797856,0,7001.05504419578,0,0,0,1.225
706.872779607702,20.736447241552,2,3,45.5077572450623,163.827926082224,6.37806522807477,0,7005.14297941546,0,0,0,1.225
707.122779607702,20.7419386970958,2,3,45.5427860815675,163.954029893643,6.37951315551436,0,7009.23157765211,0,0,0,1.225
707.372779607702,20.7474259317009,2,3,45.5777959387066,164.080065379344,6.38096108030913,0,7013.32083891397,0,0,0,1.225
707.622779607702,20.7529089541308,2,3,45.6127868601675,164.206032696603,6.38240900246637,0,7017.41076320565,0,0,0,1.225
707.872779607702,20.7583877731183,2,3,45.6477588894809,164.331932002131,6.38385692200063,0,7021.50135053758,0,0,0,1.225
708.122779607702,20.7638623973658,2,3,45.6827120700207,164.457763452075,6.38530483891918,0,7025.59260091438,0,0,0,1.225
708.372779607702,20.7693328355452,2,3,45.7176464450047,164.583527202017,6.38675275323021,0,7029.6845143414,0,0,0,1.225
708.622779607702,20.7747990962983,2,3,45.7525620574957,164.709223406985,6.38820066494645,0,7033.77709082763,0,0,0,1.225
708.872779607702,20.7802611882368,2,3,45.7874589504021,164.834852221447,6.38964857407791,0,7037.87033037988,0,0,0,1.225
709.122779607702,20.7857191199426,2,3,45.8223371664784,164.960413799322,6.39109648063277,0,7041.96423300352,0,0,0,1.225
709.372779607702,20.7911728999676,2,3,45.8571967483267,165.085908293976,6.39254438462012,0,7046.05879870465,0,0,0,1.225
709.622779607702,20.7966225368343,2,3,45.8920377383965,165.211335858228,6.39399228605089,0,7050.1540274908,0,0,0,1.225
709.872779607702,20.8020680390356,2,3,45.9268601789863,165.336696644351,6.39544018493234,0,7054.24991936664,0,0,0,1.225
710.122779607702,20.8075094150352,2,3,45.9616641122437,165.461990804077,6.39688808127812,0,7058.34647434191,0,0,0,1.225
710.372779607702,20.8129466732675,2,3,45.9964495801666,165.5872184886,6.3983359750946,0,7062.44369242054,0,0,0,1.225
710.622779607702,20.8183798221379,2,3,46.0312166246035,165.712379848573,6.39978386639359,0,7066.54157361083,0,0,0,1.225
710.872779607702,20.8238088700229,2,3,46.0659652872549,165.837475034118,6.40123175518147,0,7070.64011791671,0,0,0,1.225
711.122779607702,20.8292338252701,2,3,46.1006956096731,165.962504194823,6.40267964147097,0,7074.73932534723,0,0,0,1.225
711.372779607702,20.8346546961987,2,3,46.1354076332638,166.08746747975,6.40412752526754,0,7078.8391959056,0,0,0,1.225
711.622779607702,20.8400714910993,2,3,46.1701013992863,166.212365037431,6.40557540658392,0,7082.93972960086,0,0,0,1.225
711.872779607702,20.845484218234,2,3,46.2047769488544,166.337197015876,6.40702328542739,0,7087.0409264377,0,0,0,1.225
712.122779607702,20.850892885837,2,3,46.2394343229369,166.461963562573,6.40847116180612,0,7091.14278642154,0,0,0,1.225
712.372779607702,20.8562975021142,2,3,46.2740735623586,166.586664824491,6.40991903573286,0,7095.24530956143,0,0,0,1.225
712.622779607702,20.8616980752435,2,3,46.308694707801,166.711300948084,6.41136690721305,0,7099.3484958606,0,0,0,1.225
712.872779607702,20.8670946133751,2,3,46.3432977998025,166.835872079289,6.41281477625853,0,7103.45234532741,0,0,0,1.225
713.122779607702,20.8724871246317,2,3,46.3778828787598,166.960378363535,6.41426264287657,0,7107.55685796655,0,0,0,1.225
713.372779607702,20.877875617108,2,3,46.4124499849281,167.084819945741,6.41571050707626,0,7111.66203378418,0,0,0,1.225
713.622779607702,20.8832600988716,2,3,46.4469991584218,167.209196970319,6.41715836886669,0,7115.76787278647,0,0,0,1.225
713.872779607702,20.8886405779628,2,3,46.4815304392155,167.333509581176,6.41860622825607,0,7119.87437497887,0,0,0,1.225
714.122779607702,20.8940170623947,2,3,46.5160438671443,167.45775792172,6.42005408525347,0,7123.98154036755,0,0,0,1.225
714.372779607702,20.8993895601534,2,3,46.5505394819048,167.581942134857,6.4215019398689,0,7128.08936895942,0,0,0,1.225
714.622779607702,20.9047580791979,2,3,46.5850173230554,167.706062362999,6.42294979211056,0,7132.19786075993,0,0,0,1.225
714.872779607702,20.9101226274608,2,3,46.6194774300173,167.830118748062,6.42439764198571,0,7136.30701577382,0,0,0,1.225
715.122779607702,20.9154832128477,2,3,46.6539198420751,167.95411143147,6.42584548950435,0,7140.416834008,0,0,0,1.225
715.372779607702,20.9208398432378,2,3,46.6883445983772,168.078040554158,6.42729333467469,0,7144.52731546795,0,0,0,1.225
715.622779607702,20.926192526484,2,3,46.7227517379366,168.201906256572,6.42874117750489,0,7148.63846015913,0,0,0,1.225
715.872779607702,20.9315412704129,2,3,46.7571412996318,168.325708678675,6.43018901800406,0,7152.75026808774,0,0,0,1.225
716.122779607702,20.9368860828248,2,3,46.7915133222071,168.449447959946,6.43163685618038,0,7156.86273925927,0,0,0,1.225
716.372779607702,20.9422269714941,2,3,46.8258678442732,168.573124239384,6.43308469204203,0,7160.9758736792,0,0,0,1.225
716.622779607702,20.9475639441694,2,3,46.8602049043082,168.696737655509,6.43453252559721,0,7165.08967135302,0,0,0,1.225
716.872779607702,20.9528970085732,2,3,46.8945245406578,168.820288346368,6.43598035685409,0,7169.20413228622,0,0,0,1.225
717.122779607702,20.9582261724027,2,3,46.9288267915364,168.943776449531,6.43742818582086,0,7173.31925648428,0,0,0,1.225
717.372779607702,20.9635514433293,2,3,46.9631116950273,169.067202102098,6.43887601250754,0,7177.43504395417,0,0,0,1.225
717.622779607702,20.9688728289991,2,3,46.9973792890834,169.1905654407,6.44032383692047,0,7181.55149469993,0,0,0,1.225
717.872779607702,20.9741903370328,2,3,47.0316296115281,169.313866601501,6.44177165906694,0,7185.66860872635,0,0,0,1.225
718.122779607702,20.9795039750261,2,3,47.0658627000555,169.4371057202,6.44321947895696,0,7189.78638604038,0,0,0,1.225
718.372779607702,20.9848137505494,2,3,47.1000785922312,169.560282932032,6.4446672965978,0,7193.90482664681,0,0,0,1.225
718.622779607702,20.9901196711483,2,3,47.1342773254933,169.683398371776,6.44611511199764,0,7198.02393055116,0,0,0,1.225
718.872779607702,20.9954217443436,2,3,47.1684589371521,169.806452173747,6.44756292516468,0,7202.14369775894,0,0,0,1.225
719.122779607702,21.0007199776311,2,3,47.2026234643914,169.929444471809,6.44901073610436,0,7206.26412827351,0,0,0,1.225
719.372779607702,21.0060143784823,2,3,47.2367709442691,170.052375399369,6.45045854482942,0,7210.38522210402,0,0,0,1.225
719.622779607702,21.0113049543441,2,3,47.2709014137174,170.175245089383,6.45190635134259,0,7214.50697925165,0,0,0,1.225
719.872779607702,21.016591712639,2,3,47.3050149095436,170.298053674357,6.45335415565387,0,7218.62939972338,0,0,0,1.225
720.122779607702,21.0218746607652,2,3,47.3391114684306,170.42080128635,6.45480195777145,0,7222.75248352474,0,0,0,1.225
720.372779607702,21.0271538060967,2,3,47.3731911269377,170.543488056976,6.45624975770261,0,7226.87623066057,0,0,0,1.225
720.622779607702,21.0324291559837,2,3,47.4072539215008,170.666114117403,6.45769755545371,0,7231.00064113494,0,0,0,1.225
720.872779607702,21.0377007177521,2,3,47.4412998884335,170.788679598361,6.45914535103475,0,7235.12571495485,0,0,0,1.225
721.122779607702,21.0429684987044,2,3,47.475329063927,170.911184630137,6.46059314445029,0,7239.25145212297,0,0,0,1.225
721.372779607702,21.0482325061189,2,3,47.5093414840512,171.033629342584,6.46204093571032,0,7243.37785264628,0,0,0,1.225
721.622779607702,21.0534927472506,2,3,47.5433371847552,171.156013865119,6.46348872482213,0,7247.50491652963,0,0,0,1.225
721.872779607702,21.058749229331,2,3,47.5773162018674,171.278338326723,6.46493651179026,0,7251.63264377567,0,0,0,1.225
722.122779607702,21.064001959568,2,3,47.6112785710968,171.400602855948,6.46638429662562,0,7255.76103439214,0,0,0,1.225
722.372779607702,21.0692509451465,2,3,47.6452243280328,171.522807580918,6.46783207933368,0,7259.89008838244,0,0,0,1.225
722.622779607702,21.0744961932279,2,3,47.6791535081463,171.644952629327,6.46927985992352,0,7264.01980575286,0,0,0,1.225
722.872779607702,21.0797377109508,2,3,47.7130661467901,171.767038128444,6.47072763839969,0,7268.15018650607,0,0,0,1.225
723.122779607702,21.0849755054306,2,3,47.7469622791991,171.889064205117,6.47217541477039,0,7272.28123064766,0,0,0,1.225
723.372779607702,21.0902095837599,2,3,47.7808419404913,172.011030985769,6.47362318904379,0,7276.41293818319,0,0,0,1.225
723.622779607702,21.0954399530087,2,3,47.8147051656682,172.132938596406,6.47507096122445,0,7280.54530911535,0,0,0,1.225
723.872779607702,21.100666620224,2,3,47.8485519896153,172.254787162615,6.47651873132236,0,7284.67834345119,0,0,0,1.225
724.122779607702,21.1058895924306,2,3,47.8823824471024,172.376576809569,6.47796649934389,0,7288.81204119483,0,0,0,1.225
724.372779607702,21.1111088766306,2,3,47.9161965727847,172.498307662025,6.47941426529542,0,7292.94640235043,0,0,0,1.225
724.622779607702,21.1163244798038,2,3,47.9499944012026,172.619979844329,6.4808620291833,0,7297.08142692213,0,0,0,1.225
724.872779607702,21.1215364089077,2,3,47.9837759667829,172.741593480418,6.48230979101572,0,7301.21711491552,0,0,0,1.225
725.122779607702,21.1267446708778,2,3,48.0175413038388,172.86314869382,6.48375755079724,0,7305.3534663333,0,0,0,1.225
725.372779607702,21.1319492726273,2,3,48.0512904465707,172.984645607655,6.48520530853693,0,7309.49048118181,0,0,0,1.225
725.622779607702,21.1371502210477,2,3,48.0850234290667,173.10608434464,6.48665306424209,0,7313.62815946594,0,0,0,1.225
725.872779607702,21.1423475230084,2,3,48.1187402853029,173.22746502709,6.48810081791726,0,7317.76650118838,0,0,0,1.225
726.122779607702,21.1475411853571,2,3,48.1524410491442,173.348787776919,6.48954856956971,0,7321.90550635403,0,0,0,1.225
726.372779607702,21.1527312149199,2,3,48.1861257543445,173.47005271564,6.49099631920762,0,7326.0451749685,0,0,0,1.225
726.622779607702,21.1579176185013,2,3,48.2197944345474,173.591259964371,6.49244406683556,0,7330.18550703452,0,0,0,1.225
726.872779607702,21.1631004028843,2,3,48.2534471232868,173.712409643832,6.49389181246079,0,7334.32650255698,0,0,0,1.225
727.122779607702,21.1682795748305,2,3,48.287083853987,173.833501874353,6.49533955608877,0,7338.46816153932,0,0,0,1.225
727.372779607702,21.1734551410802,2,3,48.3207046599636,173.954536775869,6.4967872977295,0,7342.61048398864,0,0,0,1.225
727.622779607702,21.1786271083526,2,3,48.3543095744237,174.075514467925,6.49823503738571,0,7346.75346990621,0,0,0,1.225
727.872779607702,21.1837954833458,2,3,48.3878986304667,174.19643506968,6.49968277506468,0,7350.89711929694,0,0,0,1.225
728.122779607702,21.1889602727367,2,3,48.4214718610843,174.317298699903,6.50113051077278,0,7355.04143216501,0,0,0,1.225
728.372779607702,21.1941214831815,2,3,48.4550292991615,174.438105476981,6.50257824451819,0,7359.18640851606,0,0,0,1.225
728.622779607702,21.1992791213154,2,3,48.4885709774768,174.558855518916,6.50402597630455,0,7363.33204835212,0,0,0,1.225
728.872779607702,21.2044331937531,2,3,48.5220969287026,174.67954894333,6.50547370613913,0,7367.4783516781,0,0,0,1.225
729.122779607702,21.2095837070884,2,3,48.5556071854061,174.800185867462,6.50692143402739,0,7371.62531849746,0,0,0,1.225
729.372779607702,21.2147306678947,2,3,48.589101780049,174.920766408176,6.50836915997661,0,7375.77294881515,0,0,0,1.225
729.622779607702,21.219874082725,2,3,48.6225807449887,175.041290681959,6.50981688399315,0,7379.92124263536,0,0,0,1.225
729.872779607702,21.2250139581117,2,3,48.6560441124786,175.161758804923,6.51126460608066,0,7384.07019996011,0,0,0,1.225
730.122779607702,21.2301503005672,2,3,48.6894919146683,175.282170892806,6.51271232624913,0,7388.21982079653,0,0,0,1.225
730.372779607702,21.2352831165835,2,3,48.7229241836041,175.402527060975,6.51416004449948,0,7392.37010514447,0,0,0,1.225
730.622779607702,21.2404124126326,2,3,48.7563409512299,175.522827424427,6.51560776084261,0,7396.52105301177,0,0,0,1.225
730.872779607702,21.2455381951664,2,3,48.7897422493869,175.643072097793,6.51705547528127,0,7400.67266439974,0,0,0,1.225
731.122779607702,21.2506604706169,2,3,48.8231281098147,175.763261195333,6.5185031878209,0,7404.82493931187,0,0,0,1.225
731.372779607702,21.2557792453963,2,3,48.8564985641517,175.883394830946,6.51995089846969,0,7408.97787775385,0,0,0,1.225
731.622779607702,21.2608945258971,2,3,48.8898536439349,176.003473118166,6.5213986072331,0,7413.13147972917,0,0,0,1.225
731.872779607702,21.2660063184919,2,3,48.9231933806013,176.123496170165,6.52284631411385,0,7417.28574523914,0,0,0,1.225
732.122779607702,21.271114629534,2,3,48.9565178054876,176.243464099755,6.52429401912104,0,7421.44067429019,0,0,0,1.225
732.372779607702,21.2762194653569,2,3,48.9898269498308,176.363377019391,6.52574172226014,0,7425.59626688581,0,0,0,1.225
732.622779607702,21.2813208322749,2,3,49.0231208447689,176.483235041168,6.52718942353386,0,7429.75252302733,0,0,0,1.225
732.872779607702,21.286418736583,2,3,49.0563995213411,176.603038276828,6.52863712295039,0,7433.90944272046,0,0,0,1.225
733.122779607702,21.2915131845567,2,3,49.0896630104883,176.722786837758,6.53008482051246,0,7438.0670259665,0,0,0,1.225
733.372779607702,21.2966041824525,2,3,49.1229113430535,176.842480834992,6.53153251622916,0,7442.2252727719,0,0,0,1.225
733.622779607702,21.3016917365079,2,3,49.1561445497821,176.962120379216,6.53298021010414,0,7446.38418313871,0,0,0,1.225
733.872779607702,21.3067758529413,2,3,49.1893626613228,177.081705580762,6.53442790214103,0,7450.54375706901,0,0,0,1.225
734.122779607702,21.311856537952,2,3,49.2225657082273,177.201236549618,6.53587559234802,0,7454.70399456849,0,0,0,1.225
734.372779607702,21.3169337977207,2,3,49.2557537209515,177.320713395425,6.53732328073056,0,7458.86489564068,0,0,0,1.225
734.622779607702,21.3220076384093,2,3,49.2889267298552,177.440136227479,6.53877096729138,0,7463.02646028693,0,0,0,1.225
734.872779607702,21.327078066161,2,3,49.3220847652029,177.559505154731,6.54021865203777,0,7467.18868851223,0,0,0,1.225
735.122779607702,21.3321450871003,2,3,49.3552278571644,177.678820285792,6.54166633497425,0,7471.35158031937,0,0,0,1.225
735.372779607702,21.3372087073333,2,3,49.3883560358146,177.798081728933,6.54311401610539,0,7475.51513571117,0,0,0,1.225
735.622779607702,21.3422689329476,2,3,49.4214693311345,177.917289592084,6.54456169543664,0,7479.67935469116,0,0,0,1.225
735.872779607702,21.3473257700125,2,3,49.4545677730114,178.036443982841,6.54600937297346,0,7483.84423726289,0,0,0,1.225
736.122779607702,21.3523792245788,2,3,49.487651391239,178.15554500846,6.54745704872039,0,7488.00978342917,0,0,0,1.225
736.372779607702,21.3574293026795,2,3,49.5207202155184,178.274592775866,6.54890472268289,0,7492.17599319354,0,0,0,1.225
736.622779607702,21.362476010329,2,3,49.5537742754579,178.393587391649,6.5503523948646,0,7496.3428665581,0,0,0,1.225
736.872779607702,21.3675193535239,2,3,49.586813600574,178.512528962066,6.5518000652728,0,7500.51040352784,0,0,0,1.225
737.122779607702,21.3725593382428,2,3,49.6198382202912,178.631417593048,6.55324773391112,0,7504.67860410487,0,0,0,1.225
737.372779607702,21.3775959704464,2,3,49.6528481639426,178.750253390193,6.55469540078411,0,7508.84746829202,0,0,0,1.225
737.622779607702,21.3826292560775,2,3,49.6858434607707,178.869036458775,6.55614306589723,0,7513.01699609283,0,0,0,1.225
737.872779607702,21.3876592010612,2,3,49.7188241399271,178.987766903738,6.55759072925412,0,7517.18718750941,0,0,0,1.225
738.122779607702,21.392685811305,2,3,49.7517902304734,179.106444829704,6.55903839086022,0,7521.35804254532,0,0,0,1.225
738.372779607702,21.3977090926985,2,3,49.7847417613813,179.225070340973,6.56048605072101,0,7525.52956120413,0,0,0,1.225
738.622779607702,21.4027290511141,2,3,49.8176787615332,179.343643541519,6.56193370883921,0,7529.70174348721,0,0,0,1.225
738.872779607702,21.4077456924066,2,3,49.8506012597223,179.462164535,6.56338136522118,0,7533.87458939886,0,0,0,1.225
739.122779607702,21.4127590224135,2,3,49.8835092846534,179.580633424752,6.56482901986965,0,7538.04809894046,0,0,0,1.225
739.372779607702,21.4177690469547,2,3,49.9164028649428,179.699050313794,6.5662766727919,0,7542.22227211705,0,0,0,1.225
739.622779607702,21.4227757718333,2,3,49.9492820291189,179.817415304828,6.56772432398975,0,7546.39710892927,0,0,0,1.225
739.872779607702,21.4277792028348,2,3,49.9821468056228,179.935728500242,6.56917197346866,0,7550.57260938072,0,0,0,1.225
740.122779607702,21.432779345728,2,3,50.0149972228081,180.053990002109,6.57061962123498,0,7554.74877347569,0,0,0,1.225
740.372779607702,21.4377762062643,2,3,50.0478333089419,180.172199912191,6.57206726728964,0,7558.92560121412,0,0,0,1.225
740.622779607702,21.4427697901784,2,3,50.0806550922047,180.290358331937,6.57351491163809,0,7563.1030925996,0,0,0,1.225
740.872779607702,21.447760103188,2,3,50.1134626006909,180.408465362487,6.57496255428578,0,7567.28124763571,0,0,0,1.225
741.122779607702,21.4527471509941,2,3,50.1462558624094,180.526521104674,6.57641019523453,0,7571.46006632312,0,0,0,1.225
741.372779607702,21.4577309392808,2,3,50.1790349052835,180.644525659021,6.57785783449253,0,7575.6395486676,0,0,0,1.225
741.622779607702,21.4627114737157,2,3,50.2117997571517,180.762479125746,6.5793054720607,0,7579.8196946691,0,0,0,1.225
741.872779607702,21.4676887599495,2,3,50.2445504457677,180.880381604764,6.58075310794266,0,7584.00050432977,0,0,0,1.225
742.122779607702,21.4726628036167,2,3,50.2772869988011,180.998233195684,6.58220074214569,0,7588.18197765463,0,0,0,1.225
742.372779607702,21.4776336103351,2,3,50.3100094438375,181.116033997815,6.58364837467252,0,7592.36411464512,0,0,0,1.225
742.622779607702,21.4826011857062,2,3,50.3427178083789,181.233784110164,6.58509600552497,0,7596.54691530191,0,0,0,1.225
742.872779607702,21.4875655353151,2,3,50.3754121198441,181.351483631439,6.58654363470941,0,7600.73037962933,0,0,0,1.225
743.122779607702,21.4925266647307,2,3,50.4080924055688,181.469132660048,6.58799126222948,0,7604.91450762952,0,0,0,1.225
743.372779607702,21.4974845795056,2,3,50.4407586928066,181.586731294104,6.58943888808881,0,7609.09929930463,0,0,0,1.225
743.622779607702,21.5024392851764,2,3,50.4734110087286,181.704279631423,6.59088651229195,0,7613.28475465754,0,0,0,1.225
743.872779607702,21.5073907872635,2,3,50.506049380424,181.821777769526,6.59233413484162,0,7617.47087368967,0,0,0,1.225
744.122779607702,21.5123390912714,2,3,50.5386738349006,181.939225805642,6.59378175574057,0,7621.65765640245,0,0,0,1.225
744.372779607702,21.5172842026885,2,3,50.5712843990852,182.056623836707,6.59522937499696,0,7625.84510280165,0,0,0,1.225
744.622779607702,21.5222261269876,2,3,50.6038810998233,182.173971959364,6.59667699260899,0,7630.03321288509,0,0,0,1.225
744.872779607702,21.5271648696253,2,3,50.6364639638804,182.291270269969,6.59812460858302,0,7634.22198665708,0,0,0,1.225
745.122779607702,21.5321004360429,2,3,50.6690330179413,182.408518864589,6.59957222292451,0,7638.41142412126,0,0,0,1.225
745.372779607702,21.5370328316656,2,3,50.7015882886115,182.525717839001,6.60101983563345,0,7642.60152527687,0,0,0,1.225
745.622779607702,21.5419620619033,2,3,50.7341298024166,182.6428672887,6.60246744671622,0,7646.79229012824,0,0,0,1.225
745.872779607702,21.5468881321501,2,3,50.7666575858031,182.759967308891,6.60391505617463,0,7650.98371867611,0,0,0,1.225
746.122779607702,21.5518110477848,2,3,50.7991716651387,182.877017994499,6.60536266401141,0,7655.17581092189,0,0,0,1.225
746.372779607702,21.5567308141706,2,3,50.8316720667124,182.994019440165,6.60681027023293,0,7659.36856686993,0,0,0,1.225
746.622779607702,21.5616474366556,2,3,50.8641588167351,183.110971740247,6.60825787484191,0,7663.56198652169,0,0,0,1.225
746.872779607702,21.5665609205723,2,3,50.89663194134,183.227874988824,6.60970547784018,0,7667.75606987788,0,0,0,1.225
747.122779607702,21.571471271238,2,3,50.9290914665822,183.344729279696,6.61115307923137,0,7671.95081694066,0,0,0,1.225
747.372779607702,21.576378493955,2,3,50.96153741844,183.461534706384,6.61260067901821,0,7676.14622771148,0,0,0,1.225
747.622779607702,21.5812825940104,2,3,50.9939698228145,183.578291362132,6.61404827720708,0,7680.3423021947,0,0,0,1.225
747.872779607702,21.586183576676,2,3,51.0263887055302,183.694999339909,6.61549587379795,0,7684.53904038959,0,0,0,1.225
748.122779607702,21.591081447209,2,3,51.0587940923355,183.811658732408,6.61694346879449,0,7688.73644229832,0,0,0,1.225
748.372779607702,21.5959762108514,2,3,51.0911860089024,183.928269632049,6.61839106220305,0,7692.93450792525,0,0,0,1.225
748.622779607702,21.6008678728304,2,3,51.1235644808274,184.044832130979,6.61983865402271,0,7697.13323726893,0,0,0,1.225
748.872779607702,21.6057564383583,2,3,51.1559295336317,184.161346321074,6.62128624425804,0,7701.33263033227,0,0,0,1.225
749.122779607702,21.6106419126327,2,3,51.1882811927611,184.27781229394,6.62273383291176,0,7705.53268711672,0,0,0,1.225
749.372779607702,21.6155243008365,2,3,51.2206194835869,184.394230140913,6.62418141998751,0,7709.73340762447,0,0,0,1.225
749.622779607702,21.6204036081379,2,3,51.2529444314058,184.510599953061,6.62562900548892,0,7713.9347918577,0,0,0,1.225
749.872779607702,21.6252798396907,2,3,51.2852560614403,184.626921821185,6.62707658941781,0,7718.13683981714,0,0,0,1.225
750.122779607702,21.6301530006338,2,3,51.317554398839,184.74319583582,6.62852417177692,0,7722.33955150426,0,0,0,1.225
750.372779607702,21.6350230960921,2,3,51.3498394686769,184.859422087237,6.62997175256896,0,7726.54292692052,0,0,0,1.225
750.622779607702,21.6398901311756,2,3,51.3821112959557,184.975600665441,6.63141933179941,0,7730.74696606957,0,0,0,1.225
750.872779607702,21.6447541109804,2,3,51.4143699056042,185.091731660175,6.63286690946825,0,7734.95166895068,0,0,0,1.225
751.122779607702,21.6496150405878,2,3,51.4466153224783,185.207815160922,6.63431448557822,0,7739.15703556533,0,0,0,1.225
751.372779607702,21.6544729250654,2,3,51.4788475713616,185.323851256902,6.63576206013295,0,7743.36306591571,0,0,0,1.225
751.622779607702,21.6593277694663,2,3,51.5110666769657,185.439840037076,6.63720963313608,0,7747.56976000401,0,0,0,1.225
751.872779607702,21.6641795788293,2,3,51.54327266393,185.555781590148,6.63865720458762,0,7751.77711782953,0,0,0,1.225
752.122779607702,21.6690283581796,2,3,51.5754655568227,185.671676004562,6.64010477449392,0,7755.98513939665,0,0,0,1.225
752.372779607702,21.6738741125279,2,3,51.6076453801405,185.787523368506,6.64155234285408,0,7760.19382470392,0,0,0,1.225
752.622779607702,21.6787168468713,2,3,51.6398121583093,185.903323769914,6.64299990967174,0,7764.40317375355,0,0,0,1.225
752.872779607702,21.6835565661927,2,3,51.6719659156842,186.019077296463,6.64444747495054,0,7768.61318654774,0,0,0,1.225
753.122779607702,21.6883932754614,2,3,51.7041066765498,186.134784035579,6.64589503869229,0,7772.82386308724,0,0,0,1.225
753.372779607702,21.6932269796327,2,3,51.7362344651206,186.250444074434,6.64734260089881,0,7777.0352033728,0,0,0,1.225
753.622779607702,21.6980576836482,2,3,51.7683493055414,186.366057499949,6.64879016157192,0,7781.24720740517,0,0,0,1.225
753.872779607702,21.7028853924359,2,3,51.8004512218873,186.481624398794,6.65023772071709,0,7785.45987518802,0,0,0,1.225
754.122779607702,21.70771011091,2,3,51.832540238164,186.59714485739,6.65168527833339,0,7789.6732067199,0,0,0,1.225
754.372779607702,21.7125318439712,2,3,51.8646163783082,186.71261896191,6.65313283442538,0,7793.88720200377,0,0,0,1.225
754.622779607702,21.7173505965067,2,3,51.896679666188,186.828046798277,6.65458038899305,0,7798.10186103891,0,0,0,1.225
754.872779607702,21.7221663733902,2,3,51.9287301256028,186.94342845217,6.65602794204005,0,7802.31718382755,0,0,0,1.225
755.122779607702,21.7269791794819,2,3,51.9607677802839,187.058764009022,6.65747549357002,0,7806.53317037189,0,0,0,1.225
755.372779607702,21.7317890196286,2,3,51.9927926538947,187.174053554021,6.65892304358113,0,7810.74982066977,0,0,0,1.225
755.622779607702,21.7365958986639,2,3,52.0248047700306,187.28929717211,6.66037059207883,0,7814.96713472488,0,0,0,1.225
755.872779607702,21.7413998214081,2,3,52.0568041522199,187.404494947992,6.66181813906496,0,7819.18511253797,0,0,0,1.225
756.122779607702,21.7462007926681,2,3,52.0887908239238,187.519646966126,6.66326568454042,0,7823.40375410907,0,0,0,1.225
756.372779607702,21.7509988172379,2,3,52.1207648085362,187.63475331073,6.66471322850794,0,7827.62305943967,0,0,0,1.225
756.622779607702,21.7557938998982,2,3,52.1527261293848,187.749814065785,6.66616077097024,0,7831.84302853127,0,0,0,1.225
756.872779607702,21.7605860454166,2,3,52.1846748097307,187.86482931503,6.66760831192732,0,7836.06366138317,0,0,0,1.225
757.122779607702,21.7653752585477,2,3,52.2166108727689,187.979799141968,6.66905585138102,0,7840.28495799613,0,0,0,1.225
757.372779607702,21.7701615440333,2,3,52.2485343416286,188.094723629863,6.67050338933677,0,7844.50691837384,0,0,0,1.225
757.622779607702,21.7749449066021,2,3,52.2804452393735,188.209602861745,6.67195092579277,0,7848.72954251414,0,0,0,1.225
757.872779607702,21.7797253509699,2,3,52.3123435890017,188.324436920406,6.67339846075174,0,7852.95283041854,0,0,0,1.225
758.122779607702,21.7845028818399,2,3,52.3442294134464,188.439225888407,6.67484599421641,0,7857.17678208853,0,0,0,1.225
758.372779607702,21.7892775039022,2,3,52.376102735576,188.553969848073,6.67629352618678,0,7861.40139752342,0,0,0,1.225
758.622779607702,21.7940492218344,2,3,52.4079635781941,188.668668881499,6.67774105666649,0,7865.62667672543,0,0,0,1.225
758.872779607702,21.7988180403014,2,3,52.4398119640403,188.783323070545,6.67918858565645,0,7869.85261969462,0,0,0,1.225
759.122779607702,21.8035839639554,2,3,52.4716479157898,188.897932496843,6.68063611315847,0,7874.07922643175,0,0,0,1.225
759.372779607702,21.8083469974361,2,3,52.5034714560541,189.012497241795,6.68208363917256,0,7878.30649693613,0,0,0,1.225
759.622779607702,21.8131071453706,2,3,52.5352826073812,189.127017386572,6.68353116370417,0,7882.53443121146,0,0,0,1.225
759.872779607702,21.8178644123736,2,3,52.5670813922556,189.24149301212,6.68497868674967,0,7886.76302925413,0,0,0,1.225
760.122779607702,21.8226188030472,2,3,52.5988678330987,189.355924199155,6.68642620831542,0,7890.99229106857,0,0,0,1.225
760.372779607702,21.8273703219813,2,3,52.6306419522693,189.470311028169,6.68787372839961,0,7895.22221665263,0,0,0,1.225
760.622779607702,21.8321189737533,2,3,52.6624037720632,189.584653579428,6.68932124700586,0,7899.45280600855,0,0,0,1.225
760.872779607702,21.8368647629285,2,3,52.6941533147142,189.698951932971,6.69076876413328,0,7903.68405913492,0,0,0,1.225
761.122779607702,21.8416076940596,2,3,52.7258906023936,189.813206168617,6.69221627978641,0,7907.91597603469,0,0,0,1.225
761.372779607702,21.8463477716875,2,3,52.7576156572112,189.92741636596,6.69366379396251,0,7912.14855670502,0,0,0,1.225
761.622779607702,21.8510850003406,2,3,52.7893285012149,190.041582604374,6.69511130666524,0,7916.38180114812,0,0,0,1.225
761.872779607702,21.8558193845355,2,3,52.8210291563911,190.155704963008,6.69655881789822,0,7920.61570936624,0,0,0,1.225
762.122779607702,21.8605509287765,2,3,52.8527176446652,190.269783520795,6.69800632765782,0,7924.85028135579,0,0,0,1.225
762.372779607702,21.865279637556,2,3,52.8843939879016,190.383818356446,6.69945383594768,0,7929.08551711901,0,0,0,1.225
762.622779607702,21.8700055153543,2,3,52.916058207904,190.497809548455,6.70090134277052,0,7933.32141665739,0,0,0,1.225
762.872779607702,21.8747285666399,2,3,52.9477103264155,190.611757175096,6.70234884812544,0,7937.55797996955,0,0,0,1.225
763.122779607702,21.8794487958693,2,3,52.9793503651191,190.725661314429,6.70379635201334,0,7941.79520705553,0,0,0,1.225
763.372779607702,21.8841662074873,2,3,53.0109783456376,190.839522044295,6.70524385443514,0,7946.03309791538,0,0,0,1.225
763.622779607702,21.8888808059267,2,3,53.0425942895341,190.953339442323,6.70669135539356,0,7950.27165255063,0,0,0,1.225
763.872779607702,21.8935925956088,2,3,53.0741982183121,191.067113585924,6.70813885488951,0,7954.51087096131,0,0,0,1.225
764.122779607702,21.898301580943,2,3,53.1057901534158,191.180844552297,6.70958635292209,0,7958.75075314605,0,0,0,1.225
764.372779607702,21.903007766327,2,3,53.1373701162303,191.294532418429,6.71103384949492,0,7962.99129910706,0,0,0,1.225
764.622779607702,21.9077111561471,2,3,53.1689381280816,191.408177261094,6.71248134460529,0,7967.2325088415,0,0,0,1.225
764.872779607702,21.9124117547778,2,3,53.2004942102372,191.521779156854,6.71392883825774,0,7971.47438235233,0,0,0,1.225
765.122779607702,21.9171095665821,2,3,53.2320383839062,191.635338182062,6.71537633045227,0,7975.71691963889,0,0,0,1.225
765.372779607702,21.9218045959116,2,3,53.2635706702393,191.748854412861,6.71682382118706,0,7979.96012069906,0,0,0,1.225
765.622779607702,21.9264968471065,2,3,53.2950910903292,191.862327925185,6.71827131046575,0,7984.20398553506,0,0,0,1.225
765.872779607702,21.9311863244953,2,3,53.3265996652109,191.975758794759,6.71971879828652,0,7988.44851414478,0,0,0,1.225
766.122779607702,21.9358730323955,2,3,53.3580964158618,192.089147097103,6.72116628465301,0,7992.69370653046,0,0,0,1.225
766.372779607702,21.9405569751129,2,3,53.389581363202,192.202492907527,6.72261376956612,0,7996.93956269215,0,0,0,1.225
766.622779607702,21.9452381569424,2,3,53.4210545280942,192.315796301139,6.72406125302223,0,8001.18608262629,0,0,0,1.225
766.872779607702,21.9499165821674,2,3,53.4525159313444,192.42905735284,6.72550873502587,0,8005.43326633583,0,0,0,1.225
767.122779607702,21.9545922550601,2,3,53.4839655937017,192.542276137326,6.72695621557614,0,8009.68111381938,0,0,0,1.225
767.372779607702,21.9592651798817,2,3,53.5154035358591,192.655452729093,6.72840369467576,0,8013.92962507847,0,0,0,1.225
767.622779607702,21.9639353608822,2,3,53.5468297784527,192.76858720243,6.7298511723211,0,8018.17880010951,0,0,0,1.225
767.872779607702,21.9686028023005,2,3,53.5782443420629,192.881679631426,6.73129864851671,0,8022.42863891547,0,0,0,1.225
768.122779607702,21.9732675083644,2,3,53.6096472472142,192.994730089971,6.73274612325986,0,8026.6791414935,0,0,0,1.225
768.372779607702,21.9779294832908,2,3,53.6410385143753,193.107738651751,6.73419359655327,0,8030.93030784512,0,0,0,1.225
768.622779607702,21.9825887312857,2,3,53.6724181639595,193.220705390254,6.73564106839603,0,8035.18213796894,0,0,0,1.225
768.872779607702,21.9872452565441,2,3,53.7037862163249,193.33363037877,6.73708853878907,0,8039.43463186502,0,0,0,1.225
769.122779607702,21.9918990632501,2,3,53.7351426917744,193.446513690388,6.73853600773236,0,8043.68778953269,0,0,0,1.225
769.372779607702,21.996550155577,2,3,53.7664876105562,193.559355398002,6.73998347522684,0,8047.94161097201,0,0,0,1.225
769.622779607702,22.0011985376873,2,3,53.7978209928638,193.67215557431,6.74143094127066,0,8052.19609618086,0,0,0,1.225
769.872779607702,22.0058442137328,2,3,53.8291428588363,193.784914291811,6.74287840586749,0,8056.45124516149,0,0,0,1.225
770.122779607702,22.0104871878544,2,3,53.8604532285584,193.89763162281,6.74432586901548,0,8060.70705791177,0,0,0,1.225
770.372779607702,22.0151274641825,2,3,53.8917521220609,194.010307639419,6.74577333071647,0,8064.9635344325,0,0,0,1.225
770.622779607702,22.0197650468368,2,3,53.9230395593208,194.122942413555,6.74722079096773,0,8069.22067472083,0,0,0,1.225
770.872779607702,22.0243999399265,2,3,53.9543155602614,194.235536016941,6.74866824977016,0,8073.47847877682,0,0,0,1.225
771.122779607702,22.02903214755,2,3,53.9855801447524,194.348088521109,6.75011570712559,0,8077.73694660126,0,0,0,1.225
771.372779607702,22.0336616737953,2,3,54.0168333326106,194.460599997398,6.75156316303401,0,8081.99607819349,0,0,0,1.225
771.622779607702,22.0382885227401,2,3,54.0480751435993,194.573070516958,6.75301061749178,0,8086.25587354992,0,0,0,1.225
771.872779607702,22.0429126984513,2,3,54.0793055974294,194.685500150746,6.75445807050346,0,8090.51633267354,0,0,0,1.225
772.122779607702,22.0475342049856,2,3,54.1105247137588,194.797888969532,6.75590552206722,0,8094.77745556222,0,0,0,1.225
772.372779607702,22.0521530463893,2,3,54.1417325121931,194.910237043895,6.75735297218307,0,8099.03924221529,0,0,0,1.225
772.622779607702,22.0567692266983,2,3,54.1729290122855,195.022544444228,6.75880042084918,0,8103.30169263065,0,0,0,1.225
772.872779607702,22.0613827499384,2,3,54.2041142335372,195.134811240734,6.76024786806829,0,8107.56480680979,0,0,0,1.225
773.122779607702,22.0659936201248,2,3,54.2352881953975,195.247037503431,6.76169531383948,0,8111.82858475134,0,0,0,1.225
773.372779607702,22.0706018412628,2,3,54.266450917264,195.359223302151,6.76314275816094,0,8116.09302645317,0,0,0,1.225
773.622779607702,22.0752074173472,2,3,54.2976024184828,195.471368706538,6.76459020103357,0,8120.35813191534,0,0,0,1.225
773.872779607702,22.079810352363,2,3,54.3287427183484,195.583473786054,6.76603764245556,0,8124.62390113573,0,0,0,1.225
774.122779607702,22.0844106502848,2,3,54.3598718361046,195.695538609977,6.76748508242872,0,8128.89033411513,0,0,0,1.225
774.372779607702,22.0890083150772,2,3,54.3909897909439,195.807563247398,6.76893252095306,0,8133.15743085288,0,0,0,1.225
774.622779607702,22.0936033506949,2,3,54.4220966020082,195.919547767229,6.77037995802766,0,8137.42519134758,0,0,0,1.225
774.872779607702,22.0981957610823,2,3,54.4531922883886,196.031492238199,6.77182739365071,0,8141.6936155971,0,0,0,1.225
775.122779607702,22.102785550174,2,3,54.4842768691262,196.143396728854,6.77327482782221,0,8145.9627036008,0,0,0,1.225
775.372779607702,22.1073727218948,2,3,54.5153503632114,196.255261307561,6.77472226054306,0,8150.23245535871,0,0,0,1.225
775.622779607702,22.1119572801593,2,3,54.5464127895848,196.367086042505,6.77616969181145,0,8154.50287086873,0,0,0,1.225
775.872779607702,22.1165392288725,2,3,54.5774641671371,196.478871001694,6.77761712162737,0,8158.77395013018,0,0,0,1.225
776.122779607702,22.1211185719293,2,3,54.6085045147094,196.590616252954,6.77906454998993,0,8163.04569314167,0,0,0,1.225
776.372779607702,22.1256953132151,2,3,54.6395338510932,196.702321863936,6.78051197689911,0,8167.31809990254,0,0,0,1.225
776.622779607702,22.1302694566053,2,3,54.6705521950307,196.813987902111,6.781959402354,0,8171.59117041138,0,0,0,1.225
776.872779607702,22.1348410059657,2,3,54.7015595652149,196.925614434774,6.78340682635462,0,8175.86490466753,0,0,0,1.225
777.122779607702,22.1394099651524,2,3,54.7325559802899,197.037201529044,6.78485424889914,0,8180.13930266886,0,0,0,1.225
777.372779607702,22.1439763380117,2,3,54.763541458851,197.148749251863,6.78630166998755,0,8184.41436441471,0,0,0,1.225
777.622779607702,22.1485401283804,2,3,54.7945160194448,197.260257670001,6.78774908961896,0,8188.69008990368,0,0,0,1.225
777.872779607702,22.1531013400858,2,3,54.8254796805695,197.37172685005,6.78919650779335,0,8192.9664791351,0,0,0,1.225
778.122779607702,22.1576599769454,2,3,54.8564324606752,197.483156858431,6.790643924508,0,8197.24353210612,0,0,0,1.225
778.372779607702,22.1622160427673,2,3,54.8873743781636,197.594547761389,6.79209133976383,0,8201.52124881679,0,0,0,1.225
778.622779607702,22.1667695413503,2,3,54.9183054513886,197.705899624999,6.79353875356082,0,8205.79962926645,0,0,0,1.225
778.872779607702,22.1713204764834,2,3,54.9492256986564,197.817212515163,6.79498616589444,0,8210.07867345078,0,0,0,1.225
779.122779607702,22.1758688519463,2,3,54.9801351382256,197.928486497612,6.79643357676832,0,8214.35838137203,0,0,0,1.225
779.372779607702,22.1804146715094,2,3,55.0110337883073,198.039721637906,6.79788098617882,0,8218.63875302661,0,0,0,1.225
779.622779607702,22.1849579389337,2,3,55.0419216670654,198.150918001435,6.79932839412504,0,8222.91978841312,0,0,0,1.225
779.872779607702,22.1894986579709,2,3,55.0727987926167,198.26207565342,6.80077580060606,0,8227.20148753016,0,0,0,1.225
780.122779607702,22.1940368323632,2,3,55.1036651830312,198.373194658912,6.80222320562189,0,8231.48385037707,0,0,0,1.225
780.372779607702,22.1985724658438,2,3,55.1345208563319,198.484275082795,6.8036706091716,0,8235.76687695243,0,0,0,1.225
780.622779607702,22.2031055621366,2,3,55.1653658304955,198.595316989784,6.80511801125158,0,8240.05056725266,0,0,0,1.225
780.872779607702,22.2076361249563,2,3,55.1962001234522,198.706320444428,6.80656541186363,0,8244.33492127855,0,0,0,1.225
781.122779607702,22.2121641580082,2,3,55.2270237530858,198.817285511109,6.80801281100503,0,8248.61993902723,0,0,0,1.225
781.372779607702,22.2166896649889,2,3,55.2578367372341,198.928212254043,6.80946020867577,0,8252.90562049804,0,0,0,1.225
781.622779607702,22.2212126495856,2,3,55.2886390936891,199.039100737281,6.81090760487314,0,8257.1919656881,0,0,0,1.225
781.872779607702,22.2257331154765,2,3,55.3194308401969,199.149951024709,6.8123549995953,0,8261.47897459529,0,0,0,1.225
782.122779607702,22.2302510663308,2,3,55.3502119944579,199.260763180049,6.81380239284499,0,8265.76664722112,0,0,0,1.225
782.372779607702,22.2347665058086,2,3,55.3809825741274,199.371537266859,6.81524978461675,0,8270.05498356055,0,0,0,1.225
782.622779607702,22.2392794375611,2,3,55.411742596815,199.482273348534,6.8166971749115,0,8274.34398361361,0,0,0,1.225
782.872779607702,22.2437898652305,2,3,55.4424920800855,199.592971488308,6.81814456372649,0,8278.63364737744,0,0,0,1.225
783.122779607702,22.2482977924502,2,3,55.4732310414585,199.703631749251,6.81959195106174,0,8282.92397485138,0,0,0,1.225
783.372779607702,22.2528032228446,2,3,55.5039594984091,199.814254194273,6.82103933691451,0,8287.21496603256,0,0,0,1.225
783.622779607702,22.2573061600293,2,3,55.5346774683673,199.924838886122,6.8224867212848,0,8291.50662092029,0,0,0,1.225
783.872779607702,22.2618066076111,2,3,55.565384968719,200.035385887389,6.82393410416989,0,8295.7989395117,0,0,0,1.225
784.122779607702,22.2663045691879,2,3,55.5960820168057,200.1458952605,6.82538148556796,0,8300.09192180467,0,0,0,1.225
784.372779607702,22.2708000483489,2,3,55.6267686299244,200.256367067728,6.826828865479,0,8304.38556779851,0,0,0,1.225
784.622779607702,22.2752930486747,2,3,55.6574448253285,200.366801371183,6.82827624390029,0,8308.67987749036,0,0,0,1.225
784.872779607702,22.2797835737369,2,3,55.6881106202273,200.477198232818,6.82972362083092,0,8312.97485087879,0,0,0,1.225
785.122779607702,22.2842716270987,2,3,55.7187660317863,200.587557714431,6.83117099626998,0,8317.2704879624,0,0,0,1.225
785.372779607702,22.2887572123146,2,3,55.7494110771277,200.69787987766,6.83261837021382,0,8321.56678873759,0,0,0,1.225
785.622779607702,22.2932403329304,2,3,55.78004577333,200.808164783988,6.83406574266155,0,8325.86375320295,0,0,0,1.225
785.872779607702,22.2977209924833,2,3,55.8106701374285,200.918412494743,6.83551311361225,0,8330.16138135706,0,0,0,1.225
786.122779607702,22.3021991945021,2,3,55.8412841864155,201.028623071096,6.8369604830641,0,8334.45967319778,0,0,0,1.225
786.372779607702,22.306674942507,2,3,55.8718879372403,201.138796574065,6.83840785101438,0,8338.75862872223,0,0,0,1.225
786.622779607702,22.3111482400096,2,3,55.9024814068093,201.248933064514,6.83985521746217,0,8343.05824792901,0,0,0,1.225
786.872779607702,22.3156190905131,2,3,55.9330646119862,201.35903260315,6.84130258240384,0,8347.3585308145,0,0,0,1.225
787.122779607702,22.3200874975124,2,3,55.9636375695924,201.469095250532,6.8427499458403,0,8351.65947737875,0,0,0,1.225
787.372779607702,22.3245534644938,2,3,55.9942002964065,201.579121067063,6.84419730776972,0,8355.9610876196,0,0,0,1.225
787.622779607702,22.3290169949353,2,3,56.0247528091654,201.689110112995,6.84564466818756,0,8360.26336153272,0,0,0,1.225
787.872779607702,22.3334780923065,2,3,56.0552951245634,201.799062448428,6.84709202709291,0,8364.5662991167,0,0,0,1.225
788.122779607702,22.3379367600687,2,3,56.0858272592533,201.908978133312,6.84853938448578,0,8368.86990037084,0,0,0,1.225
788.372779607702,22.342393001675,2,3,56.1163492298457,202.018857227445,6.8499867403616,0,8373.1741652908,0,0,0,1.225
788.622779607702,22.34684682057,2,3,56.14686105291,202.128699790476,6.85143409471857,0,8377.47909387443,0,0,0,1.225
788.872779607702,22.3512982201904,2,3,56.1773627449736,202.238505881905,6.85288144755577,0,8381.78468612031,0,0,0,1.225
789.122779607702,22.3557472039643,2,3,56.2078543225229,202.348275561082,6.8543287988723,0,8386.09094202701,0,0,0,1.225
789.372779607702,22.3601937753119,2,3,56.2383358020029,202.45800888721,6.85577614866361,0,8390.39786159019,0,0,0,1.225
789.622779607702,22.3646379376451,2,3,56.2688071998175,202.567705919343,6.85722349692696,0,8394.70544480697,0,0,0,1.225
789.872779607702,22.3690796943678,2,3,56.2992685323298,202.677366716387,6.85867084366419,0,8399.01369167811,0,0,0,1.225
790.122779607702,22.3735190488756,2,3,56.329719815862,202.786991337103,6.86011818886982,0,8403.32260219852,0,0,0,1.225
790.372779607702,22.3779560045561,2,3,56.3601610666956,202.896579840104,6.86156553254295,0,8407.63217636679,0,0,0,1.225
790.622779607702,22.382390564789,2,3,56.3905923010716,203.006132283858,6.86301287467995,0,8411.9424141793,0,0,0,1.225
790.872779607702,22.3868227329458,2,3,56.4210135351906,203.115648726686,6.864460215279,0,8416.25331563388,0,0,0,1.225
791.122779607702,22.3912525123902,2,3,56.4514247852131,203.225129226767,6.86590755433917,0,8420.56488072911,0,0,0,1.225
791.372779607702,22.3956799064775,2,3,56.4818260672592,203.334573842133,6.86735489185776,0,8424.87710946209,0,0,0,1.225
791.622779607702,22.4001049185556,2,3,56.5122173974092,203.443982630673,6.86880222783202,0,8429.19000182993,0,0,0,1.225
791.872779607702,22.4045275519642,2,3,56.5425987917036,203.553355650133,6.87024956226014,0,8433.50355783046,0,0,0,1.225
792.122779607702,22.4089478100351,2,3,56.5729702661431,203.662692958115,6.87169689513757,0,8437.81777745934,0,0,0,1.225
792.372779607702,22.4133656960922,2,3,56.6033318366889,203.77199461208,6.87314422646341,0,8442.13266071513,0,0,0,1.225
792.622779607702,22.4177812134519,2,3,56.6336835192625,203.881260669345,6.87459155623674,0,8446.44820759638,0,0,0,1.225
792.872779607702,22.4221943654222,2,3,56.6640253297466,203.990491187088,6.87603888445301,0,8450.76441809874,0,0,0,1.225
793.122779607702,22.4266051553039,2,3,56.6943572839842,204.099686222343,6.87748621110859,0,8455.08129221859,0,0,0,1.225
793.372779607702,22.4310135863898,2,3,56.7246793977796,204.208845832007,6.8789335362053,0,8459.39882995667,0,0,0,1.225
793.622779607702,22.4354196619648,2,3,56.754991686898,204.317970072833,6.88038085973585,0,8463.71703130643,0,0,0,1.225
793.872779607702,22.4398233853063,2,3,56.785294167066,204.427059001438,6.88182818170026,0,8468.03589626716,0,0,0,1.225
794.122779607702,22.444224759684,2,3,56.8155868539714,204.536112674297,6.88327550209578,0,8472.35542483596,0,0,0,1.225
794.372779607702,22.4486237883599,2,3,56.8458697632636,204.645131147749,6.88472282091971,0,8476.67561700991,0,0,0,1.225
794.622779607702,22.4530204745883,2,3,56.8761429105534,204.754114477992,6.88617013816747,0,8480.99647278466,0,0,0,1.225
794.872779607702,22.4574148216161,2,3,56.9064063114137,204.863062721089,6.88761745383908,0,8485.31799215949,0,0,0,1.225
795.122779607702,22.4618068326824,2,3,56.9366599813788,204.971975932964,6.88906476792999,0,8489.64017513003,0,0,0,1.225
795.372779607702,22.4661965110188,2,3,56.9669039359454,205.080854169404,6.89051208043838,0,8493.9630216941,0,0,0,1.225
795.622779607702,22.4705838598495,2,3,56.9971381905722,205.18969748606,6.89195939136061,0,8498.28653184807,0,0,0,1.225
795.872779607702,22.474968882391,2,3,57.0273627606801,205.298505938448,6.89340670069487,0,8502.61070558974,0,0,0,1.225
796.122779607702,22.4793515818525,2,3,57.0575776616523,205.407279581948,6.89485400843841,0,8506.93554291621,0,0,0,1.225
796.372779607702,22.4837319614356,2,3,57.0877829088347,205.516018471805,6.89630131458853,0,8511.26104382455,0,0,0,1.225
796.622779607702,22.4881100243344,2,3,57.1179785175357,205.624722663129,6.89774861913975,0,8515.58720830968,0,0,0,1.225
796.872779607702,22.4924857737359,2,3,57.1481645030265,205.733392210895,6.89919592209208,0,8519.91403637086,0,0,0,1.225
797.122779607702,22.4968592128193,2,3,57.1783408805411,205.842027169948,6.90064322344188,0,8524.24152800444,0,0,0,1.225
797.372779607702,22.5012303447569,2,3,57.2085076652767,205.950627594996,6.90209052318369,0,8528.56968320532,0,0,0,1.225
797.622779607702,22.5055991727132,2,3,57.2386648723932,206.059193540616,6.90353782131842,0,8532.89850197348,0,0,0,1.225
797.872779607702,22.5099656998457,2,3,57.2688125170143,206.167725061252,6.90498511784244,0,8537.22798430529,0,0,0,1.225
798.122779607702,22.5143299293046,2,3,57.2989506142266,206.276222211216,6.90643241275029,0,8541.55813019562,0,0,0,1.225
798.372779607702,22.5186918642326,2,3,57.3290791790805,206.38468504469,6.90787970604015,0,8545.88893964229,0,0,0,1.225
798.622779607702,22.5230515077654,2,3,57.3591982265898,206.493113615723,6.90932699770929,0,8550.22041264237,0,0,0,1.225
798.872779607702,22.5274088630313,2,3,57.389307771732,206.601507978235,6.91077428775225,0,8554.55254919075,0,0,0,1.225
799.122779607702,22.5317639331516,2,3,57.4194078294488,206.709868186016,6.91222157617085,0,8558.88534928812,0,0,0,1.225
799.372779607702,22.5361167212402,2,3,57.4494984146454,206.818194292723,6.91366886295782,0,8563.21881292794,0,0,0,1.225
799.622779607702,22.5404672304041,2,3,57.4795795421914,206.926486351889,6.91511614810952,0,8567.55294010653,0,0,0,1.225
799.872779607702,22.544815463743,2,3,57.5096512269206,207.034744416914,6.91656343162595,0,8571.88773082314,0,0,0,1.225
800.122779607702,22.5491614243495,2,3,57.5397134836308,207.142968541071,6.91801071350255,0,8576.22318507338,0,0,0,1.225
800.372779607702,22.5535051153091,2,3,57.5697663270847,207.251158777505,6.9194579937348,0,8580.55930285287,0,0,0,1.225
800.622779607702,22.5578465397005,2,3,57.5998097720092,207.359315179233,6.92090527231903,0,8584.89608415793,0,0,0,1.225
800.872779607702,22.562185700595,2,3,57.6298438330961,207.467437799146,6.92235254925436,0,8589.23352898708,0,0,0,1.225
801.122779607702,22.5665226010572,2,3,57.6598685250018,207.575526690006,6.92379982453713,0,8593.57163733666,0,0,0,1.225
801.372779607702,22.5708572441444,2,3,57.6898838623477,207.683581904452,6.92524709816098,0,8597.91040920079,0,0,0,1.225
801.622779607702,22.5751896329072,2,3,57.7198898597203,207.791603494993,6.92669437012501,0,8602.24984457801,0,0,0,1.225
801.872779607702,22.5795197703891,2,3,57.749886531671,207.899591514016,6.92814164042647,0,8606.58994346536,0,0,0,1.225
802.122779607702,22.5838476596269,2,3,57.7798738927167,208.00754601378,6.92958890906084,0,8610.93070585844,0,0,0,1.225
802.372779607702,22.5881733036501,2,3,57.8098519573396,208.115467046423,6.93103617602264,0,8615.27213175211,0,0,0,1.225
802.622779607702,22.5924967054817,2,3,57.8398207399872,208.223354663954,6.93248344131189,0,8619.61422114561,0,0,0,1.225
802.872779607702,22.5968178681376,2,3,57.8697802550728,208.331208918262,6.93393070492129,0,8623.95697403235,0,0,0,1.225
803.122779607702,22.6011367946271,2,3,57.8997305169752,208.439029861111,6.93537796685087,0,8628.30039041155,0,0,0,1.225
803.372779607702,22.6054534879525,2,3,57.9296715400393,208.546817544142,6.93682522709423,0,8632.64447027736,0,0,0,1.225
803.622779607702,22.6097679511093,2,3,57.9596033385756,208.654572018872,6.9382724856514,0,8636.98921362899,0,0,0,1.225
803.872779607702,22.6140801870864,2,3,57.9895259268609,208.762293336699,6.93971974251417,0,8641.33462045911,0,0,0,1.225
804.122779607702,22.6183901988658,2,3,58.0194393191378,208.869981548896,6.94116699768165,0,8645.68069076623,0,0,0,1.225
804.372779607702,22.6226979894227,2,3,58.0493435296156,208.977636706616,6.94261425115019,0,8650.02742454666,0,0,0,1.225
804.622779607702,22.6270035617259,2,3,58.0792385724696,209.085258860891,6.94406150291434,0,8654.37482179524,0,0,0,1.225
804.872779607702,22.6313069187373,2,3,58.1091244618417,209.19284806263,6.94550875297045,0,8658.72288250828,0,0,0,1.225
805.122779607702,22.635608063412,2,3,58.1390012118404,209.300404362626,6.94695600131763,0,8663.07160668427,0,0,0,1.225
805.372779607702,22.6399069986989,2,3,58.1688688365409,209.407927811547,6.9484032479495,0,8667.42099431733,0,0,0,1.225
805.622779607702,22.6442037275397,2,3,58.1987273499851,209.515418459946,6.94985049286242,0,8671.77104540376,0,0,0,1.225
805.872779607702,22.6484982528701,2,3,58.2285767661819,209.622876358255,6.95129773605368,0,8676.12175994059,0,0,0,1.225
806.122779607702,22.6527905776188,2,3,58.258417099107,209.730301556785,6.95274497751871,0,8680.47313792339,0,0,0,1.225
806.372779607702,22.657080704708,2,3,58.2882483627036,209.837694105733,6.95419221725206,0,8684.825179347,0,0,0,1.225
806.622779607702,22.6613686370536,2,3,58.3180705708818,209.945054055174,6.95563945525282,0,8689.17788420989,0,0,0,1.225
806.872779607702,22.6656543775647,2,3,58.347883737519,210.052381455069,6.95708669151554,0,8693.5312525069,0,0,0,1.225
807.122779607702,22.669937929144,2,3,58.3776878764603,210.159676355257,6.95853392603658,0,8697.88528423432,0,0,0,1.225
807.372779607702,22.6742192946879,2,3,58.4074830015182,210.266938805466,6.95998115881139,0,8702.23997938772,0,0,0,1.225
807.622779607702,22.6784984770861,2,3,58.4372691264727,210.374168855302,6.96142838983451,0,8706.59533796192,0,0,0,1.225
807.872779607702,22.6827754792219,2,3,58.4670462650717,210.481366554258,6.96287561910594,0,8710.95135995612,0,0,0,1.225
808.122779607702,22.6870503039724,2,3,58.4968144310309,210.588531951711,6.96432284661751,0,8715.30804536297,0,0,0,1.225
808.372779607702,22.691322954208,2,3,58.526573638034,210.695665096922,6.96577007236829,0,8719.66539418092,0,0,0,1.225
808.622779607702,22.6955934327929,2,3,58.5563238997326,210.802766039037,6.96721729635192,0,8724.02340640408,0,0,0,1.225
808.872779607702,22.699861742585,2,3,58.5860652297466,210.909834827088,6.96866451856386,0,8728.38208202799,0,0,0,1.225
809.122779607702,22.7041278864358,2,3,58.6157976416641,211.016871509991,6.97011173900228,0,8732.74142105039,0,0,0,1.225
809.372779607702,22.7083918671903,2,3,58.6455211490415,211.12387613655,6.97155895766082,0,8737.10142346536,0,0,0,1.225
809.622779607702,22.7126536876876,2,3,58.6752357654039,211.230848755454,6.97300617453857,0,8741.46208927137,0,0,0,1.225
809.872779607702,22.7169133507601,2,3,58.7049415042445,211.33778941528,6.97445338962734,0,8745.82341846103,0,0,0,1.225
810.122779607702,22.7211708592343,2,3,58.7346383790256,211.444698164492,6.9759006029235,0,8750.18541103062,0,0,0,1.225
810.372779607702,22.7254262159303,2,3,58.764326403178,211.551575051441,6.97734781442523,0,8754.54806697786,0,0,0,1.225
810.622779607702,22.7296794236618,2,3,58.7940055901015,211.658420124365,6.97879502412616,0,8758.91138629684,0,0,0,1.225
810.872779607702,22.7339304852368,2,3,58.8236759531646,211.765233431393,6.98024223202174,0,8763.27536898307,0,0,0,1.225
811.122779607702,22.7381794034565,2,3,58.8533375057052,211.872015020539,6.98168943810924,0,8767.64001503356,0,0,0,1.225
811.372779607702,22.7424261811165,2,3,58.8829902610302,211.978764939709,6.98313664238231,0,8772.00532444237,0,0,0,1.225
811.622779607702,22.7466708210058,2,3,58.9126342324155,212.085483236696,6.9845838448382,0,8776.3712972065,0,0,0,1.225
811.872779607702,22.7509133259077,2,3,58.9422694331068,212.192169959184,6.98603104547055,0,8780.73793332,0,0,0,1.225
812.122779607702,22.7551536985991,2,3,58.9718958763189,212.298825154748,6.98747824427755,0,8785.10523278059,0,0,0,1.225
812.372779607702,22.7593919418509,2,3,59.0015135752362,212.40544887085,6.98892544125283,0,8789.47319558233,0,0,0,1.225
812.622779607702,22.7636280584279,2,3,59.0311225430127,212.512041154846,6.99037263639275,0,8793.84182172147,0,0,0,1.225
812.872779607702,22.767862051089,2,3,59.0607227927724,212.618602053981,6.99181982969185,0,8798.21111119281,0,0,0,1.225
813.122779607702,22.7720939225869,2,3,59.0903143376088,212.725131615392,6.99326702114558,0,8802.58106399185,0,0,0,1.225
813.372779607702,22.7763236756684,2,3,59.1198971905854,212.831629886108,6.99471421075123,0,8806.95168011556,0,0,0,1.225
813.622779607702,22.7805513130742,2,3,59.1494713647358,212.938096913049,6.99616139850241,0,8811.32295955801,0,0,0,1.225
813.872779607702,22.7847768375392,2,3,59.1790368730637,213.044532743029,6.99760858439367,0,8815.69490231397,0,0,0,1.225
814.122779607702,22.7890002517921,2,3,59.2085937285428,213.150937422754,6.99905576842139,0,8820.06750837967,0,0,0,1.225
814.372779607702,22.7932215585559,2,3,59.2381419441173,213.257310998822,7.0005029505819,0,8824.44077775136,0,0,0,1.225
814.622779607702,22.7974407605476,2,3,59.2676815327017,213.363653517726,7.00195013086977,0,8828.8147104238,0,0,0,1.225
814.872779607702,22.8016578604783,2,3,59.297212507181,213.469965025852,7.00339730927953,0,8833.18930639177,0,0,0,1.225
815.122779607702,22.8058728610531,2,3,59.3267348804108,213.576245569479,7.00484448580755,0,8837.56456565149,0,0,0,1.225
815.372779607702,22.8100857649714,2,3,59.3562486652174,213.682495194783,7.00629166044837,0,8841.94048819774,0,0,0,1.225
815.622779607702,22.8142965749268,2,3,59.3857538743976,213.788713947831,7.00773883319562,0,8846.31707402454,0,0,0,1.225
815.872779607702,22.8185052936069,2,3,59.4152505207194,213.89490187459,7.00918600404839,0,8850.69432313032,0,0,0,1.225
816.122779607702,22.8227129627827,2,3,59.3860333050833,213.7897198983,-20.8933569135597,0,0,13474.529031462,0,0,1.225
816.372779607702,22.8269259554065,2,3,59.2908927458856,213.447213885188,-24.2705995198739,0,0,16186.6967127566,0,0,1.225
816.622779607702,22.8311460979099,2,3,59.1885699898088,213.078851963312,-24.2219811425603,0,0,16158.9401505266,0,0,1.225
816.872779607702,22.8353735413237,2,3,59.0862755533126,212.710591991925,-24.1734535634796,0,0,16131.2339136711,0,0,1.225
817.122779607702,22.8396083089302,2,3,58.9840091992269,212.342433117217,-24.125016626559,0,0,16103.5779190064,0,0,1.225
817.372779607702,22.8438504241394,2,3,58.8817706893555,211.97437448168,-24.0766701759785,0,0,16075.9720834795,0,0,1.225
817.622779607702,22.8480999104901,2,3,58.7795597844677,211.606415224084,-24.028414056158,0,0,16048.4163241576,0,0,1.225
817.872779607702,22.852356791651,2,3,58.6773762442888,211.23855447944,-23.9802481117649,0,0,16020.9105582349,0,0,1.225
818.122779607702,22.8566210914219,2,3,58.5752198274916,210.87079137897,-23.9321721877104,0,0,15993.4547030288,0,0,1.225
818.372779607702,22.8608928337341,2,3,58.4730902916867,210.503125050072,-23.8841861291467,0,0,15966.0486759787,0,0,1.225
818.622779607702,22.8651720426522,2,3,58.3709873934139,210.13555461629,-23.836289781475,0,0,15938.6923946521,0,0,1.225
818.872779607702,22.869458742375,2,3,58.2689108881326,209.768079197277,-23.7884829903323,0,0,15911.385776734,0,0,1.225
819.122779607702,22.873752957236,2,3,58.1668605302122,209.400697908764,-23.7407656016076,0,0,15884.1287400401,0,0,1.225
819.372779607702,22.8780547117053,2,3,58.0648360729228,209.033409862522,-23.6931374614232,0,0,15856.9212025025,0,0,1.225
819.622779607702,22.8823640303903,2,3,57.9628372684257,208.666214166333,-23.6455984161521,0,0,15829.7630821824,0,0,1.225
819.872779607702,22.8866809380367,2,3,57.8608638677635,208.299109923949,-23.5981483124006,0,0,15802.6542972579,0,0,1.225
820.122779607702,22.8910054595298,2,3,57.7589156208503,207.932096235061,-23.5507869970252,0,0,15775.5947660365,0,0,1.225
820.372779607702,22.8953376198958,2,3,57.6569922764618,207.565172195262,-23.5035143171153,0,0,15748.5844069417,0,0,1.225
820.622779607702,22.8996774443026,2,3,57.5550935822251,207.19833689601,-23.4563301200069,0,0,15721.6231385241,0,0,1.225
820.872779607702,22.9040249580612,2,3,57.453219284609,206.831589424593,-23.409234253274,0,0,15694.7108794548,0,0,1.225
821.122779607702,22.9083801866267,2,3,57.3513691289133,206.464928864088,-23.3622265647336,0,0,15667.8475485291,0,0,1.225
821.372779607702,22.9127431555997,2,3,57.2495428592585,206.098354293331,-23.3153069024365,0,0,15641.0330646597,0,0,1.225
821.622779607702,22.9171138907274,2,3,57.1477402185756,205.731864786872,-23.2684751146771,0,0,15614.2673468842,0,0,1.225
821.872779607702,22.9214924179047,2,3,57.0459609485951,205.365459414942,-23.2217310499891,0,0,15587.5503143622,0,0,1.225
822.122779607702,22.9258787631756,2,3,56.9442047898366,204.999137243412,-23.1750745571435,0,0,15560.8818863736,0,0,1.225
822.372779607702,22.9302729527344,2,3,56.8424714815979,204.632897333753,-23.1285054851505,0,0,15534.2619823202,0,0,1.225
822.622779607702,22.9346750129268,2,3,56.7407607619441,204.266738742999,-23.0820236832578,0,0,15507.6905217244,0,0,1.225
822.872779607702,22.9390849702514,2,3,56.6390723676961,203.900660523706,-23.0356290009513,0,0,15481.1674242301,0,0,1.225
823.122779607702,22.9435028513607,2,3,56.5374060344202,203.534661723913,-22.9893212879533,0,0,15454.6926096012,0,0,1.225
823.372779607702,22.9479286830628,2,3,56.435761496416,203.168741387098,-22.9431003942227,0,0,15428.2659977218,0,0,1.225
823.622779607702,22.9523624923223,2,3,56.3341384867054,202.80289855214,-22.8969661699584,0,0,15401.8875085994,0,0,1.225
823.872779607702,22.9568043062617,2,3,56.232536737021,202.437132253276,-22.8509184655923,0,0,15375.5570623587,0,0,1.225
824.122779607702,22.9612541521631,2,3,56.1309559777942,202.071441520059,-22.8049571317906,0,0,15349.2745792436,0,0,1.225
824.372779607702,22.965712057469,2,3,56.0293959381436,201.705825377317,-22.7590820194619,0,0,15323.0399796232,0,0,1.225
824.622779607702,22.9701780497841,2,3,55.9278563458627,201.340282845106,-22.7132929797417,0,0,15296.8531839797,0,0,1.225
824.872779607702,22.9746521568764,2,3,55.8263369274084,200.97481293867,-22.6675898640078,0,0,15270.7141129208,0,0,1.225
825.122779607702,22.9791344066788,2,3,55.724837407888,200.609414668397,-22.621972523867,0,0,15244.6226871691,0,0,1.225
825.372779607702,22.9836248272903,2,3,55.6233575110474,200.244087039771,-22.5764408111645,0,0,15218.57882757,0,0,1.225
825.622779607702,22.9881234469778,2,3,55.5218969592584,199.87882905333,-22.5309945779791,0,0,15192.5824550876,0,0,1.225
825.872779607702,22.992630294177,2,3,55.420455473506,199.513639704622,-22.4856336766179,0,0,15166.6334908009,0,0,1.225
826.122779607702,22.9971453974944,2,3,55.3190327733755,199.148517984152,-22.4403579596283,0,0,15140.7318559131,0,0,1.225
826.372779607702,23.0016687857084,2,3,55.21762857704,198.783462877344,-22.3951672797848,0,0,15114.8774717417,0,0,1.225
826.622779607702,23.0062004877708,2,3,55.1162426012466,198.418473364488,-22.3500614900986,0,0,15089.0702597259,0,0,1.225
826.872779607702,23.0107405328087,2,3,55.0148745613038,198.053548420694,-22.3050404438136,0,0,15063.3101414233,0,0,1.225
827.122779607702,23.0152889501256,2,3,54.9135241710677,197.688687015844,-22.2601039944002,0,0,15037.5970385057,0,0,1.225
827.372779607702,23.0198457692031,2,3,54.8121911429287,197.323888114543,-22.2152519955662,0,0,15011.9308727675,0,0,1.225
827.622779607702,23.0244110197025,2,3,54.7108751877974,196.959150676071,-22.1704843012485,0,0,14986.311566119,0,0,1.225
827.872779607702,23.0289847314662,2,3,54.6095760150913,196.594473654329,-22.1258007656124,0,0,14960.7390405864,0,0,1.225
828.122779607702,23.0335669345196,2,3,54.5082933327202,196.229855997793,-22.0812012430579,0,0,14935.2132183167,0,0,1.225
828.372779607702,23.0381576590725,2,3,54.4070268470723,195.86529664946,-22.036685588213,0,0,14909.7340215723,0,0,1.225
828.622779607702,23.0427569355208,2,3,54.305776263,195.5007945468,-21.9922536559343,0,0,14884.301372732,0,0,1.225
828.872779607702,23.0473647944481,2,3,54.2045412838048,195.136348621697,-21.9479053013138,0,0,14858.9151942961,0,0,1.225
829.122779607702,23.0519812666272,2,3,54.1033216112232,194.771957800404,-21.9036403796654,0,0,14833.575408876,0,0,1.225
829.372779607702,23.0566063830224,2,3,54.0021169454115,194.407621003481,-21.859458746535,0,0,14808.2819392022,0,0,1.225
829.622779607702,23.0612401747906,2,3,53.9009269849308,194.043337145751,-21.8153602576995,0,0,14783.0347081238,0,0,1.225
829.872779607702,23.065882673283,2,3,53.7997514267318,193.679105136234,-21.7713447691576,0,0,14757.8336386012,0,0,1.225
830.122779607702,23.0705339100476,2,3,53.6985899661393,193.314923878101,-21.7274121371456,0,0,14732.6786537185,0,0,1.225
830.372779607702,23.0751939168298,2,3,53.5974422968367,192.950792268612,-21.6835622181179,0,0,14707.5696766686,0,0,1.225
830.622779607702,23.0798627255755,2,3,53.4963081108502,192.586709199061,-21.6397948687609,0,0,14682.5066307638,0,0,1.225
830.872779607702,23.0845403684317,2,3,53.3951870985329,192.222673554718,-21.5961099459882,0,0,14657.4894394329,0,0,1.225
831.122779607702,23.0892268777493,2,3,53.2940789485483,191.858684214774,-21.5525073069366,0,0,14632.5180262168,0,0,1.225
831.372779607702,23.0939222860843,2,3,53.1929833478545,191.494740052276,-21.5089868089744,0,0,14607.5923147768,0,0,1.225
831.622779607702,23.0986266261999,2,3,53.091899981687,191.130839934073,-21.4655483096894,0,0,14582.7122288839,0,0,1.225
831.872779607702,23.1033399310686,2,3,52.9908285335426,190.766982720753,-21.422191666903,0,0,14557.8776924307,0,0,1.225
832.122779607702,23.1080622338738,2,3,52.8897686851618,190.403167266582,-21.378916738654,0,0,14533.0886294183,0,0,1.225
832.372779607702,23.1127935680118,2,3,52.7887201165121,190.039392419444,-21.3357233832094,0,0,14508.3449639656,0,0,1.225
832.622779607702,23.1175339670941,2,3,52.6876825057706,189.675657020774,-21.2926114590628,0,0,14483.6466203074,0,0,1.225
832.872779607702,23.122283464949,2,3,52.586655529306,189.311959905502,-21.2495808249305,0,0,14458.9935227918,0,0,1.225
833.122779607702,23.1270420956236,2,3,52.4856388616612,188.94829990198,-21.2066313397499,0,0,14434.385595879,0,0,1.225
833.372779607702,23.1318098933863,2,3,52.3846321755351,188.584675831926,-21.1637628626886,0,0,14409.8227641483,0,0,1.225
833.622779607702,23.1365868927283,2,3,52.2836351417645,188.221086510352,-21.1209752531304,0,0,14385.3049522877,0,0,1.225
833.872779607702,23.141373128366,2,3,52.1826474293054,187.8575307455,-21.0782683706875,0,0,14360.8320851032,0,0,1.225
834.122779607702,23.1461686352432,2,3,52.0816687052146,187.494007338772,-21.0356420751914,0,0,14336.4040875119,0,0,1.225
834.372779607702,23.1509734485329,2,3,51.9806986346303,187.130515084669,-20.9930962266972,0,0,14312.0208845452,0,0,1.225
834.622779607702,23.1557876036399,2,3,51.8797368807535,186.767052770712,-20.9506306854819,0,0,14287.6824013481,0,0,1.225
834.872779607702,23.1606111362024,2,3,51.7787831048281,186.403619177381,-20.9082453120463,0,0,14263.3885631804,0,0,1.225
835.122779607702,23.165444082095,2,3,51.6778369661216,186.040213078038,-20.8659399671087,0,0,14239.1392954116,0,0,1.225
835.372779607702,23.1702864774303,2,3,51.5768981219049,185.676833238858,-20.8237145116118,0,0,14214.9345235271,0,0,1.225
835.622779607702,23.1751383585613,2,3,51.4759662274326,185.313478418757,-20.7815688067158,0,0,14190.7741731225,0,0,1.225
835.872779607702,23.1799997620841,2,3,51.3750409359219,184.950147369319,-20.7395027138055,0,0,14166.6581699091,0,0,1.225
836.122779607702,23.1848707248395,2,3,51.2741218985326,184.586838834717,-20.6975160944821,0,0,14142.586439708,0,0,1.225
836.372779607702,23.1897512839163,2,3,51.1732087643458,184.223551551645,-20.6556088105672,0,0,14118.5589084526,0,0,1.225
836.622779607702,23.1946414766528,2,3,51.0723011803428,183.860284249234,-20.6137807241066,0,0,14094.5755021929,0,0,1.225
836.872779607702,23.1995413406397,2,3,50.9713987913838,183.497035648982,-20.5720316973575,0,0,14070.6361470842,0,0,1.225
837.122779607702,23.2044509137226,2,3,50.8705012401857,183.133804464669,-20.5303615928015,0,0,14046.7407693982,0,0,1.225
837.372779607702,23.2093702340041,2,3,50.7696081673008,182.770589402283,-20.4887702731348,0,0,14022.8892955153,0,0,1.225
837.622779607702,23.2142993398467,2,3,50.6687192110937,182.407389159937,-20.4472576012777,0,0,13999.081651932,0,0,1.225
837.872779607702,23.2192382698753,2,3,50.5678340077192,182.044202427789,-20.4058234403628,0,0,13975.3177652519,0,0,1.225
838.122779607702,23.2241870629793,2,3,50.4669521910994,181.681027887958,-20.3644676537424,0,0,13951.5975621912,0,0,1.225
838.372779607702,23.2291457583159,2,3,50.3660733929004,181.317864214442,-20.3231901049849,0,0,13927.9209695767,0,0,1.225
838.622779607702,23.2341143953123,2,3,50.2651972425088,180.954710073032,-20.2819906578761,0,0,13904.2879143461,0,0,1.225
838.872779607702,23.2390930136686,2,3,50.164323367008,180.591564121229,-20.2408691764231,0,0,13880.6983235519,0,0,1.225
839.122779607702,23.2440816533601,2,3,50.0634513911539,180.228425008154,-20.1998255248409,0,0,13857.1521243503,0,0,1.225
839.372779607702,23.2490803546408,2,3,49.9625809373508,179.865291374463,-20.1588595675648,0,0,13833.6492440116,0,0,1.225
839.622779607702,23.2540891580455,2,3,49.8617116256264,179.502161852255,-20.1179711692475,0,0,13810.1896099177,0,0,1.225
839.872779607702,23.2591081043927,2,3,49.7608430736068,179.139035064984,-20.0771601947554,0,0,13786.7731495591,0,0,1.225
840.122779607702,23.2641372347878,2,3,49.6599748964912,178.775909627368,-20.0364265091675,0,0,13763.3997905349,0,0,1.225
840.372779607702,23.2691765906258,2,3,49.5591067070261,178.412784145294,-19.9957699777824,0,0,13740.0694605574,0,0,1.225
840.622779607702,23.2742262135941,2,3,49.4582381154791,178.049657215725,-19.9551904661084,0,0,13716.7820874452,0,0,1.225
840.872779607702,23.2792861456758,2,3,49.3573687296126,177.686527426605,-19.9146878398715,0,0,13693.537599129,0,0,1.225
841.122779607702,23.2843564291523,2,3,49.2564981546569,177.323393356765,-19.8742619650102,0,0,13670.3359236483,0,0,1.225
841.372779607702,23.2894371066066,2,3,49.1556259932833,176.96025357582,-19.8339127076742,0,0,13647.1769891497,0,0,1.225
841.622779607702,23.2945282209263,2,3,49.0547518455763,176.597106644075,-19.7936399342298,0,0,13624.0607238915,0,0,1.225
841.872779607702,23.2996298153069,2,3,48.9538753090059,176.233951112421,-19.7534435112557,0,0,13600.9870562411,0,0,1.225
842.122779607702,23.3047419332546,2,3,48.8529959783993,175.870785522237,-19.7133233055429,0,0,13577.9559146741,0,0,1.225
842.372779607702,23.30986461859,2,3,48.7521134459122,175.507608405284,-19.6732791840914,0,0,13554.9672277723,0,0,1.225
842.622779607702,23.3149979154509,2,3,48.6512273009997,175.144418283599,-19.6333110141168,0,0,13532.0209242287,0,0,1.225
842.872779607702,23.3201418682959,2,3,48.5503371303871,174.781213669394,-19.5934186630457,0,0,13509.1169328446,0,0,1.225
843.122779607702,23.3252965219075,2,3,48.4494425180399,174.417993064944,-19.5536019985175,0,0,13486.2551825302,0,0,1.225
843.372779607702,23.3304619213957,2,3,48.3485430451336,174.054754962481,-19.5138608883763,0,0,13463.4356022991,0,0,1.225
843.622779607702,23.3356381122013,2,3,48.2476382900227,173.691497844082,-19.4741952006871,0,0,13440.6581212807,0,0,1.225
843.872779607702,23.3408251400997,2,3,48.1467278282104,173.328220181557,-19.4346048037141,0,0,13417.9226687033,0,0,1.225
844.122779607702,23.3460230512037,2,3,48.0458112323161,172.964920436338,-19.3950895659409,0,0,13395.2291739103,0,0,1.225
844.372779607702,23.3512318919679,2,3,47.9448880720443,172.601597059359,-19.3556493560545,0,0,13372.5775663473,0,0,1.225
844.622779607702,23.3564517091919,2,3,47.8439579141515,172.238248490945,-19.316284042955,0,0,13349.9677755703,0,0,1.225
844.872779607702,23.3616825500239,2,3,47.7430203224139,171.87487316069,-19.2769934957514,0,0,13327.3997312421,0,0,1.225
845.122779607702,23.3669244619646,2,3,47.6420748575935,171.511469487337,-19.2377775837613,0,0,13304.8733631323,0,0,1.225
845.372779607702,23.372177492871,2,3,47.541121077405,171.148035878658,-19.1986361765075,0,0,13282.3886011149,0,0,1.225
845.622779607702,23.3774416909602,2,3,47.4401585364807,170.78457073133,-19.159569143726,0,0,13259.9453751742,0,0,1.225
845.872779607702,23.3827171048132,2,3,47.3391867863364,170.421072430811,-19.120576355358,0,0,13237.5436153991,0,0,1.225
846.122779607702,23.3880037833788,2,3,47.238205375336,170.05753935121,-19.0816576815523,0,0,13215.1832519849,0,0,1.225
846.372779607702,23.3933017759779,2,3,47.1372138486554,169.693969855159,-19.0428129926686,0,0,13192.8642152359,0,0,1.225
846.622779607702,23.398611132307,2,3,47.0362117482465,169.330362293687,-19.0040421592666,0,0,13170.586435557,0,0,1.225
846.872779607702,23.403931902443,2,3,46.9351986128006,168.966715006082,-18.96534505212,0,0,13148.3498434649,0,0,1.225
847.122779607702,23.4092641368467,2,3,46.8341739777105,168.603026319758,-18.926721542206,0,0,13126.1543695795,0,0,1.225
847.372779607702,23.4146078863675,2,3,46.7331373750332,168.23929455012,-18.8881715007055,0,0,13103.9999446249,0,0,1.225
847.622779607702,23.4199632022475,2,3,46.6320883334512,167.875518000424,-18.8496947990097,0,0,13081.886499434,0,0,1.225
847.872779607702,23.4253301361257,2,3,46.5310263782336,167.511694961641,-18.8112913087116,0,0,13059.8139649421,0,0,1.225
848.122779607702,23.4307087400426,2,3,46.4299510311963,167.147823712307,-18.7729609016133,0,0,13037.782272193,0,0,1.225
848.372779607702,23.4360990664448,2,3,46.3288618106624,166.783902518385,-18.734703449717,0,0,13015.7913523317,0,0,1.225
848.622779607702,23.4415011681892,2,3,46.2277582314211,166.419929633116,-18.6965188252316,0,0,12993.8411366096,0,0,1.225
848.872779607702,23.4469150985477,2,3,46.1266398046862,166.05590329687,-18.6584069005748,0,0,12971.9315563869,0,0,1.225
849.122779607702,23.4523409112121,2,3,46.0255060380549,165.691821736998,-18.6203675483621,0,0,12950.0625431229,0,0,1.225
849.372779607702,23.4577786602985,2,3,45.9243564354645,165.327683167672,-18.5824006414132,0,0,12928.2340283824,0,0,1.225
849.622779607702,23.4632284003524,2,3,45.8231904971494,164.963485789738,-18.5445060527563,0,0,12906.4459438382,0,0,1.225
849.872779607702,23.4686901863533,2,3,45.7220077195977,164.599227790552,-18.5066836556189,0,0,12884.6982212644,0,0,1.225
850.122779607702,23.4741640737199,2,3,45.6208075955061,164.234907343822,-18.4689333234301,0,0,12862.9907925382,0,0,1.225
850.372779607702,23.479650118315,2,3,45.5195896137353,163.870522609447,-18.4312549298238,0,0,12841.3235896427,0,0,1.225
850.622779607702,23.4851483764504,2,3,45.4183532592636,163.506071733349,-18.3936483486377,0,0,12819.6965446656,0,0,1.225
850.872779607702,23.4906589048925,2,3,45.317098013141,163.141552847307,-18.3561134539068,0,0,12798.1095897948,0,0,1.225
851.122779607702,23.4961817608672,2,3,45.2158233524413,162.776964068789,-18.3186501198743,0,0,12776.5626573272,0,0,1.225
851.372779607702,23.5017170020655,2,3,45.1145287502149,162.412303500774,-18.2812582209772,0,0,12755.0556796565,0,0,1.225
851.622779607702,23.5072646866485,2,3,45.0132136754393,162.047569231582,-18.2439376318589,0,0,12733.5885892844,0,0,1.225
851.872779607702,23.5128248732532,2,3,44.9118775929703,161.682759334693,-18.2066882273625,0,0,12712.1613188143,0,0,1.225
852.122779607702,23.5183976209981,2,3,44.8105199634916,161.31787186857,-18.1695098825303,0,0,12690.7738009519,0,0,1.225
852.372779607702,23.5239829894886,2,3,44.7091402434636,160.952904876469,-18.1324024726068,0,0,12669.4259685072,0,0,1.225
852.622779607702,23.5295810388231,2,3,44.607737885072,160.587856386259,-18.0953658730336,0,0,12648.1177543905,0,0,1.225
852.872779607702,23.5351918295984,2,3,44.506312336175,160.22272441023,-18.0583999594551,0,0,12626.8490916173,0,0,1.225
853.122779607702,23.5408154229159,2,3,44.4048630402501,159.8575069449,-18.0215046077124,0,0,12605.6199133034,0,0,1.225
853.372779607702,23.5464518803877,2,3,44.3033894363397,159.492201970823,-17.9846796938464,0,0,12584.4301526674,0,0,1.225
853.622779607702,23.5521012641423,2,3,44.2018909589963,159.126807452387,-17.9479250940981,0,0,12563.279743031,0,0,1.225
853.872779607702,23.5577636368311,2,3,44.1003670382259,158.761321337613,-17.9112406849049,0,0,12542.1686178163,0,0,1.225
854.122779607702,23.5634390616348,2,3,43.9988170994322,158.395741557956,-17.8746263429048,0,0,12521.0967105492,0,0,1.225
854.372779607702,23.5691276022695,2,3,43.8972405633581,158.030066028089,-17.8380819449308,0,0,12500.0639548548,0,0,1.225
854.622779607702,23.5748293229931,2,3,43.7956368460272,157.664292645698,-17.8016073680142,0,0,12479.0702844606,0,0,1.225
854.872779607702,23.5805442886125,2,3,43.6940053586845,157.298419291264,-17.7652024893864,0,0,12458.1156331975,0,0,1.225
855.122779607702,23.5862725644896,2,3,43.5923455077354,156.932443827848,-17.7288671864717,0,0,12437.1999349944,0,0,1.225
855.372779607702,23.5920142165485,2,3,43.4906566946849,156.566364100866,-17.6926013368939,0,0,12416.3231238836,0,0,1.225
855.622779607702,23.5977693112823,2,3,43.3889383160743,156.200177937867,-17.6564048184714,0,0,12395.485133997,0,0,1.225
855.872779607702,23.60353791576,2,3,43.2871897634182,155.833883148305,-17.6202775092211,0,0,12374.6858995688,0,0,1.225
856.122779607702,23.6093200976339,2,3,43.1854104231398,155.467477523303,-17.5842192873529,0,0,12353.9253549322,0,0,1.225
856.372779607702,23.6151159251467,2,3,43.0835996765054,155.100958835419,-17.5482300312742,0,0,12333.2034345222,0,0,1.225
856.622779607702,23.6209254671387,2,3,42.9817568995575,154.734324838407,-17.5123096195866,0,0,12312.5200728732,0,0,1.225
856.872779607702,23.6267487930556,2,3,42.8798814630473,154.36757326697,-17.4764579310881,0,0,12291.8752046212,0,0,1.225
857.122779607702,23.6325859729558,2,3,42.7779727323657,154.000701836517,-17.4406748447695,0,0,12271.2687645008,0,0,1.225
857.372779607702,23.6384370775184,2,3,42.6760300674732,153.633708242904,-17.4049602398181,0,0,12250.7006873481,0,0,1.225
857.622779607702,23.6443021780509,2,3,42.5740528228289,153.266590162184,-17.3693139956135,0,0,12230.1709080979,0,0,1.225
857.872779607702,23.650181346497,2,3,42.4720403473177,152.899345250344,-17.3337359917309,0,0,12209.6793617858,0,0,1.225
858.122779607702,23.6560746554452,2,3,42.3699919841775,152.531971143039,-17.2982261079355,0,0,12189.2259835442,0,0,1.225
858.372779607702,23.6619821781366,2,3,42.2679070709237,152.164465455325,-17.26278422419,0,0,12168.8107086085,0,0,1.225
858.622779607702,23.6679039884735,2,3,42.1657849392731,151.796825781383,-17.2274102206475,0,0,12148.433472311,0,0,1.225
858.872779607702,23.6738401610276,2,3,42.0636249150671,151.429049694242,-17.1921039776557,0,0,12128.094210085,0,0,1.225
859.122779607702,23.6797907710494,2,3,41.9614263181925,151.061134745493,-17.1568653757522,0,0,12107.7928574606,0,0,1.225
859.372779607702,23.6857558944761,2,3,41.8591884625018,150.693078465007,-17.1216942956698,0,0,12087.5293500692,0,0,1.225
859.622779607702,23.6917356079413,2,3,41.7569106557315,150.324878360633,-17.0865906183303,0,0,12067.3036236388,0,0,1.225
859.872779607702,23.6977299887835,2,3,41.6545921994196,149.956531917911,-17.0515542248495,0,0,12047.1156139978,0,0,1.225
860.122779607702,23.703739115056,2,3,41.5522323888212,149.588036599756,-17.0165849965306,0,0,12026.96525707,0,0,1.225
860.372779607702,23.7097630655357,2,3,41.449830512823,149.219389846163,-16.9816828148737,0,0,12006.8524888825,0,0,1.225
860.622779607702,23.7158019197331,2,3,41.3473858538559,148.850589073881,-16.946847561564,0,0,11986.7772455556,0,0,1.225
860.872779607702,23.7218557579019,2,3,41.2448976878066,148.481631676104,-16.9120791184819,0,0,11966.7394633117,0,0,1.225
861.122779607702,23.727924661049,2,3,41.1423652839271,148.112515022138,-16.8773773676926,0,0,11946.7390784669,0,0,1.225
861.372779607702,23.7340087109444,2,3,41.0397879047432,147.743236457075,-16.8427421914571,0,0,11926.7760274398,0,0,1.225
861.622779607702,23.7401079901316,2,3,40.9371648059606,147.373793301458,-16.8081734722214,0,0,11906.8502467427,0,0,1.225
861.872779607702,23.7462225819381,2,3,40.8344952363706,147.004182850934,-16.773671092622,0,0,11886.9616729866,0,0,1.225
862.122779607702,23.7523525704858,2,3,40.7317784377523,146.634402375908,-16.7392349354864,0,0,11867.1102428815,0,0,1.225
862.372779607702,23.758498040702,2,3,40.629013644775,146.26444912119,-16.704864883829,0,0,11847.2958932329,0,0,1.225
862.622779607702,23.7646590783304,2,3,40.5262000848975,145.894320305631,-16.670560820854,0,0,11827.5185609444,0,0,1.225
862.872779607702,23.7708357699423,2,3,40.423336978266,145.524013121757,-16.6363226299509,0,0,11807.7781830145,0,0,1.225
863.122779607702,23.7770282029476,2,3,40.3204235376103,145.153524735397,-16.6021501947002,0,0,11788.0746965409,0,0,1.225
863.372779607702,23.7832364656072,2,3,40.2174589681383,144.782852285298,-16.5680433988691,0,0,11768.408038717,0,0,1.225
863.622779607702,23.7894606470439,2,3,40.1144424674277,144.41199288274,-16.5340021264124,0,0,11748.7781468332,0,0,1.225
863.872779607702,23.7957008372552,2,3,40.0113732253168,144.04094361114,-16.5000262614703,0,0,11729.1849582749,0,0,1.225
864.122779607702,23.8019571271249,2,3,39.9082504237925,143.669701525653,-16.4661156883735,0,0,11709.6284105266,0,0,1.225
864.372779607702,23.8082296084359,2,3,39.8050732368769,143.298263652757,-16.4322702916352,0,0,11690.1084411657,0,0,1.225
864.622779607702,23.814518373883,2,3,39.7018408305111,142.92662698984,-16.3984899559573,0,0,11670.6249878678,0,0,1.225
864.872779607702,23.8208235170854,2,3,39.5985523624373,142.554788504774,-16.364774566227,0,0,11651.1779884034,0,0,1.225
865.122779607702,23.8271451326001,2,3,39.4952069820789,142.182745135484,-16.3311240075186,0,0,11631.7673806404,0,0,1.225
865.372779607702,23.8334833159355,2,3,39.3918038304176,141.810493789503,-16.297538165089,0,0,11612.3931025395,0,0,1.225
865.622779607702,23.8398381635645,2,3,39.288342039869,141.438031343528,-16.2640169243818,0,0,11593.0550921584,0,0,1.225
865.872779607702,23.8462097729388,2,3,39.1848207341552,141.065354642959,-16.2305601710268,0,0,11573.753287651,0,0,1.225
866.122779607702,23.8525982425031,2,3,39.0812390281759,140.692460501433,-16.1971677908355,0,0,11554.4876272641,0,0,1.225
866.372779607702,23.8590036717091,2,3,38.9775960278755,140.319345700352,-16.1638396698077,0,0,11535.258049343,0,0,1.225
866.622779607702,23.8654261610308,2,3,38.8738908301095,139.946006988394,-16.1305756941233,0,0,11516.0644923244,0,0,1.225
866.872779607702,23.8718658119788,2,3,38.770122522507,139.572441081025,-16.0973757501492,0,0,11496.9068947425,0,0,1.225
867.122779607702,23.878322727116,2,3,38.666290183331,139.198644659992,-16.0642397244328,0,0,11477.7851952237,0,0,1.225
867.372779607702,23.8847970100732,2,3,38.5623928813361,138.82461437281,-16.0311675037078,0,0,11458.6993324914,0,0,1.225
867.622779607702,23.8912887655643,2,3,38.4584296756235,138.450346832244,-15.9981589748904,0,0,11439.6492453631,0,0,1.225
867.872779607702,23.8977980994034,2,3,38.3543996154924,138.075838615773,-15.9652140250764,0,0,11420.6348727478,0,0,1.225
868.122779607702,23.9043251185205,2,3,38.2503017402899,137.701086265044,-15.9323325415476,0,0,11401.6561536517,0,0,1.225
868.372779607702,23.9108699309784,2,3,38.1461350792567,137.326086285324,-15.8995144117657,0,0,11382.7130271733,0,0,1.225
868.622779607702,23.9174326459902,2,3,38.0418986513701,136.950835144932,-15.8667595233783,0,0,11363.8054325079,0,0,1.225
868.872779607702,23.9240133739362,2,3,37.9375914651842,136.575329274663,-15.8340677642091,0,0,11344.9333089401,0,0,1.225
869.122779607702,23.9306122263822,2,3,37.8332125186667,136.1995650672,-15.801439022267,0,0,11326.0965958515,0,0,1.225
869.372779607702,23.9372293160971,2,3,37.7287607990323,135.823538876516,-15.7688731857393,0,0,11307.2952327146,0,0,1.225
869.622779607702,23.9438647570719,2,3,37.624235282573,135.447247017263,-15.736370142999,0,0,11288.5291590994,0,0,1.225
869.872779607702,23.950518664538,2,3,37.5196349344848,135.070685764145,-15.7039297825927,0,0,11269.7983146635,0,0,1.225
870.122779607702,23.957191154987,2,3,37.414958708691,134.693851351288,-15.6715519932541,0,0,11251.102639163,0,0,1.225
870.372779607702,23.9638823461898,2,3,37.3102055476617,134.316739971582,-15.6392366638929,0,0,11232.4420724438,0,0,1.225
870.622779607702,23.9705923572172,2,3,37.2053743822299,133.939347776028,-15.6069836835995,0,0,11213.8165544451,0,0,1.225
870.872779607702,23.9773213084597,2,3,37.1004641314038,133.561670873054,-15.5747929416443,0,0,11195.2260251996,0,0,1.225
871.122779607702,23.9840693216487,2,3,36.9954737021747,133.183705327829,-15.5426643274754,0,0,11176.670424831,0,0,1.225
871.372779607702,23.9908365198776,2,3,36.8904019893217,132.805447161558,-15.5105977307235,0,0,11158.1496935584,0,0,1.225
871.622779607702,23.9976230276237,2,3,36.7852478752118,132.426892350762,-15.4785930411931,0,0,11139.6637716895,0,0,1.225
871.872779607702,24.0044289707702,2,3,36.6800102295958,132.048036826545,-15.4466501488714,0,0,11121.2125996274,0,0,1.225
872.122779607702,24.0112544766288,2,3,36.5746879094006,131.668876473842,-15.4147689439219,0,0,11102.7961178657,0,0,1.225
872.372779607702,24.0180996739628,2,3,36.469279758516,131.289407130658,-15.3829493166863,0,0,11084.4142669902,0,0,1.225
872.622779607702,24.0249646930105,2,3,36.3637846075778,130.90962458728,-15.3511911576834,0,0,11066.066987678,0,0,1.225
872.872779607702,24.0318496655097,2,3,36.2582012737462,130.529524585486,-15.3194943576113,0,0,11047.7542206997,0,0,1.225
873.122779607702,24.0387547247218,2,3,36.152528560479,130.149102817724,-15.2878588073427,0,0,11029.4759069148,0,0,1.225
873.372779607702,24.045680005457,2,3,36.0467652573006,129.768354926282,-15.2562843979285,0,0,11011.231987276,0,0,1.225
873.622779607702,24.0526256441001,2,3,35.9409101395652,129.387276502435,-15.2247710205966,0,0,10993.0224028268,0,0,1.225
873.872779607702,24.0595917786366,2,3,35.8349619682157,129.005863085576,-15.1933185667503,0,0,10974.847094702,0,0,1.225
874.122779607702,24.0665785486791,2,3,35.7289194895365,128.624110162332,-15.1619269279709,0,0,10956.7060041279,0,0,1.225
874.372779607702,24.0735860954951,2,3,35.6227814349019,128.242013165647,-15.1305959960127,0,0,10938.5990724206,0,0,1.225
874.622779607702,24.0806145620347,2,3,35.5165465205175,127.859567473863,-15.0993256628076,0,0,10920.5262409874,0,0,1.225
874.872779607702,24.087664092959,2,3,35.4102134471577,127.476768409768,-15.0681158204625,0,0,10902.487451327,0,0,1.225
875.122779607702,24.0947348346693,2,3,35.3037808998956,127.093611239624,-15.0369663612596,0,0,10884.4826450284,0,0,1.225
875.372779607702,24.101826935337,2,3,35.1972475478283,126.710091172182,-15.0058771776535,0,0,10866.5117637688,0,0,1.225
875.622779607702,24.108940544934,2,3,35.0906120437949,126.326203357662,-14.9748481622782,0,0,10848.5747493201,0,0,1.225
875.872779607702,24.1160758152637,2,3,34.9838730240888,125.94194288672,-14.9438792079372,0,0,10830.6715435402,0,0,1.225
876.122779607702,24.1232328999929,2,3,34.8770291081635,125.557304789389,-14.9129702076107,0,0,10812.8020883791,0,0,1.225
876.372779607702,24.1304119546844,2,3,34.7700788983311,125.172284033992,-14.8821210544511,0,0,10794.9663258756,0,0,1.225
876.622779607702,24.1376131368301,2,3,34.6630209794546,124.786875526036,-14.8513316417852,0,0,10777.1641981591,0,0,1.225
876.872779607702,24.1448366058852,2,3,34.5558539186327,124.401074107078,-14.8206018631145,0,0,10759.3956474494,0,0,1.225
877.122779607702,24.152082523303,2,3,34.4485762648774,124.014874553559,-14.7899316121106,0,0,10741.660616054,0,0,1.225
877.372779607702,24.1593510525704,2,3,34.3411865487842,123.628271575623,-14.7593207826199,0,0,10723.9590463707,0,0,1.225
877.622779607702,24.1666423592442,2,3,34.2336832821941,123.241259815899,-14.7287692686596,0,0,10706.2908808862,0,0,1.225
877.872779607702,24.1739566109887,2,3,34.1260649578486,122.853833848255,-14.6982769644214,0,0,10688.6560621773,0,0,1.225
878.122779607702,24.1812939776138,2,3,34.0183300490358,122.465988176529,-14.6678437642668,0,0,10671.0545329084,0,0,1.225
878.372779607702,24.1886546311136,2,3,33.910477009228,122.077717233221,-14.637469562731,0,0,10653.4862358346,0,0,1.225
878.622779607702,24.1960387457069,2,3,33.8025042717114,121.689015378161,-14.6071542545183,0,0,10635.9511137975,0,0,1.225
878.872779607702,24.203446497878,2,3,33.6944102492062,121.299876897142,-14.5768977345074,0,0,10618.44910973,0,0,1.225
879.122779607702,24.210878066418,2,3,33.5861933334778,120.91029600052,-14.546699897744,0,0,10600.9801666505,0,0,1.225
879.372779607702,24.2183336324687,2,3,33.4778518949387,120.520266821779,-14.5165606394476,0,0,10583.5442276679,0,0,1.225
879.622779607702,24.2258133795656,2,3,33.3693842822405,120.129783416066,-14.4864798550079,0,0,10566.1412359798,0,0,1.225
879.872779607702,24.2333174936833,2,3,33.2607888218559,119.738839758681,-14.4564574399824,0,0,10548.7711348693,0,0,1.225
880.122779607702,24.2408461632815,2,3,33.1520638176505,119.347429743542,-14.4264932901015,0,0,10531.4338677104,0,0,1.225
880.372779607702,24.2483995793523,2,3,33.0432075504442,118.955547181599,-14.3965873012635,0,0,10514.1293779633,0,0,1.225
880.622779607702,24.2559779354685,2,3,32.934218277561,118.563185799219,-14.3667393695373,0,0,10496.8576091771,0,0,1.225
880.872779607702,24.2635814278329,2,3,32.8250942323683,118.170339236526,-14.3369493911587,0,0,10479.6185049864,0,0,1.225
881.122779607702,24.2712102553297,2,3,32.7158336238041,117.777001045695,-14.3072172625357,0,0,10462.4120091163,0,0,1.225
881.372779607702,24.278864619576,2,3,32.6064346358926,117.383164689213,-14.2775428802424,0,0,10445.238065377,0,0,1.225
881.622779607702,24.2865447249752,2,3,32.4968954272469,116.988823538089,-14.2479261410226,0,0,10428.0966176669,0,0,1.225
881.872779607702,24.2942507787723,2,3,32.3872141305596,116.593970870015,-14.2183669417882,0,0,10410.9876099719,0,0,1.225
882.122779607702,24.3019829911094,2,3,32.2773888520798,116.198599867487,-14.1888651796185,0,0,10393.910986364,0,0,1.225
882.372779607702,24.3097415750836,2,3,32.1674176710771,115.802703615878,-14.1594207517614,0,0,10376.8666910032,0,0,1.225
882.622779607702,24.3175267468057,2,3,32.0572986392908,115.406275101447,-14.1300335556307,0,0,10359.8546681348,0,0,1.225
882.872779607702,24.3253387254613,2,3,31.9470297803656,115.009307209316,-14.1007034888084,0,0,10342.8748620919,0,0,1.225
883.122779607702,24.3331777333726,2,3,31.8366090892718,114.611792721378,-14.0714304490448,0,0,10325.9272172949,0,0,1.225
883.372779607702,24.341043996062,2,3,31.7260345317103,114.213724314157,-14.0422143342532,0,0,10309.0116782478,0,0,1.225
883.622779607702,24.3489377423182,2,3,31.6153040435022,113.815094556608,-14.0130550425174,0,0,10292.1281895441,0,0,1.225
883.872779607702,24.3568592042626,2,3,31.5044155299608,113.415895907859,-13.9839524720849,0,0,10275.2766958616,0,0,1.225
884.122779607702,24.3648086174189,2,3,31.3933668652483,113.016120714894,-13.9549065213694,0,0,10258.4571419642,0,0,1.225
884.372779607702,24.3727862207837,2,3,31.2821558917139,112.61576121017,-13.9259170889516,0,0,10241.669472703,0,0,1.225
884.622779607702,24.3807922568992,2,3,31.170780419214,112.214809509171,-13.896984073576,0,0,10224.9136330133,0,0,1.225
884.872779607702,24.3888269719282,2,3,31.0592382244144,111.813257607892,-13.8681073741541,0,0,10208.1895679177,0,0,1.225
885.122779607702,24.3968906157303,2,3,30.9475270500721,111.41109738026,-13.8392868897604,0,0,10191.4972225227,0,0,1.225
885.372779607702,24.4049834419414,2,3,30.8356446042984,111.008320575474,-13.8105225196352,0,0,10174.8365420213,0,0,1.225
885.622779607702,24.4131057080546,2,3,30.7235885598003,110.604918815281,-13.7818141631838,0,0,10158.207471692,0,0,1.225
885.872779607702,24.4212576755031,2,3,30.6113565531014,110.200883591165,-13.7531617199743,0,0,10141.6099568975,0,0,1.225
886.122779607702,24.4294396097466,2,3,30.4989461837401,109.796206261464,-13.7245650897403,0,0,10125.0439430869,0,0,1.225
886.372779607702,24.4376517803587,2,3,30.3863550134455,109.390878048404,-13.6960241723777,0,0,10108.5093757931,0,0,1.225
886.622779607702,24.4458944611177,2,3,30.2735805652893,108.984890035042,-13.6675388679469,0,0,10092.0062006342,0,0,1.225
886.872779607702,24.4541679300998,2,3,30.1606203228135,108.578233162129,-13.6391090766713,0,0,10075.5343633135,0,0,1.225
887.122779607702,24.4624724697749,2,3,30.0474717291323,108.170898224876,-13.610734698937,0,0,10059.0938096183,0,0,1.225
887.372779607702,24.4708083671054,2,3,29.9341321860088,107.762875869632,-13.5824156352937,0,0,10042.6844854211,0,0,1.225
887.622779607702,24.4791759136471,2,3,29.8205990529032,107.354156590452,-13.5541517864519,0,0,10026.3063366773,0,0,1.225
887.872779607702,24.4875754056542,2,3,29.706869645994,106.944730725578,-13.5259430532869,0,0,10009.9593094288,0,0,1.225
888.122779607702,24.4960071441867,2,3,29.5929412371692,106.534588453809,-13.4977893368339,0,0,9993.64334979971,0,0,1.225
888.372779607702,24.5044714352208,2,3,29.478811052988,106.123719790757,-13.4696905382903,0,0,9977.35840399863,0,0,1.225
888.622779607702,24.5129685897633,2,3,29.3644762736106,105.712114584998,-13.4416465590159,0,0,9961.10441831869,0,0,1.225
888.872779607702,24.521498923969,2,3,29.2499340316958,105.299762514105,-13.4136573005312,0,0,9944.88133913617,0,0,1.225
889.122779607702,24.5300627592613,2,3,29.1351814112645,104.886653080552,-13.3857226645182,0,0,9928.68911291148,0,0,1.225
889.372779607702,24.5386604224575,2,3,29.020215446529,104.472775607504,-13.3578425528187,0,0,9912.52768618777,0,0,1.225
889.622779607702,24.5472922458968,2,3,28.9050331206849,104.058119234466,-13.3300168674364,0,0,9896.39700559247,0,0,1.225
889.872779607702,24.5559585675732,2,3,28.7896313646667,103.6426729128,-13.3022455105342,0,0,9880.29701783571,0,0,1.225
890.122779607702,24.5646597312718,2,3,28.6740070558626,103.226425401105,-13.2745283844365,0,0,9864.22766971152,0,0,1.225
890.372779607702,24.57339608671,2,3,28.5581570167902,102.809365260445,-13.2468653916258,0,0,9848.18890809586,0,0,1.225
890.622779607702,24.5821679896826,2,3,28.4420780137291,102.391480849425,-13.2192564347458,0,0,9832.18067994891,0,0,1.225
890.872779607702,24.5909758022118,2,3,28.3257667553098,101.972760319115,-13.1917014165986,0,0,9816.20293231258,0,0,1.225
891.122779607702,24.5998198927021,2,3,28.2092198910574,101.553191607807,-13.1642002401461,0,0,9800.25561231239,0,0,1.225
891.372779607702,24.6087006361002,2,3,28.0924340098871,101.132762435594,-13.1367528085088,0,0,9784.33866715595,0,0,1.225
891.622779607702,24.6176184140593,2,3,27.9754056385514,100.711460298785,-13.1093590249661,0,0,9768.45204413353,0,0,1.225
891.872779607702,24.6265736151104,2,3,27.858131240035,100.289272464126,-13.0820187929553,0,0,9752.59569061742,0,0,1.225
892.122779607702,24.6355666348375,2,3,27.7406072118971,99.8661859628296,-13.0547320160726,0,0,9736.76955406275,0,0,1.225
892.372779607702,24.6445978760598,2,3,27.6228298845578,99.4421875844082,-13.0274985980716,0,0,9720.97358200609,0,0,1.225
892.622779607702,24.6536677490193,2,3,27.5047955195269,99.0172638702969,-13.0003184428642,0,0,9705.20772206679,0,0,1.225
892.872779607702,24.6627766715755,2,3,27.386500307572,98.5914011072592,-12.9731914545193,0,0,9689.47192194543,0,0,1.225
893.122779607702,24.6719250694057,2,3,27.2679403668245,98.1645853205681,-12.9461175372633,0,0,9673.76612942462,0,0,1.225
893.372779607702,24.6811133762129,2,3,27.1491117408196,97.7368022669507,-12.9190965954795,0,0,9658.09029236869,0,0,1.225
893.622779607702,24.6903420339408,2,3,27.0300103964688,97.3080374272878,-12.8921285337083,0,0,9642.4443587236,0,0,1.225
893.872779607702,24.6996114929959,2,3,26.9106322219606,96.8782759990582,-12.8652132566463,0,0,9626.82827651646,0,0,1.225
894.122779607702,24.7089222124778,2,3,26.7909730245875,96.4475028885151,-12.8383506691466,0,0,9611.24199385596,0,0,1.225
894.372776662885,24.7182696339822,2,4,26.7271678209364,96.217804155371,-0.820612165990471,11.9056916621416,0,0.188479916818778,0,0,1.225
894.62277077325,24.7276244528661,2,4,26.720433094583,96.193559140499,-0.619241620500007,11.8996924127015,160.577247850164,0,0,0,1.225
894.872764883615,24.7369813558768,2,4,26.7149455367153,96.173803932175,-0.553704942110375,11.8948052504944,212.737185745203,0,0,0,1.225
895.12275899398,24.7463400813345,2,4,26.7099848656141,96.1559455162109,-0.506414066052817,11.8903881920223,250.326396242973,0,0,0,1.225
895.372753104346,24.7557004715843,2,4,26.7054214013417,96.1395170448302,-0.468646097320239,11.886325537054,280.316817373911,0,0,0,1.225
895.622747214711,24.7650624021434,2,4,26.7011822532803,96.1242561118092,-0.43696923904699,11.8825522287149,305.450300370316,0,0,0,1.225
895.872741325076,24.774425769026,2,4,26.6972188413387,96.1099878288195,-0.409610147368875,11.8790248977055,327.143129590918,0,0,0,1.225
896.122735435441,24.7837904825798,2,4,26.6934958052209,96.0965848987951,-0.385510820470437,11.8757119717224,346.239966064848,0,0,0,1.225
896.372729545807,24.7931564638997,2,4,26.6899859495194,96.0839494182697,-0.363980107654086,11.8725891664257,363.292391675947,0,0,0,1.225
896.622723656172,24.8025236425155,2,4,26.6866675483798,96.0720031741673,-0.344537175149964,11.8696370806291,378.68400394971,0,0,0,1.225
896.872717766537,24.8118919547958,2,4,26.6835227545647,96.0606819164329,-0.326831618823867,11.8668397765562,392.694247623566,0,0,0,1.225
897.122711876902,24.8212613427906,2,4,26.6805365902085,96.0499317247505,-0.310598805776602,11.8641838790242,405.534091709929,0,0,0,1.225
897.372705987268,24.8306317533615,2,4,26.6776962709791,96.0397065755247,-0.295633135533889,11.8616579721102,417.367387285463,0,0,0,1.225
897.622700097633,24.8400031375063,2,4,26.6749907339612,96.0299666422602,-0.28177114605622,11.8592521776152,428.324359446064,0,0,0,1.225
897.872694207998,24.8493754498243,2,4,26.6724102964425,96.0206770671928,-0.268880367065261,11.8569578503628,438.510507849042,0,0,0,1.225
898.122688318364,24.8587486480831,2,4,26.6699464023061,96.0118070483019,-0.256851697976044,11.854767351698,448.012691881516,0,0,0,1.225
898.372682428729,24.8681226928623,2,4,26.66759142906,96.0033291446162,-0.245594037322008,11.8526738771213,456.903417618704,0,0,0,1.225
898.622676539094,24.8774975472561,2,4,26.6653385380435,95.9952187369565,-0.235030400729383,11.8506713224744,465.243936067897,0,0,0,1.225
898.872670649459,24.8868731766225,2,4,26.6631815561301,95.9874536020683,-0.2250950523995,11.8487541782526,473.086532156574,0,0,0,1.225
899.122664759825,24.8962495483694,2,4,26.6611148808945,95.9800135712203,-0.215731344423168,11.8469174448709,480.476248609975,0,0,0,1.225
899.37265887019,24.9056266317696,2,4,26.6591334035794,95.9728802528859,-0.206890061565688,11.8451565638307,487.452206328619,0,0,0,1.225
899.622652980555,24.9150043978009,2,4,26.6572324457862,95.9660368048304,-0.198528134158278,11.8434673611446,494.048630956476,0,0,0,1.225
899.87264709092,24.9243828190057,2,4,26.6554077069,95.9594677448399,-0.190607623776131,11.841846000351,500.295661748446,0,0,0,1.225
900.122641201286,24.9337618693678,2,4,26.6536552200168,95.9531587920605,-0.183094914239963,11.8402889431255,506.219996597822,0,0,0,1.225
900.372635311651,24.9431415242028,2,4,26.6519713146858,95.9470967328689,-0.175960059345829,11.8387929159806,511.845412016767,0,0,0,1.225
900.622629422016,24.9525217600607,2,4,26.6503525851683,95.9412693066058,-0.16917625176069,11.8373548818964,517.193186455989,0,0,0,1.225
900.872623532381,24.9619025546388,2,4,26.6487958632078,95.935665107548,-0.162719386678407,11.835972015982,522.282448038282,0,0,0,1.225
901.122617642747,24.971283886703,2,4,26.6472981945195,95.9302735002703,-0.156567700365985,11.8346416844607,527.13046256311,0,0,0,1.225
901.372611753112,24.9806657360173,2,4,26.6458568183711,95.925084546136,-0.150701468483661,11.8333614264189,531.752873844414,0,0,0,1.225
901.622605863477,24.9900480832794,2,4,26.6444691497515,95.9200889391055,-0.145102752524093,11.8321289378677,536.163905680682,0,0,0,1.225
901.872599973843,24.9994309100622,2,4,26.6431327637218,95.9152779493986,-0.139755185323894,11.8309420577551,540.376532674637,0,0,0,1.225
902.122594084208,25.0088141987609,2,4,26.6418453816164,95.9106433738189,-0.134643788535345,11.8297987556326,544.402625575969,0,0,0,1.225
902.372588194573,25.0181979325438,2,4,26.6406048588226,95.9061774917615,-0.129754816425183,11.8286971207321,548.253075640209,0,0,0,1.225
902.622582304938,25.0275820953077,2,4,26.6394091739156,95.9018730260961,-0.125075621510877,11.827635352255,551.937901584354,0,0,0,1.225
902.872576415304,25.0369666716368,2,4,26.6382564189593,95.8977231082533,-0.120594538416778,11.8266117507037,555.466342024121,0,0,0,1.225
903.122570525669,25.0463516467645,2,4,26.6371447908197,95.8937212469508,-0.116300783021292,11.8256247101182,558.846935728232,0,0,0,1.225
903.372564636034,25.0557370065386,2,4,26.6360725833578,95.889861300088,-0.112184364504389,11.8246727110984,562.087591595788,0,0,0,1.225
903.622558746399,25.0651227373882,2,4,26.635038180391,95.8861374494077,-0.108236008340019,11.8237543145148,565.195649915613,0,0,0,1.225
903.872552856765,25.0745088262937,2,4,26.6340400493293,95.8825441775854,-0.104447088610822,11.8228681558213,568.17793620099,0,0,0,1.225
904.12254696713,25.0838952607589,2,4,26.6330767354043,95.8790762474555,-0.100809568304766,11.8220129398989,571.040808668114,0,0,0,1.225
904.372541077495,25.0932820287845,2,4,26.6321468564238,95.8757286831258,-0.0973159464747604,11.8211874363688,573.79020025002,0,0,0,1.225
904.62253518786,25.1026691188436,2,4,26.6312490979905,95.8724967527657,-0.0939592113185357,11.8203904753203,576.431655897204,0,0,0,1.225
904.872529298226,25.112056519859,2,4,26.630382209134,95.8693759528824,-0.0907327983922923,11.8196209434093,578.970365791606,0,0,0,1.225
905.122523408591,25.1214442211814,2,4,26.6295449983122,95.866361993924,-0.0876305532827923,11.8188777802856,581.41119501201,0,0,0,1.225
905.372517518956,25.1308322125699,2,4,26.628736329742,95.8634507870711,-0.0846466981792319,11.8181599753153,583.758710095873,0,0,0,1.225
905.622511629321,25.1402204841726,2,4,26.6279551200253,95.8606384320911,-0.081775801847385,11.817466564568,586.017202893904,0,0,0,1.225
905.872505739687,25.1496090265089,2,4,26.6272003350419,95.8579212061508,-0.0790127526017402,11.8167966280409,588.190712039364,0,0,0,1.225
906.122499850052,25.1589978304531,2,4,26.6264709870811,95.855295553492,-0.076352733912278,11.8161492870979,590.283042321448,0,0,0,1.225
906.372493960417,25.1683868872182,2,4,26.6257661321905,95.8527580758858,-0.0737912023423379,11.8155237021017,592.297782204486,0,0,0,1.225
906.622488070783,25.1777761883415,2,4,26.6250848677202,95.8503055237928,-0.071323867548814,11.8149190702217,594.238319706922,0,0,0,1.225
906.872482181148,25.1871657256702,2,4,26.6244263300457,95.8479347881645,-0.0689466741132054,11.8143346234005,596.107856824389,0,0,0,1.225
907.122476291513,25.1965554913483,2,4,26.6237896924517,95.8456428928263,-0.0666557850061588,11.813769626465,597.909422653956,0,0,0,1.225
907.372470401878,25.2059454778039,2,4,26.6231741631642,95.843426987391,-0.064447566507236,11.8132233753695,599.645885361457,0,0,0,1.225
907.622464512244,25.2153356777375,2,4,26.622578983516,95.8412843406574,-0.06231857442529,11.8126951955591,601.319963114963,0,0,0,1.225
907.872458622609,25.2247260841105,2,4,26.6220034262364,95.839212334451,-0.0602655414882511,11.8121844404424,602.934234088785,0,0,0,1.225
908.122452732974,25.2341166901347,2,4,26.621446793853,95.8372084578709,-0.0582853657790839,11.8116904899658,604.491145636097,0,0,0,1.225
908.372446843339,25.2435074892619,2,4,26.6209084171968,95.8352703019086,-0.0563751001192335,11.8112127492797,605.993022708656,0,0,0,1.225
908.622440953705,25.2528984751744,2,4,26.6203876540027,95.8333955544096,-0.0545319422999669,11.8107506474896,607.442075602893,0,0,0,1.225
908.87243506407,25.2622896417757,2,4,26.6198838875971,95.8315819953496,-0.0527532260849851,11.8103036364859,608.840407093296,0,0,0,1.225
909.122429174435,25.271680983182,2,4,26.6193965256669,95.8298274924008,-0.0510364129099512,11.8098711898448,610.190019012233,0,0,0,1.225
909.3724232848,25.2810724937134,2,4,26.618924999102,95.8281299967672,-0.0493790842116318,11.8094528017969,611.492818329751,0,0,0,1.225
909.622417395166,25.2904641678865,2,4,26.6184687609074,95.8264875392668,-0.0477789343348077,11.8090479862568,612.750622774558,0,0,0,1.225
909.872411505531,25.2998560004062,2,4,26.618027285179,95.8248982266444,-0.0462337639571546,11.8086562759089,613.965166043754,0,0,0,1.225
910.122405615896,25.3092479861593,2,4,26.6176000661378,95.8233602380959,-0.044741473992529,11.8082772213476,615.138102632764,0,0,0,1.225
910.372399726262,25.3186401202067,2,4,26.6171866172199,95.8218718219915,-0.0433000599294579,11.8079103902651,616.2710123198,0,0,0,1.225
910.622393836627,25.3280323977776,2,4,26.616786470217,95.8204312927812,-0.0419076065648129,11.8075553666855,617.365404336685,0,0,0,1.225
910.872387946992,25.3374248142627,2,4,26.6163991744644,95.8190370280718,-0.0405622831022002,11.8072117502405,618.422721250246,0,0,0,1.225
911.122382057357,25.3468173652082,2,4,26.6160242960729,95.8176874658625,-0.0392623385832342,11.8068791554857,619.444342579564,0,0,0,1.225
911.372376167723,25.3562100463104,2,4,26.6156614172027,95.8163811019299,-0.038006097626454,11.8065572112529,620.431588169154,0,0,0,1.225
911.622370278088,25.3656028534099,2,4,26.6153101353749,95.8151164873497,-0.0367919564454618,11.8062455600365,621.385721340643,0,0,0,1.225
911.872364388453,25.3749957824862,2,4,26.6149700628193,95.8138922261494,-0.0356183791280928,11.8059438574128,622.307951837406,0,0,0,1.225
912.122358498818,25.3843888296532,2,4,26.6146408258561,95.8127069730818,-0.0344838941518312,11.8056517714887,623.199438581851,0,0,0,1.225
912.372352609184,25.3937819911535,2,4,26.6143220643085,95.8115594315108,-0.0333870911216032,11.805368982379,624.061292256361,0,0,0,1.225
912.622346719549,25.4031752633547,2,4,26.6140134309458,95.8104483514049,-0.0323266177090281,11.8050951817094,624.894577724507,0,0,0,1.225
912.872340829914,25.4125686427442,2,4,26.6137145909526,95.8093725274294,-0.0313011767838042,11.8048300721447,625.700316299935,0,0,0,1.225
913.122334940279,25.4219621259253,2,4,26.6134252214258,95.808330797133,-0.0303095237131281,11.8045733669404,626.479487882088,0,0,0,1.225
913.372329050645,25.431355709613,2,4,26.6131450108948,95.8073220392213,-0.0293504638264188,11.8043247895153,627.233032960893,0,0,0,1.225
913.62232316101,25.4407493906301,2,4,26.6128736588651,95.8063451719143,-0.0284228500310204,11.8040840730452,627.961854501803,0,0,0,1.225
913.872317271375,25.4501431659034,2,4,26.6126108753835,95.8053991513807,-0.0275255805636518,11.8038509600764,628.666819723288,0,0,0,1.225
914.12231138174,25.4595370324599,2,4,26.6123563806241,95.8044829702466,-0.0266575968725976,11.8036252021557,629.348761770755,0,0,0,1.225
914.372305492106,25.4689309874237,2,4,26.6121099044923,95.8035956561725,-0.0258178816206386,11.8034065594797,630.008481294806,0,0,0,1.225
914.622299602471,25.4783250280123,2,4,26.6118711862489,95.8027362704961,-0.025005456800534,11.8031948005584,630.646747940356,0,0,0,1.225
914.872293712836,25.4877191515335,2,4,26.6116399741492,95.801903906937,-0.0242193819528249,11.8029897018956,631.264301754733,0,0,0,1.225
915.122287823202,25.4971133553823,2,4,26.6114160250997,95.8010976903588,-0.0234587524839112,11.8027910476822,631.861854516352,0,0,0,1.225
915.372281933567,25.5065076370379,2,4,26.6111991043298,95.8003167755873,-0.0227226980734893,11.8025986295047,632.440090992657,0,0,0,1.225
915.622276043932,25.5159019940607,2,4,26.6109889850779,95.7995603462803,-0.0220103811670288,11.8024122460656,632.999670130742,0,0,0,1.225
915.872270154297,25.5252964240898,2,4,26.6107854482907,95.7988276138466,-0.0213209955489691,11.802231702916,633.541226184071,0,0,0,1.225
916.122264264663,25.5346909248403,2,4,26.6105882823368,95.7981178164127,-0.0206537649904964,11.8020568122007,634.065369780168,0,0,0,1.225
916.372258375028,25.5440854941003,2,4,26.6103972827312,95.7974302178322,-0.0200079419666712,11.8018873924131,634.572688933436,0,0,0,1.225
916.622252485393,25.5534801297292,2,4,26.6102122518721,95.7967641067394,-0.0193828064381315,11.8017232681614,635.06375000689,0,0,0,1.225
916.872246595758,25.5628748296545,2,4,26.6100329987892,95.7961187956411,-0.0187776646962343,11.8015642699442,635.539098623685,0,0,0,1.225
917.122240706124,25.5722695918702,2,4,26.6098593389019,95.795493620047,-0.0181918482659524,11.8014102339358,635.999260532947,0,0,0,1.225
917.372234816489,25.5816644144341,2,4,26.6096910937878,95.7948879376362,-0.0176247128612947,11.8012610017802,636.444742434097,0,0,0,1.225
917.622228926854,25.5910592954659,2,4,26.6095280909606,95.7943011274581,-0.0170756373932514,11.8011164203937,636.8760327596,0,0,0,1.225
917.872223037219,25.6004542331452,2,4,26.6093701636571,95.7937325891654,-0.0165440230257167,11.8009763417754,637.293602419794,0,0,0,1.225
918.122217147585,25.6098492257093,2,4,26.609217150633,95.7931817422788,-0.0160292922762042,11.8008406228257,637.697905512303,0,0,0,1.225
918.37221125795,25.6192442714514,2,4,26.6090688959669,95.7926480254807,-0.0155308881590834,11.8007091251718,638.089379997832,0,0,0,1.225
918.622205368315,25.6286393687191,2,4,26.6089252488714,95.7921308959372,-0.0150482733724713,11.8005817150005,638.468448341424,0,0,0,1.225
918.87219947868,25.6380345159119,2,4,26.6087860635131,95.7916298286473,-0.01458092951514,11.8004582628969,638.835518130077,0,0,0,1.225
919.122193589046,25.6474297114801,2,4,26.6086511988382,95.7911443158174,-0.0141283563504902,11.8003386436905,639.190982653049,0,0,0,1.225
919.372187699411,25.6568249539229,2,4,26.6085205184056,95.7906738662602,-0.0136900710928086,11.8002227363069,639.535221464669,0,0,0,1.225
919.622181809776,25.6662202417868,2,4,26.6083938902269,95.7902180048168,-0.0132656077364995,11.8001104236244,639.868600913095,0,0,0,1.225
919.872175920142,25.6756155736641,2,4,26.6082711866116,95.7897762718018,-0.0128545164057814,11.8000015923378,640.191474652995,0,0,0,1.225
920.122170030507,25.6850109481915,2,4,26.6081522840191,95.7893482224688,-0.0124563627416722,11.7998961328259,640.504184128687,0,0,0,1.225
920.372164140872,25.6944063640486,2,4,26.6080370629157,95.7889334264964,-0.0120707273089857,11.7997939390249,640.807059041559,0,0,0,1.225
920.622158251237,25.7038018199562,2,4,26.6079254076373,95.7885314674944,-0.011697205035614,11.7996949083065,641.100417791907,0,0,0,1.225
920.872152361603,25.7131973146755,2,4,26.6078172062576,95.7881419425274,-0.0113354046711387,11.7995989413603,641.384567905577,0,0,0,1.225
921.122146471968,25.7225928470066,2,4,26.6077123504604,95.7877644616574,-0.0109849482702254,11.7995059420807,641.659806441019,0,0,0,1.225
921.372140582333,25.731988415787,2,4,26.6076107354173,95.7873986475024,-0.0106454707008027,11.7994158174583,641.926420376744,0,0,0,1.225
921.622134692698,25.7413840198906,2,4,26.60751225967,95.7870441348118,-0.0103166191683859,11.7993284774748,642.184686986089,0,0,0,1.225
921.872128803064,25.7507796582267,2,4,26.6074168250161,95.7867005700579,-0.00999805276472876,11.7992438350025,642.43487419273,0,0,0,1.225
922.122122913429,25.7601753297386,2,4,26.6073243364004,95.7863676110413,-0.00968944203057444,11.7991618057067,642.677240915123,0,0,0,1.225
922.372117023794,25.7695710334025,2,4,26.6072347018087,95.7860449265113,-0.00939046854341673,11.7990823079522,642.912037391133,0,0,0,1.225
922.622111134159,25.7789667682267,2,4,26.6071478321667,95.7857321958003,-0.0091008245143573,11.7990052627129,643.139505495564,0,0,0,1.225
922.872105244525,25.7883625332503,2,4,26.6070636412418,95.7854291084707,-0.0088202124065636,11.7989305934849,643.359879040604,0,0,0,1.225
923.12209935489,25.7977583275426,2,4,26.6069820455486,95.7851353639749,-0.00854834456805179,11.7988582262024,643.573384064967,0,0,0,1.225
923.372093465255,25.8071541502015,2,4,26.6069029642577,95.7848506713277,-0.00828494287743011,11.7987880891571,643.78023911284,0,0,0,1.225
923.622087575621,25.8165500003532,2,4,26.6068263191082,95.7845747487897,-0.00802973840783275,11.7987201129199,643.980655498441,0,0,0,1.225
923.872081685986,25.8259458771512,2,4,26.6067520343228,95.7843073235623,-0.00778247109858451,11.7986542302657,644.17483756453,0,0,0,1.225
924.122075796351,25.8353417797751,2,4,26.6066800365259,95.7840481314934,-0.00754288944551053,11.7985903761011,644.362982926166,0,0,0,1.225
924.372069906716,25.8447377074299,2,4,26.6066102546649,95.7837969167936,-0.00731075019806745,11.798528487394,644.54528270914,0,0,0,1.225
924.622064017082,25.8541336593457,2,4,26.606542619934,95.7835534317622,-0.00708581807330056,11.798468503106,644.72192177508,0,0,0,1.225
924.872058127447,25.863529634776,2,4,26.6064770657007,95.7833174365225,-0.00686786547707715,11.7984103641276,644.893078940873,0,0,0,1.225
925.122052237812,25.8729256329979,2,4,26.6064135274351,95.7830886987664,-0.00665667223805299,11.7983540132147,645.058927188018,0,0,0,1.225
925.372046348177,25.8823216533105,2,4,26.6063519426413,95.7828669935085,-0.00645202535027931,11.7982993949282,645.219633865192,0,0,0,1.225
925.622040458543,25.8917176950349,2,4,26.606292250791,95.7826521028478,-0.00625371872740602,11.7982464555751,645.37536088165,0,0,0,1.225
925.872034568908,25.9011137575131,2,4,26.6062343932604,95.7824438157375,-0.00606155296438854,11.7981951431519,645.526264894737,0,0,0,1.225
926.122028679273,25.9105098401076,2,4,26.6061783132677,95.7822419277638,-0.00587533511033611,11.79814540729,645.672497488591,0,0,0,1.225
926.372022789638,25.9199059422004,2,4,26.6061239558143,95.7820462409313,-0.00569487844681722,11.7980971992026,645.814205348587,0,0,0,1.225
926.622016900004,25.9293020631928,2,4,26.6060712676266,95.7818565634556,-0.00552000227685192,11.7980504716337,645.951530427328,0,0,0,1.225
926.872011010369,25.9386982025045,2,4,26.606020197101,95.7816727095637,-0.0053505317218623,11.7980051788091,646.084610104363,0,0,0,1.225
927.122005120734,25.9480943595732,2,4,26.6059706942501,95.7814944993003,-0.0051862975231706,11.7979612763882,646.213577342365,0,0,0,1.225
927.371999231099,25.957490533854,2,4,26.6059227106504,95.7813217583415,-0.00502713585463892,11.7979187214184,646.338560834478,0,0,0,1.225
927.621993341465,25.9668867248187,2,4,26.6058761993927,95.7811543178138,-0.00487288813894691,11.7978774722902,646.45968514884,0,0,0,1.225
927.87198745183,25.9762829319556,2,4,26.6058311150334,95.7809920141202,-0.00472340087341949,11.7978374886946,646.577070865556,0,0,0,1.225
928.121981562195,25.9856791547684,2,4,26.6057874135475,95.7808346887708,-0.00457852545812824,11.7977987315813,646.690834711919,0,0,0,1.225
928.371975672561,25.9950753927766,2,4,26.6057450522836,95.7806821882208,-0.00443811803513449,11.7977611631185,646.801089688801,0,0,0,1.225
928.621969782926,26.0044716455142,2,4,26.60570398992,95.7805343637121,-0.00430203933023344,11.7977247466541,646.907945195121,0,0,0,1.225
928.871963893291,26.0138679125297,2,4,26.6056641864225,95.7803910711212,-0.00417015449901862,11.7976894466781,647.011507148917,0,0,0,1.225
929.121958003656,26.0232641933853,2,4,26.6056256030033,95.7802521708119,-0.00404233298386046,11.7976552287864,647.111878099763,0,0,0,1.225
929.371952114022,26.0326604876569,2,4,26.6055882020814,95.780117527493,-0.00391844836997534,11.7976220596455,647.209157341981,0,0,0,1.225
929.621946224387,26.0420567949335,2,4,26.6055519472445,95.7799870100803,-0.00379837824990771,11.7975899069588,647.303441021177,0,0,0,1.225
929.871940334752,26.0514531148166,2,4,26.605516803212,95.7798604915634,-0.00368200409278712,11.7975587394333,647.394822237031,0,0,0,1.225
930.121934445117,26.06084944692,2,4,26.6054827357991,95.7797378488767,-0.0035692111160865,11.7975285267484,647.483391144135,0,0,0,1.225
930.371928555483,26.0702457908693,2,4,26.605449711882,95.7796189627752,-0.00345988816351956,11.7974992395247,647.569235047983,0,0,0,1.225
930.621922665848,26.0796421463018,2,4,26.6054176993648,95.7795037177134,-0.00335392758657634,11.7974708492946,647.652438498103,0,0,0,1.225
930.871916776213,26.0890385128659,2,4,26.6053866671469,95.7793920017288,-0.00325122513083371,11.7974433284733,647.733083377424,0,0,0,1.225
931.121910886578,26.0984348902207,2,4,26.6053565850915,95.7792837063293,-0.00315167982567651,11.7974166503312,647.811248988964,0,0,0,1.225
931.371904996944,26.1078312780359,2,4,26.6053274239954,95.7791787263833,-0.00305519387629252,11.7973907889667,647.887012140754,0,0,0,1.225
931.621899107309,26.1172276759912,2,4,26.6052991555597,95.779076960015,-0.00296167256362569,11.7973657192805,647.960447224435,0,0,0,1.225
931.871893217674,26.1266240837764,2,4,26.6052717523615,95.7789783085013,-0.00287102414228296,11.7973414169501,648.031626295545,0,0,0,1.225
932.12188732804,26.1360205010905,2,4,26.6052451878259,95.7788826761732,-0.00278315974548981,11.7973178584055,648.100619148214,0,0,0,1.225
932.371881438405,26.145416927642,2,4,26.6052194362,95.77878997032,-0.00269799329345651,11.7972950208059,648.167493387161,0,0,0,1.225
932.62187554877,26.1548133631482,2,4,26.6051944725269,95.7787001010968,-0.00261544140242654,11.7972728820162,648.232314499205,0,0,0,1.225
932.871869659135,26.1642098073352,2,4,26.6051702726206,95.7786129814343,-0.00253542329759036,11.7972514205856,648.295145921709,0,0,0,1.225
933.121863769501,26.1736062599374,2,4,26.6051468130424,95.7785285269525,-0.00245786073191115,11.7972306157256,648.356049106347,0,0,0,1.225
933.371857879866,26.1830027206974,2,4,26.6051240710768,95.7784466558764,-0.00238267790222194,11.7972104472898,648.415083585073,0,0,0,1.225
933.621851990231,26.1923991893656,2,4,26.6051020247096,95.7783672889545,-0.0023098013741905,11.7971908957534,648.472307029056,0,0,0,1.225
933.871846100596,26.2017956657002,2,4,26.6050806526057,95.7782903493805,-0.00223916000319145,11.7971719421942,648.527775310904,0,0,0,1.225
934.121840210962,26.2111921494669,2,4,26.6050599340879,95.7782157627164,-0.00217068486427353,11.7971535682735,648.581542559657,0,0,0,1.225
934.371834321327,26.2205886404382,2,4,26.6050398491165,95.7781434568193,-0.00210430918076258,11.7971357562179,648.633661216904,0,0,0,1.225
934.621828431692,26.2299851383939,2,4,26.6050203782693,95.7780733617695,-0.00203996825422878,11.7971184888021,648.684182091832,0,0,0,1.225
934.871822542057,26.2393816431205,2,4,26.6050015027226,95.7780054098015,-0.00197759940127531,11.7971017493312,648.733154410864,0,0,0,1.225
935.121816652423,26.248778154411,2,4,26.6049832042324,95.7779395352368,-0.00191714188668889,11.7970855216248,648.780625870218,0,0,0,1.225
935.371810762788,26.2581746720647,2,4,26.6049654651165,95.7778756744193,-0.00185853686500338,11.7970697900007,648.826642681784,0,0,0,1.225
935.621804873153,26.2675711958871,2,4,26.6049482682367,95.7778137656522,-0.00180172731774314,11.7970545392592,648.871249622469,0,0,0,1.225
935.871798983518,26.2769677256897,2,4,26.6049315969826,95.7777537491373,-0.00174665799703309,11.7970397546687,648.914490078486,0,0,0,1.225
936.121793093884,26.2863642612897,2,4,26.6049154352544,95.777695566916,-0.00169327536920865,11.7970254219507,648.956406089664,0,0,0,1.225
936.371787204249,26.2957608025099,2,4,26.6048997674479,95.7776391628124,-0.00164152756183646,11.7970115272658,648.997038391058,0,0,0,1.225
936.621781314614,26.3051573491786,2,4,26.6048845784382,95.7775844823776,-0.0015913643100529,11.7969980572003,649.036426455127,0,0,0,1.225
936.87177542498,26.3145539011293,2,4,26.6048698535658,95.777531472837,-0.00154273690631337,11.7969849987529,649.074608531204,0,0,0,1.225
937.121769535345,26.3239504582006,2,4,26.6048555786215,95.7774800830372,-0.00149559815218788,11.7969723393218,649.111621683361,0,0,0,1.225
937.37176364571,26.333347020236,2,4,26.6048417398326,95.7774302633973,-0.00144990230970197,11.7969600666923,649.147501828651,0,0,0,1.225
937.621757756075,26.3427435870839,2,4,26.6048283238497,95.7773819658589,-0.00140560505608829,11.7969481690252,649.182283772646,0,0,0,1.225
937.871751866441,26.3521401585973,2,4,26.6048153177333,95.7773351438397,-0.00136266344035718,11.7969366348449,649.21600124354,0,0,0,1.225
938.121745976806,26.3615367346336,2,4,26.6048027089411,95.777289752188,-0.00132103583827563,11.796925453028,649.248686927549,0,0,0,1.225
938.371740087171,26.3709333150546,2,4,26.6047904853161,95.777245747138,-0.00128068191234858,11.7969146127928,649.280372500323,0,0,0,1.225
938.621734197536,26.3803298997265,2,4,26.6047786350742,95.7772030862671,-0.00124156257134543,11.7969041036883,649.311088658743,0,0,0,1.225
938.871728307902,26.3897264885194,2,4,26.604767146793,95.7771617284548,-0.00120363993050875,11.7968939155846,649.340865152194,0,0,0,1.225
939.121722418267,26.3991230813073,2,4,26.6047560094006,95.7771216338421,-0.00116687727494621,11.7968840386623,649.369730811301,0,0,0,1.225
939.371716528632,26.4085196779684,2,4,26.6047452121646,95.7770827637927,-0.0011312390227952,11.7968744634033,649.39771357687,0,0,0,1.225
939.621710638997,26.4179162783844,2,4,26.604734744682,95.7770450808553,-0.00109669068906958,11.7968651805815,649.4248405283,0,0,0,1.225
939.871704749363,26.4273128824404,2,4,26.6047245968686,95.7770085487271,-0.00106319885200754,11.7968561812538,649.451137910008,0,0,0,1.225
940.121698859728,26.4367094900255,2,4,26.6047147589495,95.7769731322182,-0.00103073112123858,11.7968474567511,649.476631156413,0,0,0,1.225
940.371692970093,26.4461061010317,2,4,26.6047052214494,95.7769387972177,-0.000999256103449224,11.7968389986703,649.501344918938,0,0,0,1.225
940.621687080459,26.4555027153548,2,4,26.6046959751834,95.7769055106601,-0.0009687433719143,11.7968307988656,649.525303089936,0,0,0,1.225
940.871681190824,26.4648993328933,2,4,26.6046870112481,95.776873240493,-0.00093916343852926,11.7968228494412,649.548528824622,0,0,0,1.225
941.121675301189,26.4742959535491,2,4,26.6046783210129,95.7768419556465,-0.000910487721749762,11.7968151427429,649.571044566304,0,0,0,1.225
941.371669411554,26.483692577227,2,4,26.6046698961118,95.7768116260024,-0.00088268851953356,11.7968076713513,649.592872067612,0,0,0,1.225
941.62166352192,26.4930892038348,2,4,26.6046617284347,95.776782222365,-0.000855738982964535,11.796800428074,649.614032411207,0,0,0,1.225
941.871657632285,26.502485833283,2,4,26.6046538101203,95.776753716433,-0.000829613088739836,11.7967934059391,649.634546031402,0,0,0,1.225
942.12165174265,26.5118824654848,2,4,26.6046461335477,95.7767260807717,-0.000804285613703425,11.7967865981882,649.654432734164,0,0,0,1.225
942.371645853015,26.5212791003563,2,4,26.6046386913296,95.7766992887866,-0.000779732110743902,11.7967799982699,649.673711716032,0,0,0,1.225
942.621639963381,26.5306757378159,2,4,26.6046314763048,95.7766733146973,-0.000755928882645914,11.7967735998332,649.692401584686,0,0,0,1.225
942.871634073746,26.5400723777847,2,4,26.6046244815313,95.7766481335128,-0.00073285296230818,11.7967673967216,649.710520374432,0,0,0,1.225
943.121628184111,26.5494690201859,2,4,26.6046177002797,95.7766237210068,-0.000710482087049661,11.7967613829672,649.72808556643,0,0,0,1.225
943.371622294476,26.5588656649455,2,4,26.6046111260263,95.7766000536948,-0.000688794678600205,11.7967555527847,649.745114104379,0,0,0,1.225
943.621616404842,26.5682623119913,2,4,26.6046047524474,95.7765771088108,-0.000667769820590023,11.7967499005658,649.761622412219,0,0,0,1.225
943.871610515207,26.5776589612536,2,4,26.6045985734126,95.7765548642855,-0.000647387240131987,11.7967444208738,649.777626408564,0,0,0,1.225
944.121604625572,26.5870556126648,2,4,26.6045925829791,95.7765332987249,-0.000627627284856346,11.7967391084385,649.793141524785,0,0,0,1.225
944.371598735937,26.5964522661592,2,4,26.6045867753859,95.7765123913894,-0.000608470907221576,11.7967339581507,649.808182717278,0,0,0,1.225
944.621592846303,26.6058489216733,2,4,26.6045811450483,95.7764921221739,-0.000589899643368129,11.7967289650577,649.82276448411,0,0,0,1.225
944.871586956668,26.6152455791454,2,4,26.6045756865524,95.7764724715885,-0.000571895595837626,11.7967241243582,649.836900878577,0,0,0,1.225
945.121581067033,26.6246422385158,2,4,26.6045703946497,95.7764534207391,-0.000554441416519429,11.7967194313979,649.850605522594,0,0,0,1.225
945.371575177399,26.6340388997266,2,4,26.6045652642526,95.7764349513095,-0.000537520289142455,11.7967148816646,649.86389162045,0,0,0,1.225
945.621569287764,26.6434355627215,2,4,26.6045602904288,95.7764170455438,-0.000521115912449132,11.7967104707844,649.87677197203,0,0,0,1.225
945.871563398129,26.6528322274462,2,4,26.6045554683969,95.7763996862289,-0.000505212486780031,11.7967061945168,649.889258983315,0,0,0,1.225
946.121557508494,26.6622288938478,2,4,26.6045507935216,95.7763828566779,-0.000489794694291892,11.7967020487512,649.901364681977,0,0,0,1.225
946.37155161886,26.6716255618752,2,4,26.6045462613095,95.7763665407143,-0.00047484768849819,11.7966980295026,649.913100725535,0,0,0,1.225
946.621545729225,26.6810222314787,2,4,26.6045418674044,95.776350722656,-0.000460357077443082,11.7966941329079,649.924478414595,0,0,0,1.225
946.87153983959,26.6904189026103,2,4,26.6045376075834,95.7763353873002,-0.000446308909376536,11.796690355222,649.93550870411,0,0,0,1.225
947.121533949955,26.6998155752233,2,4,26.6045334777525,95.7763205199089,-0.000432689661157993,11.7966866928142,649.946202212457,0,0,0,1.225
947.371528060321,26.7092122492725,2,4,26.604529473943,95.7763061061947,-0.000419486222567215,11.796683142165,649.956569233793,0,0,0,1.225
947.621522170686,26.7186089247141,2,4,26.6045255923074,95.7762921323067,-0.000406685886299613,11.7966796998623,649.966619745871,0,0,0,1.225
947.871516281051,26.7280056015057,2,4,26.6045218291159,95.7762785848171,-0.000394276332731843,11.7966763625984,649.97636342205,0,0,0,1.225
948.121510391416,26.7374022796059,2,4,26.6045181807524,95.7762654507088,-0.000382245620826654,11.7966731271665,649.98580963839,0,0,0,1.225
948.371504501782,26.746798958975,2,4,26.6045146437117,95.7762527173623,-0.000370582174490139,11.7966699904579,649.994967484398,0,0,0,1.225
948.621498612147,26.7561956395741,2,4,26.6045112145954,95.7762403725436,-0.000359274771657545,11.7966669494589,650.003845771596,0,0,0,1.225
948.871492722512,26.7655923213657,2,4,26.6045078901091,95.7762284043926,-0.000348312534288593,11.7966640012479,650.012453041361,0,0,0,1.225
949.121486832878,26.7749890043135,2,4,26.6045046670588,95.7762168014116,-0.00033768491722591,11.7966611429925,650.020797573683,0,0,0,1.225
949.371480943243,26.7843856883822,2,4,26.6045015423484,95.7762055524541,-0.000327381697735589,11.7966583719469,650.028887395386,0,0,0,1.225
949.621475053608,26.7937823735375,2,4,26.6044985129761,95.7761946467139,-0.000317392966412029,11.7966556854491,650.036730287253,0,0,0,1.225
949.871469163973,26.8031790597464,2,4,26.604495576032,95.7761840737153,-0.000307709116036362,11.7966530809185,650.044333792802,0,0,0,1.225
950.121463274339,26.8125757469767,2,4,26.6044927286951,95.7761738233023,-0.000298320834300328,11.7966505558532,650.051705223966,0,0,0,1.225
950.371457384704,26.8219724351971,2,4,26.6044899682303,95.7761638856292,-0.000289219093119454,11.7966481078278,650.058851669512,0,0,0,1.225
950.621451495069,26.8313691243776,2,4,26.6044872919864,95.776154251151,-0.000280395141584307,11.7966457344911,650.065780000553,0,0,0,1.225
950.871445605434,26.8407658144888,2,4,26.6044846973928,95.7761449106141,-0.000271840494591546,11.7966434335635,650.072496879513,0,0,0,1.225
951.1214397158,26.8501625055023,2,4,26.6044821819577,95.7761358550478,-0.000263546928296335,11.7966412028351,650.079008763648,0,0,0,1.225
951.371433826165,26.8595591973906,2,4,26.6044797432653,95.776127075755,-0.000255506469652911,11.7966390401636,650.085321913294,0,0,0,1.225
951.62142793653,26.868955890127,2,4,26.6044773789735,95.7761185643046,-0.000247711389365834,11.7966369434719,650.091442397394,0,0,0,1.225
951.871422046895,26.8783525836857,2,4,26.6044750868118,95.7761103125225,-0.000240154194159099,11.7966349107465,650.097376099573,0,0,0,1.225
952.121416157261,26.8877492780415,2,4,26.604472864579,95.7761023124845,-0.000232827620636903,11.7966329400354,650.10312872294,0,0,0,1.225
952.371410267626,26.8971459731701,2,4,26.6044707101412,95.7760945565083,-0.000225724626188482,11.796631029446,650.108705797261,0,0,0,1.225
952.621404377991,26.9065426690479,2,4,26.6044686214295,95.7760870371462,-0.000218838385350049,11.7966291771438,650.11411268177,0,0,0,1.225
952.871398488356,26.9159393656522,2,4,26.6044665964382,95.7760797471777,-0.000212162279800116,11.79662738135,650.119354573077,0,0,0,1.225
953.121392598722,26.9253360629607,2,4,26.604464633223,95.776072679603,-0.000205689893584531,11.7966256403403,650.12443650889,0,0,0,1.225
953.371386709087,26.9347327609519,2,4,26.6044627298988,95.7760658276358,-0.000199415007659386,11.7966239524429,650.12936337229,0,0,0,1.225
953.621380819452,26.9441294596051,2,4,26.6044608846381,95.7760591846972,-0.000193331592614885,11.7966223160373,650.134139897466,0,0,0,1.225
953.871374929818,26.9535261589,2,4,26.6044590956692,95.776052744409,-0.000187433802081353,11.7966207295522,650.138770674901,0,0,0,1.225
954.121369040183,26.962922858817,2,4,26.6044573612743,95.7760465005876,-0.000181715970910204,11.7966191914644,650.143260152747,0,0,0,1.225
954.371363150548,26.9723195593372,2,4,26.6044556797885,95.7760404472384,-0.000176172604941884,11.7966177002971,650.147612644926,0,0,0,1.225
954.621357260913,26.9817162604422,2,4,26.6044540495971,95.7760345785497,-0.000170798378504701,11.7966162546188,650.151832333056,0,0,0,1.225
954.871351371279,26.9911129621141,2,4,26.6044524691353,95.7760288888872,-0.000165588128502973,11.7966148530413,650.155923271102,0,0,0,1.225
955.121345481644,27.0005096643357,2,4,26.6044509368857,95.7760233727884,-0.000160536849869443,11.7966134942193,650.159889388942,0,0,0,1.225
955.371339592009,27.0099063670901,2,4,26.6044494513772,95.7760180249578,-0.000155639690790323,11.7966121768481,650.163734496117,0,0,0,1.225
955.621333702374,27.0193030703612,2,4,26.6044480111838,95.7760128402615,-0.000150891946566058,11.796610899663,650.16746228667,0,0,0,1.225
955.87132781274,27.0286997741331,2,4,26.6044466149228,95.7760078137222,-0.00014628905688278,11.796609661438,650.171076341263,0,0,0,1.225
956.121321923105,27.0380964783905,2,4,26.604445261254,95.7760029405145,-0.000141826601037346,11.7966084609844,650.174580130933,0,0,0,1.225
956.37131603347,27.0474931831188,2,4,26.6044439488778,95.7759982159603,-0.000137500292707619,11.7966072971497,650.177977021212,0,0,0,1.225
956.621310143835,27.0568898883035,2,4,26.6044426765345,95.7759936355243,-0.00013330597608703,11.7966061688168,650.181270275159,0,0,0,1.225
956.871304254201,27.0662865939306,2,4,26.6044414430027,95.7759891948096,-0.00012923962383816,11.7966050749026,650.184463054936,0,0,0,1.225
957.121298364566,27.0756832999867,2,4,26.6044402470982,95.7759848895535,-0.000125297330498754,11.796604014357,650.187558427029,0,0,0,1.225
957.371292474931,27.0850800064588,2,4,26.6044390876732,95.7759807156233,-0.000121475309525788,11.7966029861619,650.190559364552,0,0,0,1.225
957.621286585297,27.094476713334,2,4,26.6044379636146,95.7759766690127,-0.000117769891021683,11.7966019893303,650.193468749017,0,0,0,1.225
957.871280695662,27.1038734206002,2,4,26.6044368738437,95.7759727458373,-0.000114177516731966,11.7966010229056,650.196289374284,0,0,0,1.225
958.121274806027,27.1132701282454,2,4,26.6044358173143,95.7759689423314,-0.000110694736179823,11.7966000859599,650.199023949597,0,0,0,1.225
958.371268916392,27.1226668362579,2,4,26.6044347930123,95.7759652548443,-0.000107318205983966,11.7965991775941,650.201675100086,0,0,0,1.225
958.621263026758,27.1320635446268,2,4,26.6044337999546,95.7759616798365,-0.000104044683719395,11.7965982969361,650.204245371627,0,0,0,1.225
958.871257137123,27.1414602533409,2,4,26.604432837188,95.7759582138767,-0.000100871025643612,11.7965974431408,650.20673723262,0,0,0,1.225
959.121251247488,27.1508569623899,2,4,26.6044319037884,95.7759548536382,-9.77941851049649e-05,11.7965966153886,650.20915307521,0,0,0,1.225
959.371245357853,27.1602536717635,2,4,26.6044309988599,95.7759515958958,-9.48112073129313e-05,11.796595812885,650.211495219435,0,0,0,1.225
959.621239468219,27.1696503814519,2,4,26.6044301215341,95.7759484375227,-9.19192284286008e-05,11.7965950348598,650.213765913906,0,0,0,1.225
959.871233578584,27.1790470914453,2,4,26.6044292709688,95.7759453754877,-8.91154721539907e-05,11.7965942805664,650.215967338497,0,0,0,1.225
960.121227688949,27.1884438017345,2,4,26.6044284463477,95.7759424068518,-8.63972458666021e-05,11.7965935492806,650.218101607399,0,0,0,1.225
960.371221799314,27.1978405123105,2,4,26.6044276468794,95.7759395287659,-8.37619403920411e-05,11.7965928403007,650.220170769262,0,0,0,1.225
960.62121590968,27.2072372231646,2,4,26.6044268717966,95.7759367384676,-8.12070252290587e-05,11.7965921529462,650.222176810975,0,0,0,1.225
960.871210020045,27.2166339342882,2,4,26.6044261203553,95.7759340332792,-7.87300480947931e-05,11.7965914865574,650.224121658002,0,0,0,1.225
961.12120413041,27.2260306456731,2,4,26.6044253918345,95.7759314106042,-7.63286310593258e-05,11.7965908404948,650.226007177429,0,0,0,1.225
961.371198240775,27.2354273573114,2,4,26.6044246855349,95.7759288679257,-7.40004682718918e-05,11.7965902141383,650.227835179757,0,0,0,1.225
961.621192351141,27.2448240691953,2,4,26.6044240007787,95.7759264028033,-7.1743324823984e-05,11.7965896068868,650.229607419777,0,0,0,1.225
961.871186461506,27.2542207813174,2,4,26.6044233369087,95.7759240128713,-6.95550344755629e-05,11.7965890181575,650.231325598353,0,0,0,1.225
962.121180571871,27.2636174936703,2,4,26.6044226932878,95.775921695836,-6.74334960169923e-05,11.7965884473854,650.232991365308,0,0,0,1.225
962.371174682237,27.2730142062471,2,4,26.6044220692983,95.7759194494738,-6.53766730416603e-05,11.7965878940228,650.234606319571,0,0,0,1.225
962.621168792602,27.2824109190408,2,4,26.6044214643414,95.775917271629,-6.33825907626725e-05,11.7965873575385,650.236172011698,0,0,0,1.225
962.871162902967,27.291807632045,2,4,26.6044208778365,95.7759151602113,-6.14493360128522e-05,11.7965868374177,650.23768994384,0,0,0,1.225
963.121157013332,27.3012043452531,2,4,26.6044203092207,95.7759131131947,-5.9575052015023e-05,11.7965863331613,650.239161573904,0,0,0,1.225
963.371151123698,27.310601058659,2,4,26.6044197579485,95.7759111286146,-5.77579406557983e-05,11.7965858442853,650.240588313705,0,0,0,1.225
963.621145234063,27.3199977722566,2,4,26.6044192234907,95.7759092045665,-5.59962565737274e-05,11.7965853703207,650.241971533669,0,0,0,1.225
963.871139344428,27.3293944860401,2,4,26.6044187053344,95.775907339204,-5.42883101152223e-05,11.7965849108125,650.243312560446,0,0,0,1.225
964.121133454793,27.3387912000037,2,4,26.6044182029825,95.7759055307369,-5.2632460740566e-05,11.7965844653198,650.24461268216,0,0,0,1.225
964.371127565159,27.3481879141421,2,4,26.6044177159528,95.7759037774299,-5.10271199798397e-05,11.796584033415,650.245873146019,0,0,0,1.225
964.621121675524,27.3575846284499,2,4,26.6044172437779,95.7759020776004,-4.94707466579635e-05,11.7965836146838,650.247095162117,0,0,0,1.225
964.871115785889,27.3669813429218,2,4,26.6044167860048,95.7759004296171,-4.7961846894696e-05,11.7965832087242,650.248279903406,0,0,0,1.225
965.121109896254,27.376378057553,2,4,26.6044163421941,95.7758988318987,-4.64989722856025e-05,11.7965828151467,650.249428507135,0,0,0,1.225
965.37110400662,27.3857747723385,2,4,26.60441591192,95.7758972829119,-4.50807192199173e-05,11.7965824335737,650.250542075372,0,0,0,1.225
965.621098116985,27.3951714872736,2,4,26.6044154947695,95.7758957811702,-4.3705725924617e-05,11.7965820636389,650.251621677352,0,0,0,1.225
965.87109222735,27.4045682023539,2,4,26.6044150903424,95.7758943252327,-4.23726733739358e-05,11.7965817049873,650.252668348726,0,0,0,1.225
966.121086337715,27.4139649175747,2,4,26.6044146982506,95.7758929137021,-4.10802816513017e-05,11.7965813572749,650.253683094455,0,0,0,1.225
966.371080448081,27.423361632932,2,4,26.6044143181178,95.775891545224,-3.98273108588525e-05,11.7965810201678,650.254666888065,0,0,0,1.225
966.621074558446,27.4327583484214,2,4,26.6044139495792,95.7758902184851,-3.86125579341289e-05,11.7965806933427,650.255620674171,0,0,0,1.225
966.871068668811,27.442155064039,2,4,26.6044135922812,95.7758889322125,-3.74348573322121e-05,11.796580376486,650.256545367924,0,0,0,1.225
967.121062779177,27.4515517797808,2,4,26.604413245881,95.7758876851716,-3.62930787519331e-05,11.7965800692935,650.257441856802,0,0,0,1.225
967.371056889542,27.4609484956431,2,4,26.6044129100461,95.775886476166,-3.51861264537361e-05,11.7965797714705,650.258311001147,0,0,0,1.225
967.621050999907,27.4703452116223,2,4,26.6044125844543,95.7758853040355,-3.41129381227828e-05,11.7965794827312,650.259153635058,0,0,0,1.225
967.871045110272,27.4797419277146,2,4,26.6044122687931,95.7758841676553,-3.30724832772993e-05,11.7965792027985,650.259970567646,0,0,0,1.225
968.121039220638,27.4891386439167,2,4,26.6044119627597,95.775883065935,-3.20637644054717e-05,11.7965789314039,650.260762582114,0,0,0,1.225
968.371033331003,27.4985353602253,2,4,26.6044116660604,95.7758819978174,-3.10858124178648e-05,11.7965786682868,650.261530439378,0,0,0,1.225
968.621027441368,27.507932076637,2,4,26.6044113784105,95.7758809622776,-3.013768960335e-05,11.7965784131949,650.262274875688,0,0,0,1.225
968.871021551733,27.5173287931488,2,4,26.6044110995339,95.775879958322,-2.92184855362825e-05,11.7965781658834,650.262996605891,0,0,0,1.225
969.121015662099,27.5267255097576,2,4,26.6044108291631,95.775878984987,-2.83273186681547e-05,11.7965779261148,650.263696322145,0,0,0,1.225
969.371009772464,27.5361222264604,2,4,26.6044105670386,95.7758780413389,-2.74633329169105e-05,11.7965776936592,650.264374696632,0,0,0,1.225
969.621003882829,27.5455189432543,2,4,26.6044103129089,95.7758771264721,-2.66257001681147e-05,11.7965774682936,650.265032379549,0,0,0,1.225
969.870997993194,27.5549156601367,2,4,26.6044100665302,95.7758762395088,-2.58136154999934e-05,11.7965772498016,650.265670002912,0,0,0,1.225
970.12099210356,27.5643123771047,2,4,26.6044098276661,95.7758753795979,-2.50263005941197e-05,11.7965770379736,650.266288177819,0,0,0,1.225
970.370986213925,27.5737090941558,2,4,26.6044095960873,95.7758745459142,-2.42629994152115e-05,11.7965768326063,650.266887497893,0,0,0,1.225
970.62098032429,27.5831058112874,2,4,26.6044093715716,95.7758737376578,-2.35229795754063e-05,11.7965766335028,650.267468538181,0,0,0,1.225
970.870974434656,27.5925025284971,2,4,26.6044091539037,95.7758729540532,-2.28055307426076e-05,11.7965764404719,650.268031856418,0,0,0,1.225
971.120968545021,27.6018992457825,2,4,26.6044089428745,95.7758721943484,-2.21099648678641e-05,11.7965762533284,650.268577992833,0,0,0,1.225
971.370962655386,27.6112959631413,2,4,26.6044087382818,95.7758714578145,-2.14356141389583e-05,11.7965760718927,650.269107471777,0,0,0,1.225
971.620956765751,27.6206926805712,2,4,26.6044085399291,95.7758707437447,-2.07818314351647e-05,11.7965758959909,650.269620801349,0,0,0,1.225
971.870950876117,27.6300893980701,2,4,26.6044083476261,95.775870051454,-2.01479896451126e-05,11.796575725454,650.270118473934,0,0,0,1.225
972.120944986482,27.639486115636,2,4,26.6044081611883,95.775869380278,-1.95334805298909e-05,11.7965755601184,650.270600967103,0,0,0,1.225
972.370939096847,27.6488828332666,2,4,26.6044079804369,95.7758687295727,-1.89377140409112e-05,11.7965753998255,650.27106874415,0,0,0,1.225
972.620933207212,27.6582795509601,2,4,26.6044078051982,95.7758680987137,-1.83601187746658e-05,11.7965752444216,650.271522253719,0,0,0,1.225
972.870927317578,27.6676762687145,2,4,26.6044076353044,95.7758674870958,-1.78001403810741e-05,11.7965750937574,650.27196193107,0,0,0,1.225
973.120921427943,27.6770729865281,2,4,26.6044074705922,95.775866894132,-1.72572413361041e-05,11.7965749476884,650.272388198253,0,0,0,1.225
973.370915538308,27.6864697043989,2,4,26.6044073109037,95.7758663192534,-1.67309009417722e-05,11.7965748060745,650.272801464101,0,0,0,1.225
973.620909648673,27.6958664223252,2,4,26.6044071560857,95.7758657619084,-1.6220614189248e-05,11.7965746687797,650.27320212513,0,0,0,1.225
973.870903759039,27.7052631403054,2,4,26.6044070059895,95.7758652215623,-1.57258915314753e-05,11.7965745356724,650.273590565716,0,0,0,1.225
974.120897869404,27.7146598583378,2,4,26.6044068604712,95.7758646976965,-1.52462577462767e-05,11.7965744066248,650.273967158997,0,0,0,1.225
974.370891979769,27.7240565764208,2,4,26.6044067193912,95.7758641898084,-1.47812528458703e-05,11.7965742815131,650.274332266136,0,0,0,1.225
974.620886090134,27.7334532945529,2,4,26.6044065826141,95.7758636974107,-1.43304307125949e-05,11.7965741602173,650.27468623741,0,0,0,1.225
974.8708802005,27.7428500127325,2,4,26.6044064500086,95.7758632200309,-1.38933584167733e-05,11.796574042621,650.275029412748,0,0,0,1.225
975.120874310865,27.7522467309582,2,4,26.6044063214475,95.775862757211,-1.34696171262283e-05,11.7965739286113,650.275362120995,0,0,0,1.225
975.37086842123,27.7616434492287,2,4,26.6044061968075,95.7758623085069,-1.30588002872504e-05,11.7965738180788,650.275684681363,0,0,0,1.225
975.620862531596,27.7710401675425,2,4,26.6044060759689,95.775861873488,-1.26605129424607e-05,11.7965737109175,650.275997403974,0,0,0,1.225
975.870856641961,27.7804368858983,2,4,26.6044059588158,95.775861451737,-1.22743735498432e-05,11.7965736070246,650.276300588391,0,0,0,1.225
976.120850752326,27.7898336042949,2,4,26.6044058452359,95.7758610428492,-1.19000112541965e-05,11.7965735063004,650.276594525805,0,0,0,1.225
976.370844862691,27.799230322731,2,4,26.6044057351201,95.7758606464323,-1.15370672514078e-05,11.7965734086482,650.276879497929,0,0,0,1.225
976.620838973057,27.8086270412053,2,4,26.6044056283627,95.7758602621059,-1.11851925146628e-05,11.7965733139743,650.277155778823,0,0,0,1.225
976.870833083422,27.8180237597168,2,4,26.6044055248614,95.7758598895012,-1.08440505229938e-05,11.796573222188,650.277423632694,0,0,0,1.225
977.120827193787,27.8274204782643,2,4,26.6044054245169,95.7758595282608,-1.05133129410785e-05,11.7965731332011,650.277683317355,0,0,0,1.225
977.370821304152,27.8368171968467,2,4,26.6044053272328,95.775859178038,-1.0192662802546e-05,11.7965730469282,650.277935081674,0,0,0,1.225
977.620815414518,27.8462139154629,2,4,26.6044052329158,95.7758588384967,-9.88179246356571e-06,11.7965729632866,650.278179167203,0,0,0,1.225
977.870809524883,27.8556106341119,2,4,26.6044051414754,95.7758585093113,-9.58040383022657e-06,11.796572882196,650.278415807991,0,0,0,1.225
978.120803635248,27.8650073527927,2,4,26.6044050528239,95.7758581901659,-9.28820722164157e-06,11.7965728035787,650.278645231496,0,0,0,1.225
978.370797745613,27.8744040715044,2,4,26.6044049668762,95.7758578807542,-9.00492227946406e-06,11.7965727273591,650.278867657846,0,0,0,1.225
978.620791855979,27.8838007902459,2,4,26.6044048835498,95.7758575807793,-8.73027774050867e-06,11.7965726534642,650.279083300019,0,0,0,1.225
978.870785966344,27.8931975090165,2,4,26.6044048027649,95.7758572899535,-8.46401007247713e-06,11.796572581823,650.279292364934,0,0,0,1.225
979.120780076709,27.9025942278151,2,4,26.6044047244438,95.7758570079978,-8.20586301920018e-06,11.7965725123668,650.279495053805,0,0,0,1.225
979.370774187075,27.9119909466409,2,4,26.6044046485115,95.7758567346414,-7.95558964704891e-06,11.796572445029,650.279691560507,0,0,0,1.225
979.62076829744,27.9213876654932,2,4,26.6044045748951,95.7758564696223,-7.71294938900728e-06,11.796572379745,650.27988207393,0,0,0,1.225
979.870762407805,27.930784384371,2,4,26.6044045035239,95.7758562126861,-7.47770940894637e-06,11.796572316452,650.280066776892,0,0,0,1.225
980.12075651817,27.9401811032737,2,4,26.6044044343295,95.7758559635862,-7.24964460162433e-06,11.7965722550895,650.280245846129,0,0,0,1.225
980.370750628536,27.9495778222005,2,4,26.6044043672455,95.7758557220837,-7.02853509151706e-06,11.7965721955985,650.280419454294,0,0,0,1.225
980.620744738901,27.9589745411505,2,4,26.6044043022075,95.7758554879469,-6.81416987088273e-06,11.7965721379219,650.280587767049,0,0,0,1.225
980.870738849266,27.9683712601232,2,4,26.6044042391531,95.7758552609511,-6.60634247956012e-06,11.7965720820044,650.280750946511,0,0,0,1.225
981.120732959631,27.9777679791179,2,4,26.6044041780218,95.7758550408785,-6.40485373351706e-06,11.7965720277924,650.280909149069,0,0,0,1.225
981.370727069997,27.9871646981337,2,4,26.604404118755,95.775854827518,-6.20951036057622e-06,11.7965719752338,650.281062526474,0,0,0,1.225
981.620721180362,27.9965614171702,2,4,26.6044040612958,95.7758546206648,-6.02012454565703e-06,11.7965719242782,650.281211226198,0,0,0,1.225
981.870715290727,28.0059581362267,2,4,26.604404005589,95.7758544201204,-5.83651529504989e-06,11.7965718748767,650.281355390341,0,0,0,1.225
982.120709401092,28.0153548553026,2,4,26.6044039515813,95.7758542256926,-5.65850593524681e-06,11.7965718269819,650.281495157628,0,0,0,1.225
982.370703511458,28.0247515743972,2,4,26.6044038992207,95.7758540371946,-5.48592547721562e-06,11.7965717805478,650.281630662318,0,0,0,1.225
982.620697621823,28.03414829351,2,4,26.6044038484571,95.7758538544457,-5.31860884377894e-06,11.79657173553,650.281762034017,0,0,0,1.225
982.870691732188,28.0435450126405,2,4,26.6044037992418,95.7758536772705,-5.15639573271913e-06,11.7965716918852,650.281889398585,0,0,0,1.225
983.120685842553,28.0529417317881,2,4,26.6044037515275,95.775853505499,-4.99912925250398e-06,11.7965716495715,650.282012879227,0,0,0,1.225
983.370679952919,28.0623384509524,2,4,26.6044037052684,95.7758533389664,-4.84665956035129e-06,11.7965716085483,650.282132593579,0,0,0,1.225
983.620674063284,28.0717351701326,2,4,26.6044036604202,95.7758531775129,-4.6988404515434e-06,11.7965715687764,650.282248656436,0,0,0,1.225
983.870668173649,28.0811318893285,2,4,26.6044036169399,95.7758530209836,-4.55552935942713e-06,11.7965715302174,650.282361179747,0,0,0,1.225
984.120662284015,28.0905286085396,2,4,26.6044035747856,95.7758528692283,-4.41658917444609e-06,11.7965714928345,650.28247027116,0,0,0,1.225
984.37065639438,28.0999253277652,2,4,26.6044035339171,95.7758527221015,-4.28188665248744e-06,11.7965714565917,650.282576035293,0,0,0,1.225
984.620650504745,28.1093220470051,2,4,26.604403494295,95.7758525794619,-4.15129286963994e-06,11.7965714214542,650.282678573369,0,0,0,1.225
984.87064461511,28.1187187662588,2,4,26.6044034558813,95.7758524411727,-4.02468163054074e-06,11.7965713873885,650.282777984485,0,0,0,1.225
985.120638725476,28.1281154855258,2,4,26.6044034186392,95.7758523071012,-3.90193196954473e-06,11.7965713543617,650.282874363613,0,0,0,1.225
985.370632835841,28.1375122048058,2,4,26.604403382533,95.7758521771188,-3.78292610431325e-06,11.7965713223422,650.282967803231,0,0,0,1.225
985.620626946206,28.1469089240983,2,4,26.604403347528,95.7758520511007,-3.66754989057216e-06,11.7965712912993,650.283058392961,0,0,0,1.225
985.870621056571,28.156305643403,2,4,26.6044033135906,95.7758519289261,-3.55569282211182e-06,11.7965712612032,650.283146219567,0,0,0,1.225
986.120615166937,28.1657023627195,2,4,26.6044032806883,95.7758518104777,-3.44724689389197e-06,11.7965712320249,650.283231367859,0,0,0,1.225
986.370609277302,28.1750990820475,2,4,26.6044032487894,95.7758516956419,-3.34210887583199e-06,11.7965712037366,650.28331391888,0,0,0,1.225
986.620603387667,28.1844958013865,2,4,26.6044032178635,95.7758515843085,-3.24017735688355e-06,11.7965711763111,650.283393952262,0,0,0,1.225
986.870597498032,28.1938925207363,2,4,26.6044031878807,95.7758514763707,-3.14135479144185e-06,11.796571149722,650.283471544591,0,0,0,1.225
987.120591608398,28.2032892400966,2,4,26.6044031588124,95.7758513717248,-3.04554613507144e-06,11.7965711239438,650.283546770496,0,0,0,1.225
987.370585718763,28.2126859594669,2,4,26.6044031306307,95.7758512702706,-2.9526592992643e-06,11.7965710989519,650.283619702284,0,0,0,1.225
987.620579829128,28.222082678847,2,4,26.6044031033085,95.7758511719107,-2.86260560619788e-06,11.7965710747222,650.283690409576,0,0,0,1.225
987.870573939494,28.2314793982367,2,4,26.6044030768196,95.7758510765506,-2.77529865183998e-06,11.7965710512315,650.283758960214,0,0,0,1.225
988.120568049859,28.2408761176355,2,4,26.6044030511386,95.775850984099,-2.69065430594868e-06,11.7965710284572,650.283825420259,0,0,0,1.225
988.370562160224,28.2502728370433,2,4,26.6044030262408,95.775850894467,-2.60859162158853e-06,11.7965710063775,650.283889853265,0,0,0,1.225
988.620559215407,28.2596672939156,2,5,26.6312927586367,95.872653931092,5.72597706277293,0,5232.38281170236,0,0,0,1.225
988.870559215407,28.2690452912794,2,5,26.6849977569912,96.0659919251684,5.72742811487865,0,5236.17435738868,0,0,0,1.225
989.120559215407,28.2784044504082,2,5,26.73860845496,96.2589904378559,5.72887915324372,0,5239.96655865639,0,0,0,1.225
989.370559215407,28.2877448796433,2,5,26.7921254184965,96.4516515065874,5.73033017791204,0,5243.75941553429,0,0,0,1.225
989.620559215407,28.297066686284,2,5,26.845549208056,96.6439771490016,5.73178118892815,0,5247.55292805175,0,0,0,1.225
989.870559215407,28.3063699766015,2,5,26.8988803786695,96.8359693632103,5.73323218633618,0,5251.34709623781,0,0,0,1.225
990.120559215407,28.3156548558532,2,5,26.9521194800168,97.0276301280605,5.7346831701791,0,5255.14192012059,0,0,0,1.225
990.370559215407,28.3249214282957,2,5,27.0052670564979,97.2189614033925,5.73613414050124,0,5258.93739972935,0,0,0,1.225
990.620559215407,28.3341697971983,2,5,27.0583236473037,97.4099651302932,5.73758509734625,0,5262.73353509281,0,0,0,1.225
990.870559215407,28.3434000648559,2,5,27.1112897864849,97.6006432313455,5.7390360407569,0,5266.53032623898,0,0,0,1.225
991.120559215407,28.3526123326022,2,5,27.1641660030203,97.790997610873,5.74048697077751,0,5270.32777319718,0,0,0,1.225
991.370559215407,28.3618067008218,2,5,27.2169528208835,97.9810301551807,5.7419378874506,0,5274.12587599528,0,0,0,1.225
991.620559215407,28.3709832689632,2,5,27.2696507591089,98.1707427327919,5.74338879081961,0,5277.9246346619,0,0,0,1.225
991.870559215407,28.3801421355505,2,5,27.3222603318558,98.360137194681,5.7448396809275,0,5281.72404922531,0,0,0,1.225
992.120559215407,28.3892833981956,2,5,27.3747820484728,98.5492153745021,5.74629055781702,0,5285.52411971364,0,0,0,1.225
992.370559215407,28.3984071536101,2,5,27.4272164135595,98.7379790888141,5.74774142153137,0,5289.32484615538,0,0,0,1.225
992.620559215407,28.4075134976168,2,5,27.4795639270283,98.926430137302,5.74919227211285,0,5293.12622857832,0,0,0,1.225
992.870559215407,28.4166025251609,2,5,27.5318250841652,99.1145703029947,5.7506431096042,0,5296.92826701064,0,0,0,1.225
993.120559215407,28.4256743303217,2,5,27.5840003756884,99.3024013524784,5.75209393404771,0,5300.73096148016,0,0,0,1.225
993.370559215407,28.4347290063233,2,5,27.6360902878078,99.489925036108,5.75354474548635,0,5304.53431201528,0,0,0,1.225
993.620559215407,28.4437666455455,2,5,27.6880953022815,99.6771430882136,5.75499554396129,0,5308.33831864296,0,0,0,1.225
993.870559215407,28.4527873395346,2,5,27.7400158964734,99.8640572273041,5.75644632951571,0,5312.14298139181,0,0,0,1.225
994.120559215407,28.4617911790136,2,5,27.7918525434078,100.050669156268,5.75789710219055,0,5315.94830028866,0,0,0,1.225
994.370559215407,28.4707782538931,2,5,27.843605711825,100.23698056257,5.75934786202902,0,5319.75427536215,0,0,0,1.225
994.620559215407,28.4797486532809,2,5,27.895275866235,100.422993118446,5.7607986090718,0,5323.56090663896,0,0,0,1.225
994.870559215407,28.4887024654923,2,5,27.9468634669699,100.608708481092,5.76224934336074,0,5327.36819414668,0,0,0,1.225
995.120559215407,28.4976397780601,2,5,27.9983689702371,100.794128292853,5.76370006493789,0,5331.17613791312,0,0,0,1.225
995.370559215407,28.5065606777439,2,5,28.0497928281695,100.97925418141,5.76515077384465,0,5334.98473796556,0,0,0,1.225
995.620559215407,28.5154652505398,2,5,28.101135488877,101.164087759957,5.76660147012171,0,5338.79399433075,0,0,0,1.225
995.870559215407,28.52435358169,2,5,28.1523973964955,101.348630627384,5.76805215381114,0,5342.60390703654,0,0,0,1.225
996.120559215407,28.5332257556917,2,5,28.2035789912361,101.53288436845,5.76950282495318,0,5346.41447610935,0,0,0,1.225
996.370559215407,28.5420818563064,2,5,28.2546807094335,101.71685055396,5.77095348358989,0,5350.22570157709,0,0,0,1.225
996.620559215407,28.550921966569,2,5,28.3057029835927,101.900530740934,5.7724041297613,0,5354.03758346603,0,0,0,1.225
996.870559215407,28.5597461687962,2,5,28.3566462424365,102.083926472771,5.77385476350878,0,5357.85012180357,0,0,0,1.225
997.120559215407,28.5685545445955,2,5,28.4075109109507,102.267039279422,5.77530538487258,0,5361.66331661619,0,0,0,1.225
997.370559215407,28.5773471748737,2,5,28.4582974104298,102.449870677547,5.77675599389386,0,5365.47716793115,0,0,0,1.225
997.620559215407,28.586124139845,2,5,28.5090061585212,102.632422170676,5.77820659061285,0,5369.29167577497,0,0,0,1.225
997.870559215407,28.5948855190399,2,5,28.5596375692693,102.81469524937,5.77965717506936,0,5373.10684017386,0,0,0,1.225
998.120559215407,28.6036313913127,2,5,28.6101920531585,102.996691391371,5.78110774730453,0,5376.9226611551,0,0,0,1.225
998.370559215407,28.6123618348501,2,5,28.6606700171556,103.17841206176,5.7825583073577,0,5380.73913874457,0,0,0,1.225
998.620559215407,28.6210769271785,2,5,28.7110718647517,103.359858713106,5.78400885526958,0,5384.55627296923,0,0,0,1.225
998.870559215407,28.6297767451724,2,5,28.7613979960037,103.541032785613,5.78545939107971,0,5388.37406385518,0,0,0,1.225
999.120559215407,28.6384613650616,2,5,28.8116488075744,103.721935707268,5.78690991482836,0,5392.19251142904,0,0,0,1.225
999.370559215407,28.6471308624389,2,5,28.8618246927727,103.902568893982,5.78836042655462,0,5396.01161571659,0,0,0,1.225
999.620559215407,28.6557853122679,2,5,28.9119260415933,104.082933749736,5.78981092629897,0,5399.83137674468,0,0,0,1.225
999.870559215407,28.6644247888896,2,5,28.9619532407547,104.263031666717,5.79126141410006,0,5403.65179453874,0,0,0,1.225
1000.12055921541,28.6730493660302,2,5,29.011906673738,104.442864025457,5.79271188999769,0,5407.47286912512,0,0,0,1.225
1000.37055921541,28.6816591168081,2,5,29.0617867208245,104.622432194968,5.79416235403119,0,5411.29460052985,0,0,0,1.225
1000.62055921541,28.6902541137408,2,5,29.1115937591325,104.801737532877,5.79561280623989,0,5415.11698877893,0,0,0,1.225
1000.87055921541,28.6988344287517,2,5,29.1613281626538,104.980781385554,5.79706324666245,0,5418.94003389788,0,0,0,1.225
1001.12055921541,28.7074001331773,2,5,29.2109903022901,105.159565088244,5.7985136753382,0,5422.76373591276,0,0,0,1.225
1001.37055921541,28.7159512977733,2,5,29.2605805458879,105.338089965197,5.7999640923058,0,5426.58809484909,0,0,0,1.225
1001.62055921541,28.724487992722,2,5,29.310099258274,105.516357329786,5.80141449760481,0,5430.41311073317,0,0,0,1.225
1001.87055921541,28.733010287638,2,5,29.3595468012892,105.694368484641,5.80286489127275,0,5434.23878358965,0,0,0,1.225
1002.12055921541,28.741518251575,2,5,29.408923533823,105.872124721763,5.80431527334895,0,5438.06511344467,0,0,0,1.225
1002.37055921541,28.7500119530323,2,5,29.4582298118464,106.049627322647,5.80576564387161,0,5441.89210032348,0,0,0,1.225
1002.62055921541,28.7584914599606,2,5,29.5074659884451,106.226877558402,5.80721600287916,0,5445.71974425151,0,0,0,1.225
1002.87055921541,28.7669568397685,2,5,29.5566324138519,106.403876689867,5.80866635040979,0,5449.54804525403,0,0,0,1.225
1003.12055921541,28.7754081593282,2,5,29.6057294354791,106.580625967725,5.81011668650194,0,5453.37700335654,0,0,0,1.225
1003.37055921541,28.7838454849819,2,5,29.6547573979491,106.757126632617,5.81156701119312,0,5457.2066185838,0,0,0,1.225
1003.62055921541,28.7922688825474,2,5,29.7037166431264,106.933379915255,5.81301732452198,0,5461.0368909615,0,0,0,1.225
1003.87055921541,28.8006784173238,2,5,29.7526075101478,107.109387036532,5.81446762652604,0,5464.86782051444,0,0,0,1.225
1004.12055921541,28.8090741540974,2,5,29.8014303354528,107.28514920763,5.81591791724281,0,5468.69940726744,0,0,0,1.225
1004.37055921541,28.8174561571473,2,5,29.8501854528131,107.460667630127,5.81736819671028,0,5472.53165124571,0,0,0,1.225
1004.62055921541,28.8258244902511,2,5,29.8988731933622,107.635943496104,5.81881846496572,0,5476.36455247392,0,0,0,1.225
1004.87055921541,28.8341792166901,2,5,29.9474938856244,107.810977988248,5.82026872204733,0,5480.19811097748,0,0,0,1.225
1005.12055921541,28.8425203992546,2,5,29.9960478555429,107.985772279954,5.82171896799127,0,5484.03232678019,0,0,0,1.225
1005.37055921541,28.8508481002496,2,5,30.0445354265085,108.160327535431,5.82316920283574,0,5487.8671999075,0,0,0,1.225
1005.62055921541,28.8591623815001,2,5,30.0929569193871,108.334644909794,5.82461942661735,0,5491.70273038361,0,0,0,1.225
1005.87055921541,28.8674633043558,2,5,30.1413126525469,108.508725549169,5.8260696393736,0,5495.53891823346,0,0,0,1.225
1006.12055921541,28.8757509296964,2,5,30.1896029418857,108.682570590789,5.82751984114066,0,5499.37576348091,0,0,0,1.225
1006.37055921541,28.8840253179368,2,5,30.2378281008572,108.856181163086,5.82897003195626,0,5503.21326615112,0,0,0,1.225
1006.62055921541,28.8922865290321,2,5,30.2859884404974,109.029558385791,5.83042021185702,0,5507.05142626835,0,0,0,1.225
1006.87055921541,28.9005346224823,2,5,30.3340842694505,109.202703370022,5.83187038087885,0,5510.89024385634,0,0,0,1.225
1007.12055921541,28.9087696573369,2,5,30.3821158939945,109.37561721838,5.83332053905906,0,5514.72971893992,0,0,0,1.225
1007.37055921541,28.9169916922003,2,5,30.4300836180659,109.548301025037,5.83477068643333,0,5518.5698515427,0,0,0,1.225
1007.62055921541,28.925200785236,2,5,30.4779877432854,109.720755875827,5.83622082303918,0,5522.41064168971,0,0,0,1.225
1007.87055921541,28.9333969941714,2,5,30.5258285689814,109.892982848333,5.83767094891186,0,5526.25208940423,0,0,0,1.225
1008.12055921541,28.9415803763024,2,5,30.573606392215,110.064983011974,5.83912106408775,0,5530.09419471042,0,0,0,1.225
1008.37055921541,28.9497509884979,2,5,30.6213215078034,110.236757428092,5.84057116860299,0,5533.93695763231,0,0,0,1.225
1008.62055921541,28.9579088872041,2,5,30.6689742083435,110.408307150036,5.84202126249374,0,5537.78037819393,0,0,0,1.225
1008.87055921541,28.9660541284492,2,5,30.7165647842351,110.579633223246,5.84347134579548,0,5541.62445641878,0,0,0,1.225
1009.12055921541,28.9741867678473,2,5,30.7640935237038,110.750736685334,5.84492141854389,0,5545.46919233057,0,0,0,1.225
1009.37055921541,28.9823068606031,2,5,30.8115607128237,110.921618566165,5.84637148077491,0,5549.3145859532,0,0,0,1.225
1009.62055921541,28.9904144615161,2,5,30.8589666355396,111.092279887943,5.84782153252445,0,5553.16063731057,0,0,0,1.225
1009.87055921541,28.9985096249841,2,5,30.9063115736889,111.26272166528,5.84927157382731,0,5557.00734642573,0,0,0,1.225
1010.12055921541,29.0065924050085,2,5,30.9535958070233,111.432944905284,5.85072160471873,0,5560.85471332206,0,0,0,1.225
1010.37055921541,29.014662855197,2,5,31.0008196132306,111.60295060763,5.85217162523509,0,5564.7027380239,0,0,0,1.225
1010.62055921541,29.0227210287688,2,5,31.0479832679551,111.772739764639,5.85362163541049,0,5568.55142055378,0,0,0,1.225
1010.87055921541,29.0307669785578,2,5,31.0950870448194,111.94231336135,5.85507163528018,0,5572.40076093514,0,0,0,1.225
1011.12055921541,29.0388007570166,2,5,31.1421312154441,112.111672375599,5.85652162487941,0,5576.25075919147,0,0,0,1.225
1011.37055921541,29.0468224162207,2,5,31.1891160494685,112.280817778087,5.85797160424318,0,5580.10141534605,0,0,0,1.225
1011.62055921541,29.0548320078719,2,5,31.236041814571,112.449750532456,5.85942157340583,0,5583.95272942166,0,0,0,1.225
1011.87055921541,29.0628295833024,2,5,31.2829087764882,112.618471595357,5.86087153240214,0,5587.80470144145,0,0,0,1.225
1012.12055921541,29.0708151934781,2,5,31.3297171990348,112.786981916525,5.86232148126737,0,5591.65733142896,0,0,0,1.225
1012.37055921541,29.0787888890025,2,5,31.3764673441231,112.955282438843,5.86377142003494,0,5595.51061940628,0,0,0,1.225
1012.62055921541,29.0867507201204,2,5,31.4231594717816,113.123374098414,5.86522134874008,0,5599.36456539697,0,0,0,1.225
1012.87055921541,29.0947007367213,2,5,31.469793840174,113.291257824627,5.86667126741668,0,5603.21916942352,0,0,0,1.225
1013.12055921541,29.1026389883429,2,5,31.516370705618,113.458934540225,5.86812117609929,0,5607.07443150899,0,0,0,1.225
1013.37055921541,29.1105655241746,2,5,31.562890322603,113.626405161371,5.86957107482181,0,5610.93035167588,0,0,0,1.225
1013.62055921541,29.1184803930609,2,5,31.6093529438088,113.793670597712,5.87102096361832,0,5614.78692994692,0,0,0,1.225
1013.87055921541,29.1263836435049,2,5,31.6557588201232,113.960731752444,5.87247084252294,0,5618.64416634484,0,0,0,1.225
1014.12055921541,29.1342753236716,2,5,31.7021082006597,114.127589522375,5.87392071156933,0,5622.50206089203,0,0,0,1.225
1014.37055921541,29.1421554813911,2,5,31.7484013327746,114.294244797989,5.87537057079089,0,5626.3606136107,0,0,0,1.225
1014.62055921541,29.150024164162,2,5,31.7946384620847,114.460698463505,5.87682042022152,0,5630.21982452345,0,0,0,1.225
1014.87055921541,29.1578814191544,2,5,31.840819832484,114.626951396942,5.87827025989532,0,5634.07969365308,0,0,0,1.225
1015.12055921541,29.1657272932133,2,5,31.8869456861604,114.793004470177,5.87972008984502,0,5637.9402210213,0,0,0,1.225
1015.37055921541,29.1735618328615,2,5,31.9330162636123,114.958858549004,5.88116991010429,0,5641.80140665058,0,0,0,1.225
1015.62055921541,29.1813850843032,2,5,31.9790318036652,115.124514493195,5.88261972070586,0,5645.66325056266,0,0,0,1.225
1015.87055921541,29.1891970934264,2,5,32.0249925434875,115.289973156555,5.88406952168452,0,5649.52575278095,0,0,0,1.225
1016.12055921541,29.1969979058063,2,5,32.0708987186065,115.455235386984,5.88551931307211,0,5653.3889133265,0,0,0,1.225
1016.37055921541,29.2047875667082,2,5,32.1167505629245,115.620302026528,5.88696909490136,0,5657.25273222111,0,0,0,1.225
1016.62055921541,29.2125661210905,2,5,32.1625483087338,115.785173911442,5.88841886720547,0,5661.11720948695,0,0,0,1.225
1016.87055921541,29.2203336136076,2,5,32.2082921867327,115.949851872238,5.8898686300181,0,5664.98234514657,0,0,0,1.225
1017.12055921541,29.2280900886126,2,5,32.2539824260399,116.114336733744,5.89131838337107,0,5668.84813922108,0,0,0,1.225
1017.37055921541,29.2358355901606,2,5,32.2996192542104,116.278629315157,5.89276812729668,0,5672.71459173198,0,0,0,1.225
1017.62055921541,29.243570162011,2,5,32.3452028972495,116.442730430098,5.89421786182902,0,5676.58170270224,0,0,0,1.225
1017.87055921541,29.2512938476303,2,5,32.3907335796281,116.606640886661,5.89566758699948,0,5680.44947215263,0,0,0,1.225
1018.12055921541,29.2590066901954,2,5,32.4362115242965,116.770361487467,5.89711730283943,0,5684.31790010398,0,0,0,1.225
1018.37055921541,29.2667087325956,2,5,32.4816369526993,116.933893029718,5.89856700938299,0,5688.18698657929,0,0,0,1.225
1018.62055921541,29.2744000174357,2,5,32.5270100847891,117.097236305241,5.90001670666197,0,5692.05673159975,0,0,0,1.225
1018.87055921541,29.2820805870388,2,5,32.5723311390406,117.260392100546,5.90146639470777,0,5695.92713518624,0,0,0,1.225
1019.12055921541,29.2897504834481,2,5,32.6176003324644,117.423361196872,5.90291607355266,0,5699.79819736033,0,0,0,1.225
1019.37055921541,29.2974097484306,2,5,32.6628178806204,117.586144370233,5.90436574322803,0,5703.66991814291,0,0,0,1.225
1019.62055921541,29.3050584234787,2,5,32.7079839976316,117.748742391474,5.90581540376706,0,5707.54229755634,0,0,0,1.225
1019.87055921541,29.3126965498133,2,5,32.7530988961971,117.911156026309,5.9072650552007,0,5711.41533562117,0,0,0,1.225
1020.12055921541,29.3203241683861,2,5,32.7981627876053,118.073386035379,5.9087146975603,0,5715.28903235831,0,0,0,1.225
1020.37055921541,29.3279413198818,2,5,32.843175881747,118.235433174289,5.91016433087725,0,5719.16338778872,0,0,0,1.225
1020.62055921541,29.3355480447211,2,5,32.888138387128,118.397298193661,5.91161395518429,0,5723.03840193443,0,0,0,1.225
1020.87055921541,29.3431443830627,2,5,32.933050510882,118.558981839175,5.91306357051144,0,5726.91407481533,0,0,0,1.225
1021.12055921541,29.3507303748056,2,5,32.977912458783,118.720484851619,5.91451317688961,0,5730.79040645204,0,0,0,1.225
1021.37055921541,29.3583060595918,2,5,33.0227244352577,118.881807966928,5.91596277435247,0,5734.66739686737,0,0,0,1.225
1021.62055921541,29.3658714768084,2,5,33.0674866433977,119.042951916232,5.9174123629291,0,5738.54504608052,0,0,0,1.225
1021.87055921541,29.3734266655898,2,5,33.1121992849717,119.203917425898,5.91886194265089,0,5742.42335411252,0,0,0,1.225
1022.12055921541,29.3809716648203,2,5,33.1568625604373,119.364705217574,5.92031151354877,0,5746.30232098404,0,0,0,1.225
1022.37055921541,29.388506513136,2,5,33.201476668953,119.525316008231,5.92176107565319,0,5750.18194671542,0,0,0,1.225
1022.62055921541,29.3960312489272,2,5,33.2460418083897,119.685750510203,5.92321062899646,0,5754.06223132844,0,0,0,1.225
1022.87055921541,29.4035459103404,2,5,33.2905581753422,119.846009431232,5.92466017360812,0,5757.94317484274,0,0,0,1.225
1023.12055921541,29.4110505352808,2,5,33.335025965141,120.006093474508,5.92610970951864,0,5761.82477727869,0,0,0,1.225
1023.37055921541,29.4185451614141,2,5,33.3794453718631,120.166003338707,5.92755923675804,0,5765.70703865631,0,0,0,1.225
1023.62055921541,29.4260298261689,2,5,33.4238165883435,120.325739718037,5.92900875535861,0,5769.58995899745,0,0,0,1.225
1023.87055921541,29.4335045667386,2,5,33.4681398061859,120.485303302269,5.93045826534853,0,5773.47353832071,0,0,0,1.225
1024.12055921541,29.4409694200834,2,5,33.5124152157738,120.644694776786,5.9319077667592,0,5777.35777664724,0,0,0,1.225
1024.37055921541,29.4484244229326,2,5,33.5566430062815,120.803914822614,5.93335725962061,0,5781.24267399711,0,0,0,1.225
1024.62055921541,29.4558696117865,2,5,33.6008233656844,120.962964116464,5.93480674396233,0,5785.12823039006,0,0,0,1.225
1024.87055921541,29.4633050229182,2,5,33.6449564807694,121.12184333077,5.93625621981528,0,5789.01444584692,0,0,0,1.225
1025.12055921541,29.4707306923761,2,5,33.6890425371458,121.280553133725,5.93770568720856,0,5792.90132038706,0,0,0,1.225
1025.37055921541,29.4781466559851,2,5,33.7330817192554,121.43909418932,5.9391551461722,0,5796.78885403064,0,0,0,1.225
1025.62055921541,29.4855529493493,2,5,33.7770742103826,121.597467157377,5.94060459673619,0,5800.67704679778,0,0,0,1.225
1025.87055921541,29.4929496078533,2,5,33.8210201926643,121.755672693592,5.94205403892965,0,5804.56589870793,0,0,0,1.225
1026.12055921541,29.5003366666647,2,5,33.8649198471004,121.913711449562,5.94350347278214,0,5808.45540978089,0,0,0,1.225
1026.37055921541,29.5077141607351,2,5,33.9087733535631,122.071584072827,5.94495289832412,0,5812.34558003721,0,0,0,1.225
1026.62055921541,29.515082124803,2,5,33.952580890807,122.229291206905,5.94640231558378,0,5816.23640949564,0,0,0,1.225
1026.87055921541,29.5224405933948,2,5,33.9963426364783,122.386833491322,5.9478517245916,0,5820.12789817675,0,0,0,1.225
1027.12055921541,29.5297896008269,2,5,34.040058767125,122.54421156165,5.94930112537577,0,5824.02004609931,0,0,0,1.225
1027.37055921541,29.5371291812077,2,5,34.0837294582057,122.701426049541,5.95075051796539,0,5827.91285328283,0,0,0,1.225
1027.62055921541,29.5444593684388,2,5,34.1273548840992,122.858477582757,5.95219990239048,0,5831.80631974758,0,0,0,1.225
1027.87055921541,29.5517801962175,2,5,34.1709352181136,123.015366785209,5.95364927867831,0,5835.70044551163,0,0,0,1.225
1028.12055921541,29.559091698038,2,5,34.2144706324956,123.172094276984,5.95509864686028,0,5839.59523059635,0,0,0,1.225
1028.37055921541,29.5663939071932,2,5,34.2579612984392,123.328660674381,5.95654800696229,0,5843.49067501876,0,0,0,1.225
1028.62055921541,29.5736868567763,2,5,34.301407386095,123.485066589942,5.95799735901528,0,5847.3867787999,0,0,0,1.225
1028.87055921541,29.5809705796831,2,5,34.3448090645787,123.641312632483,5.95944670304698,0,5851.28354195826,0,0,0,1.225
1029.12055921541,29.5882451086127,2,5,34.38816650198,123.797399407128,5.96089603908649,0,5855.18096451345,0,0,0,1.225
1029.37055921541,29.5955104760697,2,5,34.4314798653712,123.953327515336,5.96234536716065,0,5859.07904648328,0,0,0,1.225
1029.62055921541,29.6027667143661,2,5,34.4747493208156,124.109097554936,5.96379468729947,0,5862.97778788809,0,0,0,1.225
1029.87055921541,29.6100138556221,2,5,34.5179750333762,124.264710120154,5.96524399953114,0,5866.87718874681,0,0,0,1.225
1030.12055921541,29.6172519317683,2,5,34.5611571671239,124.420165801646,5.96669330388386,0,5870.77724907836,0,0,0,1.225
1030.37055921541,29.6244809745472,2,5,34.6042958851456,124.575465186524,5.96814260038445,0,5874.6779689006,0,0,0,1.225
1030.62055921541,29.6317010155144,2,5,34.6473913495528,124.73060885839,5.96959188906203,0,5878.57934823321,0,0,0,1.225
1030.87055921541,29.6389120860408,2,5,34.6904437214894,124.885597397362,5.97104116994524,0,5882.48138709551,0,0,0,1.225
1031.12055921541,29.6461142173132,2,5,34.7334531611395,125.040431380102,5.97249044306045,0,5886.38408550505,0,0,0,1.225
1031.37055921541,29.6533074403368,2,5,34.7764198277359,125.195111379849,5.97393970843677,0,5890.28744348153,0,0,0,1.225
1031.62055921541,29.6604917859358,2,5,34.8193438795676,125.349637966443,5.97538896610013,0,5894.19146104214,0,0,0,1.225
1031.87055921541,29.6676672847555,2,5,34.8622254739872,125.504011706354,5.97683821608052,0,5898.09613820736,0,0,0,1.225
1032.12055921541,29.6748339672636,2,5,34.9050647674194,125.65823316271,5.97828745840388,0,5902.00147499441,0,0,0,1.225
1032.37055921541,29.6819918637514,2,5,34.9478619153679,125.812302895324,5.97973669309795,0,5905.90747142196,0,0,0,1.225
1032.62055921541,29.6891410043354,2,5,34.9906170724231,125.966221460723,5.98118592019136,0,5909.81412750943,0,0,0,1.225
1032.87055921541,29.6962814189589,2,5,35.0333303922696,126.11998941217,5.98263513971006,0,5913.72144327408,0,0,0,1.225
1033.12055921541,29.7034131373931,2,5,35.0760020276936,126.273607299697,5.9840843516813,0,5917.62941873426,0,0,0,1.225
1033.37055921541,29.7105361892385,2,5,35.1186321305902,126.427075670125,5.98553355613149,0,5921.53805390761,0,0,0,1.225
1033.62055921541,29.7176506039267,2,5,35.1612208519702,126.580395067093,5.98698275309016,0,5925.44734881432,0,0,0,1.225
1033.87055921541,29.7247564107209,2,5,35.2037683419679,126.733566031085,5.98843194258234,0,5929.35730347098,0,0,0,1.225
1034.12055921541,29.7318536387183,2,5,35.2462747498477,126.886589099452,5.9898811246353,0,5933.26791789597,0,0,0,1.225
1034.37055921541,29.7389423168506,2,5,35.2887402240109,127.039464806439,5.9913302992768,0,5937.1791921081,0,0,0,1.225
1034.62055921541,29.7460224738856,2,5,35.3311649120034,127.192193683212,5.99277946653274,0,5941.09112612469,0,0,0,1.225
1034.87055921541,29.7530941384287,2,5,35.3735489605216,127.344776257878,5.99422862643041,0,5945.00371996418,0,0,0,1.225
1035.12055921541,29.7601573389237,2,5,35.4158925154199,127.497213055512,5.99567777899529,0,5948.91697364357,0,0,0,1.225
1035.37055921541,29.7672121036546,2,5,35.458195721717,127.649504598181,5.99712692425464,0,5952.83088718134,0,0,0,1.225
1035.62055921541,29.7742584607466,2,5,35.5004587236026,127.801651404969,5.99857606223441,0,5956.74546059486,0,0,0,1.225
1035.87055921541,29.7812964381672,2,5,35.5426816644441,127.953653991999,6.0000251929614,0,5960.66069390226,0,0,0,1.225
1036.12055921541,29.788326063728,2,5,35.584864686793,128.105512872455,6.00147431646201,0,5964.57658712131,0,0,0,1.225
1036.37055921541,29.795347365085,2,5,35.6270079323913,128.257228556609,6.0029234327626,0,5968.49314026981,0,0,0,1.225
1036.62055921541,29.8023603697409,2,5,35.669111542178,128.408801551841,6.00437254188864,0,5972.41035336482,0,0,0,1.225
1036.87055921541,29.8093651050452,2,5,35.7111756562952,128.560232362663,6.00582164386742,0,5976.32822642488,0,0,0,1.225
1037.12055921541,29.8163615981965,2,5,35.7532004140947,128.711521490741,6.00727073872304,0,5980.246759466,0,0,0,1.225
1037.37055921541,29.8233498762426,2,5,35.7951859541436,128.862669434917,6.00871982648232,0,5984.16595250638,0,0,0,1.225
1037.62055921541,29.8303299660825,2,5,35.8371324142311,129.013676691232,6.01016890717074,0,5988.08580556312,0,0,0,1.225
1037.87055921541,29.837301894467,2,5,35.879039931374,129.164543752947,6.01161798081557,0,5992.00631865482,0,0,0,1.225
1038.12055921541,29.8442656880004,2,5,35.920908641823,129.315271110563,6.01306704743956,0,5995.92749179644,0,0,0,1.225
1038.37055921541,29.8512213731408,2,5,35.9627386810685,129.465859251847,6.01451610707181,0,5999.84932500804,0,0,0,1.225
1038.62055921541,29.8581689762022,2,5,36.0045301838467,129.616308661848,6.01596515973552,0,6003.77181830498,0,0,0,1.225
1038.87055921541,29.8651085233548,2,5,36.0462832841449,129.766619822922,6.01741420545613,0,6007.69497170441,0,0,0,1.225
1039.12055921541,29.8720400406266,2,5,36.087998115208,129.916793214749,6.01886324426005,0,6011.61878522428,0,0,0,1.225
1039.37055921541,29.8789635539041,2,5,36.1296748095435,130.066829314357,6.02031227617135,0,6015.54325888067,0,0,0,1.225
1039.62055921541,29.8858790889337,2,5,36.1713134989277,130.21672859614,6.02176130121688,0,6019.4683926919,0,0,0,1.225
1039.87055921541,29.8927866713227,2,5,36.2129143144109,130.366491531879,6.02321031941938,0,6023.39418667301,0,0,0,1.225
1040.12055921541,29.8996863265402,2,5,36.2544773863232,130.516118590764,6.02465933080612,0,6027.32064084269,0,0,0,1.225
1040.37055921541,29.9065780799182,2,5,36.2960028442799,130.665610239408,6.0261083354012,0,6031.24775521709,0,0,0,1.225
1040.62055921541,29.9134619566528,2,5,36.3374908171868,130.814966941872,6.02755733322965,0,6035.17552981311,0,0,0,1.225
1040.87055921541,29.9203379818049,2,5,36.3789414332457,130.964189159684,6.02900632431601,0,6039.1039646473,0,0,0,1.225
1041.12055921541,29.9272061803016,2,5,36.4203548199598,131.113277351855,6.03045530868394,0,6043.03305973547,0,0,0,1.225
1041.37055921541,29.934066576937,2,5,36.4617311041389,131.2622319749,6.03190428636117,0,6046.96281509673,0,0,0,1.225
1041.62055921541,29.9409191963729,2,5,36.5030704119046,131.411053482856,6.03335325736953,0,6050.8932307455,0,0,0,1.225
1041.87055921541,29.9477640631406,2,5,36.5443728686954,131.559742327303,6.03480222173448,0,6054.82430669907,0,0,0,1.225
1042.12055921541,29.9546012016408,2,5,36.585638599272,131.708298957379,6.03625117948059,0,6058.75604297404,0,0,0,1.225
1042.37055921541,29.9614306361457,2,5,36.6268677277224,131.856723819801,6.03770013063195,0,6062.68843958667,0,0,0,1.225
1042.62055921541,29.9682523907989,2,5,36.6680603774665,132.00501735888,6.03914907521266,0,6066.62149655321,0,0,0,1.225
1042.87055921541,29.9750664896171,2,5,36.7092166712618,132.153180016543,6.0405980132482,0,6070.55521389102,0,0,0,1.225
1043.12055921541,29.9818729564906,2,5,36.7503367312076,132.301212232347,6.04204694476084,0,6074.48959161493,0,0,0,1.225
1043.37055921541,29.9886718151847,2,5,36.7914206787504,132.449114443502,6.04349586977651,0,6078.42462974268,0,0,0,1.225
1043.62055921541,29.99546308934,2,5,36.8324686346884,132.596887084878,6.04494478831748,0,6082.36032828911,0,0,0,1.225
1043.87055921541,30.0022468024738,2,5,36.8734807191766,132.744530589036,6.04639370040877,0,6086.29668727127,0,0,0,1.225
1044.12055921541,30.0090229779807,2,5,36.9144570517312,132.892045386232,6.04784260607403,0,6090.23370670512,0,0,0,1.225
1044.37055921541,30.0157916391339,2,5,36.9553977512347,133.039431904445,6.04929150533553,0,6094.17138660554,0,0,0,1.225
1044.62055921541,30.0225528090855,2,5,36.9963029359401,133.186690569384,6.05074039821966,0,6098.10972699069,0,0,0,1.225
1044.87055921541,30.029306510868,2,5,37.037172723476,133.333821804514,6.05218928474824,0,6102.04872787511,0,0,0,1.225
1045.12055921541,30.0360527673946,2,5,37.0780072308507,133.480826031062,6.05363816494628,0,6105.98838927589,0,0,0,1.225
1045.37055921541,30.0427916014604,2,5,37.1188065744571,133.627703668046,6.05508703883561,0,6109.9287112076,0,0,0,1.225
1045.62055921541,30.0495230357434,2,5,37.1595708700771,133.774455132277,6.05653590643897,0,6113.86969368553,0,0,0,1.225
1045.87055921541,30.0562470928048,2,5,37.2003002328857,133.921080838389,6.05798476778318,0,6117.81133672826,0,0,0,1.225
1046.12055921541,30.0629637950904,2,5,37.240994777456,134.067581198842,6.05943362288872,0,6121.7536403493,0,0,0,1.225
1046.37055921541,30.0696731649312,2,5,37.281654617763,134.213956623947,6.06088247177786,0,6125.69660456361,0,0,0,1.225
1046.62055921541,30.076375224544,2,5,37.3222798671884,134.360207521878,6.06233131447698,0,6129.64022938943,0,0,0,1.225
1046.87055921541,30.0830699960327,2,5,37.3628706385244,134.506334298688,6.06378015100745,0,6133.58451484104,0,0,0,1.225
1047.12055921541,30.0897575013887,2,5,37.4034270439783,134.652337358322,6.06522898139156,0,6137.52946093342,0,0,0,1.225
1047.37055921541,30.0964377624918,2,5,37.4439491951766,134.798217102636,6.06667780565294,0,6141.47506768268,0,0,0,1.225
1047.62055921541,30.1031108011113,2,5,37.4844372031692,134.943973931409,6.06812662381344,0,6145.42133510347,0,0,0,1.225
1047.87055921541,30.1097766389062,2,5,37.5248911784333,135.08960824236,6.0695754358976,0,6149.36826321264,0,0,0,1.225
1048.12055921541,30.1164352974264,2,5,37.5653112308778,135.23512043116,6.07102424192681,0,6153.31585202451,0,0,0,1.225
1048.37055921541,30.1230867981135,2,5,37.6056974698473,135.38051089145,6.0724730419247,0,6157.2641015552,0,0,0,1.225
1048.62055921541,30.1297311623014,2,5,37.6460500041258,135.525780014853,6.07392183591264,0,6161.21301181906,0,0,0,1.225
1048.87055921541,30.1363684112169,2,5,37.686368941941,135.670928190988,6.07537062391339,0,6165.16258283152,0,0,0,1.225
1049.12055921541,30.142998565981,2,5,37.7266543909682,135.815955807486,6.07681940595012,0,6169.11281460839,0,0,0,1.225
1049.37055921541,30.1496216476089,2,5,37.7669064583341,135.960863250003,6.07826818204512,0,6173.06370716476,0,0,0,1.225
1049.62055921541,30.1562376770114,2,5,37.8071252506208,136.105650902235,6.07971695221931,0,6177.01526051464,0,0,0,1.225
1049.87055921541,30.1628466749953,2,5,37.8473108738693,136.250319145929,6.08116571649543,0,6180.96747467351,0,0,0,1.225
1050.12055921541,30.1694486622642,2,5,37.8874634335838,136.394868360902,6.08261447489667,0,6184.92034965721,0,0,0,1.225
1050.37055921541,30.176043659419,2,5,37.9275830347353,136.539298925047,6.08406322744349,0,6188.87388547942,0,0,0,1.225
1050.62055921541,30.1826316869591,2,5,37.9676697817648,136.683611214353,6.08551197415909,0,6192.82808215602,0,0,0,1.225
1050.87055921541,30.1892127652827,2,5,38.007723778588,136.827805602917,6.08696071506483,0,6196.78293970142,0,0,0,1.225
1051.12055921541,30.1957869146876,2,5,38.047745128598,136.971882462953,6.0884094501821,0,6200.73845813006,0,0,0,1.225
1051.37055921541,30.2023541553719,2,5,38.0877339346696,137.115842164811,6.08985817953362,0,6204.69463745748,0,0,0,1.225
1051.62055921541,30.2089145074347,2,5,38.1276902991626,137.259685076985,6.09130690314169,0,6208.65147769886,0,0,0,1.225
1051.87055921541,30.2154679908767,2,5,38.1676143239252,137.403411566131,6.09275562102539,0,6212.60897886684,0,0,0,1.225
1052.12055921541,30.2220146256012,2,5,38.2075061102979,137.547021997073,6.09420433320884,0,6216.56714097809,0,0,0,1.225
1052.37055921541,30.2285544314143,2,5,38.2473657591171,137.690516732822,6.09565303971203,0,6220.52596404599,0,0,0,1.225
1052.62055921541,30.2350874280258,2,5,38.287193370718,137.833896134585,6.09710174055635,0,6224.48544808504,0,0,0,1.225
1052.87055921541,30.2416136350499,2,5,38.3269890449385,137.977160561778,6.09855043576454,0,6228.44559311083,0,0,0,1.225
1053.12055921541,30.2481330720057,2,5,38.3667528811224,138.120310372041,6.09999912535659,0,6232.40639913679,0,0,0,1.225
1053.37055921541,30.2546457583181,2,5,38.406484978123,138.263345921243,6.10144780935389,0,6236.36786617745,0,0,0,1.225
1053.62055921541,30.261151713318,2,5,38.4461854343064,138.406267563503,6.1028964877778,0,6240.32999424732,0,0,0,1.225
1053.87055921541,30.2676509562435,2,5,38.4858543475545,138.549075651196,6.10434516064925,0,6244.29278336061,0,0,0,1.225
1054.12055921541,30.2741435062401,2,5,38.5254918152688,138.691770534968,6.10579382799006,0,6248.25623353221,0,0,0,1.225
1054.37055921541,30.2806293823614,2,5,38.5650979343731,138.834352563743,6.10724248981978,0,6252.22034477523,0,0,0,1.225
1054.62055921541,30.2871086035699,2,5,38.6046728013175,138.976822084743,6.10869114616071,0,6256.18511710499,0,0,0,1.225
1054.87055921541,30.2935811887374,2,5,38.6442165120809,139.119179443491,6.11013979703193,0,6260.15055053423,0,0,0,1.225
1055.12055921541,30.3000471566456,2,5,38.6837291621743,139.261424983828,6.11158844245574,0,6264.11664507829,0,0,0,1.225
1055.37055921541,30.3065065259871,2,5,38.7232108466445,139.40355904792,6.11303708245168,0,6268.08340075029,0,0,0,1.225
1055.62055921541,30.3129593153654,2,5,38.7626616600764,139.545581976275,6.11448571704159,0,6272.05081756523,0,0,0,1.225
1055.87055921541,30.3194055432959,2,5,38.8020816965969,139.687494107749,6.11593434624501,0,6276.01889553625,0,0,0,1.225
1056.12055921541,30.3258452282064,2,5,38.8414710498774,139.829295779558,6.11738297008287,0,6279.98763467763,0,0,0,1.225
1056.37055921541,30.3322783884376,2,5,38.880829813137,139.970987327293,6.11883158857518,0,6283.95703500292,0,0,0,1.225
1056.62055921541,30.3387050422437,2,5,38.9201580791459,140.112569084925,6.12028020174193,0,6287.92709652566,0,0,0,1.225
1056.87055921541,30.3451252077931,2,5,38.9594559402277,140.25404138482,6.12172880960497,0,6291.89781926089,0,0,0,1.225
1057.12055921541,30.3515389031688,2,5,38.9987234882629,140.395404557746,6.12317741218294,0,6295.86920322108,0,0,0,1.225
1057.37055921541,30.357946146369,2,5,39.0379608146917,140.53665893289,6.1246260094963,0,6299.84124842018,0,0,0,1.225
1057.62055921541,30.3643469553078,2,5,39.077168010517,140.677804837861,6.12607460156505,0,6303.81395487179,0,0,0,1.225
1057.87055921541,30.3707413478155,2,5,39.116345166307,140.818842598705,6.12752318840967,0,6307.78732258987,0,0,0,1.225
1058.12055921541,30.3771293416393,2,5,39.1554923721983,140.959772539914,6.1289717700497,0,6311.76135158766,0,0,0,1.225
1058.37055921541,30.383510954444,2,5,39.194609717899,141.100594984436,6.13042034650562,0,6315.73604187917,0,0,0,1.225
1058.62055921541,30.3898862038122,2,5,39.2336972926908,141.241310253687,6.13186891779696,0,6319.71139347764,0,0,0,1.225
1058.87055921541,30.3962551072451,2,5,39.2727551854327,141.381918667558,6.13331748394194,0,6323.68740639527,0,0,0,1.225
1059.12055921541,30.4026176821628,2,5,39.311783484563,141.522420544427,6.13476604496282,0,6327.66408064752,0,0,0,1.225
1059.37055921541,30.4089739459051,2,5,39.3507822781024,141.662816201169,6.13621460087779,0,6331.64141624659,0,0,0,1.225
1059.62055921541,30.4153239157317,2,5,39.3897516536569,141.803105953165,6.13766315170596,0,6335.61941320542,0,0,0,1.225
1059.87055921541,30.4216676088232,2,5,39.42869169842,141.943290114312,6.13911169746643,0,6339.59807153697,0,0,0,1.225
1060.12055921541,30.428005042281,2,5,39.4676024991761,142.083368997034,6.14056023818102,0,6343.57739125636,0,0,0,1.225
1060.37055921541,30.4343362331283,2,5,39.5064841423023,142.223342912288,6.14200877386702,0,6347.55737237511,0,0,0,1.225
1060.62055921541,30.4406611983103,2,5,39.5453367137717,142.363212169578,6.14345730454397,0,6351.53801490656,0,0,0,1.225
1060.87055921541,30.4469799546948,2,5,39.584160299156,142.502977076962,6.14490583023189,0,6355.51931886441,0,0,0,1.225
1061.12055921541,30.453292519073,2,5,39.6229549836275,142.642637941059,6.14635435094851,0,6359.50128426057,0,0,0,1.225
1061.37055921541,30.4595989081593,2,5,39.6617208519624,142.782195067065,6.14780286671476,0,6363.4839111095,0,0,0,1.225
1061.62055921541,30.4658991385925,2,5,39.7004579885428,142.921648758754,6.14925137754835,0,6367.46719942311,0,0,0,1.225
1061.87055921541,30.4721932269358,2,5,39.7391664773597,143.060999318495,6.15069988346795,0,6371.45114921405,0,0,0,1.225
1062.12055921541,30.4784811896775,2,5,39.777846402015,143.200247047254,6.15214838449356,0,6375.43576049608,0,0,0,1.225
1062.37055921541,30.4847630432315,2,5,39.8164978457245,143.339392244608,6.15359688064336,0,6379.42103328151,0,0,0,1.225
1062.62055921541,30.4910388039376,2,5,39.8551208913199,143.478435208752,6.15504537193601,0,6383.40696758302,0,0,0,1.225
1062.87055921541,30.4973084880621,2,5,39.8937156212518,143.617376236506,6.15649385839015,0,6387.3935634133,0,0,0,1.225
1063.12055921541,30.5035721117984,2,5,39.9322821175914,143.756215623329,6.15794234002487,0,6391.3808207854,0,0,0,1.225
1063.37055921541,30.509829691267,2,5,39.9708204620337,143.894953663321,6.15939081685883,0,6395.36873971204,0,0,0,1.225
1063.62055921541,30.5160812425164,2,5,40.0093307358993,144.033590649237,6.1608392889093,0,6399.35732020483,0,0,0,1.225
1063.87055921541,30.5223267815235,2,5,40.047813020137,144.172126872493,6.16228775619629,0,6403.3465622776,0,0,0,1.225
1064.12055921541,30.5285663241938,2,5,40.0862673953261,144.310562623174,6.16373621873845,0,6407.33646594307,0,0,0,1.225
1064.37055921541,30.5347998863621,2,5,40.124693941679,144.448898190044,6.16518467655214,0,6411.32703121216,0,0,0,1.225
1064.62055921541,30.5410274837927,2,5,40.1630927390429,144.587133860554,6.16663312965602,0,6415.31825809762,0,0,0,1.225
1064.87055921541,30.5472491321802,2,5,40.2014638669028,144.72526992085,6.16808157806918,0,6419.31014661258,0,0,0,1.225
1065.12055921541,30.5534648471495,2,5,40.2398074043833,144.86330665578,6.16953002180981,0,6423.30269676943,0,0,0,1.225
1065.37055921541,30.5596746442566,2,5,40.278123430251,145.001244348904,6.17097846089518,0,6427.29590857985,0,0,0,1.225
1065.62055921541,30.5658785389887,2,5,40.3164120229169,145.139083282501,6.17242689534442,0,6431.289782057,0,0,0,1.225
1065.87055921541,30.572076546765,2,5,40.3546732604382,145.276823737578,6.17387532517432,0,6435.2843172122,0,0,0,1.225
1066.12055921541,30.5782686829369,2,5,40.3929072205211,145.414465993876,6.17532375040309,0,6439.27951405789,0,0,0,1.225
1066.37055921541,30.5844549627882,2,5,40.4311139805223,145.55201032988,6.17677217104892,0,6443.27537260651,0,0,0,1.225
1066.62055921541,30.590635401536,2,5,40.4692936174519,145.689457022827,6.17822058712954,0,6447.27189287015,0,0,0,1.225
1066.87055921541,30.5968100143307,2,5,40.5074462079749,145.82680634871,6.17966899866178,0,6451.26907486018,0,0,0,1.225
1067.12055921541,30.6029788162568,2,5,40.5455718284137,145.96405858229,6.18111740566383,0,6455.26691858906,0,0,0,1.225
1067.37055921541,30.6091418223329,2,5,40.5836705547504,146.101213997101,6.1825658081525,0,6459.26542406817,0,0,0,1.225
1067.62055921541,30.6152990475122,2,5,40.6217424626282,146.238272865461,6.18401420614737,0,6463.2645913111,0,0,0,1.225
1067.87055921541,30.6214505066832,2,5,40.6597876273541,146.375235458475,6.18546259966388,0,6467.26442032814,0,0,0,1.225
1068.12055921541,30.6275962146697,2,5,40.697806123901,146.512102046044,6.18691098871977,0,6471.26491113144,0,0,0,1.225
1068.37055921541,30.6337361862313,2,5,40.7357980269093,146.648872896874,6.18835937333279,0,6475.26606373314,0,0,0,1.225
1068.62055921541,30.6398704360642,2,5,40.7737634106893,146.785548278481,6.1898077535202,0,6479.26787814501,0,0,0,1.225
1068.87055921541,30.6459989788009,2,5,40.8117023492229,146.922128457203,6.19125612929884,0,6483.27035437851,0,0,0,1.225
1069.12055921541,30.6521218290109,2,5,40.8496149161662,147.058613698198,6.19270450068689,0,6487.27349244615,0,0,0,1.225
1069.37055921541,30.6582390012015,2,5,40.8875011848506,147.195004265462,6.1941528676989,0,6491.27729235756,0,0,0,1.225
1069.62055921541,30.6643505098173,2,5,40.9253612282857,147.331300421829,6.19560123035535,0,6495.28175412712,0,0,0,1.225
1069.87055921541,30.6704563692414,2,5,40.9631951191607,147.467502428978,6.19704958866987,0,6499.28687776373,0,0,0,1.225
1070.12055921541,30.6765565937953,2,5,41.0010029298463,147.603610547447,6.19849794266202,0,6503.29266328105,0,0,0,1.225
1070.37055921541,30.6826511977392,2,5,41.0387847323969,147.739625036629,6.19994629234634,0,6507.29911068874,0,0,0,1.225
1070.62055921541,30.688740195273,2,5,41.0765405985526,147.875546154789,6.20139463774149,0,6511.30621999973,0,0,0,1.225
1070.87055921541,30.6948236005358,2,5,41.1142705997405,148.011374159066,6.20284297886337,0,6515.31399122481,0,0,0,1.225
1071.12055921541,30.700901427607,2,5,41.1519748070774,148.147109305479,6.20429131572791,0,6519.32242437473,0,0,0,1.225
1071.37055921541,30.7069736905061,2,5,41.1896532913711,148.282751848936,6.2057396483533,0,6523.3315194621,0,0,0,1.225
1071.62055921541,30.7130404031933,2,5,41.2273061231223,148.41830204324,6.20718797675454,0,6527.34127649698,0,0,0,1.225
1071.87055921541,30.7191015795701,2,5,41.2649333725266,148.553760141096,6.20863630094891,0,6531.35169549126,0,0,0,1.225
1072.12055921541,30.7251572334793,2,5,41.3025351094765,148.689126394115,6.21008462095278,0,6535.36277645611,0,0,0,1.225
1072.37055921541,30.7312073787051,2,5,41.3401114035626,148.824401052825,6.21153293678208,0,6539.37451940234,0,0,0,1.225
1072.62055921541,30.7372520289743,2,5,41.3776623240762,148.959584366674,6.21298124845316,0,6543.38692434113,0,0,0,1.225
1072.87055921541,30.7432911979558,2,5,41.4151879400104,149.094676584038,6.21442955598377,0,6547.39999128476,0,0,0,1.225
1073.12055921541,30.7493248992614,2,5,41.4526883200623,149.229677952224,6.215877859388,0,6551.41372024261,0,0,0,1.225
1073.37055921541,30.7553531464459,2,5,41.4901635326344,149.364588717484,6.21732615868223,0,6555.42811122589,0,0,0,1.225
1073.62055921541,30.7613759530077,2,5,41.5276136458368,149.499409125012,6.21877445388282,0,6559.44316424581,0,0,0,1.225
1073.87055921541,30.7673933323888,2,5,41.5650387274884,149.634139418958,6.2202227450075,0,6563.45887931468,0,0,0,1.225
1074.12055921541,30.7734052979753,2,5,41.6024388451192,149.768779842429,6.22167103206948,0,6567.47525644119,0,0,0,1.225
1074.37055921541,30.7794118630979,2,5,41.6398140659714,149.903330637497,6.22311931508602,0,6571.49229563728,0,0,0,1.225
1074.62055921541,30.7854130410319,2,5,41.6771644570016,150.037792045206,6.22456759407214,0,6575.50999691313,0,0,0,1.225
1074.87055921541,30.7914088449977,2,5,41.7144900848822,150.172164305576,6.2260158690442,0,6579.52836027996,0,0,0,1.225
1075.12055921541,30.7973992881611,2,5,41.7517910160032,150.306447657611,6.22746414001904,0,6583.54738574941,0,0,0,1.225
1075.37055921541,30.8033843836335,2,5,41.7890673164736,150.440642339305,6.22891240700983,0,6587.56707333019,0,0,0,1.225
1075.62055921541,30.8093641444726,2,5,41.8263190521234,150.574748587644,6.23036067003477,0,6591.58742303502,0,0,0,1.225
1075.87055921541,30.815338583682,2,5,41.8635462885051,150.708766638618,6.23180892910659,0,6595.60843487228,0,0,0,1.225
1076.12055921541,30.8213077142123,2,5,41.9007490908951,150.842696727222,6.23325718424303,0,6599.63010885435,0,0,0,1.225
1076.37055921541,30.827271548961,2,5,41.9379275242956,150.976539087464,6.23470543545909,0,6603.65244499141,0,0,0,1.225
1076.62055921541,30.8332301007726,2,5,41.9750816534361,151.11029395237,6.23615368276978,0,6607.67544329368,0,0,0,1.225
1076.87055921541,30.8391833824394,2,5,42.0122115427749,151.24396155399,6.23760192618965,0,6611.69910377101,0,0,0,1.225
1077.12055921541,30.8451314067015,2,5,42.0493172565007,151.377542123403,6.23905016573462,0,6615.72342643435,0,0,0,1.225
1077.37055921541,30.8510741862472,2,5,42.0863988585343,151.511035890723,6.2404984014197,0,6619.74841129393,0,0,0,1.225
1077.62055921541,30.857011733713,2,5,42.1234564125299,151.644443085108,6.24194663326034,0,6623.77405836034,0,0,0,1.225
1077.87055921541,30.8629440616845,2,5,42.1604899818769,151.777763934757,6.24339486127155,0,6627.80036764384,0,0,0,1.225
1078.12055921541,30.8688711826961,2,5,42.1974996297011,151.910998666924,6.24484308546744,0,6631.82733915394,0,0,0,1.225
1078.37055921541,30.8747931092315,2,5,42.2344854188666,152.04414750792,6.24629130586527,0,6635.85497290271,0,0,0,1.225
1078.62055921541,30.8807098537242,2,5,42.2714474119771,152.177210683117,6.24773952247733,0,6639.88326889825,0,0,0,1.225
1078.87055921541,30.8866214285574,2,5,42.3083856713772,152.310188416958,6.24918773531908,0,6643.91222715117,0,0,0,1.225
1079.12055921541,30.8925278460646,2,5,42.3453002591542,152.443080932955,6.25063594440599,0,6647.94184767213,0,0,0,1.225
1079.37055921541,30.8984291185297,2,5,42.3821912371395,152.575888453702,6.2520841497535,0,6651.97213047177,0,0,0,1.225
1079.62055921541,30.9043252581875,2,5,42.4190586669099,152.708611200876,6.25353235137436,0,6656.00307555856,0,0,0,1.225
1079.87055921541,30.9102162772235,2,5,42.4559026097893,152.841249395241,6.25498054928494,0,6660.03468294389,0,0,0,1.225
1080.12055921541,30.9161021877748,2,5,42.4927231268497,152.973803256659,6.25642874349705,0,6664.06695263552,0,0,0,1.225
1080.37055921541,30.92198300193,2,5,42.5295202789132,153.106273004087,6.25787693402845,0,6668.09988464594,0,0,0,1.225
1080.62055921541,30.9278587317293,2,5,42.566294126553,153.238658855591,6.25932512089184,0,6672.13347898365,0,0,0,1.225
1080.87055921541,30.9337293891653,2,5,42.6030447300949,153.370961028342,6.26077330410317,0,6676.1677356597,0,0,0,1.225
1081.12055921541,30.9395949861828,2,5,42.6397721496188,153.503179738628,6.26222148367378,0,6680.20265468151,0,0,0,1.225
1081.37055921541,30.9454555346794,2,5,42.6764764449601,153.635315201856,6.26366965962097,0,6684.23823606124,0,0,0,1.225
1081.62055921541,30.9513110465054,2,5,42.7131576757108,153.767367632559,6.26511783195747,0,6688.27447980741,0,0,0,1.225
1081.87055921541,30.9571615334645,2,5,42.7498159012211,153.899337244396,6.26656600069691,0,6692.31138592927,0,0,0,1.225
1082.12055921541,30.9630070073135,2,5,42.7864511806007,154.031224250163,6.26801416585522,0,6696.34895443792,0,0,0,1.225
1082.37055921541,30.9688474797632,2,5,42.8230635727204,154.163028861794,6.26946232744376,0,6700.38718534081,0,0,0,1.225
1082.62055921541,30.9746829624782,2,5,42.8596531362129,154.294751290367,6.27091048547891,0,6704.4260786494,0,0,0,1.225
1082.87055921541,30.9805134670773,2,5,42.8962199294745,154.426391746108,6.2723586399743,0,6708.46563437296,0,0,0,1.225
1083.12055921541,30.9863390051337,2,5,42.9327640106665,154.557950438399,6.27380679094404,0,6712.50585252117,0,0,0,1.225
1083.37055921541,30.9921595881754,2,5,42.969285437716,154.689427575778,6.27525493839994,0,6716.54673310185,0,0,0,1.225
1083.62055921541,30.9979752276852,2,5,43.005784268318,154.820823365945,6.27670308235793,0,6720.58827612613,0,0,0,1.225
1083.87055921541,31.0037859351013,2,5,43.0422605599358,154.952138015769,6.27815122282936,0,6724.6304816015,0,0,0,1.225
1084.12055921541,31.0095917218172,2,5,43.0787143698029,155.083371731291,6.27959935983063,0,6728.67334953947,0,0,0,1.225
1084.37055921541,31.015392599182,2,5,43.1151457549243,155.214524717727,6.2810474933749,0,6732.71687994898,0,0,0,1.225
1084.62055921541,31.0211885785008,2,5,43.1515547720772,155.345597179478,6.28249562347355,0,6736.76107283755,0,0,0,1.225
1084.87055921541,31.0269796710351,2,5,43.1879414778128,155.476589320126,6.2839437501425,0,6740.80592821634,0,0,0,1.225
1085.12055921541,31.0327658880023,2,5,43.2243059284573,155.607501342446,6.28539187339311,0,6744.85144609286,0,0,0,1.225
1085.37055921541,31.0385472405769,2,5,43.2606481801131,155.738333448407,6.28683999323994,0,6748.89762647719,0,0,0,1.225
1085.62055921541,31.0443237398901,2,5,43.2969682886604,155.869085839177,6.28828810969708,0,6752.94446937904,0,0,0,1.225
1085.87055921541,31.0500953970301,2,5,43.3332663097577,155.999758715128,6.28973622277681,0,6756.9919748067,0,0,0,1.225
1086.12055921541,31.0558622230426,2,5,43.3695422988437,156.130352275837,6.29118433249232,0,6761.04014276914,0,0,0,1.225
1086.37055921541,31.0616242289307,2,5,43.4057963111384,156.260866720098,6.29263243885634,0,6765.08897327503,0,0,0,1.225
1086.62055921541,31.0673814256556,2,5,43.4420284016437,156.391302245917,6.29408054188343,0,6769.13846633446,0,0,0,1.225
1086.87055921541,31.0731338241362,2,5,43.4782386251454,156.521659050523,6.29552864158541,0,6773.18862195537,0,0,0,1.225
1087.12055921541,31.0788814352499,2,5,43.5144270362138,156.65193733037,6.29697673797637,0,6777.23944014751,0,0,0,1.225
1087.37055921541,31.0846242698323,2,5,43.5505936892052,156.782137281139,6.29842483106768,0,6781.29092091845,0,0,0,1.225
1087.62055921541,31.0903623386779,2,5,43.5867386382627,156.912259097746,6.2998729208739,0,6785.34306427832,0,0,0,1.225
1087.87055921541,31.0960956525401,2,5,43.6228619373178,157.042302974344,6.3013210074073,0,6789.39587023544,0,0,0,1.225
1088.12055921541,31.1018242221315,2,5,43.6589636400913,157.172269104329,6.30276909068016,0,6793.44933879814,0,0,0,1.225
1088.37055921541,31.1075480581238,2,5,43.6950438000943,157.30215768034,6.30421717070521,0,6797.50346997509,0,0,0,1.225
1088.62055921541,31.1132671711486,2,5,43.7311024706297,157.431968894267,6.30566524749611,0,6801.55826377574,0,0,0,1.225
1088.87055921541,31.118981571797,2,5,43.7671397047928,157.561702937254,6.30711332106512,0,6805.61372020841,0,0,0,1.225
1089.12055921541,31.1246912706203,2,5,43.8031555554731,157.691359999703,6.30856139142361,0,6809.66983928073,0,0,0,1.225
1089.37055921541,31.1303962781299,2,5,43.8391500753547,157.820940271277,6.31000945858568,0,6813.7266210025,0,0,0,1.225
1089.62055921541,31.1360966047977,2,5,43.875123316918,157.950443940905,6.31145752256407,0,6817.78406538244,0,0,0,1.225
1089.87055921541,31.1417922610561,2,5,43.9110753324403,158.079871196785,6.31290558337014,0,6821.84217242819,0,0,0,1.225
1090.12055921541,31.1474832572986,2,5,43.9470061739971,158.20922222639,6.31435364101526,0,6825.90094214739,0,0,0,1.225
1090.37055921541,31.1531696038795,2,5,43.9829158934634,158.338497216468,6.31580169551398,0,6829.96037455023,0,0,0,1.225
1090.62055921541,31.1588513111144,2,5,44.0188045425143,158.467696353051,6.31724974687813,0,6834.02046964472,0,0,0,1.225
1090.87055921541,31.1645283892804,2,5,44.0546721726263,158.596819821455,6.31869779511953,0,6838.0812274389,0,0,0,1.225
1091.12055921541,31.1702008486164,2,5,44.0905188350785,158.725867806283,6.32014584024955,0,6842.14264794041,0,0,0,1.225
1091.37055921541,31.1758686993228,2,5,44.1263445809535,158.854840491433,6.32159388228092,0,6846.20473115803,0,0,0,1.225
1091.62055921541,31.1815319515623,2,5,44.1621494611384,158.983738060098,6.32304192122638,0,6850.26747710051,0,0,0,1.225
1091.87055921541,31.1871906154599,2,5,44.1979335263257,159.112560694773,6.32448995709683,0,6854.33088577517,0,0,0,1.225
1092.12055921541,31.192844701103,2,5,44.2336968270148,159.241308577253,6.32593798990456,0,6858.39495719043,0,0,0,1.225
1092.37055921541,31.1984942185415,2,5,44.2694394135124,159.369981888645,6.3273860196623,0,6862.45969135507,0,0,0,1.225
1092.62055921541,31.2041391777883,2,5,44.3051613359342,159.498580809363,6.32883404638142,0,6866.52508827679,0,0,0,1.225
1092.87055921541,31.2097795888194,2,5,44.3408626442052,159.627105519139,6.33028207007237,0,6870.59114796255,0,0,0,1.225
1093.12055921541,31.2154154615738,2,5,44.3765433880612,159.75555619702,6.33173009075017,0,6874.65787042297,0,0,0,1.225
1093.37055921541,31.2210468059541,2,5,44.4122036170496,159.883933021378,6.33317810842254,0,6878.72525566287,0,0,0,1.225
1093.62055921541,31.2266736318264,2,5,44.4478433805303,160.012236169909,6.3346261231045,0,6882.79330369286,0,0,0,1.225
1093.87055921541,31.2322959490207,2,5,44.483462727677,160.140465819637,6.33607413480468,0,6886.86201451849,0,0,0,1.225
1094.12055921541,31.2379137673309,2,5,44.5190617074778,160.26862214692,6.33752214353808,0,6890.9313881504,0,0,0,1.225
1094.37055921541,31.2435270965151,2,5,44.5546403687363,160.396705327451,6.3389701493129,0,6895.00142459377,0,0,0,1.225
1094.62055921541,31.2491359462956,2,5,44.5901987600727,160.524715536262,6.34041815214232,0,6899.0721238578,0,0,0,1.225
1094.87055921541,31.2547403263596,2,5,44.6257369299246,160.652652947729,6.34186615203726,0,6903.14348594986,0,0,0,1.225
1095.12055921541,31.2603402463587,2,5,44.6612549265479,160.780517735572,6.34331414901044,0,6907.2155108788,0,0,0,1.225
1095.37055921541,31.2659357159094,2,5,44.6967527980179,160.908310072864,6.34476214307097,0,6911.28819865056,0,0,0,1.225
1095.62055921541,31.2715267445934,2,5,44.7322305922301,161.036030132028,6.3462101342302,0,6915.3615492729,0,0,0,1.225
1095.87055921541,31.2771133419576,2,5,44.7676883569012,161.163678084844,6.34765812250089,0,6919.43556275466,0,0,0,1.225
1096.12055921541,31.2826955175143,2,5,44.8031261395701,161.291254102452,6.34910610789439,0,6923.51023910363,0,0,0,1.225
1096.37055921541,31.2882732807415,2,5,44.8385439875985,161.418758355355,6.35055409042025,0,6927.58557832612,0,0,0,1.225
1096.62055921541,31.293846641083,2,5,44.8739419481722,161.54619101342,6.35200207009029,0,6931.66158043027,0,0,0,1.225
1096.87055921541,31.2994156079482,2,5,44.9093200683019,161.673552245887,6.35345004691408,0,6935.73824542242,0,0,0,1.225
1097.12055921541,31.3049801907132,2,5,44.9446783948238,161.800842221366,6.35489802090569,0,6939.81557331254,0,0,0,1.225
1097.37055921541,31.3105403987199,2,5,44.9800169744008,161.928061107843,6.35634599207378,0,6943.89356410625,0,0,0,1.225
1097.62055921541,31.3160962412769,2,5,45.0153358535234,162.055209072684,6.35779396042835,0,6947.97221781024,0,0,0,1.225
1097.87055921541,31.3216477276594,2,5,45.0506350785104,162.182286282637,6.35924192598213,0,6952.05153443343,0,0,0,1.225
1098.12055921541,31.3271948671094,2,5,45.0859146955099,162.309292903836,6.36068988874558,0,6956.13151398288,0,0,0,1.225
1098.37055921541,31.3327376688359,2,5,45.1211747505,162.4362291018,6.36213784872916,0,6960.2121564657,0,0,0,1.225
1098.62055921541,31.3382761420149,2,5,45.1564152892901,162.563095041444,6.36358580594333,0,6964.29346188896,0,0,0,1.225
1098.87055921541,31.3438102957899,2,5,45.191636357521,162.689890887076,6.36503376039855,0,6968.37543025978,0,0,0,1.225
1099.12055921541,31.3493401392718,2,5,45.2268380006666,162.8166168024,6.36648171210572,0,6972.45806158561,0,0,0,1.225
1099.37055921541,31.354865681539,2,5,45.2620202640341,162.943272950523,6.36792966107487,0,6976.54135587321,0,0,0,1.225
1099.62055921541,31.3603869316378,2,5,45.2971831927652,163.069859493955,6.36937760731598,0,6980.62531312931,0,0,0,1.225
1099.87055921541,31.3659038985825,2,5,45.3323268318368,163.196376594613,6.3708255508418,0,6984.70993336285,0,0,0,1.225
1100.12055921541,31.3714165913553,2,5,45.3674512260618,163.322824413823,6.37227349166005,0,6988.79521657878,0,0,0,1.225
1100.37055921541,31.376925018907,2,5,45.4025564200901,163.449203112324,6.37372142978256,0,6992.8811627853,0,0,0,1.225
1100.62055921541,31.3824291901565,2,5,45.437642458409,163.575512850272,6.37516936521934,0,6996.9677719892,0,0,0,1.225
1100.87055921541,31.3879291139915,2,5,45.4727093853446,163.701753787241,6.37661729797856,0,7001.05504419578,0,0,0,1.225
1101.12055921541,31.3934247992682,2,5,45.5077572450623,163.827926082224,6.37806522807477,0,7005.14297941546,0,0,0,1.225
1101.37055921541,31.398916254812,2,5,45.5427860815675,163.954029893643,6.37951315551436,0,7009.23157765211,0,0,0,1.225
1101.62055921541,31.4044034894171,2,5,45.5777959387066,164.080065379344,6.38096108030913,0,7013.32083891397,0,0,0,1.225
1101.87055921541,31.409886511847,2,5,45.6127868601675,164.206032696603,6.38240900246637,0,7017.41076320565,0,0,0,1.225
1102.12055921541,31.4153653308346,2,5,45.6477588894809,164.331932002131,6.38385692200063,0,7021.50135053758,0,0,0,1.225
1102.37055921541,31.420839955082,2,5,45.6827120700207,164.457763452075,6.38530483891918,0,7025.59260091438,0,0,0,1.225
1102.62055921541,31.4263103932615,2,5,45.7176464450047,164.583527202017,6.38675275323021,0,7029.6845143414,0,0,0,1.225
1102.87055921541,31.4317766540146,2,5,45.7525620574957,164.709223406985,6.38820066494645,0,7033.77709082763,0,0,0,1.225
1103.12055921541,31.4372387459531,2,5,45.7874589504021,164.834852221447,6.38964857407791,0,7037.87033037988,0,0,0,1.225
1103.37055921541,31.4426966776588,2,5,45.8223371664784,164.960413799322,6.39109648063277,0,7041.96423300352,0,0,0,1.225
1103.62055921541,31.4481504576838,2,5,45.8571967483267,165.085908293976,6.39254438462012,0,7046.05879870465,0,0,0,1.225
1103.87055921541,31.4536000945505,2,5,45.8920377383965,165.211335858228,6.39399228605089,0,7050.1540274908,0,0,0,1.225
1104.12055921541,31.4590455967519,2,5,45.9268601789863,165.336696644351,6.39544018493234,0,7054.24991936664,0,0,0,1.225
1104.37055921541,31.4644869727515,2,5,45.9616641122437,165.461990804077,6.39688808127812,0,7058.34647434191,0,0,0,1.225
1104.62055921541,31.4699242309838,2,5,45.9964495801666,165.5872184886,6.3983359750946,0,7062.44369242054,0,0,0,1.225
1104.87055921541,31.4753573798542,2,5,46.0312166246035,165.712379848573,6.39978386639359,0,7066.54157361083,0,0,0,1.225
1105.12055921541,31.4807864277391,2,5,46.0659652872549,165.837475034118,6.40123175518147,0,7070.64011791671,0,0,0,1.225
1105.37055921541,31.4862113829864,2,5,46.1006956096731,165.962504194823,6.40267964147097,0,7074.73932534723,0,0,0,1.225
1105.62055921541,31.491632253915,2,5,46.1354076332638,166.08746747975,6.40412752526754,0,7078.8391959056,0,0,0,1.225
1105.87055921541,31.4970490488155,2,5,46.1701013992863,166.212365037431,6.40557540658392,0,7082.93972960086,0,0,0,1.225
1106.12055921541,31.5024617759503,2,5,46.2047769488544,166.337197015876,6.40702328542739,0,7087.0409264377,0,0,0,1.225
1106.37055921541,31.5078704435533,2,5,46.2394343229369,166.461963562573,6.40847116180612,0,7091.14278642154,0,0,0,1.225
1106.62055921541,31.5132750598304,2,5,46.2740735623586,166.586664824491,6.40991903573286,0,7095.24530956143,0,0,0,1.225
1106.87055921541,31.5186756329597,2,5,46.308694707801,166.711300948084,6.41136690721305,0,7099.3484958606,0,0,0,1.225
1107.12055921541,31.5240721710914,2,5,46.3432977998025,166.835872079289,6.41281477625853,0,7103.45234532741,0,0,0,1.225
1107.37055921541,31.5294646823479,2,5,46.3778828787598,166.960378363535,6.41426264287657,0,7107.55685796655,0,0,0,1.225
1107.62055921541,31.5348531748242,2,5,46.4124499849281,167.084819945741,6.41571050707626,0,7111.66203378418,0,0,0,1.225
1107.87055921541,31.5402376565878,2,5,46.4469991584218,167.209196970319,6.41715836886669,0,7115.76787278647,0,0,0,1.225
1108.12055921541,31.5456181356791,2,5,46.4815304392155,167.333509581176,6.41860622825607,0,7119.87437497887,0,0,0,1.225
1108.37055921541,31.550994620111,2,5,46.5160438671443,167.45775792172,6.42005408525347,0,7123.98154036755,0,0,0,1.225
1108.62055921541,31.5563671178696,2,5,46.5505394819048,167.581942134857,6.4215019398689,0,7128.08936895942,0,0,0,1.225
1108.87055921541,31.5617356369142,2,5,46.5850173230554,167.706062362999,6.42294979211056,0,7132.19786075993,0,0,0,1.225
1109.12055921541,31.567100185177,2,5,46.6194774300173,167.830118748062,6.42439764198571,0,7136.30701577382,0,0,0,1.225
1109.37055921541,31.5724607705639,2,5,46.6539198420751,167.95411143147,6.42584548950435,0,7140.416834008,0,0,0,1.225
1109.62055921541,31.577817400954,2,5,46.6883445983772,168.078040554158,6.42729333467469,0,7144.52731546795,0,0,0,1.225
1109.87055921541,31.5831700842003,2,5,46.7227517379366,168.201906256572,6.42874117750489,0,7148.63846015913,0,0,0,1.225
1110.12055921541,31.5885188281291,2,5,46.7571412996318,168.325708678675,6.43018901800406,0,7152.75026808774,0,0,0,1.225
1110.37055921541,31.593863640541,2,5,46.7915133222071,168.449447959946,6.43163685618038,0,7156.86273925927,0,0,0,1.225
1110.62055921541,31.5992045292104,2,5,46.8258678442732,168.573124239384,6.43308469204203,0,7160.9758736792,0,0,0,1.225
1110.87055921541,31.6045415018856,2,5,46.8602049043082,168.696737655509,6.43453252559721,0,7165.08967135302,0,0,0,1.225
1111.12055921541,31.6098745662894,2,5,46.8945245406578,168.820288346368,6.43598035685409,0,7169.20413228622,0,0,0,1.225
1111.37055921541,31.6152037301189,2,5,46.9288267915364,168.943776449531,6.43742818582086,0,7173.31925648428,0,0,0,1.225
1111.62055921541,31.6205290010455,2,5,46.9631116950273,169.067202102098,6.43887601250754,0,7177.43504395417,0,0,0,1.225
1111.87055921541,31.6258503867153,2,5,46.9973792890834,169.1905654407,6.44032383692047,0,7181.55149469993,0,0,0,1.225
1112.12055921541,31.6311678947491,2,5,47.0316296115281,169.313866601501,6.44177165906694,0,7185.66860872635,0,0,0,1.225
1112.37055921541,31.6364815327423,2,5,47.0658627000555,169.4371057202,6.44321947895696,0,7189.78638604038,0,0,0,1.225
1112.62055921541,31.6417913082657,2,5,47.1000785922312,169.560282932032,6.4446672965978,0,7193.90482664681,0,0,0,1.225
1112.87055921541,31.6470972288646,2,5,47.1342773254933,169.683398371776,6.44611511199764,0,7198.02393055116,0,0,0,1.225
1113.12055921541,31.6523993020598,2,5,47.1684589371521,169.806452173747,6.44756292516468,0,7202.14369775894,0,0,0,1.225
1113.37055921541,31.6576975353474,2,5,47.2026234643914,169.929444471809,6.44901073610436,0,7206.26412827351,0,0,0,1.225
1113.62055921541,31.6629919361986,2,5,47.2367709442691,170.052375399369,6.45045854482942,0,7210.38522210402,0,0,0,1.225
1113.87055921541,31.6682825120604,2,5,47.2709014137174,170.175245089383,6.45190635134259,0,7214.50697925165,0,0,0,1.225
1114.12055921541,31.6735692703552,2,5,47.3050149095436,170.298053674357,6.45335415565387,0,7218.62939972338,0,0,0,1.225
1114.37055921541,31.6788522184814,2,5,47.3391114684306,170.42080128635,6.45480195777145,0,7222.75248352474,0,0,0,1.225
1114.62055921541,31.684131363813,2,5,47.3731911269377,170.543488056976,6.45624975770261,0,7226.87623066057,0,0,0,1.225
1114.87055921541,31.6894067136999,2,5,47.4072539215008,170.666114117403,6.45769755545371,0,7231.00064113494,0,0,0,1.225
1115.12055921541,31.6946782754684,2,5,47.4412998884335,170.788679598361,6.45914535103475,0,7235.12571495485,0,0,0,1.225
1115.37055921541,31.6999460564206,2,5,47.475329063927,170.911184630137,6.46059314445029,0,7239.25145212297,0,0,0,1.225
1115.62055921541,31.7052100638351,2,5,47.5093414840512,171.033629342584,6.46204093571032,0,7243.37785264628,0,0,0,1.225
1115.87055921541,31.7104703049669,2,5,47.5433371847552,171.156013865119,6.46348872482213,0,7247.50491652963,0,0,0,1.225
1116.12055921541,31.7157267870472,2,5,47.5773162018674,171.278338326723,6.46493651179026,0,7251.63264377567,0,0,0,1.225
1116.37055921541,31.7209795172843,2,5,47.6112785710968,171.400602855948,6.46638429662562,0,7255.76103439214,0,0,0,1.225
1116.62055921541,31.7262285028627,2,5,47.6452243280328,171.522807580918,6.46783207933368,0,7259.89008838244,0,0,0,1.225
1116.87055921541,31.7314737509442,2,5,47.6791535081463,171.644952629327,6.46927985992352,0,7264.01980575286,0,0,0,1.225
1117.12055921541,31.736715268667,2,5,47.7130661467901,171.767038128444,6.47072763839969,0,7268.15018650607,0,0,0,1.225
1117.37055921541,31.7419530631468,2,5,47.7469622791991,171.889064205117,6.47217541477039,0,7272.28123064766,0,0,0,1.225
1117.62055921541,31.7471871414762,2,5,47.7808419404913,172.011030985769,6.47362318904379,0,7276.41293818319,0,0,0,1.225
1117.87055921541,31.7524175107249,2,5,47.8147051656682,172.132938596406,6.47507096122445,0,7280.54530911535,0,0,0,1.225
1118.12055921541,31.7576441779403,2,5,47.8485519896153,172.254787162615,6.47651873132236,0,7284.67834345119,0,0,0,1.225
1118.37055921541,31.7628671501468,2,5,47.8823824471024,172.376576809569,6.47796649934389,0,7288.81204119483,0,0,0,1.225
1118.62055921541,31.7680864343468,2,5,47.9161965727847,172.498307662025,6.47941426529542,0,7292.94640235043,0,0,0,1.225
1118.87055921541,31.77330203752,2,5,47.9499944012026,172.619979844329,6.4808620291833,0,7297.08142692213,0,0,0,1.225
1119.12055921541,31.778513966624,2,5,47.9837759667829,172.741593480418,6.48230979101572,0,7301.21711491552,0,0,0,1.225
1119.37055921541,31.783722228594,2,5,48.0175413038388,172.86314869382,6.48375755079724,0,7305.3534663333,0,0,0,1.225
1119.62055921541,31.7889268303436,2,5,48.0512904465707,172.984645607655,6.48520530853693,0,7309.49048118181,0,0,0,1.225
1119.87055921541,31.7941277787639,2,5,48.0850234290667,173.10608434464,6.48665306424209,0,7313.62815946594,0,0,0,1.225
1120.12055921541,31.7993250807246,2,5,48.1187402853029,173.22746502709,6.48810081791726,0,7317.76650118838,0,0,0,1.225
1120.37055921541,31.8045187430733,2,5,48.1524410491442,173.348787776919,6.48954856956971,0,7321.90550635403,0,0,0,1.225
1120.62055921541,31.8097087726361,2,5,48.1861257543445,173.47005271564,6.49099631920762,0,7326.0451749685,0,0,0,1.225
1120.87055921541,31.8148951762175,2,5,48.2197944345474,173.591259964371,6.49244406683556,0,7330.18550703452,0,0,0,1.225
1121.12055921541,31.8200779606005,2,5,48.2534471232868,173.712409643832,6.49389181246079,0,7334.32650255698,0,0,0,1.225
1121.37055921541,31.8252571325467,2,5,48.287083853987,173.833501874353,6.49533955608877,0,7338.46816153932,0,0,0,1.225
1121.62055921541,31.8304326987965,2,5,48.3207046599636,173.954536775869,6.4967872977295,0,7342.61048398864,0,0,0,1.225
1121.87055921541,31.8356046660689,2,5,48.3543095744237,174.075514467925,6.49823503738571,0,7346.75346990621,0,0,0,1.225
1122.12055921541,31.840773041062,2,5,48.3878986304667,174.19643506968,6.49968277506468,0,7350.89711929694,0,0,0,1.225
1122.37055921541,31.8459378304529,2,5,48.4214718610843,174.317298699903,6.50113051077278,0,7355.04143216501,0,0,0,1.225
1122.62055921541,31.8510990408977,2,5,48.4550292991615,174.438105476981,6.50257824451819,0,7359.18640851606,0,0,0,1.225
1122.87055921541,31.8562566790316,2,5,48.4885709774768,174.558855518916,6.50402597630455,0,7363.33204835212,0,0,0,1.225
1123.12055921541,31.8614107514693,2,5,48.5220969287026,174.67954894333,6.50547370613913,0,7367.4783516781,0,0,0,1.225
1123.37055921541,31.8665612648046,2,5,48.5556071854061,174.800185867462,6.50692143402739,0,7371.62531849746,0,0,0,1.225
1123.62055921541,31.871708225611,2,5,48.589101780049,174.920766408176,6.50836915997661,0,7375.77294881515,0,0,0,1.225
1123.87055921541,31.8768516404412,2,5,48.6225807449887,175.041290681959,6.50981688399315,0,7379.92124263536,0,0,0,1.225
1124.12055921541,31.881991515828,2,5,48.6560441124786,175.161758804923,6.51126460608066,0,7384.07019996011,0,0,0,1.225
1124.37055921541,31.8871278582835,2,5,48.6894919146683,175.282170892806,6.51271232624913,0,7388.21982079653,0,0,0,1.225
1124.62055921541,31.8922606742998,2,5,48.7229241836041,175.402527060975,6.51416004449948,0,7392.37010514447,0,0,0,1.225
1124.87055921541,31.8973899703488,2,5,48.7563409512299,175.522827424427,6.51560776084261,0,7396.52105301177,0,0,0,1.225
1125.12055921541,31.9025157528826,2,5,48.7897422493869,175.643072097793,6.51705547528127,0,7400.67266439974,0,0,0,1.225
1125.37055921541,31.9076380283331,2,5,48.8231281098147,175.763261195333,6.5185031878209,0,7404.82493931187,0,0,0,1.225
1125.62055921541,31.9127568031126,2,5,48.8564985641517,175.883394830946,6.51995089846969,0,7408.97787775385,0,0,0,1.225
1125.87055921541,31.9178720836133,2,5,48.8898536439349,176.003473118166,6.5213986072331,0,7413.13147972917,0,0,0,1.225
1126.12055921541,31.9229838762082,2,5,48.9231933806013,176.123496170165,6.52284631411385,0,7417.28574523914,0,0,0,1.225
1126.37055921541,31.9280921872502,2,5,48.9565178054876,176.243464099755,6.52429401912104,0,7421.44067429019,0,0,0,1.225
1126.62055921541,31.9331970230731,2,5,48.9898269498308,176.363377019391,6.52574172226014,0,7425.59626688581,0,0,0,1.225
1126.87055921541,31.9382983899912,2,5,49.0231208447689,176.483235041168,6.52718942353386,0,7429.75252302733,0,0,0,1.225
1127.12055921541,31.9433962942992,2,5,49.0563995213411,176.603038276828,6.52863712295039,0,7433.90944272046,0,0,0,1.225
1127.37055921541,31.9484907422729,2,5,49.0896630104883,176.722786837758,6.53008482051246,0,7438.0670259665,0,0,0,1.225
1127.62055921541,31.9535817401688,2,5,49.1229113430535,176.842480834992,6.53153251622916,0,7442.2252727719,0,0,0,1.225
1127.87055921541,31.9586692942242,2,5,49.1561445497821,176.962120379216,6.53298021010414,0,7446.38418313871,0,0,0,1.225
1128.12055921541,31.9637534106575,2,5,49.1893626613228,177.081705580762,6.53442790214103,0,7450.54375706901,0,0,0,1.225
1128.37055921541,31.9688340956682,2,5,49.2225657082273,177.201236549618,6.53587559234802,0,7454.70399456849,0,0,0,1.225
1128.62055921541,31.9739113554369,2,5,49.2557537209515,177.320713395425,6.53732328073056,0,7458.86489564068,0,0,0,1.225
1128.87055921541,31.9789851961255,2,5,49.2889267298552,177.440136227479,6.53877096729138,0,7463.02646028693,0,0,0,1.225
1129.12055921541,31.9840556238772,2,5,49.3220847652029,177.559505154731,6.54021865203777,0,7467.18868851223,0,0,0,1.225
1129.37055921541,31.9891226448165,2,5,49.3552278571644,177.678820285792,6.54166633497425,0,7471.35158031937,0,0,0,1.225
1129.62055921541,31.9941862650495,2,5,49.3883560358146,177.798081728933,6.54311401610539,0,7475.51513571117,0,0,0,1.225
1129.87055921541,31.9992464906638,2,5,49.4214693311345,177.917289592084,6.54456169543664,0,7479.67935469116,0,0,0,1.225
1130.12055921541,32.0043033277287,2,5,49.4545677730114,178.036443982841,6.54600937297346,0,7483.84423726289,0,0,0,1.225
1130.37055921541,32.0093567822951,2,5,49.487651391239,178.15554500846,6.54745704872039,0,7488.00978342917,0,0,0,1.225
1130.62055921541,32.0144068603957,2,5,49.5207202155184,178.274592775866,6.54890472268289,0,7492.17599319354,0,0,0,1.225
1130.87055921541,32.0194535680452,2,5,49.5537742754579,178.393587391649,6.5503523948646,0,7496.3428665581,0,0,0,1.225
1131.12055921541,32.0244969112401,2,5,49.586813600574,178.512528962066,6.5518000652728,0,7500.51040352784,0,0,0,1.225
1131.37055921541,32.029536895959,2,5,49.6198382202912,178.631417593048,6.55324773391112,0,7504.67860410487,0,0,0,1.225
1131.62055921541,32.0345735281627,2,5,49.6528481639426,178.750253390193,6.55469540078411,0,7508.84746829202,0,0,0,1.225
1131.87055921541,32.0396068137938,2,5,49.6858434607707,178.869036458775,6.55614306589723,0,7513.01699609283,0,0,0,1.225
1132.12055921541,32.0446367587775,2,5,49.7188241399271,178.987766903738,6.55759072925412,0,7517.18718750941,0,0,0,1.225
1132.37055921541,32.0496633690212,2,5,49.7517902304734,179.106444829704,6.55903839086022,0,7521.35804254532,0,0,0,1.225
1132.62055921541,32.0546866504148,2,5,49.7847417613813,179.225070340973,6.56048605072101,0,7525.52956120413,0,0,0,1.225
1132.87055921541,32.0597066088304,2,5,49.8176787615332,179.343643541519,6.56193370883921,0,7529.70174348721,0,0,0,1.225
1133.12055921541,32.0647232501229,2,5,49.8506012597223,179.462164535,6.56338136522118,0,7533.87458939886,0,0,0,1.225
1133.37055921541,32.0697365801297,2,5,49.8835092846534,179.580633424752,6.56482901986965,0,7538.04809894046,0,0,0,1.225
1133.62055921541,32.074746604671,2,5,49.9164028649428,179.699050313794,6.5662766727919,0,7542.22227211705,0,0,0,1.225
1133.87055921541,32.0797533295495,2,5,49.9492820291189,179.817415304828,6.56772432398975,0,7546.39710892927,0,0,0,1.225
1134.12055921541,32.0847567605511,2,5,49.9821468056228,179.935728500242,6.56917197346866,0,7550.57260938072,0,0,0,1.225
1134.37055921541,32.0897569034442,2,5,50.0149972228081,180.053990002109,6.57061962123498,0,7554.74877347569,0,0,0,1.225
1134.62055921541,32.0947537639805,2,5,50.0478333089419,180.172199912191,6.57206726728964,0,7558.92560121412,0,0,0,1.225
1134.87055921541,32.0997473478946,2,5,50.0806550922047,180.290358331937,6.57351491163809,0,7563.1030925996,0,0,0,1.225
1135.12055921541,32.1047376609043,2,5,50.1134626006909,180.408465362487,6.57496255428578,0,7567.28124763571,0,0,0,1.225
1135.37055921541,32.1097247087104,2,5,50.1462558624094,180.526521104674,6.57641019523453,0,7571.46006632312,0,0,0,1.225
1135.62055921541,32.1147084969971,2,5,50.1790349052835,180.644525659021,6.57785783449253,0,7575.6395486676,0,0,0,1.225
1135.87055921541,32.1196890314319,2,5,50.2117997571517,180.762479125746,6.5793054720607,0,7579.8196946691,0,0,0,1.225
1136.12055921541,32.1246663176657,2,5,50.2445504457677,180.880381604764,6.58075310794266,0,7584.00050432977,0,0,0,1.225
1136.37055921541,32.1296403613329,2,5,50.2772869988011,180.998233195684,6.58220074214569,0,7588.18197765463,0,0,0,1.225
1136.62055921541,32.1346111680513,2,5,50.3100094438375,181.116033997815,6.58364837467252,0,7592.36411464512,0,0,0,1.225
1136.87055921541,32.1395787434224,2,5,50.3427178083789,181.233784110164,6.58509600552497,0,7596.54691530191,0,0,0,1.225
1137.12055921541,32.1445430930313,2,5,50.3754121198441,181.351483631439,6.58654363470941,0,7600.73037962933,0,0,0,1.225
1137.37055921541,32.1495042224469,2,5,50.4080924055688,181.469132660048,6.58799126222948,0,7604.91450762952,0,0,0,1.225
1137.62055921541,32.1544621372218,2,5,50.4407586928066,181.586731294104,6.58943888808881,0,7609.09929930463,0,0,0,1.225
1137.87055921541,32.1594168428926,2,5,50.4734110087286,181.704279631423,6.59088651229195,0,7613.28475465754,0,0,0,1.225
1138.12055921541,32.1643683449798,2,5,50.506049380424,181.821777769526,6.59233413484162,0,7617.47087368967,0,0,0,1.225
1138.37055921541,32.1693166489876,2,5,50.5386738349006,181.939225805642,6.59378175574057,0,7621.65765640245,0,0,0,1.225
1138.62055921541,32.1742617604048,2,5,50.5712843990852,182.056623836707,6.59522937499696,0,7625.84510280165,0,0,0,1.225
1138.87055921541,32.1792036847038,2,5,50.6038810998233,182.173971959364,6.59667699260899,0,7630.03321288509,0,0,0,1.225
1139.12055921541,32.1841424273416,2,5,50.6364639638804,182.291270269969,6.59812460858302,0,7634.22198665708,0,0,0,1.225
1139.37055921541,32.1890779937591,2,5,50.6690330179413,182.408518864589,6.59957222292451,0,7638.41142412126,0,0,0,1.225
1139.62055921541,32.1940103893819,2,5,50.7015882886115,182.525717839001,6.60101983563345,0,7642.60152527687,0,0,0,1.225
1139.87055921541,32.1989396196195,2,5,50.7341298024166,182.6428672887,6.60246744671622,0,7646.79229012824,0,0,0,1.225
1140.12055921541,32.2038656898663,2,5,50.7666575858031,182.759967308891,6.60391505617463,0,7650.98371867611,0,0,0,1.225
1140.37055921541,32.208788605501,2,5,50.7991716651387,182.877017994499,6.60536266401141,0,7655.17581092189,0,0,0,1.225
1140.62055921541,32.2137083718869,2,5,50.8316720667124,182.994019440165,6.60681027023293,0,7659.36856686993,0,0,0,1.225
1140.87055921541,32.2186249943719,2,5,50.8641588167351,183.110971740247,6.60825787484191,0,7663.56198652169,0,0,0,1.225
1141.12055921541,32.2235384782885,2,5,50.89663194134,183.227874988824,6.60970547784018,0,7667.75606987788,0,0,0,1.225
1141.37055921541,32.2284488289543,2,5,50.9290914665822,183.344729279696,6.61115307923137,0,7671.95081694066,0,0,0,1.225
1141.62055921541,32.2333560516713,2,5,50.96153741844,183.461534706384,6.61260067901821,0,7676.14622771148,0,0,0,1.225
1141.87055921541,32.2382601517266,2,5,50.9939698228145,183.578291362132,6.61404827720708,0,7680.3423021947,0,0,0,1.225
1142.12055921541,32.2431611343923,2,5,51.0263887055302,183.694999339909,6.61549587379795,0,7684.53904038959,0,0,0,1.225
1142.37055921541,32.2480590049253,2,5,51.0587940923355,183.811658732408,6.61694346879449,0,7688.73644229832,0,0,0,1.225
1142.62055921541,32.2529537685677,2,5,51.0911860089024,183.928269632049,6.61839106220305,0,7692.93450792525,0,0,0,1.225
1142.87055921541,32.2578454305466,2,5,51.1235644808274,184.044832130979,6.61983865402271,0,7697.13323726893,0,0,0,1.225
1143.12055921541,32.2627339960745,2,5,51.1559295336317,184.161346321074,6.62128624425804,0,7701.33263033227,0,0,0,1.225
1143.37055921541,32.2676194703489,2,5,51.1882811927611,184.27781229394,6.62273383291176,0,7705.53268711672,0,0,0,1.225
1143.62055921541,32.2725018585527,2,5,51.2206194835869,184.394230140913,6.62418141998751,0,7709.73340762447,0,0,0,1.225
1143.87055921541,32.2773811658542,2,5,51.2529444314058,184.510599953061,6.62562900548892,0,7713.9347918577,0,0,0,1.225
1144.12055921541,32.2822573974069,2,5,51.2852560614403,184.626921821185,6.62707658941781,0,7718.13683981714,0,0,0,1.225
1144.37055921541,32.2871305583501,2,5,51.317554398839,184.74319583582,6.62852417177692,0,7722.33955150426,0,0,0,1.225
1144.62055921541,32.2920006538083,2,5,51.3498394686769,184.859422087237,6.62997175256896,0,7726.54292692052,0,0,0,1.225
1144.87055921541,32.2968676888919,2,5,51.3821112959557,184.975600665441,6.63141933179941,0,7730.74696606957,0,0,0,1.225
1145.12055921541,32.3017316686966,2,5,51.4143699056042,185.091731660175,6.63286690946825,0,7734.95166895068,0,0,0,1.225
1145.37055921541,32.3065925983041,2,5,51.4466153224783,185.207815160922,6.63431448557822,0,7739.15703556533,0,0,0,1.225
1145.62055921541,32.3114504827817,2,5,51.4788475713616,185.323851256902,6.63576206013295,0,7743.36306591571,0,0,0,1.225
1145.87055921541,32.3163053271825,2,5,51.5110666769657,185.439840037076,6.63720963313608,0,7747.56976000401,0,0,0,1.225
1146.12055921541,32.3211571365456,2,5,51.54327266393,185.555781590148,6.63865720458762,0,7751.77711782953,0,0,0,1.225
1146.37055921541,32.3260059158958,2,5,51.5754655568227,185.671676004562,6.64010477449392,0,7755.98513939665,0,0,0,1.225
1146.62055921541,32.3308516702442,2,5,51.6076453801405,185.787523368506,6.64155234285408,0,7760.19382470392,0,0,0,1.225
1146.87055921541,32.3356944045875,2,5,51.6398121583093,185.903323769914,6.64299990967174,0,7764.40317375355,0,0,0,1.225
1147.12055921541,32.340534123909,2,5,51.6719659156842,186.019077296463,6.64444747495054,0,7768.61318654774,0,0,0,1.225
1147.37055921541,32.3453708331776,2,5,51.7041066765498,186.134784035579,6.64589503869229,0,7772.82386308724,0,0,0,1.225
1147.62055921541,32.3502045373489,2,5,51.7362344651206,186.250444074434,6.64734260089881,0,7777.0352033728,0,0,0,1.225
1147.87055921541,32.3550352413644,2,5,51.7683493055414,186.366057499949,6.64879016157192,0,7781.24720740517,0,0,0,1.225
1148.12055921541,32.3598629501521,2,5,51.8004512218873,186.481624398794,6.65023772071709,0,7785.45987518802,0,0,0,1.225
1148.37055921541,32.3646876686262,2,5,51.832540238164,186.59714485739,6.65168527833339,0,7789.6732067199,0,0,0,1.225
1148.62055921541,32.3695094016875,2,5,51.8646163783082,186.71261896191,6.65313283442538,0,7793.88720200377,0,0,0,1.225
1148.87055921541,32.374328154223,2,5,51.896679666188,186.828046798277,6.65458038899305,0,7798.10186103891,0,0,0,1.225
1149.12055921541,32.3791439311064,2,5,51.9287301256028,186.94342845217,6.65602794204005,0,7802.31718382755,0,0,0,1.225
1149.37055921541,32.3839567371981,2,5,51.9607677802839,187.058764009022,6.65747549357002,0,7806.53317037189,0,0,0,1.225
1149.62055921541,32.3887665773448,2,5,51.9927926538947,187.174053554021,6.65892304358113,0,7810.74982066977,0,0,0,1.225
1149.87055921541,32.3935734563802,2,5,52.0248047700306,187.28929717211,6.66037059207883,0,7814.96713472488,0,0,0,1.225
1150.12055921541,32.3983773791243,2,5,52.0568041522199,187.404494947992,6.66181813906496,0,7819.18511253797,0,0,0,1.225
1150.37055921541,32.4031783503844,2,5,52.0887908239238,187.519646966126,6.66326568454042,0,7823.40375410907,0,0,0,1.225
1150.62055921541,32.4079763749542,2,5,52.1207648085362,187.63475331073,6.66471322850794,0,7827.62305943967,0,0,0,1.225
1150.87055921541,32.4127714576144,2,5,52.1527261293848,187.749814065785,6.66616077097024,0,7831.84302853127,0,0,0,1.225
1151.12055921541,32.4175636031328,2,5,52.1846748097307,187.86482931503,6.66760831192732,0,7836.06366138317,0,0,0,1.225
1151.37055921541,32.422352816264,2,5,52.2166108727689,187.979799141968,6.66905585138102,0,7840.28495799613,0,0,0,1.225
1151.62055921541,32.4271391017496,2,5,52.2485343416286,188.094723629863,6.67050338933677,0,7844.50691837384,0,0,0,1.225
1151.87055921541,32.4319224643183,2,5,52.2804452393735,188.209602861745,6.67195092579277,0,7848.72954251414,0,0,0,1.225
1152.12055921541,32.4367029086862,2,5,52.3123435890017,188.324436920406,6.67339846075174,0,7852.95283041854,0,0,0,1.225
1152.37055921541,32.4414804395561,2,5,52.3442294134464,188.439225888407,6.67484599421641,0,7857.17678208853,0,0,0,1.225
1152.62055921541,32.4462550616184,2,5,52.376102735576,188.553969848073,6.67629352618678,0,7861.40139752342,0,0,0,1.225
1152.87055921541,32.4510267795506,2,5,52.4079635781941,188.668668881499,6.67774105666649,0,7865.62667672543,0,0,0,1.225
1153.12055921541,32.4557955980176,2,5,52.4398119640403,188.783323070545,6.67918858565645,0,7869.85261969462,0,0,0,1.225
1153.37055921541,32.4605615216716,2,5,52.4716479157898,188.897932496843,6.68063611315847,0,7874.07922643175,0,0,0,1.225
1153.62055921541,32.4653245551523,2,5,52.5034714560541,189.012497241795,6.68208363917256,0,7878.30649693613,0,0,0,1.225
1153.87055921541,32.4700847030869,2,5,52.5352826073812,189.127017386572,6.68353116370417,0,7882.53443121146,0,0,0,1.225
1154.12055921541,32.4748419700898,2,5,52.5670813922556,189.24149301212,6.68497868674967,0,7886.76302925413,0,0,0,1.225
1154.37055921541,32.4795963607635,2,5,52.5988678330987,189.355924199155,6.68642620831542,0,7890.99229106857,0,0,0,1.225
1154.62055921541,32.4843478796976,2,5,52.6306419522693,189.470311028169,6.68787372839961,0,7895.22221665263,0,0,0,1.225
1154.87055921541,32.4890965314696,2,5,52.6624037720632,189.584653579428,6.68932124700586,0,7899.45280600855,0,0,0,1.225
1155.12055921541,32.4938423206447,2,5,52.6941533147142,189.698951932971,6.69076876413328,0,7903.68405913492,0,0,0,1.225
1155.37055921541,32.4985852517758,2,5,52.7258906023936,189.813206168617,6.69221627978641,0,7907.91597603469,0,0,0,1.225
1155.62055921541,32.5033253294037,2,5,52.7576156572112,189.92741636596,6.69366379396251,0,7912.14855670502,0,0,0,1.225
1155.87055921541,32.5080625580569,2,5,52.7893285012149,190.041582604374,6.69511130666524,0,7916.38180114812,0,0,0,1.225
1156.12055921541,32.5127969422518,2,5,52.8210291563911,190.155704963008,6.69655881789822,0,7920.61570936624,0,0,0,1.225
1156.37055921541,32.5175284864928,2,5,52.8527176446652,190.269783520795,6.69800632765782,0,7924.85028135579,0,0,0,1.225
1156.62055921541,32.5222571952722,2,5,52.8843939879016,190.383818356446,6.69945383594768,0,7929.08551711901,0,0,0,1.225
1156.87055921541,32.5269830730705,2,5,52.916058207904,190.497809548455,6.70090134277052,0,7933.32141665739,0,0,0,1.225
1157.12055921541,32.5317061243561,2,5,52.9477103264155,190.611757175096,6.70234884812544,0,7937.55797996955,0,0,0,1.225
1157.37055921541,32.5364263535855,2,5,52.9793503651191,190.725661314429,6.70379635201334,0,7941.79520705553,0,0,0,1.225
1157.62055921541,32.5411437652035,2,5,53.0109783456376,190.839522044295,6.70524385443514,0,7946.03309791538,0,0,0,1.225
1157.87055921541,32.5458583636429,2,5,53.0425942895341,190.953339442323,6.70669135539356,0,7950.27165255063,0,0,0,1.225
1158.12055921541,32.550570153325,2,5,53.0741982183121,191.067113585924,6.70813885488951,0,7954.51087096131,0,0,0,1.225
1158.37055921541,32.5552791386592,2,5,53.1057901534158,191.180844552297,6.70958635292209,0,7958.75075314605,0,0,0,1.225
1158.62055921541,32.5599853240432,2,5,53.1373701162303,191.294532418429,6.71103384949492,0,7962.99129910706,0,0,0,1.225
1158.87055921541,32.5646887138633,2,5,53.1689381280816,191.408177261094,6.71248134460529,0,7967.2325088415,0,0,0,1.225
1159.12055921541,32.569389312494,2,5,53.2004942102372,191.521779156854,6.71392883825774,0,7971.47438235233,0,0,0,1.225
1159.37055921541,32.5740871242983,2,5,53.2320383839062,191.635338182062,6.71537633045227,0,7975.71691963889,0,0,0,1.225
1159.62055921541,32.5787821536279,2,5,53.2635706702393,191.748854412861,6.71682382118706,0,7979.96012069906,0,0,0,1.225
1159.87055921541,32.5834744048227,2,5,53.2950910903292,191.862327925185,6.71827131046575,0,7984.20398553506,0,0,0,1.225
1160.12055921541,32.5881638822115,2,5,53.3265996652109,191.975758794759,6.71971879828652,0,7988.44851414478,0,0,0,1.225
1160.37055921541,32.5928505901117,2,5,53.3580964158618,192.089147097103,6.72116628465301,0,7992.69370653046,0,0,0,1.225
1160.62055921541,32.5975345328292,2,5,53.389581363202,192.202492907527,6.72261376956612,0,7996.93956269215,0,0,0,1.225
1160.87055921541,32.6022157146586,2,5,53.4210545280942,192.315796301139,6.72406125302223,0,8001.18608262629,0,0,0,1.225
1161.12055921541,32.6068941398836,2,5,53.4525159313444,192.42905735284,6.72550873502587,0,8005.43326633583,0,0,0,1.225
1161.37055921541,32.6115698127764,2,5,53.4839655937017,192.542276137326,6.72695621557614,0,8009.68111381938,0,0,0,1.225
1161.62055921541,32.616242737598,2,5,53.5154035358591,192.655452729093,6.72840369467576,0,8013.92962507847,0,0,0,1.225
1161.87055921541,32.6209129185984,2,5,53.5468297784527,192.76858720243,6.7298511723211,0,8018.17880010951,0,0,0,1.225
1162.12055921541,32.6255803600167,2,5,53.5782443420629,192.881679631426,6.73129864851671,0,8022.42863891547,0,0,0,1.225
1162.37055921541,32.6302450660806,2,5,53.6096472472142,192.994730089971,6.73274612325986,0,8026.6791414935,0,0,0,1.225
1162.62055921541,32.6349070410071,2,5,53.6410385143753,193.107738651751,6.73419359655327,0,8030.93030784512,0,0,0,1.225
1162.87055921541,32.639566289002,2,5,53.6724181639595,193.220705390254,6.73564106839603,0,8035.18213796894,0,0,0,1.225
1163.12055921541,32.6442228142604,2,5,53.7037862163249,193.33363037877,6.73708853878907,0,8039.43463186502,0,0,0,1.225
1163.37055921541,32.6488766209663,2,5,53.7351426917744,193.446513690388,6.73853600773236,0,8043.68778953269,0,0,0,1.225
1163.62055921541,32.6535277132932,2,5,53.7664876105562,193.559355398002,6.73998347522684,0,8047.94161097201,0,0,0,1.225
1163.87055921541,32.6581760954035,2,5,53.7978209928638,193.67215557431,6.74143094127066,0,8052.19609618086,0,0,0,1.225
1164.12055921541,32.662821771449,2,5,53.8291428588363,193.784914291811,6.74287840586749,0,8056.45124516149,0,0,0,1.225
1164.37055921541,32.6674647455706,2,5,53.8604532285584,193.89763162281,6.74432586901548,0,8060.70705791177,0,0,0,1.225
1164.62055921541,32.6721050218987,2,5,53.8917521220609,194.010307639419,6.74577333071647,0,8064.9635344325,0,0,0,1.225
1164.87055921541,32.6767426045531,2,5,53.9230395593208,194.122942413555,6.74722079096773,0,8069.22067472083,0,0,0,1.225
1165.12055921541,32.6813774976427,2,5,53.9543155602614,194.235536016941,6.74866824977016,0,8073.47847877682,0,0,0,1.225
1165.37055921541,32.6860097052662,2,5,53.9855801447524,194.348088521109,6.75011570712559,0,8077.73694660126,0,0,0,1.225
1165.62055921541,32.6906392315116,2,5,54.0168333326106,194.460599997398,6.75156316303401,0,8081.99607819349,0,0,0,1.225
1165.87055921541,32.6952660804563,2,5,54.0480751435993,194.573070516958,6.75301061749178,0,8086.25587354992,0,0,0,1.225
1166.12055921541,32.6998902561675,2,5,54.0793055974294,194.685500150746,6.75445807050346,0,8090.51633267354,0,0,0,1.225
1166.37055921541,32.7045117627018,2,5,54.1105247137588,194.797888969532,6.75590552206722,0,8094.77745556222,0,0,0,1.225
1166.62055921541,32.7091306041055,2,5,54.1417325121931,194.910237043895,6.75735297218307,0,8099.03924221529,0,0,0,1.225
1166.87055921541,32.7137467844146,2,5,54.1729290122855,195.022544444228,6.75880042084918,0,8103.30169263065,0,0,0,1.225
1167.12055921541,32.7183603076546,2,5,54.2041142335372,195.134811240734,6.76024786806829,0,8107.56480680979,0,0,0,1.225
1167.37055921541,32.7229711778411,2,5,54.2352881953975,195.247037503431,6.76169531383948,0,8111.82858475134,0,0,0,1.225
1167.62055921541,32.727579398979,2,5,54.266450917264,195.359223302151,6.76314275816094,0,8116.09302645317,0,0,0,1.225
1167.87055921541,32.7321849750635,2,5,54.2976024184828,195.471368706538,6.76459020103357,0,8120.35813191534,0,0,0,1.225
1168.12055921541,32.7367879100793,2,5,54.3287427183484,195.583473786054,6.76603764245556,0,8124.62390113573,0,0,0,1.225
1168.37055921541,32.7413882080011,2,5,54.3598718361046,195.695538609977,6.76748508242872,0,8128.89033411513,0,0,0,1.225
1168.62055921541,32.7459858727935,2,5,54.3909897909439,195.807563247398,6.76893252095306,0,8133.15743085288,0,0,0,1.225
1168.87055921541,32.7505809084111,2,5,54.4220966020082,195.919547767229,6.77037995802766,0,8137.42519134758,0,0,0,1.225
1169.12055921541,32.7551733187985,2,5,54.4531922883886,196.031492238199,6.77182739365071,0,8141.6936155971,0,0,0,1.225
1169.37055921541,32.7597631078903,2,5,54.4842768691262,196.143396728854,6.77327482782221,0,8145.9627036008,0,0,0,1.225
1169.62055921541,32.764350279611,2,5,54.5153503632114,196.255261307561,6.77472226054306,0,8150.23245535871,0,0,0,1.225
1169.87055921541,32.7689348378756,2,5,54.5464127895848,196.367086042505,6.77616969181145,0,8154.50287086873,0,0,0,1.225
1170.12055921541,32.7735167865887,2,5,54.5774641671371,196.478871001694,6.77761712162737,0,8158.77395013018,0,0,0,1.225
1170.37055921541,32.7780961296456,2,5,54.6085045147094,196.590616252954,6.77906454998993,0,8163.04569314167,0,0,0,1.225
1170.62055921541,32.7826728709314,2,5,54.6395338510932,196.702321863936,6.78051197689911,0,8167.31809990254,0,0,0,1.225
1170.87055921541,32.7872470143216,2,5,54.6705521950307,196.813987902111,6.781959402354,0,8171.59117041138,0,0,0,1.225
1171.12055921541,32.791818563682,2,5,54.7015595652149,196.925614434774,6.78340682635462,0,8175.86490466753,0,0,0,1.225
1171.37055921541,32.7963875228686,2,5,54.7325559802899,197.037201529044,6.78485424889914,0,8180.13930266886,0,0,0,1.225
1171.62055921541,32.8009538957279,2,5,54.763541458851,197.148749251863,6.78630166998755,0,8184.41436441471,0,0,0,1.225
1171.87055921541,32.8055176860966,2,5,54.7945160194448,197.260257670001,6.78774908961896,0,8188.69008990368,0,0,0,1.225
1172.12055921541,32.810078897802,2,5,54.8254796805695,197.37172685005,6.78919650779335,0,8192.9664791351,0,0,0,1.225
1172.37055921541,32.8146375346616,2,5,54.8564324606752,197.483156858431,6.790643924508,0,8197.24353210612,0,0,0,1.225
1172.62055921541,32.8191936004836,2,5,54.8873743781636,197.594547761389,6.79209133976383,0,8201.52124881679,0,0,0,1.225
1172.87055921541,32.8237470990665,2,5,54.9183054513886,197.705899624999,6.79353875356082,0,8205.79962926645,0,0,0,1.225
1173.12055921541,32.8282980341996,2,5,54.9492256986564,197.817212515163,6.79498616589444,0,8210.07867345078,0,0,0,1.225
1173.37055921541,32.8328464096625,2,5,54.9801351382256,197.928486497612,6.79643357676832,0,8214.35838137203,0,0,0,1.225
1173.62055921541,32.8373922292256,2,5,55.0110337883073,198.039721637906,6.79788098617882,0,8218.63875302661,0,0,0,1.225
1173.87055921541,32.84193549665,2,5,55.0419216670654,198.150918001435,6.79932839412504,0,8222.91978841312,0,0,0,1.225
1174.12055921541,32.8464762156871,2,5,55.0727987926167,198.26207565342,6.80077580060606,0,8227.20148753016,0,0,0,1.225
1174.37055921541,32.8510143900794,2,5,55.1036651830312,198.373194658912,6.80222320562189,0,8231.48385037707,0,0,0,1.225
1174.62055921541,32.8555500235601,2,5,55.1345208563319,198.484275082795,6.8036706091716,0,8235.76687695243,0,0,0,1.225
1174.87055921541,32.8600831198529,2,5,55.1653658304955,198.595316989784,6.80511801125158,0,8240.05056725266,0,0,0,1.225
1175.12055921541,32.8646136826725,2,5,55.1962001234522,198.706320444428,6.80656541186363,0,8244.33492127855,0,0,0,1.225
1175.37055921541,32.8691417157245,2,5,55.2270237530858,198.817285511109,6.80801281100503,0,8248.61993902723,0,0,0,1.225
1175.62055921541,32.8736672227052,2,5,55.2578367372341,198.928212254043,6.80946020867577,0,8252.90562049804,0,0,0,1.225
1175.87055921541,32.8781902073019,2,5,55.2886390936891,199.039100737281,6.81090760487314,0,8257.1919656881,0,0,0,1.225
1176.12055921541,32.8827106731928,2,5,55.3194308401969,199.149951024709,6.8123549995953,0,8261.47897459529,0,0,0,1.225
1176.37055921541,32.887228624047,2,5,55.3502119944579,199.260763180049,6.81380239284499,0,8265.76664722112,0,0,0,1.225
1176.62055921541,32.8917440635248,2,5,55.3809825741274,199.371537266859,6.81524978461675,0,8270.05498356055,0,0,0,1.225
1176.87055921541,32.8962569952773,2,5,55.411742596815,199.482273348534,6.8166971749115,0,8274.34398361361,0,0,0,1.225
1177.12055921541,32.9007674229467,2,5,55.4424920800855,199.592971488308,6.81814456372649,0,8278.63364737744,0,0,0,1.225
1177.37055921541,32.9052753501665,2,5,55.4732310414585,199.703631749251,6.81959195106174,0,8282.92397485138,0,0,0,1.225
1177.62055921541,32.9097807805609,2,5,55.5039594984091,199.814254194273,6.82103933691451,0,8287.21496603256,0,0,0,1.225
1177.87055921541,32.9142837177456,2,5,55.5346774683673,199.924838886122,6.8224867212848,0,8291.50662092029,0,0,0,1.225
1178.12055921541,32.9187841653273,2,5,55.565384968719,200.035385887389,6.82393410416989,0,8295.7989395117,0,0,0,1.225
1178.37055921541,32.9232821269041,2,5,55.5960820168057,200.1458952605,6.82538148556796,0,8300.09192180467,0,0,0,1.225
1178.62055921541,32.9277776060652,2,5,55.6267686299244,200.256367067728,6.826828865479,0,8304.38556779851,0,0,0,1.225
1178.87055921541,32.9322706063909,2,5,55.6574448253285,200.366801371183,6.82827624390029,0,8308.67987749036,0,0,0,1.225
1179.12055921541,32.9367611314531,2,5,55.6881106202273,200.477198232818,6.82972362083092,0,8312.97485087879,0,0,0,1.225
1179.37055921541,32.941249184815,2,5,55.7187660317863,200.587557714431,6.83117099626998,0,8317.2704879624,0,0,0,1.225
1179.62055921541,32.9457347700308,2,5,55.7494110771277,200.69787987766,6.83261837021382,0,8321.56678873759,0,0,0,1.225
1179.87055921541,32.9502178906466,2,5,55.78004577333,200.808164783988,6.83406574266155,0,8325.86375320295,0,0,0,1.225
1180.12055921541,32.9546985501996,2,5,55.8106701374285,200.918412494743,6.83551311361225,0,8330.16138135706,0,0,0,1.225
1180.37055921541,32.9591767522184,2,5,55.8412841864155,201.028623071096,6.8369604830641,0,8334.45967319778,0,0,0,1.225
1180.62055921541,32.9636525002232,2,5,55.8718879372403,201.138796574065,6.83840785101438,0,8338.75862872223,0,0,0,1.225
1180.87055921541,32.9681257977258,2,5,55.9024814068093,201.248933064514,6.83985521746217,0,8343.05824792901,0,0,0,1.225
1181.12055921541,32.9725966482294,2,5,55.9330646119862,201.35903260315,6.84130258240384,0,8347.3585308145,0,0,0,1.225
1181.37055921541,32.9770650552286,2,5,55.9636375695924,201.469095250532,6.8427499458403,0,8351.65947737875,0,0,0,1.225
1181.62055921541,32.98153102221,2,5,55.9942002964065,201.579121067063,6.84419730776972,0,8355.9610876196,0,0,0,1.225
1181.87055921541,32.9859945526515,2,5,56.0247528091654,201.689110112995,6.84564466818756,0,8360.26336153272,0,0,0,1.225
1182.12055921541,32.9904556500227,2,5,56.0552951245634,201.799062448428,6.84709202709291,0,8364.5662991167,0,0,0,1.225
1182.37055921541,32.9949143177849,2,5,56.0858272592533,201.908978133312,6.84853938448578,0,8368.86990037084,0,0,0,1.225
1182.62055921541,32.9993705593912,2,5,56.1163492298457,202.018857227445,6.8499867403616,0,8373.1741652908,0,0,0,1.225
1182.87055921541,33.0038243782863,2,5,56.14686105291,202.128699790476,6.85143409471857,0,8377.47909387443,0,0,0,1.225
1183.12055921541,33.0082757779066,2,5,56.1773627449736,202.238505881905,6.85288144755577,0,8381.78468612031,0,0,0,1.225
1183.37055921541,33.0127247616805,2,5,56.2078543225229,202.348275561082,6.8543287988723,0,8386.09094202701,0,0,0,1.225
1183.62055921541,33.0171713330281,2,5,56.2383358020029,202.45800888721,6.85577614866361,0,8390.39786159019,0,0,0,1.225
1183.87055921541,33.0216154953613,2,5,56.2688071998175,202.567705919343,6.85722349692696,0,8394.70544480697,0,0,0,1.225
1184.12055921541,33.026057252084,2,5,56.2992685323298,202.677366716387,6.85867084366419,0,8399.01369167811,0,0,0,1.225
1184.37055921541,33.0304966065918,2,5,56.329719815862,202.786991337103,6.86011818886982,0,8403.32260219852,0,0,0,1.225
1184.62055921541,33.0349335622723,2,5,56.3601610666956,202.896579840104,6.86156553254295,0,8407.63217636679,0,0,0,1.225
1184.87055921541,33.0393681225053,2,5,56.3905923010716,203.006132283858,6.86301287467995,0,8411.9424141793,0,0,0,1.225
1185.12055921541,33.0438002906621,2,5,56.4210135351906,203.115648726686,6.864460215279,0,8416.25331563388,0,0,0,1.225
1185.37055921541,33.0482300701064,2,5,56.4514247852131,203.225129226767,6.86590755433917,0,8420.56488072911,0,0,0,1.225
1185.62055921541,33.0526574641938,2,5,56.4818260672592,203.334573842133,6.86735489185776,0,8424.87710946209,0,0,0,1.225
1185.87055921541,33.0570824762719,2,5,56.5122173974092,203.443982630673,6.86880222783202,0,8429.19000182993,0,0,0,1.225
1186.12055921541,33.0615051096804,2,5,56.5425987917036,203.553355650133,6.87024956226014,0,8433.50355783046,0,0,0,1.225
1186.37055921541,33.0659253677513,2,5,56.5729702661431,203.662692958115,6.87169689513757,0,8437.81777745934,0,0,0,1.225
1186.62055921541,33.0703432538085,2,5,56.6033318366889,203.77199461208,6.87314422646341,0,8442.13266071513,0,0,0,1.225
1186.87055921541,33.0747587711681,2,5,56.6336835192625,203.881260669345,6.87459155623674,0,8446.44820759638,0,0,0,1.225
1187.12055921541,33.0791719231385,2,5,56.6640253297466,203.990491187088,6.87603888445301,0,8450.76441809874,0,0,0,1.225
1187.37055921541,33.0835827130202,2,5,56.6943572839842,204.099686222343,6.87748621110859,0,8455.08129221859,0,0,0,1.225
1187.62055921541,33.087991144106,2,5,56.7246793977796,204.208845832007,6.8789335362053,0,8459.39882995667,0,0,0,1.225
1187.87055921541,33.092397219681,2,5,56.754991686898,204.317970072833,6.88038085973585,0,8463.71703130643,0,0,0,1.225
1188.12055921541,33.0968009430225,2,5,56.785294167066,204.427059001438,6.88182818170026,0,8468.03589626716,0,0,0,1.225
1188.37055921541,33.1012023174002,2,5,56.8155868539714,204.536112674297,6.88327550209578,0,8472.35542483596,0,0,0,1.225
1188.62055921541,33.1056013460761,2,5,56.8458697632636,204.645131147749,6.88472282091971,0,8476.67561700991,0,0,0,1.225
1188.87055921541,33.1099980323045,2,5,56.8761429105534,204.754114477992,6.88617013816747,0,8480.99647278466,0,0,0,1.225
1189.12055921541,33.1143923793323,2,5,56.9064063114137,204.863062721089,6.88761745383908,0,8485.31799215949,0,0,0,1.225
1189.37055921541,33.1187843903986,2,5,56.9366599813788,204.971975932964,6.88906476792999,0,8489.64017513003,0,0,0,1.225
1189.62055921541,33.1231740687351,2,5,56.9669039359454,205.080854169404,6.89051208043838,0,8493.9630216941,0,0,0,1.225
1189.87055921541,33.1275614175658,2,5,56.9971381905722,205.18969748606,6.89195939136061,0,8498.28653184807,0,0,0,1.225
1190.12055921541,33.1319464401073,2,5,57.0273627606801,205.298505938448,6.89340670069487,0,8502.61070558974,0,0,0,1.225
1190.37055921541,33.1363291395688,2,5,57.0575776616523,205.407279581948,6.89485400843841,0,8506.93554291621,0,0,0,1.225
1190.62055921541,33.1407095191518,2,5,57.0877829088347,205.516018471805,6.89630131458853,0,8511.26104382455,0,0,0,1.225
1190.87055921541,33.1450875820506,2,5,57.1179785175357,205.624722663129,6.89774861913975,0,8515.58720830968,0,0,0,1.225
1191.12055921541,33.1494633314521,2,5,57.1481645030265,205.733392210895,6.89919592209208,0,8519.91403637086,0,0,0,1.225
1191.37055921541,33.1538367705356,2,5,57.1783408805411,205.842027169948,6.90064322344188,0,8524.24152800444,0,0,0,1.225
1191.62055921541,33.1582079024731,2,5,57.2085076652767,205.950627594996,6.90209052318369,0,8528.56968320532,0,0,0,1.225
1191.87055921541,33.1625767304294,2,5,57.2386648723932,206.059193540616,6.90353782131842,0,8532.89850197348,0,0,0,1.225
1192.12055921541,33.166943257562,2,5,57.2688125170143,206.167725061252,6.90498511784244,0,8537.22798430529,0,0,0,1.225
1192.37055921541,33.1713074870208,2,5,57.2989506142266,206.276222211216,6.90643241275029,0,8541.55813019562,0,0,0,1.225
1192.62055921541,33.1756694219488,2,5,57.3290791790805,206.38468504469,6.90787970604015,0,8545.88893964229,0,0,0,1.225
1192.87055921541,33.1800290654816,2,5,57.3591982265898,206.493113615723,6.90932699770929,0,8550.22041264237,0,0,0,1.225
1193.12055921541,33.1843864207475,2,5,57.389307771732,206.601507978235,6.91077428775225,0,8554.55254919075,0,0,0,1.225
1193.37055921541,33.1887414908678,2,5,57.4194078294488,206.709868186016,6.91222157617085,0,8558.88534928812,0,0,0,1.225
1193.62055921541,33.1930942789565,2,5,57.4494984146454,206.818194292723,6.91366886295782,0,8563.21881292794,0,0,0,1.225
1193.87055921541,33.1974447881204,2,5,57.4795795421914,206.926486351889,6.91511614810952,0,8567.55294010653,0,0,0,1.225
1194.12055921541,33.2017930214592,2,5,57.5096512269206,207.034744416914,6.91656343162595,0,8571.88773082314,0,0,0,1.225
1194.37055921541,33.2061389820657,2,5,57.5397134836308,207.142968541071,6.91801071350255,0,8576.22318507338,0,0,0,1.225
1194.62055921541,33.2104826730254,2,5,57.5697663270847,207.251158777505,6.9194579937348,0,8580.55930285287,0,0,0,1.225
1194.87055921541,33.2148240974167,2,5,57.5998097720092,207.359315179233,6.92090527231903,0,8584.89608415793,0,0,0,1.225
1195.12055921541,33.2191632583113,2,5,57.6298438330961,207.467437799146,6.92235254925436,0,8589.23352898708,0,0,0,1.225
1195.37055921541,33.2235001587734,2,5,57.6598685250018,207.575526690006,6.92379982453713,0,8593.57163733666,0,0,0,1.225
1195.62055921541,33.2278348018606,2,5,57.6898838623477,207.683581904452,6.92524709816098,0,8597.91040920079,0,0,0,1.225
1195.87055921541,33.2321671906234,2,5,57.7198898597203,207.791603494993,6.92669437012501,0,8602.24984457801,0,0,0,1.225
1196.12055921541,33.2364973281054,2,5,57.749886531671,207.899591514016,6.92814164042647,0,8606.58994346536,0,0,0,1.225
1196.37055921541,33.2408252173431,2,5,57.7798738927167,208.00754601378,6.92958890906084,0,8610.93070585844,0,0,0,1.225
1196.62055921541,33.2451508613663,2,5,57.8098519573396,208.115467046423,6.93103617602264,0,8615.27213175211,0,0,0,1.225
1196.87055921541,33.2494742631979,2,5,57.8398207399872,208.223354663954,6.93248344131189,0,8619.61422114561,0,0,0,1.225
1197.12055921541,33.2537954258539,2,5,57.8697802550728,208.331208918262,6.93393070492129,0,8623.95697403235,0,0,0,1.225
1197.37055921541,33.2581143523434,2,5,57.8997305169752,208.439029861111,6.93537796685087,0,8628.30039041155,0,0,0,1.225
1197.62055921541,33.2624310456687,2,5,57.9296715400393,208.546817544142,6.93682522709423,0,8632.64447027736,0,0,0,1.225
1197.87055921541,33.2667455088256,2,5,57.9596033385756,208.654572018872,6.9382724856514,0,8636.98921362899,0,0,0,1.225
1198.12055921541,33.2710577448026,2,5,57.9895259268609,208.762293336699,6.93971974251417,0,8641.33462045911,0,0,0,1.225
1198.37055921541,33.275367756582,2,5,58.0194393191378,208.869981548896,6.94116699768165,0,8645.68069076623,0,0,0,1.225
1198.62055921541,33.279675547139,2,5,58.0493435296156,208.977636706616,6.94261425115019,0,8650.02742454666,0,0,0,1.225
1198.87055921541,33.2839811194422,2,5,58.0792385724696,209.085258860891,6.94406150291434,0,8654.37482179524,0,0,0,1.225
1199.12055921541,33.2882844764535,2,5,58.1091244618417,209.19284806263,6.94550875297045,0,8658.72288250828,0,0,0,1.225
1199.37055921541,33.2925856211283,2,5,58.1390012118404,209.300404362626,6.94695600131763,0,8663.07160668427,0,0,0,1.225
1199.62055921541,33.2968845564151,2,5,58.1688688365409,209.407927811547,6.9484032479495,0,8667.42099431733,0,0,0,1.225
1199.87055921541,33.301181285256,2,5,58.1987273499851,209.515418459946,6.94985049286242,0,8671.77104540376,0,0,0,1.225
1200.12055921541,33.3054758105864,2,5,58.2285767661819,209.622876358255,6.95129773605368,0,8676.12175994059,0,0,0,1.225
1200.37055921541,33.309768135335,2,5,58.258417099107,209.730301556785,6.95274497751871,0,8680.47313792339,0,0,0,1.225
1200.62055921541,33.3140582624243,2,5,58.2882483627036,209.837694105733,6.95419221725206,0,8684.825179347,0,0,0,1.225
1200.87055921541,33.3183461947698,2,5,58.3180705708818,209.945054055174,6.95563945525282,0,8689.17788420989,0,0,0,1.225
1201.12055921541,33.3226319352809,2,5,58.347883737519,210.052381455069,6.95708669151554,0,8693.5312525069,0,0,0,1.225
1201.37055921541,33.3269154868603,2,5,58.3776878764603,210.159676355257,6.95853392603658,0,8697.88528423432,0,0,0,1.225
1201.62055921541,33.3311968524042,2,5,58.4074830015182,210.266938805466,6.95998115881139,0,8702.23997938772,0,0,0,1.225
1201.87055921541,33.3354760348023,2,5,58.4372691264727,210.374168855302,6.96142838983451,0,8706.59533796192,0,0,0,1.225
1202.12055921541,33.3397530369382,2,5,58.4670462650717,210.481366554258,6.96287561910594,0,8710.95135995612,0,0,0,1.225
1202.37055921541,33.3440278616886,2,5,58.4968144310309,210.588531951711,6.96432284661751,0,8715.30804536297,0,0,0,1.225
1202.62055921541,33.3483005119242,2,5,58.526573638034,210.695665096922,6.96577007236829,0,8719.66539418092,0,0,0,1.225
1202.87055921541,33.3525709905092,2,5,58.5563238997326,210.802766039037,6.96721729635192,0,8724.02340640408,0,0,0,1.225
1203.12055921541,33.3568393003013,2,5,58.5860652297466,210.909834827088,6.96866451856386,0,8728.38208202799,0,0,0,1.225
1203.37055921541,33.361105444152,2,5,58.6157976416641,211.016871509991,6.97011173900228,0,8732.74142105039,0,0,0,1.225
1203.62055921541,33.3653694249066,2,5,58.6455211490415,211.12387613655,6.97155895766082,0,8737.10142346536,0,0,0,1.225
1203.87055921541,33.3696312454038,2,5,58.6752357654039,211.230848755454,6.97300617453857,0,8741.46208927137,0,0,0,1.225
1204.12055921541,33.3738909084764,2,5,58.7049415042445,211.33778941528,6.97445338962734,0,8745.82341846103,0,0,0,1.225
1204.37055921541,33.3781484169506,2,5,58.7346383790256,211.444698164492,6.9759006029235,0,8750.18541103062,0,0,0,1.225
1204.62055921541,33.3824037736465,2,5,58.764326403178,211.551575051441,6.97734781442523,0,8754.54806697786,0,0,0,1.225
1204.87055921541,33.3866569813781,2,5,58.7940055901015,211.658420124365,6.97879502412616,0,8758.91138629684,0,0,0,1.225
1205.12055921541,33.390908042953,2,5,58.8236759531646,211.765233431393,6.98024223202174,0,8763.27536898307,0,0,0,1.225
1205.37055921541,33.3951569611728,2,5,58.8533375057052,211.872015020539,6.98168943810924,0,8767.64001503356,0,0,0,1.225
1205.62055921541,33.3994037388327,2,5,58.8829902610302,211.978764939709,6.98313664238231,0,8772.00532444237,0,0,0,1.225
1205.87055921541,33.4036483787221,2,5,58.9126342324155,212.085483236696,6.9845838448382,0,8776.3712972065,0,0,0,1.225
1206.12055921541,33.407890883624,2,5,58.9422694331068,212.192169959184,6.98603104547055,0,8780.73793332,0,0,0,1.225
1206.37055921541,33.4121312563153,2,5,58.9718958763189,212.298825154748,6.98747824427755,0,8785.10523278059,0,0,0,1.225
1206.62055921541,33.4163694995671,2,5,59.0015135752362,212.40544887085,6.98892544125283,0,8789.47319558233,0,0,0,1.225
1206.87055921541,33.4206056161442,2,5,59.0311225430127,212.512041154846,6.99037263639275,0,8793.84182172147,0,0,0,1.225
1207.12055921541,33.4248396088053,2,5,59.0607227927724,212.618602053981,6.99181982969185,0,8798.21111119281,0,0,0,1.225
1207.37055921541,33.4290714803032,2,5,59.0903143376088,212.725131615392,6.99326702114558,0,8802.58106399185,0,0,0,1.225
1207.62055921541,33.4333012333846,2,5,59.1198971905854,212.831629886108,6.99471421075123,0,8806.95168011556,0,0,0,1.225
1207.87055921541,33.4375288707904,2,5,59.1494713647358,212.938096913049,6.99616139850241,0,8811.32295955801,0,0,0,1.225
1208.12055921541,33.4417543952554,2,5,59.1790368730637,213.044532743029,6.99760858439367,0,8815.69490231397,0,0,0,1.225
1208.37055921541,33.4459778095083,2,5,59.2085937285428,213.150937422754,6.99905576842139,0,8820.06750837967,0,0,0,1.225
1208.62055921541,33.4501991162721,2,5,59.2381419441173,213.257310998822,7.0005029505819,0,8824.44077775136,0,0,0,1.225
1208.87055921541,33.4544183182638,2,5,59.2676815327017,213.363653517726,7.00195013086977,0,8828.8147104238,0,0,0,1.225
1209.12055921541,33.4586354181945,2,5,59.297212507181,213.469965025852,7.00339730927953,0,8833.18930639177,0,0,0,1.225
1209.37055921541,33.4628504187693,2,5,59.3267348804108,213.576245569479,7.00484448580755,0,8837.56456565149,0,0,0,1.225
1209.62055921541,33.4670633226877,2,5,59.3562486652174,213.682495194783,7.00629166044837,0,8841.94048819774,0,0,0,1.225
1209.87055921541,33.4712741326431,2,5,59.3857538743976,213.788713947831,7.00773883319562,0,8846.31707402454,0,0,0,1.225
1210.12055921541,33.4754828513231,2,5,59.4152505207194,213.89490187459,7.00918600404839,0,8850.69432313032,0,0,0,1.225
1210.37055921541,33.4796894814097,2,5,59.4447386169214,214.001059020917,7.01063317299759,0,8855.0722355069,0,0,0,1.225
1210.62055921541,33.483894025579,2,5,59.4742181757134,214.107185432568,7.01208034004139,0,8859.45081115197,0,0,0,1.225
1210.87055921541,33.4880964865012,2,5,59.5036892097765,214.213281155195,7.01352750517344,0,8863.83005005956,0,0,0,1.225
1211.12055921541,33.4922968668408,2,5,59.5331517317625,214.319346234345,7.01497466838919,0,8868.20995222515,0,0,0,1.225
1211.37055921541,33.4964951692567,2,5,59.562605754295,214.425380715462,7.01642182968408,0,8872.59051764421,0,0,0,1.225
1211.62055921541,33.5006913964019,2,5,59.5920512899687,214.531384643887,7.01786898905266,0,8876.9717463115,0,0,0,1.225
1211.87055921541,33.5048855509239,2,5,59.6214883513499,214.637358064859,7.01931614648947,0,8881.35363822178,0,0,0,1.225
1212.12055921541,33.5090776354642,2,5,59.6509169509762,214.743301023514,7.02076330198906,0,8885.73619336977,0,0,0,1.225
1212.37055921541,33.513267652659,2,5,59.6803371013574,214.849213564886,7.02221045554961,0,8890.11941175314,0,0,0,1.225
1212.62055921541,33.5174556051385,2,5,59.7097488149743,214.955095733908,7.02365760716202,0,8894.50329336372,0,0,0,1.225
1212.87055921541,33.5216414955276,2,5,59.7391521042802,215.060947575409,7.02510475682357,0,8898.88783819844,0,0,0,1.225
1213.12055921541,33.5258253264452,2,5,59.7685469816998,215.166769134119,7.02655190452788,0,8903.27304625129,0,0,0,1.225
1213.37055921541,33.530007100505,2,5,59.7979334596302,215.272560454669,7.02799905027041,0,8907.65891751775,0,0,0,1.225
1213.62055921541,33.5341868203148,2,5,59.8273115504402,215.378321581585,7.02944619404752,0,8912.04545199399,0,0,0,1.225
1213.87055921541,33.538364488477,2,5,59.8566812664711,215.484052559296,7.03089333585103,0,8916.43264967258,0,0,0,1.225
1214.12055921541,33.5425401075883,2,5,59.8860426200362,215.58975343213,7.03234047567821,0,8920.8205105504,0,0,0,1.225
1214.37055921541,33.5467136802402,2,5,59.9153956234214,215.695424244317,7.03378761352178,0,8925.20903462075,0,0,0,1.225
1214.62055921541,33.5508852090182,2,5,59.9447402888846,215.801065039985,7.03523474937811,0,8929.59822187979,0,0,0,1.225
1214.87055921541,33.5550546965026,2,5,59.9740766286566,215.906675863164,7.03668188324082,0,8933.98807232151,0,0,0,1.225
1215.12055921541,33.5592221452683,2,5,60.0034046549407,216.012256757787,7.03812901510537,0,8938.37858594136,0,0,0,1.225
1215.37055921541,33.5633875578845,2,5,60.0327243799128,216.117807767686,7.03957614496721,0,8942.76976273479,0,0,0,1.225
1215.62055921541,33.567550936915,2,5,60.0620358157216,216.223328936598,7.04102327281817,0,8947.16160269433,0,0,0,1.225
1215.87055921541,33.5717122849182,2,5,60.0913389744886,216.328820308159,7.0424703986555,0,8951.55410581686,0,0,0,1.225
1216.12055921541,33.5758716044472,2,5,60.1206338683083,216.43428192591,7.04391752247466,0,8955.94727209782,0,0,0,1.225
1216.37055921541,33.5800288980494,2,5,60.1499205092481,216.539713833293,7.04536464426565,0,8960.34110152829,0,0,0,1.225
1216.62055921541,33.5841841682671,2,5,60.1791989093486,216.645116073655,7.04681176402846,0,8964.73559410732,0,0,0,1.225
1216.87055921541,33.5883374176372,2,5,60.2084690806234,216.750488690244,7.0482588817531,0,8969.13074982598,0,0,0,1.225
1217.12055921541,33.592488648691,2,5,60.2377310350596,216.855831726215,7.04970599743774,0,8973.52656868189,0,0,0,1.225
1217.37055921541,33.5966378639547,2,5,60.2669847846174,216.961145224623,7.0511531110742,0,8977.92305066754,0,0,0,1.225
1217.62055921541,33.6007850659491,2,5,60.2962303412306,217.06642922843,7.05260022265884,0,8982.32019577909,0,0,0,1.225
1217.87055921541,33.6049302571897,2,5,60.3254677168064,217.171683780503,7.05404733218438,0,8986.71800400978,0,0,0,1.225
1218.12055921541,33.6090734401867,2,5,60.3546969232256,217.276908923612,7.05549443964719,0,8991.11647535574,0,0,0,1.225
1218.37055921541,33.613214617445,2,5,60.3839179723425,217.382104700433,7.05694154503908,0,8995.51560980949,0,0,0,1.225
1218.62055921541,33.6173537914643,2,5,60.4131308759853,217.487271153547,7.05838864835732,0,8999.91540736788,0,0,0,1.225
1218.87055921541,33.621490964739,2,5,60.4423356459561,217.592408325442,7.05983574959373,0,9004.31586802341,0,0,0,1.225
1219.12055921541,33.6256261397582,2,5,60.4715322940308,217.697516258511,7.06128284874376,0,9008.71699177149,0,0,0,1.225
1219.37055921541,33.629759319006,2,5,60.500720831959,217.802594995053,7.06272994580286,0,9013.11877860751,0,0,0,1.225
1219.62055921541,33.6338905049611,2,5,60.5299012714649,217.907644577273,7.06417704076466,0,9017.52122852543,0,0,0,1.225
1219.87055921541,33.6380197000972,2,5,60.5590736242463,218.012665047287,7.06562413362099,0,9021.92434151774,0,0,0,1.225
1220.12055921541,33.6421469068826,2,5,60.5882379019755,218.117656447112,7.06707122437001,0,9026.32811758199,0,0,0,1.225
1220.37055921541,33.6462721277806,2,5,60.617394116299,218.222618818676,7.06851831300264,0,9030.73255670996,0,0,0,1.225
1220.62055921541,33.6503953652493,2,5,60.6465422788377,218.327552203816,7.06996539951433,0,9035.13765889703,0,0,0,1.225
1220.87055921541,33.6545166217418,2,5,60.6756824011869,218.432456644273,7.07141248389962,0,9039.54342413786,0,0,0,1.225
1221.12055921541,33.6586358997059,2,5,60.7048144949164,218.537332181699,7.07285956615397,0,9043.94985242784,0,0,0,1.225
1221.37055921541,33.6627532015845,2,5,60.7339385715707,218.642178857654,7.07430664626827,0,9048.35694375869,0,0,0,1.225
1221.62055921541,33.6668685298153,2,5,60.7630546426687,218.746996713608,7.07575372423798,0,9052.76469812581,0,0,0,1.225
1221.87055921541,33.6709818868309,2,5,60.7921627197044,218.851785790936,7.07720080005856,0,9057.17311552458,0,0,0,1.225
1222.12055921541,33.6750932750589,2,5,60.8212628141464,218.956546130927,7.07864787372273,0,9061.58219594817,0,0,0,1.225
1222.37055921541,33.6792026969221,2,5,60.8503549374382,219.061277774777,7.08009494522594,0,9065.99193939196,0,0,0,1.225
1222.62055921541,33.6833101548378,2,5,60.8794391009982,219.165980763594,7.08154201456,0,9070.40234584842,0,0,0,1.225
1222.87055921541,33.6874156512187,2,5,60.9085153162201,219.270655138392,7.08298908171946,0,9074.81341531216,0,0,0,1.225
1223.12055921541,33.6915191884723,2,5,60.9375835944725,219.375300940101,7.08443614669977,0,9079.22514777856,0,0,0,1.225
1223.37055921541,33.6956207690013,2,5,60.9666439470993,219.479918209557,7.08588320949457,0,9083.63754324152,0,0,0,1.225
1223.62055921541,33.6997203952033,2,5,60.9956963854195,219.58450698751,7.08733027009657,0,9088.05060169422,0,0,0,1.225
1223.87055921541,33.7038180694709,2,5,61.0247409207276,219.689067314619,7.08877732849942,0,9092.46432313055,0,0,0,1.225
1224.12055921541,33.707913794192,2,5,61.0537775642934,219.793599231456,7.09022438469765,0,9096.87870754513,0,0,0,1.225
1224.37055921541,33.7120075717493,2,5,61.0828063273624,219.898102778505,7.09167143868763,0,9101.29375493405,0,0,0,1.225
1224.62055921541,33.7160994045208,2,5,61.1118272211554,220.00257799616,7.09311849045844,0,9105.70946528755,0,0,0,1.225
1224.87055921541,33.7201892948796,2,5,61.140840256869,220.107024924728,7.09456554000826,0,9110.12583860316,0,0,0,1.225
1225.12055921541,33.7242772451938,2,5,61.1698454456753,220.211443604431,7.096012587328,0,9114.54287487258,0,0,0,1.225
1225.37055921541,33.7283632578267,2,5,61.1988427987224,220.315834075401,7.09745963241403,0,9118.96057409187,0,0,0,1.225
1225.62055921541,33.7324473351368,2,5,61.2278323271342,220.420196377683,7.09890667525724,0,9123.37893625273,0,0,0,1.225
1225.87055921541,33.7365294794777,2,5,61.2568140420103,220.524530551237,7.10035371585309,0,9127.79796135049,0,0,0,1.225
1226.12055921541,33.7406096931983,2,5,61.2857879544267,220.628836635936,7.10180075419339,0,9132.21764937757,0,0,0,1.225
1226.37055921541,33.7446879786426,2,5,61.3147540754349,220.733114671566,7.10324779027542,0,9136.63800033075,0,0,0,1.225
1226.62055921541,33.7487643381497,2,5,61.3437124160631,220.837364697827,7.10469482409007,0,9141.05901420171,0,0,0,1.225
1226.87055921541,33.7528387740541,2,5,61.3726629873153,220.941586754335,7.10614185563099,0,9145.48069098432,0,0,0,1.225
1227.12055921541,33.7569112886855,2,5,61.401605800172,221.045780880619,7.10758888489363,0,9149.9030306739,0,0,0,1.225
1227.37055921541,33.7609818843689,2,5,61.4305408655899,221.149947116124,7.1090359118698,0,9154.32603326283,0,0,0,1.225
1227.62055921541,33.7650505634243,2,5,61.4594681945021,221.254085500208,7.11048293655404,0,9158.74969874572,0,0,0,1.225
1227.87055921541,33.7691173281674,2,5,61.4883877978183,221.358196072146,7.11192995893998,0,9163.17402711641,0,0,0,1.225
1228.12055921541,33.7731821809088,2,5,61.5172996864246,221.462278871129,7.11337697901945,0,9167.5990183673,0,0,0,1.225
1228.37055921541,33.7772451239546,2,5,61.5462038711839,221.566333936262,7.11482399678971,0,9172.02467249514,0,0,0,1.225
1228.62055921541,33.7813061596062,2,5,61.5751003629356,221.670361306568,7.11627101223985,0,9176.45098949014,0,0,0,1.225
1228.87055921541,33.7853652901603,2,5,61.6039891724959,221.774361020985,7.11771802536623,0,9180.87796934832,0,0,0,1.225
1229.12055921541,33.789422517909,2,5,61.6328703106579,221.878333118368,7.11916503616067,0,9185.30561206206,0,0,0,1.225
1229.37055921541,33.7934778451396,2,5,61.6617437881914,221.982277637489,7.12061204461861,0,9189.73391762666,0,0,0,1.225
1229.62055921541,33.7975312741351,2,5,61.6906096158435,222.086194617037,7.12205905073097,0,9194.16288603376,0,0,0,1.225
1229.87055921541,33.8015828071735,2,5,61.719467804338,222.190084095617,7.1235060544941,0,9198.59251727937,0,0,0,1.225
1230.12055921541,33.8056324465284,2,5,61.7483183643758,222.293946111753,7.124953055898,0,9203.02281135441,0,0,0,1.225
1230.37055921541,33.8096801944688,2,5,61.7771613066351,222.397780703886,7.12640005493904,0,9207.45376825488,0,0,0,1.225
1230.62055921541,33.8137260532591,2,5,61.8059966417714,222.501587910377,7.12784705160902,0,9211.88538797316,0,0,0,1.225
1230.87055921541,33.8177700251592,2,5,61.8348243804171,222.605367769502,7.12929404590068,0,9216.31767050231,0,0,0,1.225
1231.12055921541,33.8218121124243,2,5,61.8636445331825,222.709120319457,7.13074103780946,0,9220.75061583763,0,0,0,1.225
1231.37055921541,33.8258523173052,2,5,61.8924571106548,222.812845598357,7.13218802732627,0,9225.18422397072,0,0,0,1.225
1231.62055921541,33.8298906420482,2,5,61.921262123399,222.916543644236,7.13363501444564,0,9229.61849489613,0,0,0,1.225
1231.87055921541,33.8339270888949,2,5,61.9500595819575,223.020214495047,7.13508199916032,0,9234.05342860694,0,0,0,1.225
1232.12055921541,33.8379616600825,2,5,61.9788494968505,223.123858188662,7.13652898146393,0,9238.48902509693,0,0,0,1.225
1232.37055921541,33.8419943578439,2,5,62.0076318785756,223.227474762872,7.13797596135009,0,9242.92528435992,0,0,0,1.225
1232.62055921541,33.8460251844073,2,5,62.0364067376084,223.33106425539,7.13942293880973,0,9247.36220638751,0,0,0,1.225
1232.87055921541,33.8500541419963,2,5,62.0651740844022,223.434626703848,7.1408699138392,0,9251.79979117568,0,0,0,1.225
1233.12055921541,33.8540812328306,2,5,62.0939339293881,223.538162145797,7.14231688642849,0,9256.2380387153,0,0,0,1.225
1233.37055921541,33.8581064591248,2,5,62.1226862829753,223.641670618711,7.14376385657397,0,9260.67694900234,0,0,0,1.225
1233.62055921541,33.8621298230896,2,5,62.1514311555508,223.745152159983,7.14521082426563,0,9265.11652202767,0,0,0,1.225
1233.87055921541,33.866151326931,2,5,62.1801685574799,223.848606806928,7.14665778949802,0,9269.55675778581,0,0,0,1.225
1234.12055921541,33.8701709728506,2,5,62.2088984991059,223.952034596781,7.14810475226568,0,9273.99765627125,0,0,0,1.225
1234.37055921541,33.8741887630459,2,5,62.2376209907502,224.055435566701,7.1495517125586,0,9278.43921747485,0,0,0,1.225
1234.62055921541,33.8782046997096,2,5,62.2663360427125,224.158809753765,7.15099867037043,0,9282.88144139039,0,0,0,1.225
1234.87055921541,33.8822187850305,2,5,62.2950436652709,224.262157194975,7.15244562569569,0,9287.32432801235,0,0,0,1.225
1235.12055921541,33.8862310211926,2,5,62.3237438686819,224.365477927255,7.15389257852803,0,9291.76787733451,0,0,0,1.225
1235.37055921541,33.8902414103759,2,5,62.3524366631803,224.468771987449,7.15533952885744,0,9296.2120893477,0,0,0,1.225
1235.62055921541,33.8942499547559,2,5,62.3811220589795,224.572039412326,7.15678647667846,0,9300.65696404641,0,0,0,1.225
1235.87055921541,33.8982566565038,2,5,62.4098000662714,224.675280238577,7.15823342198291,0,9305.10250142295,0,0,0,1.225
1236.12055921541,33.9022615177866,2,5,62.4384706952264,224.778494502815,7.15968036476625,0,9309.54870147251,0,0,0,1.225
1236.37055921541,33.906264540767,2,5,62.467133955994,224.881682241578,7.16112730501754,0,9313.9955641852,0,0,0,1.225
1236.62055921541,33.9102657276033,2,5,62.495789858702,224.984843491327,7.16257424273317,0,9318.44308955695,0,0,0,1.225
1236.87055921541,33.9142650804496,2,5,62.5244384134571,225.087978288446,7.16402117790494,0,9322.89127758005,0,0,0,1.225
1237.12055921541,33.9182626014558,2,5,62.5530796303452,225.191086669243,7.16546811052467,0,9327.34012824676,0,0,0,1.225
1237.37055921541,33.9222582927674,2,5,62.5817135194306,225.29416866995,7.1669150405869,0,9331.78964155157,0,0,0,1.225
1237.62055921541,33.926252156526,2,5,62.6103400907569,225.397224326725,7.16836196808072,0,9336.23981748455,0,0,0,1.225
1237.87055921541,33.9302441948685,2,5,62.6389593543469,225.500253675649,7.16980889300339,0,9340.69065604234,0,0,0,1.225
1238.12055921541,33.9342344099281,2,5,62.667571320202,225.603256752727,7.17125581534401,0,9345.14215721504,0,0,0,1.225
1238.37055921541,33.9382228038334,2,5,62.6961759983032,225.706233593892,7.17270273509803,0,9349.59432099781,0,0,0,1.225
1238.62055921541,33.9422093787091,2,5,62.7247733986106,225.809184234998,7.17414965225635,0,9354.04714738218,0,0,0,1.225
1238.87055921541,33.9461941366755,2,5,62.7533635310636,225.912108711829,7.17559656681351,0,9358.50063636261,0,0,0,1.225
1239.12055921541,33.950177079849,2,5,62.7819464055808,226.015007060091,7.17704347876042,0,9362.9547879306,0,0,0,1.225
1239.37055921541,33.9541582103415,2,5,62.8105220320603,226.117879315417,7.1784903880889,0,9367.40960207843,0,0,0,1.225
1239.62055921541,33.9581375302612,2,5,62.8390904203796,226.220725513367,7.17993729479258,0,9371.86507879978,0,0,0,1.225
1239.87055921541,33.9621150417118,2,5,62.867651580396,226.323545689425,7.181384198866,0,9376.3212180891,0,0,0,1.225
1240.12055921541,33.966090746793,2,5,62.8962055219459,226.426339879005,7.18283110029824,0,9380.77801993642,0,0,0,1.225
1240.37055921541,33.9700646476005,2,5,62.9247522548456,226.529108117444,7.18427799908477,0,9385.2354843369,0,0,0,1.225
1240.62055921541,33.9740367462259,2,5,62.9532917888912,226.631850440008,7.18572489521648,0,9389.69361128205,0,0,0,1.225
1240.87055921541,33.9780070447565,2,5,62.9818241338583,226.73456688189,7.18717178868701,0,9394.15240076556,0,0,0,1.225
1241.12055921541,33.9819755452758,2,5,63.0103492995023,226.837257478208,7.18861867948726,0,9398.61185277892,0,0,0,1.225
1241.37055921541,33.9859422498631,2,5,63.0388672955588,226.939922264012,7.19006556760905,0,9403.07196731436,0,0,0,1.225
1241.62055921541,33.9899071605936,2,5,63.0673781317428,227.042561274274,7.19151245304784,0,9407.53274436701,0,0,0,1.225
1241.87055921541,33.9938702795387,2,5,63.0958818177497,227.145174543899,7.19295933579542,0,9411.99418392908,0,0,0,1.225
1242.12055921541,33.9978316087656,2,5,63.1243783632548,227.247762107717,7.19440621584272,0,9416.45628599206,0,0,0,1.225
1242.37055921541,34.0017911503374,2,5,63.1528677779134,227.350324000488,7.19585309318245,0,9420.91905054888,0,0,0,1.225
1242.62055921541,34.0057489063134,2,5,63.1813500713609,227.452860256899,7.19729996780552,0,9425.38247759103,0,0,0,1.225
1242.87055921541,34.0097048787488,2,5,63.2098252532131,227.555370911567,7.19874683970738,0,9429.84656711362,0,0,0,1.225
1243.12055921541,34.0136590696948,2,5,63.2382933330658,227.657855999037,7.20019370887894,0,9434.31131910812,0,0,0,1.225
1243.37055921541,34.0176114811988,2,5,63.2667543204954,227.760315553784,7.20164057531292,0,9438.77673356746,0,0,0,1.225
1243.62055921541,34.0215621153039,2,5,63.2952082250584,227.86274961021,7.20308743900023,0,9443.24281048309,0,0,0,1.225
1243.87055921541,34.0255109740496,2,5,63.3236550562919,227.965158202651,7.20453429993449,0,9447.70954984867,0,0,0,1.225
1244.12055921541,34.0294580594713,2,5,63.3520948237132,228.067541365368,7.20598115810753,0,9452.17695165637,0,0,0,1.225
1244.37055921541,34.0334033736005,2,5,63.3805275368205,228.169899132554,7.20742801351207,0,9456.6450158991,0,0,0,1.225
1244.62055921541,34.0373469184648,2,5,63.4089532050922,228.272231538332,7.20887486613901,0,9461.11374256833,0,0,0,1.225
1244.87055921541,34.0412886960879,2,5,63.4373718379876,228.374538616755,7.21032171598199,0,9465.58313165766,0,0,0,1.225
1245.12055921541,34.0452287084894,2,5,63.4657834449466,228.476820401808,7.211768563031,0,9470.05318315783,0,0,0,1.225
1245.37055921541,34.0491669576855,2,5,63.4941880353897,228.579076927403,7.21321540728059,0,9474.52389706318,0,0,0,1.225
1245.62055921541,34.053103445688,2,5,63.5225856187186,228.681308227387,7.21466224872165,0,9478.99527336515,0,0,0,1.225
1245.87055921541,34.0570381745051,2,5,63.5509762043153,228.783514335535,7.21610908734692,0,9483.46731205662,0,0,0,1.225
1246.12055921541,34.0609711461412,2,5,63.5793598015431,228.885695285555,7.21755592314912,0,9487.94001313048,0,0,0,1.225
1246.37055921541,34.0649023625966,2,5,63.6077364197461,228.987851111086,7.21900275611824,0,9492.41337657742,0,0,0,1.225
1246.62055921541,34.0688318258682,2,5,63.6361060682493,229.089981845698,7.22044958624792,0,9496.88740239105,0,0,0,1.225
1246.87055921541,34.0727595379486,2,5,63.6644687563591,229.192087522893,7.22189641352907,0,9501.36209056279,0,0,0,1.225
1247.12055921541,34.0766855008268,2,5,63.6928244933626,229.294168176106,7.22334323795531,0,9505.83744108623,0,0,0,1.225
1247.37055921541,34.0806097164882,2,5,63.7211732885284,229.396223838702,7.22479005951755,0,9510.31345395278,0,0,0,1.225
1247.62055921541,34.084532186914,2,5,63.749515151106,229.498254543982,7.2262368782076,0,9514.79012915459,0,0,0,1.225
1247.87055921541,34.088452914082,2,5,63.7778500903264,229.600260325175,7.22768369401638,0,9519.26746668304,0,0,0,1.225
1248.12055921541,34.0923718999659,2,5,63.8061781154019,229.702241215447,7.22913050693933,0,9523.74546653318,0,0,0,1.225
1248.37055921541,34.0962891465359,2,5,63.834499235526,229.804197247893,7.23057731696554,0,9528.22412869495,0,0,0,1.225
1248.62055921541,34.1002046557584,2,5,63.8628134598737,229.906128455545,7.23202412408591,0,9532.70345315974,0,0,0,1.225
1248.87055921541,34.104118429596,2,5,63.8911207976016,230.008034871366,7.2334709282959,0,9537.18343992258,0,0,0,1.225
1249.12055921541,34.1080304700075,2,5,63.9194212578477,230.109916528252,7.2349177295855,0,9541.66408897412,0,0,0,1.225
1249.37055921541,34.1119407789481,2,5,63.9477148497316,230.211773459034,7.23636452794653,0,9546.14540030647,0,0,0,1.225
1249.62055921541,34.1158493583692,2,5,63.9760015823543,230.313605696476,7.2378113233699,0,9550.62737391101,0,0,0,1.225
1249.87055921541,34.1197562102187,2,5,64.004281464799,230.415413273276,7.23925811584741,0,9555.11000977984,0,0,0,1.225
1250.12055921541,34.1236613364406,2,5,64.0325545061301,230.517196222068,7.2407049053727,0,9559.59330790651,0,0,0,1.225
1250.37055921541,34.1275647389752,2,5,64.0608207153939,230.618954575418,7.24215169193667,0,9564.07726828238,0,0,0,1.225
1250.62055921541,34.1314664197594,2,5,64.0890801016188,230.720688365828,7.24359847553205,0,9568.56189090028,0,0,0,1.225
1250.87055921541,34.135366380726,2,5,64.1173326738147,230.822397625733,7.24504525614793,0,9573.0471757501,0,0,0,1.225
1251.12055921541,34.1392646238047,2,5,64.1455784409737,230.924082387505,7.24649203377703,0,9577.53312282466,0,0,0,1.225
1251.37055921541,34.143161150921,2,5,64.1738174120697,231.025742683451,7.24793880841571,0,9582.01973211967,0,0,0,1.225
1251.62055921541,34.1470559639971,2,5,64.2020495960587,231.127378545811,7.24938558004578,0,9586.5070036192,0,0,0,1.225
1251.87055921541,34.1509490649517,2,5,64.2302750018786,231.228990006763,7.25083234866906,0,9590.99493732333,0,0,0,1.225
1252.12055921541,34.1548404556994,2,5,64.2584936384498,231.330577098419,7.252279114271,0,9595.48353321903,0,0,0,1.225
1252.37055921541,34.1587301381517,2,5,64.2867055146744,231.432139852828,7.25372587684433,0,9599.97279129908,0,0,0,1.225
1252.62055921541,34.1626181142162,2,5,64.3149106394371,231.533678301973,7.25517263638176,0,9604.46271155628,0,0,0,1.225
1252.87055921541,34.1665043857971,2,5,64.3431090216045,231.635192477776,7.2566193928742,0,9608.95329398195,0,0,0,1.225
1253.12055921541,34.1703889547949,2,5,64.371300670026,231.736682412094,7.2580661463162,0,9613.44453857033,0,0,0,1.225
1253.37055921541,34.1742718231066,2,5,64.3994855935328,231.838148136718,7.25951289669501,0,9617.93644530983,0,0,0,1.225
1253.62055921541,34.1781529926256,2,5,64.4276638009389,231.93958968338,7.26095964400156,0,9622.42901419176,0,0,0,1.225
1253.87055921541,34.1820324652418,2,5,64.4558353010406,232.041007083746,7.26240638823219,0,9626.92224521179,0,0,0,1.225
1254.12055921541,34.1859102428415,2,5,64.4840001026167,232.14240036942,7.26385312937236,0,9631.41613835688,0,0,0,1.225
1254.37055921541,34.1897863273075,2,5,64.5121582144286,232.243769571943,7.26529986742025,0,9635.91069362414,0,0,0,1.225
1254.62055921541,34.1936607205192,2,5,64.5403096452203,232.345114722793,7.26674660236313,0,9640.40591100197,0,0,0,1.225
1254.87055921541,34.1975334243524,2,5,64.5684544037183,232.446435853386,7.26819333419007,0,9644.9017904802,0,0,0,1.225
1255.12055921541,34.2014044406793,2,5,64.596592498632,232.547732995075,7.26964006289927,0,9649.39833205595,0,0,0,1.225
1255.37055921541,34.2052737713687,2,5,64.6247239386535,232.649006179153,7.27108678847799,0,9653.8955357176,0,0,0,1.225
1255.62055921541,34.2091414182859,2,5,64.6528487324574,232.750255436847,7.27253351091713,0,9658.39340145643,0,0,0,1.225
1255.87055921541,34.2130073832928,2,5,64.6809668887015,232.851480799325,7.27398023020942,0,9662.89192926518,0,0,0,1.225
1256.12055921541,34.2168716682479,2,5,64.7090784160263,232.952682297695,7.27542694634576,0,9667.39111913512,0,0,0,1.225
1256.37055921541,34.2207342750059,2,5,64.7371833230552,233.053859962999,7.27687365931706,0,9671.89097105752,0,0,0,1.225
1256.62055921541,34.2245952054184,2,5,64.7652816183946,233.155013826221,7.27832036911605,0,9676.39148502512,0,0,0,1.225
1256.87055921541,34.2284544613335,2,5,64.793373310634,233.256143918282,7.27976707573362,0,9680.89266102916,0,0,0,1.225
1257.12055921541,34.2323120445958,2,5,64.8214584083458,233.357250270045,7.28121377916068,0,9685.39449906092,0,0,0,1.225
1257.37055921541,34.2361679570465,2,5,64.8495369200855,233.458332912308,7.28266047938632,0,9689.8969991102,0,0,0,1.225
1257.62055921541,34.2400222005233,2,5,64.877608854392,233.559391875811,7.28410717640509,0,9694.40016117115,0,0,0,1.225
1257.87055921541,34.2438747768608,2,5,64.9056742197871,233.660427191234,7.28555387020606,0,9698.90398523357,0,0,0,1.225
1258.12055921541,34.2477256878898,2,5,64.933733024776,233.761438889194,7.28700056078378,0,9703.40847129161,0,0,0,1.225
1258.37055921541,34.2515749354381,2,5,64.9617852778471,233.86242700025,7.2884472481237,0,9707.91361933216,0,0,0,1.225
1258.62055921541,34.2554225213299,2,5,64.9898309874722,233.9633915549,7.28989393222037,0,9712.41942934935,0,0,0,1.225
1258.87055921541,34.259268447386,2,5,65.0178701621063,234.064332583583,7.2913406130665,0,9716.92590133587,0,0,0,1.225
1259.12055921541,34.2631127154241,2,5,65.0459028101882,234.165250116677,7.29278729065118,0,9721.4330352815,0,0,0,1.225
1259.37055921541,34.2669553272582,2,5,65.0739289401397,234.266144184503,7.29423396496531,0,9725.94083117747,0,0,0,1.225
1259.62055921541,34.2707962846993,2,5,65.1019485603664,234.367014817319,7.29568063599982,0,9730.44928901497,0,0,0,1.225
1259.87055921541,34.2746355895548,2,5,65.1299616792574,234.467862045327,7.2971273037474,0,9734.9584087867,0,0,0,1.225
1260.12055921541,34.2784732436291,2,5,65.1579683051852,234.568685898667,7.29857396819716,0,9739.46819048241,0,0,0,1.225
1260.37055921541,34.2823092487228,2,5,65.1859684465062,234.669486407422,7.30002062934182,0,9743.97863409476,0,0,0,1.225
1260.62055921541,34.2861436066338,2,5,65.2139621115604,234.770263601617,7.30146728717409,0,9748.4897396164,0,0,0,1.225
1260.87055921541,34.2899763191561,2,5,65.2419493086714,234.871017511217,7.30291394168125,0,9753.00150703563,0,0,0,1.225
1261.12055921541,34.2938073880808,2,5,65.2699300461467,234.971748166128,7.30436059285421,0,9757.51393634365,0,0,0,1.225
1261.37055921541,34.2976368151957,2,5,65.2979043322775,235.072455596199,7.30580724068568,0,9762.02702753309,0,0,0,1.225
1261.62055921541,34.3014646022853,2,5,65.325872175339,235.17313983122,7.30725388516657,0,9766.54078059515,0,0,0,1.225
1261.87055921541,34.3052907511306,2,5,65.3538335835901,235.273800900924,7.30870052628779,0,9771.05519552101,0,0,0,1.225
1262.12055921541,34.3091152635096,2,5,65.3817885652738,235.374438834986,7.31014716404025,0,9775.57027230184,0,0,0,1.225
1262.37055921541,34.3129381411971,2,5,65.4097371286171,235.475053663021,7.31159379841483,0,9780.08601092883,0,0,0,1.225
1262.62055921541,34.3167593859644,2,5,65.4376792818307,235.575645414591,7.31304042940064,0,9784.60241139168,0,0,0,1.225
1262.87055921541,34.3205789995799,2,5,65.4656150331099,235.676214119195,7.31448705699222,0,9789.11947368447,0,0,0,1.225
1263.12055921541,34.3243969838085,2,5,65.4935443906335,235.776759806281,7.31593368117683,0,9793.63719779545,0,0,0,1.225
1263.37055921541,34.3282133404121,2,5,65.5214673625649,235.877282505234,7.3173803019472,0,9798.15558371725,0,0,0,1.225
1263.62055921541,34.3320280711491,2,5,65.5493839570516,235.977782245386,7.31882691929241,0,9802.67463143954,0,0,0,1.225
1263.87055921541,34.3358411777751,2,5,65.5772941822251,236.07825905601,7.32027353320882,0,9807.19434095786,0,0,0,1.225
1264.12055921541,34.3396526620423,2,5,65.6051980462015,236.178712966325,7.32172014368007,0,9811.71471225752,0,0,0,1.225
1264.37055921541,34.3434625256996,2,5,65.6330955570809,236.279144005491,7.32316675069887,0,9816.23574533111,0,0,0,1.225
1264.62055921541,34.347270770493,2,5,65.660986722948,236.379552202613,7.32461335425796,0,9820.75744017124,0,0,0,1.225
1264.87055921541,34.3510773981651,2,5,65.6888715518717,236.479937586738,7.32605995434642,0,9825.27979676758,0,0,0,1.225
1265.12055921541,34.3548824104556,2,5,65.7167500519056,236.58030018686,7.32750655095879,0,9829.80281511416,0,0,0,1.225
1265.37055921541,34.3586858091007,2,5,65.7446222310874,236.680640031915,7.32895314408051,0,9834.32649519775,0,0,0,1.225
1265.62055921541,34.3624875958339,2,5,65.7724880974396,236.780957150783,7.33039973370251,0,9838.85083700946,0,0,0,1.225
1265.87055921541,34.3662877723851,2,5,65.8003476589692,236.881251572289,7.33184631981749,0,9843.37584054186,0,0,0,1.225
1266.12055921541,34.3700863404815,2,5,65.8282009236678,236.981523325204,7.33329290241818,0,9847.90150578752,0,0,0,1.225
1266.37055921541,34.3738833018469,2,5,65.8560478995115,237.081772438241,7.33473948149185,0,9852.42783273463,0,0,0,1.225
1266.62055921541,34.3776786582021,2,5,65.8838885944613,237.181998940061,7.33618605702941,0,9856.95482137431,0,0,0,1.225
1266.87055921541,34.3814724112648,2,5,65.9117230164627,237.282202859266,7.33763262902357,0,9861.4824716991,0,0,0,1.225
1267.12055921541,34.3852645627497,2,5,65.9395511734461,237.382384224406,7.33907919746161,0,9866.01078369717,0,0,0,1.225
1267.37055921541,34.3890551143682,2,5,65.9673730733267,237.482543063976,7.34052576233989,0,9870.539757364,0,0,0,1.225
1267.62055921541,34.3928440678288,2,5,65.9951887240044,237.582679406416,7.34197232364022,0,9875.06939268338,0,0,0,1.225
1267.87055921541,34.3966314248369,2,5,66.0229981333642,237.682793280111,7.3434188813626,0,9879.59968965369,0,0,0,1.225
1268.12055921541,34.4004171870948,2,5,66.0508013092758,237.782884713393,7.34486543549065,0,9884.13064826015,0,0,0,1.225
1268.37055921541,34.4042013563017,2,5,66.0785982595939,237.882953734538,7.34631198601528,0,9888.66226849386,0,0,0,1.225
1268.62055921541,34.4079839341539,2,5,66.1063889921582,237.98300037177,7.34775853293104,0,9893.19455034879,0,0,0,1.225
1268.87055921541,34.4117649223446,2,5,66.1341735147936,238.083024653257,7.34920507622337,0,9897.72749381163,0,0,0,1.225
1269.12055921541,34.4155443225639,2,5,66.1619518353098,238.183026607115,7.35065161588864,0,9902.26109887782,0,0,0,1.225
1269.37055921541,34.4193221364991,2,5,66.1897239615018,238.283006261407,7.35209815191592,0,9906.79536553694,0,0,0,1.225
1269.62055921541,34.4230983658341,2,5,66.2174899011497,238.382963644139,7.35354468428886,0,9911.33029377423,0,0,0,1.225
1269.87055921541,34.4268730122501,2,5,66.2452496620187,238.482898783267,7.35499121300745,0,9915.86588358801,0,0,0,1.225
1270.12055921541,34.4306460774253,2,5,66.2730032518593,238.582811706693,7.35643773805168,0,9920.40213496059,0,0,0,1.225
1270.37055921541,34.4344175630348,2,5,66.3007506784072,238.682702442266,7.35788425942155,0,9924.93904789028,0,0,0,1.225
1270.62055921541,34.4381874707507,2,5,66.3284919493836,238.782571017781,7.35933077710251,0,9929.47662236375,0,0,0,1.225
1270.87055921541,34.4419558022423,2,5,66.3562270724948,238.882417460981,7.36077729108911,0,9934.01485837494,0,0,0,1.225
1271.12055921541,34.4457225591756,2,5,66.3839560554326,238.982241799557,7.36222380136314,0,9938.55375590759,0,0,0,1.225
1271.37055921541,34.449487743214,2,5,66.4116789058742,239.082044061147,7.36367030792462,0,9943.09331496,0,0,0,1.225
1271.62055921541,34.4532513560178,2,5,66.4393956314821,239.181824273335,7.36511681075535,0,9947.63353551591,0,0,0,1.225
1271.87055921541,34.4570133992443,2,5,66.4671062399045,239.281582463656,7.36656330985352,0,9952.17441757214,0,0,0,1.225
1272.12055921541,34.4607738745478,2,5,66.4948107387751,239.38131865959,7.36800980520457,0,9956.71596111535,0,0,0,1.225
1272.37055921541,34.46453278358,2,5,66.522509135713,239.481032888567,7.36945629679758,0,9961.25816613506,0,0,0,1.225
1272.62055921541,34.4682901279893,2,5,66.550201438323,239.580725177963,7.37090278462711,0,9965.8010326252,0,0,0,1.225
1272.87055921541,34.4720459094213,2,5,66.5778876541957,239.680395555104,7.37234926867677,0,9970.34456057092,0,0,0,1.225
1273.12055921541,34.4758001295189,2,5,66.605567790907,239.780044047265,7.37379574894658,0,9974.8887499705,0,0,0,1.225
1273.37055921541,34.4795527899218,2,5,66.6332418560188,239.879670681668,7.37524222541651,0,9979.43360080619,0,0,0,1.225
1273.62055921541,34.483303892267,2,5,66.6609098570787,239.979275485483,7.37668869808658,0,9983.97911307624,0,0,0,1.225
1273.87055921541,34.4870534381885,2,5,66.68857180162,240.078858485832,7.37813516693677,0,9988.52528676289,0,0,0,1.225
1274.12055921541,34.4908014293174,2,5,66.7162276971619,240.178419709783,7.37958163196527,0,9993.07212186293,0,0,0,1.225
1274.37055921541,34.4945478672821,2,5,66.7438775512094,240.277959184354,7.38102809315751,0,9997.61961836296,0,0,0,1.225
1274.62055921541,34.498292753708,2,5,66.7715213712534,240.377476936512,7.38247455050441,0,10002.1677762539,0,0,0,1.225
1274.87055921541,34.5020360902176,2,5,66.7991591647707,240.476972993175,7.38392100399687,0,10006.7165955268,0,0,0,1.225
1275.12055921541,34.5057778784307,2,5,66.8267909392242,240.576447381207,7.38536745362762,0,10011.2660761741,0,0,0,1.225
1275.37055921541,34.5095181199641,2,5,66.8544167020627,240.675900127426,7.38681389938029,0,10015.8162181807,0,0,0,1.225
1275.62055921541,34.5132568164319,2,5,66.8820364607208,240.775331258595,7.38826034124941,0,10020.3670215406,0,0,0,1.225
1275.87055921541,34.5169939694453,2,5,66.9096502226197,240.874740801431,7.38970677922407,0,10024.9184862434,0,0,0,1.225
1276.12055921541,34.5207295806126,2,5,66.9372579951662,240.974128782598,7.39115321329336,0,10029.4706122783,0,0,0,1.225
1276.37055921541,34.5244636515394,2,5,66.9648597857535,241.073495228713,7.39259964345183,0,10034.0233996394,0,0,0,1.225
1276.62055921541,34.5281961838284,2,5,66.9924556017609,241.172840166339,7.3940460696831,0,10038.5768483116,0,0,0,1.225
1276.87055921541,34.5319271790797,2,5,67.020045450554,241.272163621994,7.39549249197989,0,10043.1309582874,0,0,0,1.225
1277.12055921541,34.5356566388903,2,5,67.0476293394845,241.371465622144,7.39693891032948,0,10047.6857295548,0,0,0,1.225
1277.37055921541,34.5393845648546,2,5,67.0752072758904,241.470746193206,7.39838532472822,0,10052.2411621091,0,0,0,1.225
1277.62055921541,34.5431109585642,2,5,67.1027792670962,241.570005361546,7.39983173515793,0,10056.7972559338,0,0,0,1.225
1277.87055921541,34.5468358216079,2,5,67.1303453204125,241.669243153485,7.40127814161315,0,10061.3540110228,0,0,0,1.225
1278.12055921541,34.5505591555717,2,5,67.1579054431364,241.768459595291,7.4027245440866,0,10065.9114273684,0,0,0,1.225
1278.37055921541,34.554280962039,2,5,67.1854596425515,241.867654713185,7.40417094256009,0,10070.4695049543,0,0,0,1.225
1278.62055921541,34.5580012425902,2,5,67.2130079259277,241.96682853334,7.4056173370318,0,10075.0282437771,0,0,0,1.225
1278.87055921541,34.5617199988031,2,5,67.2405503005214,242.065981081877,7.40706372748537,0,10079.587643822,0,0,0,1.225
1279.12055921541,34.5654372322527,2,5,67.2680867735756,242.165112384872,7.40851011391533,0,10084.1477050827,0,0,0,1.225
1279.37055921541,34.5691529445114,2,5,67.2956173523198,242.264222468351,7.40995649630713,0,10088.7084275456,0,0,0,1.225
1279.62055921541,34.5728671371487,2,5,67.3231420439702,242.363311358293,7.4114028746535,0,10093.2698112032,0,0,0,1.225
1279.87055921541,34.5765798117314,2,5,67.3506608557295,242.462379080626,7.41284924894353,0,10097.8318560449,0,0,0,1.225
1280.12055921541,34.5802909698237,2,5,67.378173794787,242.561425661233,7.41429561916448,0,10102.3945620586,0,0,0,1.225
1280.37055921541,34.584000612987,2,5,67.4056808683188,242.660451125948,7.41574198531089,0,10106.957929238,0,0,0,1.225
1280.62055921541,34.58770874278,2,5,67.4331820834877,242.759455500556,7.41718834736821,0,10111.5219575696,0,0,0,1.225
1280.87055921541,34.5914153607588,2,5,67.4606774474432,242.858438810796,7.41863470532371,0,10116.0866470414,0,0,0,1.225
1281.12055921541,34.5951204684768,2,5,67.4881669673218,242.957401082358,7.42008105917557,0,10120.6519976501,0,0,0,1.225
1281.37055921541,34.5988240674844,2,5,67.5156506502465,243.056342340887,7.42152740890924,0,10125.218009382,0,0,0,1.225
1281.62055921541,34.6025261593298,2,5,67.5431285033273,243.155262611978,7.42297375451199,0,10129.7846822252,0,0,0,1.225
1281.87055921541,34.6062267455583,2,5,67.5706005336611,243.25416192118,7.42442009597653,0,10134.3520161719,0,0,0,1.225
1282.12055921541,34.6099258277125,2,5,67.5980667483318,243.353040293994,7.42586643329014,0,10138.9200112099,0,0,0,1.225
1282.37055921541,34.6136234073324,2,5,67.6255271544101,243.451897755876,7.42731276644554,0,10143.4886673317,0,0,0,1.225
1282.62055921541,34.6173194859553,2,5,67.6529817589537,243.550734332233,7.42875909542818,0,10148.0579845236,0,0,0,1.225
1282.87055921541,34.621014065116,2,5,67.6804305690074,243.649550048427,7.4302054202326,0,10152.6279627793,0,0,0,1.225
1283.12055921541,34.6247071463466,2,5,67.7078735916031,243.748344929771,7.43165174084425,0,10157.1986020853,0,0,0,1.225
1283.37055921541,34.6283987311764,2,5,67.7353108337596,243.847119001535,7.43309805725039,0,10161.7699024295,0,0,0,1.225
1283.62055921541,34.6320888211323,2,5,67.7627423024829,243.945872288938,7.43454436944739,0,10166.341863807,0,0,0,1.225
1283.87055921541,34.6357774177385,2,5,67.7901680047661,244.044604817158,7.43599067742252,0,10170.9144862056,0,0,0,1.225
1284.12055921541,34.6394645225166,2,5,67.8175879475897,244.143316611323,7.43743698116123,0,10175.4877696119,0,0,0,1.225
1284.37055921541,34.6431501369855,2,5,67.8450021379211,244.242007696516,7.43888328065805,0,10180.0617140195,0,0,0,1.225
1284.62055921541,34.6468342626617,2,5,67.8724105827151,244.340678097774,7.44032957590207,0,10184.6363194177,0,0,0,1.225
1284.87055921541,34.6505169010589,2,5,67.8998132889138,244.43932784009,7.44177586687874,0,10189.211585793,0,0,0,1.225
1285.12055921541,34.6541980536883,2,5,67.9272102634465,244.537956948407,7.44322215357715,0,10193.7875131345,0,0,0,1.225
1285.37055921541,34.6578777220587,2,5,67.9546015132299,244.636565447628,7.44466843599366,0,10198.3641014375,0,0,0,1.225
1285.62055921541,34.6615559076759,2,5,67.981987045168,244.735153362605,7.4461147141119,0,10202.9413506869,0,0,0,1.225
1285.87055921541,34.6652326120435,2,5,68.0093668661523,244.833720718148,7.44756098792095,0,10207.5192608719,0,0,0,1.225
1286.12055921541,34.6689078366625,2,5,68.0367409830617,244.932267539022,7.44900725741354,0,10212.0978319849,0,0,0,1.225
1286.37055921541,34.6725815830312,2,5,68.0641094027626,245.030793849945,7.45045352257875,0,10216.6770640149,0,0,0,1.225
1286.62055921541,34.6762538526454,2,5,68.0914721321086,245.129299675591,7.45189978340204,0,10221.2569569485,0,0,0,1.225
1286.87055921541,34.6799246469984,2,5,68.1188291779413,245.227785040589,7.4533460398743,0,10225.8375107764,0,0,0,1.225
1287.12055921541,34.683593967581,2,5,68.1461805470894,245.326249969522,7.45479229198463,0,10230.4187254877,0,0,0,1.225
1287.37055921541,34.6872618158813,2,5,68.1735262463695,245.42469448693,7.45623853972938,0,10235.0006010777,0,0,0,1.225
1287.62055921541,34.6909281933851,2,5,68.2008662825857,245.523118617309,7.45768478308673,0,10239.5831375268,0,0,0,1.225
1287.87055921541,34.6945931015755,2,5,68.2282006625298,245.621522385107,7.45913102205304,0,10244.1663348301,0,0,0,1.225
1288.12055921541,34.6982565419332,2,5,68.255529392981,245.719905814732,7.46057725661376,0,10248.7501929739,0,0,0,1.225
1288.37055921541,34.7019185159363,2,5,68.2828524807066,245.818268930544,7.46202348676161,0,10253.3347119504,0,0,0,1.225
1288.62055921541,34.7055790250605,2,5,68.3101699324614,245.916611756861,7.46346971248568,0,10257.9198917489,0,0,0,1.225
1288.87055921541,34.7092380707789,2,5,68.337481754988,246.014934317957,7.46491593377141,0,10262.5057323556,0,0,0,1.225
1289.12055921541,34.7128956545623,2,5,68.3647879550168,246.11323663806,7.46636215060789,0,10267.0922337598,0,0,0,1.225
1289.37055921541,34.7165517778787,2,5,68.3920885392661,246.211518741358,7.46780836298967,0,10271.6793959551,0,0,0,1.225
1289.62055921541,34.7202064421939,2,5,68.4193835144419,246.309780651991,7.46925457090219,0,10276.2672189277,0,0,0,1.225
1289.87055921541,34.7238596489712,2,5,68.4466728872382,246.408022394057,7.47070077433455,0,10280.855702667,0,0,0,1.225
1290.12055921541,34.7275113996713,2,5,68.4739566643369,246.506243991613,7.47214697327763,0,10285.4448471634,0,0,0,1.225
1290.37055921541,34.7311616957525,2,5,68.5012348524079,246.604445468668,7.4735931677169,0,10290.0346524035,0,0,0,1.225
1290.62055921541,34.7348105386707,2,5,68.5285074581089,246.702626849192,7.47503935764689,0,10294.6251183807,0,0,0,1.225
1290.87055921541,34.7384579298794,2,5,68.5557744880856,246.800788157108,7.47648554304942,0,10299.2162450783,0,0,0,1.225
1291.12055921541,34.7421038708293,2,5,68.5830359489721,246.8989294163,7.47793172392267,0,10303.8080324929,0,0,0,1.225
1291.37055921541,34.7457483629693,2,5,68.6102918473901,246.997050650604,7.47937790024844,0,10308.4004806078,0,0,0,1.225
1291.62055921541,34.7493914077452,2,5,68.6375421899496,247.095151883818,7.48082407201582,0,10312.9935894123,0,0,0,1.225
1291.87055921541,34.7530330066008,2,5,68.6647869832487,247.193233139695,7.48227023922118,0,10317.5873589011,0,0,0,1.225
1292.12055921541,34.7566731609775,2,5,68.6920262338736,247.291294441945,7.48371640184632,0,10322.1817890579,0,0,0,1.225
1292.37055921541,34.7603118723139,2,5,68.7192599483989,247.389335814236,7.48516255988034,0,10326.7768798716,0,0,0,1.225
1292.62055921541,34.7639491420466,2,5,68.746488133387,247.487357280193,7.48660871331595,0,10331.3726313344,0,0,0,1.225
1292.87055921541,34.7675849716096,2,5,68.7737107953888,247.5853588634,7.48805486214223,0,10335.9690434354,0,0,0,1.225
1293.12055921541,34.7712193624346,2,5,68.8009279409435,247.683340587397,7.48950100634465,0,10340.5661161609,0,0,0,1.225
1293.37055921541,34.7748523159509,2,5,68.8281395765785,247.781302475682,7.49094714591229,0,10345.1638495,0,0,0,1.225
1293.62055921541,34.7784838335852,2,5,68.8553457088094,247.879244551714,7.49239328083604,0,10349.7622434433,0,0,0,1.225
1293.87055921541,34.7821139167621,2,5,68.8825463441403,247.977166838905,7.49383941110682,0,10354.3612979813,0,0,0,1.225
1294.12055921541,34.7857425669037,2,5,68.9097414890637,248.075069360629,7.49528553670825,0,10358.9610130989,0,0,0,1.225
1294.37055921541,34.7893697854298,2,5,68.9369311500605,248.172952140218,7.49673165763306,0,10363.5613887881,0,0,0,1.225
1294.62055921541,34.7929955737578,2,5,68.9641153335998,248.270815200959,7.49817777387216,0,10368.1624250394,0,0,0,1.225
1294.87055921541,34.7966199333026,2,5,68.9912940461394,248.368658566102,7.49962388540916,0,10372.7641218376,0,0,0,1.225
1295.12055921541,34.800242865477,2,5,69.0184672941256,248.466482258852,7.50106999223135,0,10377.3664791704,0,0,0,1.225
1295.37055921541,34.8038643716914,2,5,69.045635083993,248.564286302375,7.5025160943369,0,10381.9694970341,0,0,0,1.225
1295.62055921541,34.8074844533537,2,5,69.0727974221649,248.662070719794,7.5039621917058,0,10386.5731754105,0,0,0,1.225
1295.87055921541,34.8111031118695,2,5,69.0999543150532,248.759835534192,7.50540828432895,0,10391.1775142903,0,0,0,1.225
1296.12055921541,34.8147203486423,2,5,69.1271057690583,248.85758076861,7.50685437219727,0,10395.7825136639,0,0,0,1.225
1296.37055921541,34.818336165073,2,5,69.1542517905692,248.955306446049,7.50830045529983,0,10400.3881735203,0,0,0,1.225
1296.62055921541,34.8219505625604,2,5,69.1813923859637,249.053012589469,7.50974653362027,0,10404.9944938445,0,0,0,1.225
1296.87055921541,34.8255635425007,2,5,69.2085275616082,249.150699221789,7.51119260715495,0,10409.6014746311,0,0,0,1.225
1297.12055921541,34.8291751062882,2,5,69.2356573238576,249.248366365887,7.5126386758875,0,10414.209115865,0,0,0,1.225
1297.37055921541,34.8327852553145,2,5,69.2627816790559,249.346014044601,7.514084739807,0,10418.8174175351,0,0,0,1.225
1297.62055921541,34.8363939909691,2,5,69.2899006335356,249.443642280728,7.51553079890436,0,10423.4263796321,0,0,0,1.225
1297.87055921541,34.8400013146393,2,5,69.3170141936181,249.541251097025,7.51697685316503,0,10428.0360021419,0,0,0,1.225
1298.12055921541,34.8436072277099,2,5,69.3441223656136,249.638840516209,7.51842290257991,0,10432.6462850552,0,0,0,1.225
1298.37055921541,34.8472117315635,2,5,69.371225155821,249.736410560956,7.51986894713446,0,10437.2572283581,0,0,0,1.225
1298.62055921541,34.8508148275805,2,5,69.3983225705284,249.833961253902,7.52131498682502,0,10441.8688320454,0,0,0,1.225
1298.87055921541,34.854416517139,2,5,69.4254146160124,249.931492617644,7.5227610216316,0,10446.4810960988,0,0,0,1.225
1299.12055921541,34.8580168016147,2,5,69.4525012985387,250.029004674739,7.52420705154691,0,10451.0940205104,0,0,0,1.225
1299.37055921541,34.8616156823812,2,5,69.479582624362,250.126497447703,7.52565307656005,0,10455.7076052691,0,0,0,1.225
1299.62055921541,34.8652131608098,2,5,69.5066585997259,250.223970959013,7.52709909665828,0,10460.3218503624,0,0,0,1.225
1299.87055921541,34.8688092382696,2,5,69.533729230863,250.321425231107,7.52854511182886,0,10464.936755778,0,0,0,1.225
1300.12055921541,34.8724039161273,2,5,69.5607945239949,250.418860286382,7.52999112206089,0,10469.5523215049,0,0,0,1.225
1300.37055921541,34.8759971957475,2,5,69.5878544853324,250.516276147197,7.53143712734527,0,10474.1685475334,0,0,0,1.225
1300.62055921541,34.8795890784926,2,5,69.6149091210751,250.61367283587,7.5328831276729,0,10478.7854338541,0,0,0,1.225
1300.87055921541,34.8831795657226,2,5,69.641958437412,250.711050374683,7.5343291230256,0,10483.4029804501,0,0,0,1.225
1301.12055921541,34.8867686587954,2,5,69.6690024405211,250.808408785876,7.53577511339427,0,10488.0211873118,0,0,0,1.225
1301.37055921541,34.8903563590667,2,5,69.6960411365694,250.90574809165,7.53722109876799,0,10492.6400544283,0,0,0,1.225
1301.62055921541,34.89394266789,2,5,69.7230745317133,251.003068314168,7.53866707913221,0,10497.2595817855,0,0,0,1.225
1301.87055921541,34.8975275866164,2,5,69.7501026320983,251.100369475554,7.5401130544833,0,10501.8797693783,0,0,0,1.225
1302.12055921541,34.901111116595,2,5,69.7771254438592,251.197651597893,7.54155902480124,0,10506.5006171884,0,0,0,1.225
1302.37055921541,34.9046932591726,2,5,69.8041429731201,251.294914703232,7.54300499008059,0,10511.1221252091,0,0,0,1.225
1302.62055921541,34.908274015694,2,5,69.8311552259941,251.392158813579,7.54445095030133,0,10515.7442934219,0,0,0,1.225
1302.87055921541,34.9118533875015,2,5,69.8581622085839,251.489383950902,7.54589690546527,0,10520.3671218262,0,0,0,1.225
1303.12055921541,34.9154313759354,2,5,69.8851639269815,251.586590137133,7.5473428555506,0,10524.9906104021,0,0,0,1.225
1303.37055921541,34.9190079823338,2,5,69.9121603872681,251.683777394165,7.54878880054457,0,10529.614759137,0,0,0,1.225
1303.62055921541,34.9225832080326,2,5,69.9391515955144,251.780945743852,7.55023474044174,0,10534.2395680243,0,0,0,1.225
1303.87055921541,34.9261570543657,2,5,69.9661375577805,251.87809520801,7.55168067523118,0,10538.8650370529,0,0,0,1.225
1304.12055921541,34.9297295226646,2,5,69.9931182801159,251.975225808417,7.55312660489108,0,10543.491166203,0,0,0,1.225
1304.37055921541,34.9333006142587,2,5,70.0200937685596,252.072337566815,7.55457252942142,0,10548.1179554722,0,0,0,1.225
1304.62055921541,34.9368703304753,2,5,70.04706402914,252.169430504904,7.55601844880584,0,10552.745404845,0,0,0,1.225
1304.87055921541,34.9404386726396,2,5,70.074029067875,252.26650464435,7.55746436302979,0,10557.3735143075,0,0,0,1.225
1305.12055921541,34.9440056420745,2,5,70.1009888907722,252.36356000678,7.55891027208418,0,10562.00228385,0,0,0,1.225
1305.37055921541,34.9475712401009,2,5,70.1279435038286,252.460596613783,7.56035617595808,0,10566.6317134615,0,0,0,1.225
1305.62055921541,34.9511354680376,2,5,70.1548929130309,252.557614486911,7.56180207463876,0,10571.2618031292,0,0,0,1.225
1305.87055921541,34.9546983272011,2,5,70.1818371243552,252.654613647679,7.56324796811532,0,10575.8925528421,0,0,0,1.225
1306.12055921541,34.9582598189059,2,5,70.2087761437674,252.751594117563,7.5646938563732,0,10580.5239625862,0,0,0,1.225
1306.37055921541,34.9618199444643,2,5,70.235709977223,252.848555918003,7.56613973940512,0,10585.1560323533,0,0,0,1.225
1306.62055921541,34.9653787051867,2,5,70.2626386306673,252.945499070402,7.56758561719471,0,10589.7887621278,0,0,0,1.225
1306.87055921541,34.968936102381,2,5,70.289562110035,253.042423596126,7.5690314897347,0,10594.4221519016,0,0,0,1.225
1307.12055921541,34.9724921373534,2,5,70.3164804212509,253.139329516503,7.57047735701053,0,10599.0562016605,0,0,0,1.225
1307.37055921541,34.9760468114077,2,5,70.3433935702292,253.236216852825,7.57192321900766,0,10603.6909113905,0,0,0,1.225
1307.62055921541,34.9796001258459,2,5,70.3703015628741,253.333085626347,7.57336907572062,0,10608.3262810848,0,0,0,1.225
1307.87055921541,34.9831520819676,2,5,70.3972044050796,253.429935858286,7.57481492713123,0,10612.9623107264,0,0,0,1.225
1308.12055921541,34.9867026810705,2,5,70.4241021027293,253.526767569826,7.57626077323039,0,10617.5990003057,0,0,0,1.225
1308.37055921541,34.9902519244502,2,5,70.450994661697,253.623580782109,7.57770661400718,0,10622.2363498114,0,0,0,1.225
1308.62055921541,34.9937998134002,2,5,70.477882087846,253.720375516245,7.5791524494507,0,10626.8743592323,0,0,0,1.225
1308.87055921541,34.9973463492118,2,5,70.5047643870297,253.817151793307,7.58059827954457,0,10631.513028553,0,0,0,1.225
1309.12055921541,35.0008915333523,2,5,70.5316274184659,253.913858706477,7.57406182735576,0,10629.7647027952,0,0,0,1.225
1309.37055921541,35.0044353684154,2,5,70.5584520058103,254.010427220917,7.56467080841503,0,10625.7290652949,0,0,0,1.225
1309.62055921541,35.0079778575461,2,5,70.5852331684809,254.106839406531,7.55529716192723,0,10621.7030157479,0,0,0,1.225
1309.87055921541,35.0115190039417,2,5,70.611971017299,254.203095662276,7.54594083426309,0,10617.6865192188,0,0,0,1.225
1310.12055921541,35.0150588107878,2,5,70.6386656626486,254.299196385535,7.53660177203528,0,10613.6795409415,0,0,0,1.225
1310.37055921541,35.0185972812586,2,5,70.6653172144793,254.395141972125,7.52727992210748,0,10609.6820463258,0,0,0,1.225
1310.62055921541,35.0221344185167,2,5,70.6919257823085,254.490932816311,7.51797523161258,0,10605.694000973,0,0,0,1.225
1310.87055921541,35.025670225713,2,5,70.7184914752237,254.586569310805,7.50868764790721,0,10601.7153706389,0,0,0,1.225
1311.12055921541,35.0292047059872,2,5,70.745014401885,254.682051846786,7.49941711861175,0,10597.7461212661,0,0,0,1.225
1311.37055921541,35.0327378624677,2,5,70.7714946705273,254.777380813898,7.49016359158668,0,10593.7862189654,0,0,0,1.225
1311.62055921541,35.0362696982714,2,5,70.7979323889625,254.872556600265,7.48092701494352,0,10589.8356300246,0,0,0,1.225
1311.87055921541,35.039800216504,2,5,70.8243276645821,254.967579592496,7.4717073370266,0,10585.8943208937,0,0,0,1.225
1312.12055921541,35.0433294202602,2,5,70.8506806043595,255.062450175694,7.46250450643311,0,10581.9622582017,0,0,0,1.225
1312.37055921541,35.0468573126234,2,5,70.8769913148517,255.157168733466,7.45331847198941,0,10578.0394087371,0,0,0,1.225
1312.62055921541,35.050383896666,2,5,70.9032599022023,255.251735647928,7.44414918276561,0,10574.1257394601,0,0,0,1.225
1312.87055921541,35.0539091754492,2,5,70.9294864721433,255.346151299716,7.43499658807013,0,10570.2212174979,0,0,0,1.225
1313.12055921541,35.0574331520236,2,5,70.9556711299974,255.44041606799,7.42586063743875,0,10566.3258101368,0,0,0,1.225
1313.37055921541,35.0609558294285,2,5,70.98181398068,255.534530330448,7.41674128065824,0,10562.4394848404,0,0,0,1.225
1313.62055921541,35.0644772106926,2,5,71.0079151287021,255.628494463328,7.40763846772825,0,10558.5622092199,0,0,0,1.225
1313.87055921541,35.0679972988337,2,5,71.0339746781715,255.722308841418,7.39855214888848,0,10554.6939510553,0,0,0,1.225
1314.12055921541,35.071516096859,2,5,71.0599927327958,255.815973838065,7.38948227460969,0,10550.834678289,0,0,0,1.225
1314.37055921541,35.0750336077647,2,5,71.0859693958839,255.909489825182,7.38042879558634,0,10546.9843590192,0,0,0,1.225
1314.62055921541,35.0785498345367,2,5,71.1119047703485,256.002857173255,7.37139166274574,0,10543.1429615083,0,0,0,1.225
1314.87055921541,35.0820647801502,2,5,71.1377989587084,256.09607625135,7.36237082723164,0,10539.3104541689,0,0,0,1.225
1315.12055921541,35.0855784475697,2,5,71.16365206309,256.189147427124,7.35336624041884,0,10535.4868055764,0,0,0,1.225
1315.37055921541,35.0890908397495,2,5,71.1894641852297,256.282071066827,7.34437785390037,0,10531.6719844583,0,0,0,1.225
1315.62055921541,35.0926019596333,2,5,71.2152354264764,256.374847535315,7.33540561950031,0,10527.8659597048,0,0,0,1.225
1315.87055921541,35.0961118101544,2,5,71.2409658877927,256.467477196054,7.32644948924644,0,10524.068700347,0,0,0,1.225
1316.12055921541,35.0996203942358,2,5,71.2666556697577,256.559960411128,7.31750941539758,0,10520.2801755788,0,0,0,1.225
1316.37055921541,35.1031277147905,2,5,71.2923048725685,256.652297541247,7.30858535041807,0,10516.5003547367,0,0,0,1.225
1316.62055921541,35.1066337747208,2,5,71.3179135960427,256.744488945754,7.29967724700873,0,10512.7292073246,0,0,0,1.225
1316.87055921541,35.1101385769191,2,5,71.34348193962,256.836534982632,7.29078505805774,0,10508.9667029745,0,0,0,1.225
1317.12055921541,35.1136421242678,2,5,71.3690100023642,256.928436008511,7.28190873668427,0,10505.2128114817,0,0,0,1.225
1317.37055921541,35.1171444196389,2,5,71.3944978829657,257.020192378677,7.27304823622035,0,10501.4675027903,0,0,0,1.225
1317.62055921541,35.1206454658946,2,5,71.4199456797427,257.111804447074,7.26420351019442,0,10497.73074698,0,0,0,1.225
1317.87055921541,35.1241452658871,2,5,71.4453534906437,257.203272566317,7.25537451235869,0,10494.0025142885,0,0,0,1.225
1318.12055921541,35.1276438224586,3,5,71.4707214132493,257.294597087698,7.24656119666543,0,10490.282775092,0,0,0,1.225
1318.37055921541,35.1311411384415,3,5,71.496049544774,257.385778361186,7.23776351727611,0,10486.5714999133,0,0,0,1.225
1318.62055921541,35.1346372166584,3,5,71.5213379820682,257.476816735446,7.22898142855956,0,10482.8686594198,0,0,0,1.225
1318.87055921541,35.1381320599219,3,5,71.5465868216203,257.567712557833,7.22021488508108,0,10479.1742244153,0,0,0,1.225
1319.12055921541,35.1416256710352,3,5,71.571796159558,257.658466174409,7.21146384161693,0,10475.4881658516,0,0,0,1.225
1319.37055921541,35.1451180527915,3,5,71.5969660916509,257.749077929943,7.2027282531435,0,10471.8104548196,0,0,0,1.225
1319.62055921541,35.1486092079746,3,5,71.6220967133119,257.839548167923,7.1940080748318,0,10468.1410625456,0,0,0,1.225
1319.87055921541,35.1520991393586,3,5,71.6471881195992,257.929877230557,7.18530326206564,0,10464.4799604053,0,0,0,1.225
1320.12055921541,35.155587849708,3,5,71.6722404052179,258.020065458784,7.17661377041077,0,10460.8271198998,0,0,0,1.225
1320.37055921541,35.1590753417778,3,5,71.6972536645223,258.11011319228,7.16793955564026,0,10457.1825126755,0,0,0,1.225
1320.62055921541,35.1625616183137,3,5,71.7222279915174,258.200020769463,7.15928057372003,0,10453.5461105128,0,0,0,1.225
1320.87055921541,35.1660466820519,3,5,71.7471634798605,258.289788527498,7.1506367808106,0,10449.9178853276,0,0,0,1.225
1321.12055921541,35.1695305357191,3,5,71.7720602228636,258.379416802309,7.14200813326352,0,10446.2978091686,0,0,0,1.225
1321.37055921541,35.173013182033,3,5,71.7969183134943,258.46890592858,7.13339458762857,0,10442.6858542231,0,0,0,1.225
1321.62055921541,35.1764946237016,3,5,71.8217378443786,258.558256239763,7.12479610063929,0,10439.0819928054,0,0,0,1.225
1321.87055921541,35.1799748634241,3,5,71.8465189078017,258.647468068086,7.11621262922563,0,10435.4861973671,0,0,0,1.225
1322.12055921541,35.1834539038902,3,5,71.8712615957104,258.736541744558,7.10764413049947,0,10431.8984404857,0,0,0,1.225
1322.37055921541,35.1869317477807,3,5,71.8959659997145,258.825477598972,7.09909056177094,0,10428.3186948775,0,0,0,1.225
1322.62055921541,35.1904083977669,3,5,71.9206322110886,258.914275959919,7.09055188052662,0,10424.7469333805,0,0,0,1.225
1322.87055921541,35.1938838565116,3,5,71.9452603207739,259.002937154786,7.08202804444045,0,10421.1831289631,0,0,0,1.225
1323.12055921541,35.1973581266682,3,5,71.9698504193796,259.091461509767,7.07351901137736,0,10417.627254727,0,0,0,1.225
1323.37055921541,35.2008312108812,3,5,71.9944025971851,259.179849349866,7.0650247393769,0,10414.0792838944,0,0,0,1.225
1323.62055921541,35.2043031117862,3,5,72.018916944141,259.268100998908,7.05654518667143,0,10410.5391898224,0,0,0,1.225
1323.87055921541,35.2077738320099,3,5,72.0433935498715,259.356216779537,7.04808031165885,0,10407.0069459815,0,0,0,1.225
1324.12055921541,35.2112433741702,3,5,72.0678325036754,259.444197013231,7.03963007292987,0,10403.4825259773,0,0,0,1.225
1324.37055921541,35.2147117408762,3,5,72.0922338945281,259.532042020301,7.03119442925345,0,10399.965903539,0,0,0,1.225
1324.62055921541,35.2181789347282,3,5,72.1165978110834,259.6197521199,7.02277333956772,0,10396.4570525123,0,0,0,1.225
1324.87055921541,35.2216449583178,3,5,72.1409243416745,259.707327630028,7.014366763,0,10392.9559468754,0,0,0,1.225
1325.12055921541,35.2251098142278,3,5,72.1652135743161,259.794768867538,7.00597465884493,0,10389.4625607217,0,0,0,1.225
1325.37055921541,35.2285735050326,3,5,72.1894655967061,259.882076148142,6.99759698657726,0,10385.9768682699,0,0,0,1.225
1325.62055921541,35.2320360332978,3,5,72.2136804962268,259.969249786416,6.98923370583543,0,10382.4988438511,0,0,0,1.225
1325.87055921541,35.2354974015806,3,5,72.2378583599465,260.056290095807,6.98088477644342,0,10379.0284619264,0,0,0,1.225
1326.12055921541,35.2389576124295,3,5,72.2619992746215,260.143197388638,6.97255015839437,0,10375.5656970737,0,0,0,1.225
1326.37055921541,35.2424166683846,3,5,72.2861033266973,260.22997197611,6.96422981184332,0,10372.1105239823,0,0,0,1.225
1326.62055921541,35.2458745719778,3,5,72.3101706023102,260.316614168317,6.95592369712358,0,10368.6629174656,0,0,0,1.225
1326.87055921541,35.2493313257321,3,5,72.3342011872888,260.40312427424,6.94763177474124,0,10365.2228524572,0,0,0,1.225
1327.12055921541,35.2527869321626,3,5,72.3581951671557,260.48950260176,6.93935400535338,0,10361.7903039932,0,0,0,1.225
1327.37055921541,35.2562413937759,3,5,72.3821526271289,260.575749457664,6.93109034980444,0,10358.3652472419,0,0,0,1.225
1327.62055921541,35.2596947130702,3,5,72.4060736521233,260.661865147644,6.92284076909527,0,10354.9476574784,0,0,0,1.225
1327.87055921541,35.2631468925357,3,5,72.4299583267523,260.747849976308,6.91460522438683,0,10351.5375100883,0,0,0,1.225
1328.12055921541,35.2665979346543,3,5,72.4538067353291,260.833704247185,6.90638367700922,0,10348.1347805745,0,0,0,1.225
1328.37055921541,35.2700478418995,3,5,72.4776189618685,260.919428262726,6.89817608845988,0,10344.7394445562,0,0,0,1.225
1328.62055921541,35.2734966167371,3,5,72.5013950900878,261.005022324316,6.88998242039816,0,10341.3514777643,0,0,0,1.225
1328.87055921541,35.2769442616244,3,5,72.5251352034091,261.090486732273,6.88180263462891,0,10337.9708560287,0,0,0,1.225
1329.12055921541,35.280390779011,3,5,72.5488393849599,261.175821785856,6.87363669314072,0,10334.5975553088,0,0,0,1.225
1329.37055921541,35.2838361713381,3,5,72.5725077175752,261.261027783271,6.86548455806405,0,10331.2315516598,0,0,0,1.225
1329.62055921541,35.2872804410392,3,5,72.5961402837985,261.346105021675,6.85734619169853,0,10327.8728212552,0,0,0,1.225
1329.87055921541,35.2907235905398,3,5,72.6197371658835,261.431053797181,6.84922155649656,0,10324.5213403733,0,0,0,1.225
1330.12055921541,35.2941656222574,3,5,72.6432984457953,261.515874404863,6.84111061506337,0,10321.1770853974,0,0,0,1.225
1330.37055921541,35.2976065386018,3,5,72.6668242052121,261.600567138763,6.83301333016971,0,10317.8400328262,0,0,0,1.225
1330.62055921541,35.3010463419747,3,5,72.6903145255262,261.685132291894,6.82492966473365,0,10314.510159259,0,0,0,1.225
1330.87055921541,35.3044850347703,3,5,72.7137694878457,261.769570156245,6.81685958183152,0,10311.1874414048,0,0,0,1.225
1331.12055921541,35.3079226193748,3,5,72.7371891729959,261.853881022785,6.80880304469065,0,10307.8718560767,0,0,0,1.225
1331.37055921541,35.3113590981667,3,5,72.7605736615204,261.938065181474,6.80076001669295,0,10304.5633801942,0,0,0,1.225
1331.62055921541,35.314794473517,3,5,72.7839230336828,262.022122921258,6.7927304613695,0,10301.2619907796,0,0,0,1.225
1331.87055921541,35.3182287477887,3,5,72.8072373694676,262.106054530083,6.78471434239873,0,10297.9676649563,0,0,0,1.225
1332.12055921541,35.3216619233375,3,5,72.8305167485821,262.189860294896,6.7767116236173,0,10294.6803799578,0,0,0,1.225
1332.37055921541,35.3250940025113,3,5,72.8537612504575,262.273540501647,6.76872226900923,0,10291.4001131185,0,0,0,1.225
1332.62055921541,35.3285249876505,3,5,72.8769709542499,262.3570954353,6.76074624270586,0,10288.1268418746,0,0,0,1.225
1332.87055921541,35.3319548810881,3,5,72.9001459388423,262.440525379832,6.75278350897315,0,10284.8605437533,0,0,0,1.225
1333.12055921541,35.3353836851494,3,5,72.9232862828453,262.523830618243,6.74483403224258,0,10281.6011963978,0,0,0,1.225
1333.37055921541,35.3388114021524,3,5,72.9463920645987,262.607011432555,6.73689777708205,0,10278.3487775444,0,0,0,1.225
1333.62055921541,35.3422380344075,3,5,72.9694633621727,262.690068103822,6.72897470820863,0,10275.1032650321,0,0,0,1.225
1333.87055921541,35.345663584218,3,5,72.9925002533694,262.77300091213,6.72106479047761,0,10271.8646367946,0,0,0,1.225
1334.12055921541,35.3490880538795,3,5,73.0155028157238,262.855810136606,6.71316798888984,0,10268.6328708659,0,0,0,1.225
1334.37055921541,35.3525114456805,3,5,73.0384711265053,262.938496055419,6.70528426859346,0,10265.4079453817,0,0,0,1.225
1334.62055921541,35.3559337619022,3,5,73.0614052627187,263.021058945787,6.69741359486397,0,10262.1898385636,0,0,0,1.225
1334.87055921541,35.3593550048185,3,5,73.0843053011056,263.10349908398,6.6895559331424,0,10258.9785287498,0,0,0,1.225
1335.12055921541,35.3627751766959,3,5,73.107171318146,263.185816745326,6.68171124898618,0,10255.7739943558,0,0,0,1.225
1335.37055921541,35.3661942797941,3,5,73.1300033900588,263.268012204212,6.67387950810371,0,10252.5762139018,0,0,0,1.225
1335.62055921541,35.3696123163652,3,5,73.1528015928039,263.350085734094,6.66606067633984,0,10249.3851660018,0,0,0,1.225
1335.87055921541,35.3730292886546,3,5,73.1755660020825,263.432037607497,6.65825471967946,0,10246.200829366,0,0,0,1.225
1336.12055921541,35.3764451989002,3,5,73.1982966933392,263.513868096021,6.65046160423663,0,10243.0231827924,0,0,0,1.225
1336.37055921541,35.379860049333,3,5,73.2209937417626,263.595577470345,6.64268129627271,0,10239.8522051812,0,0,0,1.225
1336.62055921541,35.3832738421771,3,5,73.2436572222869,263.677166000233,6.63491376218008,0,10236.6878755221,0,0,0,1.225
1336.87055921541,35.3866865796493,3,5,73.2662872095926,263.758633954534,6.62715896848022,0,10233.5301728926,0,0,0,1.225
1337.12055921541,35.3900982639597,3,5,73.2888837781085,263.839981601191,6.61941688184015,0,10230.3790764711,0,0,0,1.225
1337.37055921541,35.3935088973114,3,5,73.311447002012,263.921209207243,6.61168746904696,0,10227.2345655172,0,0,0,1.225
1337.62055921541,35.3969184819004,3,5,73.3339769552309,264.002317038831,6.60397069703322,0,10224.0966193912,0,0,0,1.225
1337.87055921541,35.400327019916,3,5,73.3564737114443,264.083305361199,6.59626653285341,0,10220.9652175361,0,0,0,1.225
1338.12055921541,35.4037345135406,3,5,73.3789373440836,264.164174438701,6.58857494370386,0,10217.8403394931,0,0,0,1.225
1338.37055921541,35.4071409649497,3,5,73.4013679263343,264.244924534804,6.58089589689735,0,10214.7219648816,0,0,0,1.225
1338.62055921541,35.4105463763122,3,5,73.4237655311364,264.325555912091,6.57322935989032,0,10211.6100734209,0,0,0,1.225
1338.87055921541,35.41395074979,3,5,73.446130231186,264.40606883227,6.5655753002593,0,10208.5046449114,0,0,0,1.225
1339.12055921541,35.4173540875385,3,5,73.4684620989362,264.48646355617,6.55793368571176,0,10205.4056592436,0,0,0,1.225
1339.37055921541,35.4207563917061,3,5,73.4907612065985,264.566740343754,6.5503044840807,0,10202.3130963934,0,0,0,1.225
1339.62055921541,35.4241576644348,3,5,73.5130276261435,264.646899454116,6.54268766333553,0,10199.2269364311,0,0,0,1.225
1339.87055921541,35.4275579078598,3,5,73.5352614293025,264.726941145489,6.53508319156208,0,10196.1471595056,0,0,0,1.225
1340.12055921541,35.4309571241097,3,5,73.5574626875682,264.806865675246,6.52749103697352,0,10193.0737458529,0,0,0,1.225
1340.37055921541,35.4343553153067,3,5,73.5796314721962,264.886673299906,6.51991116791032,0,10190.0066757963,0,0,0,1.225
1340.62055921541,35.4377524835661,3,5,73.6017678542058,264.966364275141,6.51234355283668,0,10186.9459297435,0,0,0,1.225
1340.87055921541,35.4411486309969,3,5,73.6238719043809,265.045938855771,6.50478816033865,0,10183.8914881855,0,0,0,1.225
1341.12055921541,35.4445437597015,3,5,73.6459436932718,265.125397295778,6.49724495913324,0,10180.8433317033,0,0,0,1.225
1341.37055921541,35.447937871776,3,5,73.6679832911955,265.204739848304,6.4897139180448,0,10177.8014409496,0,0,0,1.225
1341.62055921541,35.4513309693097,3,5,73.6899907682371,265.283966765654,6.48219500603409,0,10174.765796672,0,0,0,1.225
1341.87055921541,35.4547230543859,3,5,73.7119661942512,265.363078299304,6.47468819217647,0,10171.7363796955,0,0,0,1.225
1342.12055921541,35.4581141290811,3,5,73.7339096388621,265.442074699904,6.46719344566554,0,10168.7131709255,0,0,0,1.225
1342.37055921541,35.4615041954657,3,5,73.7558211714659,265.520956217277,6.45971073581859,0,10165.6961513521,0,0,0,1.225
1342.62055921541,35.4648932556038,3,5,73.7777008612306,265.59972310043,6.45224003206931,0,10162.6853020447,0,0,0,1.225
1342.87055921541,35.4682813115529,3,5,73.7995487770978,265.678375597552,6.44478130397692,0,10159.6806041589,0,0,0,1.225
1343.12055921541,35.4716683653646,3,5,73.8213649877834,265.75691395602,6.43733452120614,0,10156.6820389209,0,0,0,1.225
1343.37055921541,35.4750544190838,3,5,73.8431495617788,265.835338422404,6.42989965355082,0,10153.6895876461,0,0,0,1.225
1343.62055921541,35.4784394747495,3,5,73.8649025673516,265.913649242466,6.42247667091033,0,10150.7032317208,0,0,0,1.225
1343.87055921541,35.4818235343945,3,5,73.8866240725471,265.99184666117,6.415065543315,0,10147.7229526218,0,0,0,1.225
1344.12055921541,35.4852066000452,3,5,73.908314145189,266.069930922681,6.4076662408952,0,10144.7487318927,0,0,0,1.225
1344.37055921541,35.4885886737219,3,5,73.9299728528805,266.14790227037,6.40027873390682,0,10141.7805511634,0,0,0,1.225
1344.62055921541,35.491969757439,3,5,73.9516002630052,266.225760946819,6.39290299271306,0,10138.8183921362,0,0,0,1.225
1344.87055921541,35.4953498532046,3,5,73.973196442728,266.303507193821,6.38553898779173,0,10135.8622365915,0,0,0,1.225
1345.12055921541,35.4987289630207,3,5,73.9947614589966,266.381141252388,6.37818668974433,0,10132.9120663952,0,0,0,1.225
1345.37055921541,35.5021070888833,3,5,74.0162953785419,266.458663362751,6.37084606926692,0,10129.9678634751,0,0,0,1.225
1345.62055921541,35.5054842327825,3,5,74.0377982678792,266.536073764365,6.36351709717746,0,10127.0296098433,0,0,0,1.225
1345.87055921541,35.5088603967021,3,5,74.0592701933092,266.613372695913,6.35619974440851,0,10124.0972875902,0,0,0,1.225
1346.12055921541,35.5122355826203,3,5,74.0807112209189,266.690560395308,6.34889398199812,0,10121.1708788772,0,0,0,1.225
1346.37055921541,35.5156097925092,3,5,74.1021214165826,266.767637099697,6.34159978109528,0,10118.2503659411,0,0,0,1.225
1346.62055921541,35.5189830283347,3,5,74.1235008459629,266.844603045466,6.33431711295452,0,10115.3357310901,0,0,0,1.225
1346.87055921541,35.5223552920573,3,5,74.1448495745115,266.921458468241,6.3270459489504,0,10112.4269567151,0,0,0,1.225
1347.12055921541,35.5257265856312,3,5,74.1661676674703,266.998203602893,6.31978626055752,0,10109.5240252739,0,0,0,1.225
1347.37055921541,35.5290969110051,3,5,74.1874551898722,267.07483868354,6.31253801935236,0,10106.6269192928,0,0,0,1.225
1347.62055921541,35.5324662701215,3,5,74.2087122065421,267.151363943552,6.30530119703872,0,10103.7356213869,0,0,0,1.225
1347.87055921541,35.5358346649174,3,5,74.2299387820979,267.227779615552,6.29807576540406,0,10100.8501142252,0,0,0,1.225
1348.12055921541,35.539202097324,3,5,74.2511349809513,267.304085931425,6.29086169635775,0,10097.9703805614,0,0,0,1.225
1348.37055921541,35.5425685692665,3,5,74.2723008673086,267.380283122311,6.28365896190553,0,10095.0964032134,0,0,0,1.225
1348.62055921541,35.5459340826647,3,5,74.293436505172,267.456371418619,6.27646753416775,0,10092.2281650777,0,0,0,1.225
1348.87055921541,35.5492986394325,3,5,74.3145419583402,267.532351050025,6.26928738536299,0,10089.365649117,0,0,0,1.225
1349.12055921541,35.552662241478,3,5,74.3356172904093,267.608222245474,6.2621184878135,0,10086.5088383639,0,0,0,1.225
1349.37055921541,35.556024890704,3,5,74.3566625647739,267.683985233186,6.25496081394704,0,10083.6577159228,0,0,0,1.225
1349.62055921541,35.5593865890074,3,5,74.3776778446276,267.759640240659,6.24781433629505,0,10080.8122649686,0,0,0,1.225
1349.87055921541,35.5627473382795,3,5,74.3986631929644,267.835187494672,6.2406790274872,0,10077.9724687418,0,0,0,1.225
1350.12055921541,35.5661071404062,3,5,74.4196186725791,267.910627221285,6.23355486026412,0,10075.1383105594,0,0,0,1.225
1350.37055921541,35.5694659972675,3,5,74.4405443460687,267.985959645847,6.22644180745192,0,10072.3097737943,0,0,0,1.225
1350.62055921541,35.5728239107382,3,5,74.4614402758326,268.061184992997,6.21933984199859,0,10069.4868419042,0,0,0,1.225
1350.87055921541,35.5761808826875,3,5,74.482306524074,268.136303486666,6.21224893693397,0,10066.6694984002,0,0,0,1.225
1351.12055921541,35.5795369149789,3,5,74.5031431528006,268.211315350082,6.20516906539888,0,10063.8577268695,0,0,0,1.225
1351.37055921541,35.5828920094706,3,5,74.5239502238254,268.286220805771,6.19810020062869,0,10061.0515109629,0,0,0,1.225
1351.62055921541,35.5862461680154,3,5,74.5447277987676,268.361020075563,6.19104231596066,0,10058.2508344002,0,0,0,1.225
1351.87055921541,35.5895993924605,3,5,74.5654759390534,268.435713380592,6.18399538483027,0,10055.4556809678,0,0,0,1.225
1352.12055921541,35.5929516846479,3,5,74.5861947059169,268.510300941301,6.17695938076395,0,10052.6660345125,0,0,0,1.225
1352.37055921541,35.5963030464139,3,5,74.606884160401,268.584782977443,6.1699342773918,0,10049.8818789519,0,0,0,1.225
1352.62055921541,35.5996534795899,3,5,74.6275443633579,268.659159708088,6.16292004844581,0,10047.1031982731,0,0,0,1.225
1352.87055921541,35.6030029860014,3,5,74.6481753754504,268.733431351621,6.15591666774344,0,10044.3299765194,0,0,0,1.225
1353.12055921541,35.6063515674691,3,5,74.6687772571523,268.807598125748,6.14892410920766,0,10041.5621978068,0,0,0,1.225
1353.37055921541,35.6096992258081,3,5,74.6893500687497,268.881660247499,6.14194234684874,0,10038.7998463087,0,0,0,1.225
1353.62055921541,35.6130459628283,3,5,74.7098938703412,268.955617933228,6.13497135477701,0,10036.0429062672,0,0,0,1.225
1353.87055921541,35.6163917803344,3,5,74.7304087218392,269.029471398621,6.12801110719374,0,10033.2913619848,0,0,0,1.225
1354.12055921541,35.6197366801256,3,5,74.7508946829705,269.103220858694,6.12106157840208,0,10030.545197834,0,0,0,1.225
1354.37055921541,35.6230806639964,3,5,74.771351813277,269.176866527797,6.114122742787,0,10027.8043982407,0,0,0,1.225
1354.62055921541,35.6264237337356,3,5,74.7917801721168,269.250408619621,6.10719457483719,0,10025.0689477022,0,0,0,1.225
1354.87055921541,35.6297658911271,3,5,74.8121798186648,269.323847347193,6.10027704913045,0,10022.3388307755,0,0,0,1.225
1355.12055921541,35.6331071379496,3,5,74.8325508119134,269.397182922888,6.0933701403319,0,10019.6140320754,0,0,0,1.225
1355.37055921541,35.6364474759767,3,5,74.8528932106735,269.470415558425,6.08647382320487,0,10016.8945362842,0,0,0,1.225
1355.62055921541,35.6397869069767,3,5,74.873207073575,269.54354546487,6.07958807260184,0,10014.1803281435,0,0,0,1.225
1355.87055921541,35.6431254327131,3,5,74.8934924590679,269.616572852644,6.07271286346077,0,10011.4713924519,0,0,0,1.225
1356.12055921541,35.6464630549441,3,5,74.9137494254227,269.689497931522,6.06584817082512,0,10008.7677140809,0,0,0,1.225
1356.37055921541,35.649799775423,3,5,74.9339780307317,269.762320910634,6.05899396981295,0,10006.0692779503,0,0,0,1.225
1356.62055921541,35.653135595898,3,5,74.9541783329092,269.835041998473,6.05215023563323,0,10003.3760690413,0,0,0,1.225
1356.87055921541,35.6564705181124,3,5,74.9743503896923,269.907661402892,6.04531694359139,0,10000.6880724005,0,0,0,1.225
1357.12055921541,35.6598045438043,3,5,74.9944942586422,269.980179331112,6.03849406908193,0,9998.00527313492,0,0,0,1.225
1357.37055921541,35.663137674707,3,5,75.0146099971445,270.05259598972,6.03168158757398,0,9995.3276563997,0,0,0,1.225
1357.62055921541,35.6664699125487,3,5,75.0346976624098,270.124911584675,6.02487947464397,0,9992.65520742466,0,0,0,1.225
1357.87055921541,35.669801259053,3,5,75.0547573114749,270.197126321309,6.01808770594471,0,9989.98791148955,0,0,0,1.225
1358.12055921541,35.6731317159383,3,5,75.0747890012032,270.269240404331,6.01130625720907,0,9987.32575392695,0,0,0,1.225
1358.37055921541,35.6764612849181,3,5,75.0947927882856,270.341254037828,6.00453510426814,0,9984.66872013692,0,0,0,1.225
1358.62055921541,35.6797899677011,3,5,75.1147687292411,270.413167425268,5.99777422304032,0,9982.01679557828,0,0,0,1.225
1358.87055921541,35.6831177659913,3,5,75.1347168804176,270.484980769503,5.99102358951495,0,9979.36996575556,0,0,0,1.225
1359.12055921541,35.6864446814876,3,5,75.1546372979927,270.556694272774,5.98428317978505,0,9976.72821624521,0,0,0,1.225
1359.37055921541,35.6897707158843,3,5,75.1745300379742,270.628308136707,5.9775529700164,0,9974.09153267095,0,0,0,1.225
1359.62055921541,35.6930958708708,3,5,75.194395156201,270.699822562324,5.97083293645846,0,9971.45990071249,0,0,0,1.225
1359.87055921541,35.6964201481318,3,5,75.2142327083437,270.771237750037,5.96412305545164,0,9968.83330611142,0,0,0,1.225
1360.12055921541,35.6997435493471,3,5,75.2340427499055,270.84255389966,5.95742330342,0,9966.21173466542,0,0,0,1.225
1360.37055921541,35.7030660761919,3,5,75.2538253362224,270.913771210401,5.95073365686221,0,9963.595172221,0,0,0,1.225
1360.62055921541,35.7063877303367,3,5,75.2735805224647,270.984889880873,5.94405409237152,0,9960.98360468959,0,0,0,1.225
1360.87055921541,35.7097085134472,3,5,75.293308363637,271.055910109093,5.9373845866121,0,9958.37701802864,0,0,0,1.225
1361.12055921541,35.7130284271845,3,5,75.313008914579,271.126832092485,5.93072511633,0,9955.77539825035,0,0,0,1.225
1361.37055921541,35.7163474732049,3,5,75.3326822299667,271.19765602788,5.92407565837129,0,9953.17873143633,0,0,0,1.225
1361.62055921541,35.7196656531602,3,5,75.3523283643123,271.268382111524,5.91743618964028,0,9950.58700370411,0,0,0,1.225
1361.87055921541,35.7229829686976,3,5,75.3719473719655,271.339010539076,5.91080668713403,0,9948.00020123487,0,0,0,1.225
1362.12055921541,35.7262994214596,3,5,75.3915393071139,271.40954150561,5.90418712792598,0,9945.41831026032,0,0,0,1.225
1362.37055921541,35.729615013084,3,5,75.4111042237837,271.479975205621,5.89757748917873,0,9942.84131707302,0,0,0,1.225
1362.62055921541,35.7329297452043,3,5,75.4306421758406,271.550311833026,5.89097774812035,0,9940.26920800738,0,0,0,1.225
1362.87055921541,35.7362436194492,3,5,75.4501532169899,271.620551581164,5.88438788206258,0,9937.70196945435,0,0,0,1.225
1363.12055921541,35.7395566374431,3,5,75.4696374007777,271.6906946428,5.87780786840449,0,9935.13958786431,0,0,0,1.225
1363.37055921541,35.7428688008056,3,5,75.4890947805914,271.760741210129,5.8712376846197,0,9932.58204973694,0,0,0,1.225
1363.62055921541,35.746180111152,3,5,75.5085254096604,271.830691474778,5.86467730824916,0,9930.02934161543,0,0,0,1.225
1363.87055921541,35.749490570093,3,5,75.5279293410565,271.900545627804,5.85812671692656,0,9927.48145010688,0,0,0,1.225
1364.12055921541,35.752800179235,3,5,75.5473066276949,271.970303859702,5.85158588835475,0,9924.93836186346,0,0,0,1.225
1364.37055921541,35.7561089401797,3,5,75.5666573223344,272.039966360404,5.84505480032021,0,9922.40006359401,0,0,0,1.225
1364.62055921541,35.7594168545247,3,5,75.5859814775787,272.109533319283,5.83853343067312,0,9919.86654204814,0,0,0,1.225
1364.87055921541,35.7627239238628,3,5,75.6052791458763,272.179004925155,5.83202175735823,0,9917.33778404098,0,0,0,1.225
1365.12055921541,35.7660301497826,3,5,75.6245503795217,272.248381366278,5.82551975837669,0,9914.81377642264,0,0,0,1.225
1365.37055921541,35.7693355338684,3,5,75.6437952306556,272.31766283036,5.81902741182239,0,9912.29450610736,0,0,0,1.225
1365.62055921541,35.7726400777,3,5,75.6630137512661,272.386849504558,5.81254469585474,0,9909.77996005172,0,0,0,1.225
1365.87055921541,35.7759437828529,3,5,75.6822059931885,272.455941575479,5.80607158871135,0,9907.27012526487,0,0,0,1.225
1366.12055921541,35.7792466508983,3,5,75.7013720081068,272.524939229184,5.79960806870076,0,9904.76498880271,0,0,0,1.225
1366.37055921541,35.782548683403,3,5,75.7205118475536,272.593842651193,5.79315411420976,0,9902.2645377738,0,0,0,1.225
1366.62055921541,35.7858498819295,3,5,75.7396255629111,272.66265202648,5.78670970369967,0,9899.7687593364,0,0,0,1.225
1366.87055921541,35.7891502480361,3,5,75.7587132054117,272.731367539482,5.78027481569916,0,9897.27764069279,0,0,0,1.225
1367.12055921541,35.7924497832768,3,5,75.7777748261385,272.799989374099,5.7738494288169,0,9894.7911690994,0,0,0,1.225
1367.37055921541,35.7957484892013,3,5,75.7968104760259,272.868517713693,5.76743352173435,0,9892.30933186106,0,0,0,1.225
1367.62055921541,35.7990463673552,3,5,75.8158202058602,272.936952741097,5.76102707319478,0,9889.8321163223,0,0,0,1.225
1367.87055921541,35.8023434192797,3,5,75.8348040662804,273.005294638609,5.75463006203063,0,9887.35950988923,0,0,0,1.225
1368.12055921541,35.805639646512,3,5,75.8537621077783,273.073543588002,5.74824246713069,0,9884.89150000332,0,0,0,1.225
1368.37055921541,35.808935050585,3,5,75.8726943806998,273.141699770519,5.74186426746564,0,9882.42807416189,0,0,0,1.225
1368.62055921541,35.8122296330273,3,5,75.8916009352448,273.209763366881,5.7354954420698,0,9879.9692199035,0,0,0,1.225
1368.87055921541,35.8155233953635,3,5,75.9104818214684,273.277734557286,5.72913597005208,0,9877.51492481679,0,0,0,1.225
1369.12055921541,35.8188163391142,3,5,75.9293370892809,273.345613521411,5.72278583059415,0,9875.06517653903,0,0,0,1.225
1369.37055921541,35.8221084657956,3,5,75.9481667884488,273.413400438416,5.71644500294497,0,9872.61996275176,0,0,0,1.225
1369.62055921541,35.8253997769199,3,5,75.9669709685951,273.481095486942,5.71011346642263,0,9870.17927118233,0,0,0,1.225
1369.87055921541,35.8286902739953,3,5,75.9857496792003,273.548698845121,5.70379120041252,0,9867.74308960241,0,0,0,1.225
1370.12055921541,35.8319799585258,3,5,76.0045029696023,273.616210690568,5.69747818437281,0,9865.31140583246,0,0,0,1.225
1370.37055921541,35.8352688320113,3,5,76.0232308889975,273.683631200391,5.69117439783622,0,9862.88420774316,0,0,0,1.225
1370.62055921541,35.8385568959478,3,5,76.0419334864415,273.750960551189,5.68487982039733,0,9860.4614832453,0,0,0,1.225
1370.87055921541,35.8418445001521,3,5,76.0283794480374,273.702166012935,-13.9295472669019,0,0,5832.97388364818,0,0,1.225
1371.12055921541,35.8451340803802,3,5,75.9508460628359,273.423045826209,-33.2043080698004,0,0,21263.6085833646,0,0,1.225
1371.37055921541,35.8484280535522,3,5,75.8415792188992,273.029685188037,-33.1392089063011,0,0,21226.7675291206,0,0,1.225
1371.62055921541,35.8517267746137,3,5,75.7323694271958,272.636529937905,-33.0742285309097,0,0,21189.9916277189,0,0,1.225
1371.87055921541,35.8550302547843,3,5,75.6232165425309,272.243579553111,-33.0093667440397,0,0,21153.2807740126,0,0,1.225
1372.12055921541,35.8583385053277,3,5,75.5141204194017,271.850833509846,-32.9446233464132,0,0,21116.6348630103,0,0,1.225
1372.37055921541,35.8616515375524,3,5,75.4050809119952,271.458291283183,-32.8799981390457,0,0,21080.0537898638,0,0,1.225
1372.62055921541,35.8649693628113,3,5,75.2960978741858,271.065952347069,-32.8154909232708,0,0,21043.5374498878,0,0,1.225
1372.87055921541,35.8682919925025,3,5,75.1871711595334,270.67381617432,-32.7511015007276,0,0,21007.0857385507,0,0,1.225
1373.12055921541,35.8716194380692,3,5,75.078300621281,270.281882236612,-32.6868296733574,0,0,20970.698551471,0,0,1.225
1373.37055921541,35.8749517110002,3,5,74.9694861123528,269.89015000447,-32.622675243405,0,0,20934.3757844197,0,0,1.225
1373.62055921541,35.8782888228302,3,5,74.8607274853514,269.498618947265,-32.5586380134282,0,0,20898.117333327,0,0,1.225
1373.87055921541,35.8816307851398,3,5,74.7520245925562,269.107288533202,-32.4947177862723,0,0,20861.9230942625,0,0,1.225
1374.12055921541,35.8849776095559,3,5,74.6433772859205,268.716158229314,-32.4309143651135,0,0,20825.7929634702,0,0,1.225
1374.37055921541,35.8883293077522,3,5,74.5347854170698,268.325227501451,-32.3672275534009,0,0,20789.726837322,0,0,1.225
1374.62055921541,35.8916858914492,3,5,74.4262488372991,267.934495814277,-32.3036571549128,0,0,20753.724612363,0,0,1.225
1374.87055921541,35.8950473724143,3,5,74.3177673975706,267.543962631254,-32.2402029737113,0,0,20717.7861852751,0,0,1.225
1375.12055921541,35.8984137624627,3,5,74.2093409485116,267.153627414642,-32.176864814166,0,0,20681.9114528964,0,0,1.225
1375.37055921541,35.9017850734569,3,5,74.1009693404119,266.763489625483,-32.1136424809538,0,0,20646.1003122209,0,0,1.225
1375.62055921541,35.9051613173078,3,5,73.9926524232215,266.373548723597,-32.0505357790498,0,0,20610.3526603919,0,0,1.225
1375.87055921541,35.9085425059744,3,5,73.8843900465482,265.983804167573,-31.9875445137277,0,0,20574.6683947014,0,0,1.225
1376.12055921541,35.911928651464,3,5,73.7761820596552,265.594255414759,-31.9246684905629,0,0,20539.047412594,0,0,1.225
1376.37055921541,35.9153197658331,3,5,73.6680283114588,265.204901921252,-31.8619075154311,0,0,20503.4896116649,0,0,1.225
1376.62055921541,35.9187158611872,3,5,73.5599286505255,264.815743141892,-31.7992613945116,0,0,20467.9948896634,0,0,1.225
1376.87055921541,35.9221169496812,3,5,73.4518829250702,264.426778530253,-31.7367299342714,0,0,20432.5631444795,0,0,1.225
1377.12055921541,35.9255230435197,3,5,73.3438909829529,264.03800753863,-31.6743129414845,0,0,20397.1942741605,0,0,1.225
1377.37055921541,35.9289341549575,3,5,73.2359526716769,263.649429618037,-31.6120102232289,0,0,20361.888176908,0,0,1.225
1377.62055921541,35.9323502962994,3,5,73.1280678383859,263.261044218189,-31.5498215868647,0,0,20326.6447510605,0,0,1.225
1377.87055921541,35.9357714799011,3,5,73.0202363298616,262.872850787502,-31.48774684007,0,0,20291.4638951228,0,0,1.225
1378.12055921541,35.9391977181692,3,5,72.9124579925209,262.484848773075,-31.4257857908015,0,0,20256.3455077341,0,0,1.225
1378.37055921541,35.9426290235612,3,5,72.8047326724135,262.097037620689,-31.3639382473175,0,0,20221.2894876869,0,0,1.225
1378.62055921541,35.9460654085866,3,5,72.6970602152193,261.709416774789,-31.3022040181786,0,0,20186.2957339274,0,0,1.225
1378.87055921541,35.9495068858066,3,5,72.5894404662456,261.321985678484,-31.2405829122363,0,0,20151.3641455466,0,0,1.225
1379.12055921541,35.9529534678343,3,5,72.4818732704246,260.934743773529,-31.1790747386367,0,0,20116.4946217836,0,0,1.225
1379.37055921541,35.9564051673356,3,5,72.3743584723107,260.547690500318,-31.1176793068262,0,0,20081.68706203,0,0,1.225
1379.62055921541,35.9598619970291,3,5,72.2668959160776,260.160825297879,-31.0563964265402,0,0,20046.9413658213,0,0,1.225
1379.87055921541,35.9633239696866,3,5,72.1594854455158,259.774147603857,-30.9952259078054,0,0,20012.2574328384,0,0,1.225
1380.12055921541,35.9667910981331,3,5,72.0521269040298,259.387656854507,-30.9341675609594,0,0,19977.6351629239,0,0,1.225
1380.37055921541,35.9702633952476,3,5,71.9448201346353,259.001352484687,-30.8732211966071,0,0,19943.0744560473,0,0,1.225
1380.62055921541,35.9737408739632,3,5,71.8375649799563,258.615233927843,-30.8123866256683,0,0,19908.575212343,0,0,1.225
1380.87055921541,35.9772235472674,3,5,71.7303612822227,258.229300616002,-30.7516636593409,0,0,19874.1373320809,0,0,1.225
1381.12055921541,35.9807114282024,3,5,71.6232088832669,257.843551979761,-30.6910521091268,0,0,19839.7607156876,0,0,1.225
1381.37055921541,35.9842045298655,3,5,71.5161076245212,257.457987448276,-30.6305517868059,0,0,19805.4452637258,0,0,1.225
1381.62055921541,35.9877028654096,3,5,71.409057347015,257.072606449254,-30.5701625044658,0,0,19771.1908769175,0,0,1.225
1381.87055921541,35.9912064480433,3,5,71.3020578913719,256.687408408939,-30.5098840744649,0,0,19736.9974561154,0,0,1.225
1382.12055921541,35.9947152910312,3,5,71.1951090978065,256.302392752103,-30.4497163094711,0,0,19702.8649023335,0,0,1.225
1382.37055921541,35.9982294076947,3,5,71.0882108061216,255.917558902038,-30.3896590224358,0,0,19668.7931167268,0,0,1.225
1382.62055921541,36.0017488114118,3,5,70.9813628557055,255.53290628054,-30.3297120265925,0,0,19634.78200059,0,0,1.225
1382.87055921541,36.0052735156177,3,5,70.8745650855285,255.148434307903,-30.2698751354728,0,0,19600.8314553706,0,0,1.225
1383.12055921541,36.0088035338052,3,5,70.7678173341401,254.764142402904,-30.2101481628888,0,0,19566.9413826547,0,0,1.225
1383.37055921541,36.0123388795251,3,5,70.6611194396661,254.380029982798,-30.1505309229578,0,0,19533.1116841874,0,0,1.225
1383.62055921541,36.0158795663862,3,5,70.5544712398053,253.996096463299,-30.0910232300594,0,0,19499.3422618382,0,0,1.225
1383.87055921541,36.0194256080562,3,5,70.4478725718263,253.612341258575,-30.0316248988856,0,0,19465.6330176413,0,0,1.225
1384.12055921541,36.0229770182617,3,5,70.3413232725647,253.228763781233,-29.9723357443963,0,0,19431.9838537601,0,0,1.225
1384.37055921541,36.0265338107887,3,5,70.2348231784198,252.845363442311,-29.9131555818512,0,0,19398.394672513,0,0,1.225
1384.62055921541,36.0300959994829,3,5,70.1283721253511,252.462139651264,-29.8540842267885,0,0,19364.8653763564,0,0,1.225
1384.87055921541,36.0336635982501,3,5,70.0219699488758,252.079091815953,-29.7951214950408,0,0,19331.3958678975,0,0,1.225
1385.12055921541,36.0372366210568,3,5,69.9156164840648,251.696219342633,-29.7362672027157,0,0,19297.9860498789,0,0,1.225
1385.37055921541,36.0408150819303,3,5,69.8093115655397,251.313521635943,-29.6775211662098,0,0,19264.6358251902,0,0,1.225
1385.62055921541,36.0443989949589,3,5,69.7030550274699,250.930998098892,-29.6188832022071,0,0,19231.3450968664,0,0,1.225
1385.87055921541,36.0479883742931,3,5,69.5968467035686,250.548648132847,-29.5603531276756,0,0,19198.1137680857,0,0,1.225
1386.12055921541,36.0515832341449,3,5,69.4906864270899,250.166471137524,-29.501930759865,0,0,19164.9417421676,0,0,1.225
1386.37055921541,36.0551835887893,3,5,69.3845740308254,249.784466510972,-29.443615916307,0,0,19131.8289225734,0,0,1.225
1386.62055921541,36.0587894525638,3,5,69.2785093471007,249.402633649562,-29.3854084148206,0,0,19098.7752129104,0,0,1.225
1386.87055921541,36.0624008398692,3,5,69.1724922077717,249.020971947978,-29.3273080735034,0,0,19065.7805169251,0,0,1.225
1387.12055921541,36.0660177651701,3,5,69.0665224442216,248.639480799198,-29.269314710742,0,0,19032.8447385117,0,0,1.225
1387.37055921541,36.0696402429951,3,5,68.9605998873573,248.258159594486,-29.2114281451941,0,0,18999.967781698,0,0,1.225
1387.62055921541,36.0732682879375,3,5,68.8547243676056,247.87700772338,-29.1536481958083,0,0,18967.1495506615,0,0,1.225
1387.87055921541,36.076901914655,3,5,68.7488957149097,247.496024573675,-29.0959746818098,0,0,18934.3899497174,0,0,1.225
1388.12055921541,36.0805411378713,3,5,68.643113758726,247.115209531414,-29.0384074227059,0,0,18901.6888833239,0,0,1.225
1388.37055921541,36.0841859723754,3,5,68.5373783280201,246.734561980872,-28.9809462382818,0,0,18869.0462560787,0,0,1.225
1388.62055921541,36.0878364330225,3,5,68.4316892512631,246.354081304547,-28.9235909486106,0,0,18836.4619727268,0,0,1.225
1388.87055921541,36.0914925347347,3,5,68.3260463564282,245.973766883142,-28.8663413740287,0,0,18803.9359381416,0,0,1.225
1389.12055921541,36.095154292501,3,5,68.2204494709869,245.593618095553,-28.8091973351711,0,0,18771.4680573528,0,0,1.225
1389.37055921541,36.0988217213778,3,5,68.1148984219051,245.213634318858,-28.7521586529365,0,0,18739.0582355186,0,0,1.225
1389.62055921541,36.1024948364896,3,5,68.0093930356395,244.833814928302,-28.6952251485091,0,0,18706.7063779436,0,0,1.225
1389.87055921541,36.1061736530292,3,5,67.9039331381336,244.454159297281,-28.6383966433496,0,0,18674.4123900713,0,0,1.225
1390.12055921541,36.1098581862582,3,5,67.7985185548142,244.074666797331,-28.5816729591934,0,0,18642.1761774832,0,0,1.225
1390.37055921541,36.1135484515075,3,5,67.6931491105871,243.695336798113,-28.5250539180579,0,0,18609.9976459044,0,0,1.225
1390.62055921541,36.1172444641779,3,5,67.5878246298333,243.3161686674,-28.4685393422351,0,0,18577.8767011982,0,0,1.225
1390.87055921541,36.1209462397401,3,5,67.4825449364054,242.937161771059,-28.4121290542917,0,0,18545.8132493657,0,0,1.225
1391.12055921541,36.1246537937359,3,5,67.377309853623,242.558315473043,-28.3558228770671,0,0,18513.8071965453,0,0,1.225
1391.37055921541,36.1283671417779,3,5,67.2721192042695,242.17962913537,-28.2996206336902,0,0,18481.8584490252,0,0,1.225
1391.62055921541,36.1320862995503,3,5,67.166972810587,241.801102118113,-28.2435221475444,0,0,18449.9669132161,0,0,1.225
1391.87055921541,36.1358112828097,3,5,67.0618704942732,241.422733779383,-28.1875272423094,0,0,18418.1324956849,0,0,1.225
1392.12055921541,36.1395421073851,3,5,66.9568120764767,241.044523475316,-28.1316357419219,0,0,18386.3551031227,0,0,1.225
1392.37055921541,36.1432787891784,3,5,66.8517973777929,240.666470560055,-28.0758474705981,0,0,18354.6346423641,0,0,1.225
1392.62055921541,36.1470213441654,3,5,66.7468262182602,240.288574385737,-28.0201622528366,0,0,18322.9710203883,0,0,1.225
1392.87055921541,36.1507697883957,3,5,66.641898417355,239.910834302478,-27.9645799133923,0,0,18291.3641442991,0,0,1.225
1393.12055921541,36.1545241379935,3,5,66.5370137939883,239.533249658358,-27.9091002773093,0,0,18259.8139213516,0,0,1.225
1393.37055921541,36.1582844091581,3,5,66.4321721665007,239.155819799402,-27.853723169892,0,0,18228.3202589282,0,0,1.225
1393.62055921541,36.1620506181645,3,5,66.3273733526584,238.77854406957,-27.7984484167227,0,0,18196.8830645541,0,0,1.225
1393.87055921541,36.1658227813634,3,5,66.2226171696486,238.401421810735,-27.7432758436571,0,0,18165.5022458927,0,0,1.225
1394.12055921541,36.1696009151824,3,5,66.1179034340754,238.024452362671,-27.6882052768196,0,0,18134.1777107426,0,0,1.225
1394.37055921541,36.1733850361262,3,5,66.0132319619549,237.647635063038,-27.6332365425969,0,0,18102.9093670323,0,0,1.225
1394.62055921541,36.1771751607771,3,5,65.908602568711,237.27096924736,-27.5783694676666,0,0,18071.6971228435,0,0,1.225
1394.87055921541,36.1809713057955,3,5,65.8040150691707,236.894454249015,-27.5236038789535,0,0,18040.5408863761,0,0,1.225
1395.12055921541,36.1847734879205,3,5,65.6994692775595,236.518089399214,-27.4689396036683,0,0,18009.4405659791,0,0,1.225
1395.37055921541,36.1885817239707,3,5,65.594965007497,236.141874026989,-27.4143764692835,0,0,17978.3960701318,0,0,1.225
1395.62055921541,36.1923960308441,3,5,65.4905020719917,235.76580745917,-27.3599143035426,0,0,17947.4073074509,0,0,1.225
1395.87055921541,36.1962164255195,3,5,65.3860802834368,235.389889020373,-27.3055529344583,0,0,17916.4741866897,0,0,1.225
1396.12055921541,36.2000429250561,3,5,65.2816994536053,235.014118032979,-27.251292190309,0,0,17885.5966167348,0,0,1.225
1396.37055921541,36.2038755465951,3,5,65.177359393645,234.638493817122,-27.1971318996457,0,0,17854.7745066124,0,0,1.225
1396.62055921541,36.2077143073593,3,5,65.0730599140738,234.263015690666,-27.1430718912798,0,0,17824.0077654779,0,0,1.225
1396.87055921541,36.2115592246543,3,5,64.9688008247746,233.887682969189,-27.0891119942953,0,0,17793.2963026265,0,0,1.225
1397.12055921541,36.2154103158688,3,5,64.864581934991,233.512494965967,-27.0352520380402,0,0,17762.6400274861,0,0,1.225
1397.37055921541,36.2192675984753,3,5,64.7604030533212,233.137450991956,-26.9814918521279,0,0,17732.0388496185,0,0,1.225
1397.62055921541,36.2231310900307,3,5,64.6562639877141,232.762550355771,-26.9278312664428,0,0,17701.4926787243,0,0,1.225
1397.87055921541,36.2270008081768,3,5,64.5521645454634,232.387792363668,-26.8742701111296,0,0,17671.0014246338,0,0,1.225
1398.12055921541,36.2308767706408,3,5,64.4481045332029,232.01317631953,-26.8208082165984,0,0,17640.5649973123,0,0,1.225
1398.37055921541,36.2347589952361,3,5,64.3440837569012,231.638701524844,-26.7674454135249,0,0,17610.1833068592,0,0,1.225
1398.62055921541,36.238647499863,3,5,64.2401020218564,231.264367278683,-26.7141815328541,0,0,17579.8562635118,0,0,1.225
1398.87055921541,36.2425423025089,3,5,64.136159132691,230.890172877688,-26.6610164057838,0,0,17549.5837776321,0,0,1.225
1399.12055921541,36.2464434212494,3,5,64.0322548933463,230.516117616047,-26.6079498637864,0,0,17519.3657597242,0,0,1.225
1399.37055921541,36.2503508742487,3,5,63.9283891070773,230.142200785478,-26.5549817385927,0,0,17489.2021204216,0,0,1.225
1399.62055921541,36.2542646797599,3,5,63.824561576447,229.768421675209,-26.5021118621953,0,0,17459.0927704902,0,0,1.225
1399.87055921541,36.2581848561264,3,5,63.7207721033213,229.394779571957,-26.4493400668516,0,0,17429.0376208302,0,0,1.225
1400.12055921541,36.2621114217818,3,5,63.6170204888631,229.021273759907,-26.3966661850782,0,0,17399.0365824724,0,0,1.225
1400.37055921541,36.2660443952511,3,5,63.5133065335269,228.647903520697,-26.344090049658,0,0,17369.0895665839,0,0,1.225
1400.62055921541,36.2699837951508,3,5,63.4096300370529,228.274668133391,-26.2916114936315,0,0,17339.196484461,0,0,1.225
1400.87055921541,36.2739296401902,3,5,63.3059907984619,227.901566874463,-26.2392303502993,0,0,17309.3572475312,0,0,1.225
1401.12055921541,36.2778819491716,3,5,63.2023886160489,227.528599017776,-26.1869464532274,0,0,17279.5717673582,0,0,1.225
1401.37055921541,36.281840740991,3,5,63.0988232873775,227.155763834559,-26.1347596362384,0,0,17249.8399556345,0,0,1.225
1401.62055921541,36.2858060346391,3,5,62.9952946092744,226.783060593388,-26.0826697334132,0,0,17220.1617241827,0,0,1.225
1401.87055921541,36.2897778492017,3,5,62.8918023778231,226.410488560163,-26.0306765790974,0,0,17190.5369849612,0,0,1.225
1402.12055921541,36.2937562038604,3,5,62.7883463883578,226.038046998088,-25.9787800078902,0,0,17160.9656500553,0,0,1.225
1402.37055921541,36.2977411178934,3,5,62.6849264354579,225.665735167649,-25.9269798546538,0,0,17131.4476316846,0,0,1.225
1402.62055921541,36.3017326106762,3,5,62.5815423129415,225.293552326589,-25.8752759545059,0,0,17101.9828421974,0,0,1.225
1402.87055921541,36.3057307016823,3,5,62.4781938138592,224.921497729893,-25.8236681428225,0,0,17072.571194073,0,0,1.225
1403.12055921541,36.3097354104839,3,5,62.3748807304882,224.549570629758,-25.7721562552415,0,0,17043.2125999247,0,0,1.225
1403.37055921541,36.3137467567526,3,5,62.2716028543261,224.177770275574,-25.7207401276492,0,0,17013.9069724887,0,0,1.225
1403.62055921541,36.3177647602601,3,5,62.1683599760839,223.806095913902,-25.6694195961991,0,0,16984.6542246402,0,0,1.225
1403.87055921541,36.3217894408793,3,5,62.0651518856804,223.434546788449,-25.6181944972914,0,0,16955.4542693762,0,0,1.225
1404.12055921541,36.3258208185843,3,5,61.9619783722353,223.063122140047,-25.5670646675908,0,0,16926.3070198301,0,0,1.225
1404.37055921541,36.3298589134519,3,5,61.8588392240628,222.691821206626,-25.5160299440131,0,0,16897.2123892616,0,0,1.225
1404.62055921541,36.3339037456621,3,5,61.7557342286651,222.320643223194,-25.4650901637297,0,0,16868.1702910596,0,0,1.225
1404.87055921541,36.3379553354987,3,5,61.6526631727255,221.949587421812,-25.4142451641692,0,0,16839.1806387443,0,0,1.225
1405.12055921541,36.3420137033502,3,5,61.549625842102,221.578653031567,-25.3634947830133,0,0,16810.2433459637,0,0,1.225
1405.37055921541,36.3460788697107,3,5,61.4466220218203,221.207839278553,-25.3128388581981,0,0,16781.3583264948,0,0,1.225
1405.62055921541,36.3501508551804,3,5,61.343651496067,220.837145385841,-25.2622772279137,0,0,16752.5254942433,0,0,1.225
1405.87055921541,36.3542296804669,3,5,61.2407140481828,220.466570573458,-25.2118097306029,0,0,16723.744763243,0,0,1.225
1406.12055921541,36.3583153663853,3,5,61.1378094606553,220.096114058359,-25.161436204964,0,0,16695.0160476577,0,0,1.225
1406.37055921541,36.3624079338597,3,5,61.0349375151124,219.725775054404,-25.1111564899475,0,0,16666.339261779,0,0,1.225
1406.62055921541,36.3665074039237,3,5,60.9320979923143,219.355552772332,-25.0609704247527,0,0,16637.7143200239,0,0,1.225
1406.87055921541,36.3706137977211,3,5,60.8292906721474,218.985446419731,-25.0108778488393,0,0,16609.1411369436,0,0,1.225
1407.12055921541,36.374727136507,3,5,60.7265153336161,218.615455201018,-24.9608786019071,0,0,16580.6196272076,0,0,1.225
1407.37055921541,36.3788474416484,3,5,60.623771754836,218.24557831741,-24.9109725239196,0,0,16552.149705623,0,0,1.225
1407.62055921541,36.3829747346256,3,5,60.5210597130264,217.875814966895,-24.8611594550821,0,0,16523.731287117,0,0,1.225
1407.87055921541,36.3871090370322,3,5,60.4183789845025,217.506164344209,-24.8114392358548,0,0,16495.3642867469,0,0,1.225
1408.12055921541,36.3912503705767,3,5,60.3157293446682,217.136625640806,-24.7618117069478,0,0,16467.0486196973,0,0,1.225
1408.37055921541,36.395398757083,3,5,60.2131105680084,216.76719804483,-24.7122767093206,0,0,16438.7842012786,0,0,1.225
1408.62055921541,36.3995542184914,3,5,60.110522428081,216.397880741091,-24.6628340841826,0,0,16410.5709469286,0,0,1.225
1408.87055921541,36.4037167768597,3,5,60.0079646975094,216.028672911034,-24.6134836729916,0,0,16382.4087722107,0,0,1.225
1409.12055921541,36.4078864543637,3,5,59.9054371479745,215.659573732708,-24.5642253174556,0,0,16354.2975928156,0,0,1.225
1409.37055921541,36.4120632732985,3,5,59.8029395502067,215.290582380744,-24.5150588595307,0,0,16326.2373245601,0,0,1.225
1409.62055921541,36.416247256079,3,5,59.7004716739779,214.92169802632,-24.4659841414204,0,0,16298.2278833862,0,0,1.225
1409.87055921541,36.4204384252413,3,5,59.5980332880934,214.552919837136,-24.4170010055768,0,0,16270.2691853622,0,0,1.225
1410.12055921541,36.4246368034434,3,5,59.4956241603836,214.184246977381,-24.368109294699,0,0,16242.3611466821,0,0,1.225
1410.37055921541,36.4288424134663,3,5,59.3932440576957,213.815678607705,-24.3193088517346,0,0,16214.5036836661,0,0,1.225
1410.62055921541,36.4330552782146,3,5,59.2908927458856,213.447213885188,-24.2705995198739,0,0,16186.6967127566,0,0,1.225
1410.87055921541,36.437275420718,3,5,59.1885699898088,213.078851963312,-24.2219811425603,0,0,16158.9401505266,0,0,1.225
1411.12055921541,36.4415028641318,3,5,59.0862755533126,212.710591991925,-24.1734535634796,0,0,16131.2339136711,0,0,1.225
1411.37055921541,36.4457376317383,3,5,58.9840091992269,212.342433117217,-24.125016626559,0,0,16103.5779190064,0,0,1.225
1411.62055921541,36.4499797469475,3,5,58.8817706893555,211.97437448168,-24.0766701759785,0,0,16075.9720834795,0,0,1.225
1411.87055921541,36.4542292332982,3,5,58.7795597844677,211.606415224084,-24.028414056158,0,0,16048.4163241576,0,0,1.225
1412.12055921541,36.4584861144591,3,5,58.6773762442888,211.23855447944,-23.9802481117649,0,0,16020.9105582349,0,0,1.225
1412.37055921541,36.4627504142299,3,5,58.5752198274916,210.87079137897,-23.9321721877104,0,0,15993.4547030288,0,0,1.225
1412.62055921541,36.4670221565421,3,5,58.4730902916867,210.503125050072,-23.8841861291467,0,0,15966.0486759787,0,0,1.225
1412.87055921541,36.4713013654603,3,5,58.3709873934139,210.13555461629,-23.836289781475,0,0,15938.6923946521,0,0,1.225
1413.12055921541,36.475588065183,3,5,58.2689108881326,209.768079197277,-23.7884829903323,0,0,15911.385776734,0,0,1.225
1413.37055921541,36.4798822800441,3,5,58.1668605302122,209.400697908764,-23.7407656016076,0,0,15884.1287400401,0,0,1.225
1413.62055921541,36.4841840345134,3,5,58.0648360729228,209.033409862522,-23.6931374614232,0,0,15856.9212025025,0,0,1.225
1413.87055921541,36.4884933531984,3,5,57.9628372684257,208.666214166333,-23.6455984161521,0,0,15829.7630821824,0,0,1.225
1414.12055921541,36.4928102608447,3,5,57.8608638677635,208.299109923949,-23.5981483124006,0,0,15802.6542972579,0,0,1.225
1414.37055921541,36.4971347823379,3,5,57.7589156208503,207.932096235061,-23.5507869970252,0,0,15775.5947660365,0,0,1.225
1414.62055921541,36.5014669427039,3,5,57.6569922764618,207.565172195262,-23.5035143171153,0,0,15748.5844069417,0,0,1.225
1414.87055921541,36.5058067671107,3,5,57.5550935822251,207.19833689601,-23.4563301200069,0,0,15721.6231385241,0,0,1.225
1415.12055921541,36.5101542808693,3,5,57.453219284609,206.831589424593,-23.409234253274,0,0,15694.7108794548,0,0,1.225
1415.37055921541,36.5145095094348,3,5,57.3513691289133,206.464928864088,-23.3622265647336,0,0,15667.8475485291,0,0,1.225
1415.62055921541,36.5188724784078,3,5,57.2495428592585,206.098354293331,-23.3153069024365,0,0,15641.0330646597,0,0,1.225
1415.87055921541,36.5232432135355,3,5,57.1477402185756,205.731864786872,-23.2684751146771,0,0,15614.2673468842,0,0,1.225
1416.12055921541,36.5276217407128,3,5,57.0459609485951,205.365459414942,-23.2217310499891,0,0,15587.5503143622,0,0,1.225
1416.37055921541,36.5320080859837,3,5,56.9442047898366,204.999137243412,-23.1750745571435,0,0,15560.8818863736,0,0,1.225
1416.62055921541,36.5364022755425,3,5,56.8424714815979,204.632897333753,-23.1285054851505,0,0,15534.2619823202,0,0,1.225
1416.87055921541,36.5408043357349,3,5,56.7407607619441,204.266738742999,-23.0820236832578,0,0,15507.6905217244,0,0,1.225
1417.12055921541,36.5452142930594,3,5,56.6390723676961,203.900660523706,-23.0356290009513,0,0,15481.1674242301,0,0,1.225
1417.37055921541,36.5496321741688,3,5,56.5374060344202,203.534661723913,-22.9893212879533,0,0,15454.6926096012,0,0,1.225
1417.62055921541,36.5540580058709,3,5,56.435761496416,203.168741387098,-22.9431003942227,0,0,15428.2659977218,0,0,1.225
1417.87055921541,36.5584918151303,3,5,56.3341384867054,202.80289855214,-22.8969661699584,0,0,15401.8875085994,0,0,1.225
1418.12055921541,36.5629336290698,3,5,56.232536737021,202.437132253276,-22.8509184655923,0,0,15375.5570623587,0,0,1.225
1418.37055921541,36.5673834749712,3,5,56.1309559777942,202.071441520059,-22.8049571317906,0,0,15349.2745792436,0,0,1.225
1418.62055921541,36.5718413802771,3,5,56.0293959381436,201.705825377317,-22.7590820194619,0,0,15323.0399796232,0,0,1.225
1418.87055921541,36.5763073725921,3,5,55.9278563458627,201.340282845106,-22.7132929797417,0,0,15296.8531839797,0,0,1.225
1419.12055921541,36.5807814796844,3,5,55.8263369274084,200.97481293867,-22.6675898640078,0,0,15270.7141129208,0,0,1.225
1419.37055921541,36.5852637294868,3,5,55.724837407888,200.609414668397,-22.621972523867,0,0,15244.6226871691,0,0,1.225
1419.62055921541,36.5897541500984,3,5,55.6233575110474,200.244087039771,-22.5764408111645,0,0,15218.57882757,0,0,1.225
1419.87055921541,36.5942527697858,3,5,55.5218969592584,199.87882905333,-22.5309945779791,0,0,15192.5824550876,0,0,1.225
1420.12055921541,36.5987596169851,3,5,55.420455473506,199.513639704622,-22.4856336766179,0,0,15166.6334908009,0,0,1.225
1420.37055921541,36.6032747203025,3,5,55.3190327733755,199.148517984152,-22.4403579596283,0,0,15140.7318559131,0,0,1.225
1420.62055921541,36.6077981085164,3,5,55.21762857704,198.783462877344,-22.3951672797848,0,0,15114.8774717417,0,0,1.225
1420.87055921541,36.6123298105789,3,5,55.1162426012466,198.418473364488,-22.3500614900986,0,0,15089.0702597259,0,0,1.225
1421.12055921541,36.6168698556168,3,5,55.0148745613038,198.053548420694,-22.3050404438136,0,0,15063.3101414233,0,0,1.225
1421.37055921541,36.6214182729337,3,5,54.9135241710677,197.688687015844,-22.2601039944002,0,0,15037.5970385057,0,0,1.225
1421.62055921541,36.6259750920112,3,5,54.8121911429287,197.323888114543,-22.2152519955662,0,0,15011.9308727675,0,0,1.225
1421.87055921541,36.6305403425105,3,5,54.7108751877974,196.959150676071,-22.1704843012485,0,0,14986.311566119,0,0,1.225
1422.12055921541,36.6351140542742,3,5,54.6095760150913,196.594473654329,-22.1258007656124,0,0,14960.7390405864,0,0,1.225
1422.37055921541,36.6396962573277,3,5,54.5082933327202,196.229855997793,-22.0812012430579,0,0,14935.2132183167,0,0,1.225
1422.62055921541,36.6442869818806,3,5,54.4070268470723,195.86529664946,-22.036685588213,0,0,14909.7340215723,0,0,1.225
1422.87055921541,36.6488862583289,3,5,54.305776263,195.5007945468,-21.9922536559343,0,0,14884.301372732,0,0,1.225
1423.12055921541,36.6534941172561,3,5,54.2045412838048,195.136348621697,-21.9479053013138,0,0,14858.9151942961,0,0,1.225
1423.37055921541,36.6581105894353,3,5,54.1033216112232,194.771957800404,-21.9036403796654,0,0,14833.575408876,0,0,1.225
1423.62055921541,36.6627357058305,3,5,54.0021169454115,194.407621003481,-21.859458746535,0,0,14808.2819392022,0,0,1.225
1423.87055921541,36.6673694975986,3,5,53.9009269849308,194.043337145751,-21.8153602576995,0,0,14783.0347081238,0,0,1.225
1424.12055921541,36.6720119960911,3,5,53.7997514267318,193.679105136234,-21.7713447691576,0,0,14757.8336386012,0,0,1.225
1424.37055921541,36.6766632328556,3,5,53.6985899661393,193.314923878101,-21.7274121371456,0,0,14732.6786537185,0,0,1.225
1424.62055921541,36.6813232396379,3,5,53.5974422968367,192.950792268612,-21.6835622181179,0,0,14707.5696766686,0,0,1.225
1424.87055921541,36.6859920483835,3,5,53.4963081108502,192.586709199061,-21.6397948687609,0,0,14682.5066307638,0,0,1.225
1425.12055921541,36.6906696912398,3,5,53.3951870985329,192.222673554718,-21.5961099459882,0,0,14657.4894394329,0,0,1.225
1425.37055921541,36.6953562005574,3,5,53.2940789485483,191.858684214774,-21.5525073069366,0,0,14632.5180262168,0,0,1.225
1425.62055921541,36.7000516088923,3,5,53.1929833478545,191.494740052276,-21.5089868089744,0,0,14607.5923147768,0,0,1.225
1425.87055921541,36.704755949008,3,5,53.091899981687,191.130839934073,-21.4655483096894,0,0,14582.7122288839,0,0,1.225
1426.12055921541,36.7094692538766,3,5,52.9908285335426,190.766982720753,-21.422191666903,0,0,14557.8776924307,0,0,1.225
1426.37055921541,36.7141915566818,3,5,52.8897686851618,190.403167266582,-21.378916738654,0,0,14533.0886294183,0,0,1.225
1426.62055921541,36.7189228908199,3,5,52.7887201165121,190.039392419444,-21.3357233832094,0,0,14508.3449639656,0,0,1.225
1426.87055921541,36.7236632899022,3,5,52.6876825057706,189.675657020774,-21.2926114590628,0,0,14483.6466203074,0,0,1.225
1427.12055921541,36.7284127877571,3,5,52.586655529306,189.311959905502,-21.2495808249305,0,0,14458.9935227918,0,0,1.225
1427.37055921541,36.7331714184317,3,5,52.4856388616612,188.94829990198,-21.2066313397499,0,0,14434.385595879,0,0,1.225
1427.62055921541,36.7379392161943,3,5,52.3846321755351,188.584675831926,-21.1637628626886,0,0,14409.8227641483,0,0,1.225
1427.87055921541,36.7427162155363,3,5,52.2836351417645,188.221086510352,-21.1209752531304,0,0,14385.3049522877,0,0,1.225
1428.12055921541,36.7475024511741,3,5,52.1826474293054,187.8575307455,-21.0782683706875,0,0,14360.8320851032,0,0,1.225
1428.37055921541,36.7522979580512,3,5,52.0816687052146,187.494007338772,-21.0356420751914,0,0,14336.4040875119,0,0,1.225
1428.62055921541,36.757102771341,3,5,51.9806986346303,187.130515084669,-20.9930962266972,0,0,14312.0208845452,0,0,1.225
1428.87055921541,36.7619169264479,3,5,51.8797368807535,186.767052770712,-20.9506306854819,0,0,14287.6824013481,0,0,1.225
1429.12055921541,36.7667404590105,3,5,51.7787831048281,186.403619177381,-20.9082453120463,0,0,14263.3885631804,0,0,1.225
1429.37055921541,36.7715734049031,3,5,51.6778369661216,186.040213078038,-20.8659399671087,0,0,14239.1392954116,0,0,1.225
1429.62055921541,36.7764158002384,3,5,51.5768981219049,185.676833238858,-20.8237145116118,0,0,14214.9345235271,0,0,1.225
1429.87055921541,36.7812676813694,3,5,51.4759662274326,185.313478418757,-20.7815688067158,0,0,14190.7741731225,0,0,1.225
1430.12055921541,36.7861290848921,3,5,51.3750409359219,184.950147369319,-20.7395027138055,0,0,14166.6581699091,0,0,1.225
1430.37055921541,36.7910000476476,3,5,51.2741218985326,184.586838834717,-20.6975160944821,0,0,14142.586439708,0,0,1.225
1430.62055921541,36.7958806067243,3,5,51.1732087643458,184.223551551645,-20.6556088105672,0,0,14118.5589084526,0,0,1.225
1430.87055921541,36.8007707994608,3,5,51.0723011803428,183.860284249234,-20.6137807241066,0,0,14094.5755021929,0,0,1.225
1431.12055921541,36.8056706634478,3,5,50.9713987913838,183.497035648982,-20.5720316973575,0,0,14070.6361470842,0,0,1.225
1431.37055921541,36.8105802365306,3,5,50.8705012401857,183.133804464669,-20.5303615928015,0,0,14046.7407693982,0,0,1.225
1431.62055921541,36.8154995568121,3,5,50.7696081673008,182.770589402283,-20.4887702731348,0,0,14022.8892955153,0,0,1.225
1431.87055921541,36.8204286626548,3,5,50.6687192110937,182.407389159937,-20.4472576012777,0,0,13999.081651932,0,0,1.225
1432.12055921541,36.8253675926833,3,5,50.5678340077192,182.044202427789,-20.4058234403628,0,0,13975.3177652519,0,0,1.225
1432.37055921541,36.8303163857873,3,5,50.4669521910994,181.681027887958,-20.3644676537424,0,0,13951.5975621912,0,0,1.225
1432.62055921541,36.8352750811239,3,5,50.3660733929004,181.317864214442,-20.3231901049849,0,0,13927.9209695767,0,0,1.225
1432.87055921541,36.8402437181204,3,5,50.2651972425088,180.954710073032,-20.2819906578761,0,0,13904.2879143461,0,0,1.225
1433.12055921541,36.8452223364766,3,5,50.164323367008,180.591564121229,-20.2408691764231,0,0,13880.6983235519,0,0,1.225
1433.37055921541,36.8502109761682,3,5,50.0634513911539,180.228425008154,-20.1998255248409,0,0,13857.1521243503,0,0,1.225
1433.62055921541,36.8552096774489,3,5,49.9625809373508,179.865291374463,-20.1588595675648,0,0,13833.6492440116,0,0,1.225
1433.87055921541,36.8602184808535,3,5,49.8617116256264,179.502161852255,-20.1179711692475,0,0,13810.1896099177,0,0,1.225
1434.12055921541,36.8652374272007,3,5,49.7608430736068,179.139035064984,-20.0771601947554,0,0,13786.7731495591,0,0,1.225
1434.37055921541,36.8702665575958,3,5,49.6599748964912,178.775909627368,-20.0364265091675,0,0,13763.3997905349,0,0,1.225
1434.62055921541,36.8753059134338,3,5,49.5591067070261,178.412784145294,-19.9957699777824,0,0,13740.0694605574,0,0,1.225
1434.87055921541,36.8803555364022,3,5,49.4582381154791,178.049657215725,-19.9551904661084,0,0,13716.7820874452,0,0,1.225
1435.12055921541,36.8854154684839,3,5,49.3573687296126,177.686527426605,-19.9146878398715,0,0,13693.537599129,0,0,1.225
1435.37055921541,36.8904857519603,3,5,49.2564981546569,177.323393356765,-19.8742619650102,0,0,13670.3359236483,0,0,1.225
1435.62055921541,36.8955664294146,3,5,49.1556259932833,176.96025357582,-19.8339127076742,0,0,13647.1769891497,0,0,1.225
1435.87055921541,36.9006575437344,3,5,49.0547518455763,176.597106644075,-19.7936399342298,0,0,13624.0607238915,0,0,1.225
1436.12055921541,36.9057591381149,3,5,48.9538753090059,176.233951112421,-19.7534435112557,0,0,13600.9870562411,0,0,1.225
1436.37055921541,36.9108712560627,3,5,48.8529959783993,175.870785522237,-19.7133233055429,0,0,13577.9559146741,0,0,1.225
1436.62055921541,36.9159939413981,3,5,48.7521134459122,175.507608405284,-19.6732791840914,0,0,13554.9672277723,0,0,1.225
1436.87055921541,36.921127238259,3,5,48.6512273009997,175.144418283599,-19.6333110141168,0,0,13532.0209242287,0,0,1.225
1437.12055921541,36.926271191104,3,5,48.5503371303871,174.781213669394,-19.5934186630457,0,0,13509.1169328446,0,0,1.225
1437.37055921541,36.9314258447155,3,5,48.4494425180399,174.417993064944,-19.5536019985175,0,0,13486.2551825302,0,0,1.225
1437.62055921541,36.9365912442037,3,5,48.3485430451336,174.054754962481,-19.5138608883763,0,0,13463.4356022991,0,0,1.225
1437.87055921541,36.9417674350094,3,5,48.2476382900227,173.691497844082,-19.4741952006871,0,0,13440.6581212807,0,0,1.225
1438.12055921541,36.9469544629077,3,5,48.1467278282104,173.328220181557,-19.4346048037141,0,0,13417.9226687033,0,0,1.225
1438.37055921541,36.9521523740118,3,5,48.0458112323161,172.964920436338,-19.3950895659409,0,0,13395.2291739103,0,0,1.225
1438.62055921541,36.957361214776,3,5,47.9448880720443,172.601597059359,-19.3556493560545,0,0,13372.5775663473,0,0,1.225
1438.87055921541,36.962581032,3,5,47.8439579141515,172.238248490945,-19.316284042955,0,0,13349.9677755703,0,0,1.225
1439.12055921541,36.9678118728319,3,5,47.7430203224139,171.87487316069,-19.2769934957514,0,0,13327.3997312421,0,0,1.225
1439.37055921541,36.9730537847726,3,5,47.6420748575935,171.511469487337,-19.2377775837613,0,0,13304.8733631323,0,0,1.225
1439.62055921541,36.9783068156791,3,5,47.541121077405,171.148035878658,-19.1986361765075,0,0,13282.3886011149,0,0,1.225
1439.87055921541,36.9835710137683,3,5,47.4401585364807,170.78457073133,-19.159569143726,0,0,13259.9453751742,0,0,1.225
1440.12055921541,36.9888464276212,3,5,47.3391867863364,170.421072430811,-19.120576355358,0,0,13237.5436153991,0,0,1.225
1440.37055921541,36.9941331061869,3,5,47.238205375336,170.05753935121,-19.0816576815523,0,0,13215.1832519849,0,0,1.225
1440.62055921541,36.9994310987859,3,5,47.1372138486554,169.693969855159,-19.0428129926686,0,0,13192.8642152359,0,0,1.225
1440.87055921541,37.0047404551151,3,5,47.0362117482465,169.330362293687,-19.0040421592666,0,0,13170.586435557,0,0,1.225
1441.12055921541,37.010061225251,3,5,46.9351986128006,168.966715006082,-18.96534505212,0,0,13148.3498434649,0,0,1.225
1441.37055921541,37.0153934596548,3,5,46.8341739777105,168.603026319758,-18.926721542206,0,0,13126.1543695795,0,0,1.225
1441.62055921541,37.0207372091756,3,5,46.7331373750332,168.23929455012,-18.8881715007055,0,0,13103.9999446249,0,0,1.225
1441.87055921541,37.0260925250555,3,5,46.6320883334512,167.875518000424,-18.8496947990097,0,0,13081.886499434,0,0,1.225
1442.12055921541,37.0314594589337,3,5,46.5310263782336,167.511694961641,-18.8112913087116,0,0,13059.8139649421,0,0,1.225
1442.37055921541,37.0368380628507,3,5,46.4299510311963,167.147823712307,-18.7729609016133,0,0,13037.782272193,0,0,1.225
1442.62055921541,37.0422283892529,3,5,46.3288618106624,166.783902518385,-18.734703449717,0,0,13015.7913523317,0,0,1.225
1442.87055921541,37.0476304909972,3,5,46.2277582314211,166.419929633116,-18.6965188252316,0,0,12993.8411366096,0,0,1.225
1443.12055921541,37.0530444213558,3,5,46.1266398046862,166.05590329687,-18.6584069005748,0,0,12971.9315563869,0,0,1.225
1443.37055921541,37.0584702340202,3,5,46.0255060380549,165.691821736998,-18.6203675483621,0,0,12950.0625431229,0,0,1.225
1443.62055921541,37.0639079831066,3,5,45.9243564354645,165.327683167672,-18.5824006414132,0,0,12928.2340283824,0,0,1.225
1443.87055921541,37.0693577231605,3,5,45.8231904971494,164.963485789738,-18.5445060527563,0,0,12906.4459438382,0,0,1.225
1444.12055921541,37.0748195091614,3,5,45.7220077195977,164.599227790552,-18.5066836556189,0,0,12884.6982212644,0,0,1.225
1444.37055921541,37.080293396528,3,5,45.6208075955061,164.234907343822,-18.4689333234301,0,0,12862.9907925382,0,0,1.225
1444.62055921541,37.085779441123,3,5,45.5195896137353,163.870522609447,-18.4312549298238,0,0,12841.3235896427,0,0,1.225
1444.87055921541,37.0912776992584,3,5,45.4183532592636,163.506071733349,-18.3936483486377,0,0,12819.6965446656,0,0,1.225
1445.12055921541,37.0967882277005,3,5,45.317098013141,163.141552847307,-18.3561134539068,0,0,12798.1095897948,0,0,1.225
1445.37055921541,37.1023110836753,3,5,45.2158233524413,162.776964068789,-18.3186501198743,0,0,12776.5626573272,0,0,1.225
1445.62055921541,37.1078463248735,3,5,45.1145287502149,162.412303500774,-18.2812582209772,0,0,12755.0556796565,0,0,1.225
1445.87055921541,37.1133940094565,3,5,45.0132136754393,162.047569231582,-18.2439376318589,0,0,12733.5885892844,0,0,1.225
1446.12055921541,37.1189541960612,3,5,44.9118775929703,161.682759334693,-18.2066882273625,0,0,12712.1613188143,0,0,1.225
1446.37055921541,37.1245269438061,3,5,44.8105199634916,161.31787186857,-18.1695098825303,0,0,12690.7738009519,0,0,1.225
1446.62055921541,37.1301123122966,3,5,44.7091402434636,160.952904876469,-18.1324024726068,0,0,12669.4259685072,0,0,1.225
1446.87055921541,37.1357103616311,3,5,44.607737885072,160.587856386259,-18.0953658730336,0,0,12648.1177543905,0,0,1.225
1447.12055921541,37.1413211524064,3,5,44.506312336175,160.22272441023,-18.0583999594551,0,0,12626.8490916173,0,0,1.225
1447.37055921541,37.146944745724,3,5,44.4048630402501,159.8575069449,-18.0215046077124,0,0,12605.6199133034,0,0,1.225
1447.62055921541,37.1525812031957,3,5,44.3033894363397,159.492201970823,-17.9846796938464,0,0,12584.4301526674,0,0,1.225
1447.87055921541,37.1582305869503,3,5,44.2018909589963,159.126807452387,-17.9479250940981,0,0,12563.279743031,0,0,1.225
1448.12055921541,37.1638929596392,3,5,44.1003670382259,158.761321337613,-17.9112406849049,0,0,12542.1686178163,0,0,1.225
1448.37055921541,37.1695683844429,3,5,43.9988170994322,158.395741557956,-17.8746263429048,0,0,12521.0967105492,0,0,1.225
1448.62055921541,37.1752569250775,3,5,43.8972405633581,158.030066028089,-17.8380819449308,0,0,12500.0639548548,0,0,1.225
1448.87055921541,37.1809586458012,3,5,43.7956368460272,157.664292645698,-17.8016073680142,0,0,12479.0702844606,0,0,1.225
1449.12055921541,37.1866736114206,3,5,43.6940053586845,157.298419291264,-17.7652024893864,0,0,12458.1156331975,0,0,1.225
1449.37055921541,37.1924018872977,3,5,43.5923455077354,156.932443827848,-17.7288671864717,0,0,12437.1999349944,0,0,1.225
1449.62055921541,37.1981435393566,3,5,43.4906566946849,156.566364100866,-17.6926013368939,0,0,12416.3231238836,0,0,1.225
1449.87055921541,37.2038986340903,3,5,43.3889383160743,156.200177937867,-17.6564048184714,0,0,12395.485133997,0,0,1.225
1450.12055921541,37.2096672385681,3,5,43.2871897634182,155.833883148305,-17.6202775092211,0,0,12374.6858995688,0,0,1.225
1450.37055921541,37.215449420442,3,5,43.1854104231398,155.467477523303,-17.5842192873529,0,0,12353.9253549322,0,0,1.225
1450.62055921541,37.2212452479547,3,5,43.0835996765054,155.100958835419,-17.5482300312742,0,0,12333.2034345222,0,0,1.225
1450.87055921541,37.2270547899467,3,5,42.9817568995575,154.734324838407,-17.5123096195866,0,0,12312.5200728732,0,0,1.225
1451.12055921541,37.2328781158636,3,5,42.8798814630473,154.36757326697,-17.4764579310881,0,0,12291.8752046212,0,0,1.225
1451.37055921541,37.2387152957638,3,5,42.7779727323657,154.000701836517,-17.4406748447695,0,0,12271.2687645008,0,0,1.225
1451.62055921541,37.2445664003265,3,5,42.6760300674732,153.633708242904,-17.4049602398181,0,0,12250.7006873481,0,0,1.225
1451.87055921541,37.2504315008589,3,5,42.5740528228289,153.266590162184,-17.3693139956135,0,0,12230.1709080979,0,0,1.225
1452.12055921541,37.2563106693051,3,5,42.4720403473177,152.899345250344,-17.3337359917309,0,0,12209.6793617858,0,0,1.225
1452.37055921541,37.2622039782533,3,5,42.3699919841775,152.531971143039,-17.2982261079355,0,0,12189.2259835442,0,0,1.225
1452.62055921541,37.2681115009447,3,5,42.2679070709237,152.164465455325,-17.26278422419,0,0,12168.8107086085,0,0,1.225
1452.87055921541,37.2740333112815,3,5,42.1657849392731,151.796825781383,-17.2274102206475,0,0,12148.433472311,0,0,1.225
1453.12055921541,37.2799694838357,3,5,42.0636249150671,151.429049694242,-17.1921039776557,0,0,12128.094210085,0,0,1.225
1453.37055921541,37.2859200938574,3,5,41.9614263181925,151.061134745493,-17.1568653757522,0,0,12107.7928574606,0,0,1.225
1453.62055921541,37.2918852172842,3,5,41.8591884625018,150.693078465007,-17.1216942956698,0,0,12087.5293500692,0,0,1.225
1453.87055921541,37.2978649307493,3,5,41.7569106557315,150.324878360633,-17.0865906183303,0,0,12067.3036236388,0,0,1.225
1454.12055921541,37.3038593115916,3,5,41.6545921994196,149.956531917911,-17.0515542248495,0,0,12047.1156139978,0,0,1.225
1454.37055921541,37.309868437864,3,5,41.5522323888212,149.588036599756,-17.0165849965306,0,0,12026.96525707,0,0,1.225
1454.62055921541,37.3158923883437,3,5,41.449830512823,149.219389846163,-16.9816828148737,0,0,12006.8524888825,0,0,1.225
1454.87055921541,37.3219312425411,3,5,41.3473858538559,148.850589073881,-16.946847561564,0,0,11986.7772455556,0,0,1.225
1455.12055921541,37.32798508071,3,5,41.2448976878066,148.481631676104,-16.9120791184819,0,0,11966.7394633117,0,0,1.225
1455.37055921541,37.3340539838571,3,5,41.1423652839271,148.112515022138,-16.8773773676926,0,0,11946.7390784669,0,0,1.225
1455.62055921541,37.3401380337525,3,5,41.0397879047432,147.743236457075,-16.8427421914571,0,0,11926.7760274398,0,0,1.225
1455.87055921541,37.3462373129397,3,5,40.9371648059606,147.373793301458,-16.8081734722214,0,0,11906.8502467427,0,0,1.225
1456.12055921541,37.3523519047462,3,5,40.8344952363706,147.004182850934,-16.773671092622,0,0,11886.9616729866,0,0,1.225
1456.37055921541,37.3584818932938,3,5,40.7317784377523,146.634402375908,-16.7392349354864,0,0,11867.1102428815,0,0,1.225
1456.62055921541,37.3646273635101,3,5,40.629013644775,146.26444912119,-16.704864883829,0,0,11847.2958932329,0,0,1.225
1456.87055921541,37.3707884011385,3,5,40.5262000848975,145.894320305631,-16.670560820854,0,0,11827.5185609444,0,0,1.225
1457.12055921541,37.3769650927503,3,5,40.423336978266,145.524013121757,-16.6363226299509,0,0,11807.7781830145,0,0,1.225
1457.37055921541,37.3831575257557,3,5,40.3204235376103,145.153524735397,-16.6021501947002,0,0,11788.0746965409,0,0,1.225
1457.62055921541,37.3893657884152,3,5,40.2174589681383,144.782852285298,-16.5680433988691,0,0,11768.408038717,0,0,1.225
1457.87055921541,37.395589969852,3,5,40.1144424674277,144.41199288274,-16.5340021264124,0,0,11748.7781468332,0,0,1.225
1458.12055921541,37.4018301600632,3,5,40.0113732253168,144.04094361114,-16.5000262614703,0,0,11729.1849582749,0,0,1.225
1458.37055921541,37.4080864499329,3,5,39.9082504237925,143.669701525653,-16.4661156883735,0,0,11709.6284105266,0,0,1.225
1458.62055921541,37.414358931244,3,5,39.8050732368769,143.298263652757,-16.4322702916352,0,0,11690.1084411657,0,0,1.225
1458.87055921541,37.4206476966911,3,5,39.7018408305111,142.92662698984,-16.3984899559573,0,0,11670.6249878678,0,0,1.225
1459.12055921541,37.4269528398934,3,5,39.5985523624373,142.554788504774,-16.364774566227,0,0,11651.1779884034,0,0,1.225
1459.37055921541,37.4332744554082,3,5,39.4952069820789,142.182745135484,-16.3311240075186,0,0,11631.7673806404,0,0,1.225
1459.62055921541,37.4396126387436,3,5,39.3918038304176,141.810493789503,-16.297538165089,0,0,11612.3931025395,0,0,1.225
1459.87055921541,37.4459674863725,3,5,39.288342039869,141.438031343528,-16.2640169243818,0,0,11593.0550921584,0,0,1.225
1460.12055921541,37.4523390957469,3,5,39.1848207341552,141.065354642959,-16.2305601710268,0,0,11573.753287651,0,0,1.225
1460.37055921541,37.4587275653111,3,5,39.0812390281759,140.692460501433,-16.1971677908355,0,0,11554.4876272641,0,0,1.225
1460.62055921541,37.4651329945172,3,5,38.9775960278755,140.319345700352,-16.1638396698077,0,0,11535.258049343,0,0,1.225
1460.87055921541,37.4715554838389,3,5,38.8738908301095,139.946006988394,-16.1305756941233,0,0,11516.0644923244,0,0,1.225
1461.12055921541,37.4779951347869,3,5,38.770122522507,139.572441081025,-16.0973757501492,0,0,11496.9068947425,0,0,1.225
1461.37055921541,37.4844520499241,3,5,38.666290183331,139.198644659992,-16.0642397244328,0,0,11477.7851952237,0,0,1.225
1461.62055921541,37.4909263328812,3,5,38.5623928813361,138.82461437281,-16.0311675037078,0,0,11458.6993324914,0,0,1.225
1461.87055921541,37.4974180883724,3,5,38.4584296756235,138.450346832244,-15.9981589748904,0,0,11439.6492453631,0,0,1.225
1462.12055921541,37.5039274222115,3,5,38.3543996154924,138.075838615773,-15.9652140250764,0,0,11420.6348727478,0,0,1.225
1462.37055921541,37.5104544413285,3,5,38.2503017402899,137.701086265044,-15.9323325415476,0,0,11401.6561536517,0,0,1.225
1462.62055921541,37.5169992537864,3,5,38.1461350792567,137.326086285324,-15.8995144117657,0,0,11382.7130271733,0,0,1.225
1462.87055921541,37.5235619687982,3,5,38.0418986513701,136.950835144932,-15.8667595233783,0,0,11363.8054325079,0,0,1.225
1463.12055921541,37.5301426967443,3,5,37.9375914651842,136.575329274663,-15.8340677642091,0,0,11344.9333089401,0,0,1.225
1463.37055921541,37.5367415491903,3,5,37.8332125186667,136.1995650672,-15.801439022267,0,0,11326.0965958515,0,0,1.225
1463.62055921541,37.5433586389052,3,5,37.7287607990323,135.823538876516,-15.7688731857393,0,0,11307.2952327146,0,0,1.225
1463.87055921541,37.5499940798799,3,5,37.624235282573,135.447247017263,-15.736370142999,0,0,11288.5291590994,0,0,1.225
1464.12055921541,37.5566479873461,3,5,37.5196349344848,135.070685764145,-15.7039297825927,0,0,11269.7983146635,0,0,1.225
1464.37055921541,37.563320477795,3,5,37.414958708691,134.693851351288,-15.6715519932541,0,0,11251.102639163,0,0,1.225
1464.62055921541,37.5700116689979,3,5,37.3102055476617,134.316739971582,-15.6392366638929,0,0,11232.4420724438,0,0,1.225
1464.87055921541,37.5767216800253,3,5,37.2053743822299,133.939347776028,-15.6069836835995,0,0,11213.8165544451,0,0,1.225
1465.12055921541,37.5834506312678,3,5,37.1004641314038,133.561670873054,-15.5747929416443,0,0,11195.2260251996,0,0,1.225
1465.37055921541,37.5901986444567,3,5,36.9954737021747,133.183705327829,-15.5426643274754,0,0,11176.670424831,0,0,1.225
1465.62055921541,37.5969658426856,3,5,36.8904019893217,132.805447161558,-15.5105977307235,0,0,11158.1496935584,0,0,1.225
1465.87055921541,37.6037523504318,3,5,36.7852478752118,132.426892350762,-15.4785930411931,0,0,11139.6637716895,0,0,1.225
1466.12055921541,37.6105582935783,3,5,36.6800102295958,132.048036826545,-15.4466501488714,0,0,11121.2125996274,0,0,1.225
1466.37055921541,37.6173837994369,3,5,36.5746879094006,131.668876473842,-15.4147689439219,0,0,11102.7961178657,0,0,1.225
1466.62055921541,37.6242289967708,3,5,36.469279758516,131.289407130658,-15.3829493166863,0,0,11084.4142669902,0,0,1.225
1466.87055921541,37.6310940158185,3,5,36.3637846075778,130.90962458728,-15.3511911576834,0,0,11066.066987678,0,0,1.225
1467.12055921541,37.6379789883177,3,5,36.2582012737462,130.529524585486,-15.3194943576113,0,0,11047.7542206997,0,0,1.225
1467.37055921541,37.6448840475298,3,5,36.152528560479,130.149102817724,-15.2878588073427,0,0,11029.4759069148,0,0,1.225
1467.62055921541,37.651809328265,3,5,36.0467652573006,129.768354926282,-15.2562843979285,0,0,11011.231987276,0,0,1.225
1467.87055921541,37.6587549669082,3,5,35.9409101395652,129.387276502435,-15.2247710205966,0,0,10993.0224028268,0,0,1.225
1468.12055921541,37.6657211014446,3,5,35.8349619682157,129.005863085576,-15.1933185667503,0,0,10974.847094702,0,0,1.225
1468.37055921541,37.6727078714871,3,5,35.7289194895365,128.624110162332,-15.1619269279709,0,0,10956.7060041279,0,0,1.225
1468.62055921541,37.6797154183032,3,5,35.6227814349019,128.242013165647,-15.1305959960127,0,0,10938.5990724206,0,0,1.225
1468.87055921541,37.6867438848427,3,5,35.5165465205175,127.859567473863,-15.0993256628076,0,0,10920.5262409874,0,0,1.225
1469.12055921541,37.693793415767,3,5,35.4102134471577,127.476768409768,-15.0681158204625,0,0,10902.487451327,0,0,1.225
1469.37055921541,37.7008641574773,3,5,35.3037808998956,127.093611239624,-15.0369663612596,0,0,10884.4826450284,0,0,1.225
1469.62055921541,37.707956258145,3,5,35.1972475478283,126.710091172182,-15.0058771776535,0,0,10866.5117637688,0,0,1.225
1469.87055921541,37.715069867742,3,5,35.0906120437949,126.326203357662,-14.9748481622782,0,0,10848.5747493201,0,0,1.225
1470.12055921541,37.7222051380717,3,5,34.9838730240888,125.94194288672,-14.9438792079372,0,0,10830.6715435402,0,0,1.225
1470.37055921541,37.7293622228009,3,5,34.8770291081635,125.557304789389,-14.9129702076107,0,0,10812.8020883791,0,0,1.225
1470.62055921541,37.7365412774924,3,5,34.7700788983311,125.172284033992,-14.8821210544511,0,0,10794.9663258756,0,0,1.225
1470.87055921541,37.7437424596381,3,5,34.6630209794546,124.786875526036,-14.8513316417852,0,0,10777.1641981591,0,0,1.225
1471.12055921541,37.7509659286933,3,5,34.5558539186327,124.401074107078,-14.8206018631145,0,0,10759.3956474494,0,0,1.225
1471.37055921541,37.7582118461111,3,5,34.4485762648774,124.014874553559,-14.7899316121106,0,0,10741.660616054,0,0,1.225
1471.62055921541,37.7654803753784,3,5,34.3411865487842,123.628271575623,-14.7593207826199,0,0,10723.9590463707,0,0,1.225
1471.87055921541,37.7727716820522,3,5,34.2336832821941,123.241259815899,-14.7287692686596,0,0,10706.2908808862,0,0,1.225
1472.12055921541,37.7800859337968,3,5,34.1260649578486,122.853833848255,-14.6982769644214,0,0,10688.6560621773,0,0,1.225
1472.37055921541,37.7874233004218,3,5,34.0183300490358,122.465988176529,-14.6678437642668,0,0,10671.0545329084,0,0,1.225
1472.62055921541,37.7947839539216,3,5,33.910477009228,122.077717233221,-14.637469562731,0,0,10653.4862358346,0,0,1.225
1472.87055921541,37.802168068515,3,5,33.8025042717114,121.689015378161,-14.6071542545183,0,0,10635.9511137975,0,0,1.225
1473.12055921541,37.809575820686,3,5,33.6944102492062,121.299876897142,-14.5768977345074,0,0,10618.44910973,0,0,1.225
1473.37055921541,37.8170073892261,3,5,33.5861933334778,120.91029600052,-14.546699897744,0,0,10600.9801666505,0,0,1.225
1473.62055921541,37.8244629552768,3,5,33.4778518949387,120.520266821779,-14.5165606394476,0,0,10583.5442276679,0,0,1.225
1473.87055921541,37.8319427023736,3,5,33.3693842822405,120.129783416066,-14.4864798550079,0,0,10566.1412359798,0,0,1.225
1474.12055921541,37.8394468164913,3,5,33.2607888218559,119.738839758681,-14.4564574399824,0,0,10548.7711348693,0,0,1.225
1474.37055921541,37.8469754860895,3,5,33.1520638176505,119.347429743542,-14.4264932901015,0,0,10531.4338677104,0,0,1.225
1474.62055921541,37.8545289021603,3,5,33.0432075504442,118.955547181599,-14.3965873012635,0,0,10514.1293779633,0,0,1.225
1474.87055921541,37.8621072582765,3,5,32.934218277561,118.563185799219,-14.3667393695373,0,0,10496.8576091771,0,0,1.225
1475.12055921541,37.869710750641,3,5,32.8250942323683,118.170339236526,-14.3369493911587,0,0,10479.6185049864,0,0,1.225
1475.37055921541,37.8773395781378,3,5,32.7158336238041,117.777001045695,-14.3072172625357,0,0,10462.4120091163,0,0,1.225
1475.62055921541,37.884993942384,3,5,32.6064346358926,117.383164689213,-14.2775428802424,0,0,10445.238065377,0,0,1.225
1475.87055921541,37.8926740477833,3,5,32.4968954272469,116.988823538089,-14.2479261410226,0,0,10428.0966176669,0,0,1.225
1476.12055921541,37.9003801015804,3,5,32.3872141305596,116.593970870015,-14.2183669417882,0,0,10410.9876099719,0,0,1.225
1476.37055921541,37.9081123139175,3,5,32.2773888520798,116.198599867487,-14.1888651796185,0,0,10393.910986364,0,0,1.225
1476.62055921541,37.9158708978916,3,5,32.1674176710771,115.802703615878,-14.1594207517614,0,0,10376.8666910032,0,0,1.225
1476.87055921541,37.9236560696137,3,5,32.0572986392908,115.406275101447,-14.1300335556307,0,0,10359.8546681348,0,0,1.225
1477.12055921541,37.9314680482694,3,5,31.9470297803656,115.009307209316,-14.1007034888084,0,0,10342.8748620919,0,0,1.225
1477.37055921541,37.9393070561806,3,5,31.8366090892718,114.611792721378,-14.0714304490448,0,0,10325.9272172949,0,0,1.225
1477.62055921541,37.94717331887,3,5,31.7260345317103,114.213724314157,-14.0422143342532,0,0,10309.0116782478,0,0,1.225
1477.87055921541,37.9550670651262,3,5,31.6153040435022,113.815094556608,-14.0130550425174,0,0,10292.1281895441,0,0,1.225
1478.12055921541,37.9629885270706,3,5,31.5044155299608,113.415895907859,-13.9839524720849,0,0,10275.2766958616,0,0,1.225
1478.37055921541,37.9709379402269,3,5,31.3933668652483,113.016120714894,-13.9549065213694,0,0,10258.4571419642,0,0,1.225
1478.62055921541,37.9789155435917,3,5,31.2821558917139,112.61576121017,-13.9259170889516,0,0,10241.669472703,0,0,1.225
1478.87055921541,37.9869215797073,3,5,31.170780419214,112.214809509171,-13.896984073576,0,0,10224.9136330133,0,0,1.225
1479.12055921541,37.9949562947362,3,5,31.0592382244144,111.813257607892,-13.8681073741541,0,0,10208.1895679177,0,0,1.225
1479.37055921541,38.0030199385383,3,5,30.9475270500721,111.41109738026,-13.8392868897604,0,0,10191.4972225227,0,0,1.225
1479.62055921541,38.0111127647494,3,5,30.8356446042984,111.008320575474,-13.8105225196352,0,0,10174.8365420213,0,0,1.225
1479.87055921541,38.0192350308626,3,5,30.7235885598003,110.604918815281,-13.7818141631838,0,0,10158.207471692,0,0,1.225
1480.12055921541,38.0273869983112,3,5,30.6113565531014,110.200883591165,-13.7531617199743,0,0,10141.6099568975,0,0,1.225
1480.37055921541,38.0355689325547,3,5,30.4989461837401,109.796206261464,-13.7245650897403,0,0,10125.0439430869,0,0,1.225
1480.62055921541,38.0437811031667,3,5,30.3863550134455,109.390878048404,-13.6960241723777,0,0,10108.5093757931,0,0,1.225
1480.87055921541,38.0520237839257,3,5,30.2735805652893,108.984890035042,-13.6675388679469,0,0,10092.0062006342,0,0,1.225
1481.12055921541,38.0602972529078,3,5,30.1606203228135,108.578233162129,-13.6391090766713,0,0,10075.5343633135,0,0,1.225
1481.37055921541,38.068601792583,3,5,30.0474717291323,108.170898224876,-13.610734698937,0,0,10059.0938096183,0,0,1.225
1481.62055921541,38.0769376899134,3,5,29.9341321860088,107.762875869632,-13.5824156352937,0,0,10042.6844854211,0,0,1.225
1481.87055921541,38.0853052364551,3,5,29.8205990529032,107.354156590452,-13.5541517864519,0,0,10026.3063366773,0,0,1.225
1482.12055921541,38.0937047284623,3,5,29.706869645994,106.944730725578,-13.5259430532869,0,0,10009.9593094288,0,0,1.225
1482.37055921541,38.1021364669947,3,5,29.5929412371692,106.534588453809,-13.4977893368339,0,0,9993.64334979971,0,0,1.225
1482.62055921541,38.1106007580288,3,5,29.478811052988,106.123719790757,-13.4696905382903,0,0,9977.35840399863,0,0,1.225
1482.87055921541,38.1190979125714,3,5,29.3644762736106,105.712114584998,-13.4416465590159,0,0,9961.10441831869,0,0,1.225
1483.12055921541,38.127628246777,3,5,29.2499340316958,105.299762514105,-13.4136573005312,0,0,9944.88133913617,0,0,1.225
1483.37055921541,38.1361920820693,3,5,29.1351814112645,104.886653080552,-13.3857226645182,0,0,9928.68911291148,0,0,1.225
1483.62055921541,38.1447897452655,3,5,29.020215446529,104.472775607504,-13.3578425528187,0,0,9912.52768618777,0,0,1.225
1483.87055921541,38.1534215687048,3,5,28.9050331206849,104.058119234466,-13.3300168674364,0,0,9896.39700559247,0,0,1.225
1484.12055921541,38.1620878903812,3,5,28.7896313646667,103.6426729128,-13.3022455105342,0,0,9880.29701783571,0,0,1.225
1484.37055921541,38.1707890540799,3,5,28.6740070558626,103.226425401105,-13.2745283844365,0,0,9864.22766971152,0,0,1.225
1484.62055921541,38.1795254095181,3,5,28.5581570167902,102.809365260445,-13.2468653916258,0,0,9848.18890809586,0,0,1.225
1484.87055921541,38.1882973124906,3,5,28.4420780137291,102.391480849425,-13.2192564347458,0,0,9832.18067994891,0,0,1.225
1485.12055921541,38.1971051250198,3,5,28.3257667553098,101.972760319115,-13.1917014165986,0,0,9816.20293231258,0,0,1.225
1485.37055921541,38.2059492155102,3,5,28.2092198910574,101.553191607807,-13.1642002401461,0,0,9800.25561231239,0,0,1.225
1485.62055921541,38.2148299589082,3,5,28.0924340098871,101.132762435594,-13.1367528085088,0,0,9784.33866715595,0,0,1.225
1485.87055921541,38.2237477368673,3,5,27.9754056385514,100.711460298785,-13.1093590249661,0,0,9768.45204413353,0,0,1.225
1486.12055921541,38.2327029379184,3,5,27.858131240035,100.289272464126,-13.0820187929553,0,0,9752.59569061742,0,0,1.225
1486.37055921541,38.2416959576455,3,5,27.7406072118971,99.8661859628296,-13.0547320160726,0,0,9736.76955406275,0,0,1.225
1486.62055921541,38.2507271988678,3,5,27.6228298845578,99.4421875844082,-13.0274985980716,0,0,9720.97358200609,0,0,1.225
1486.87055921541,38.2597970718273,3,5,27.5047955195269,99.0172638702969,-13.0003184428642,0,0,9705.20772206679,0,0,1.225
1487.12055921541,38.2689059943835,3,5,27.386500307572,98.5914011072592,-12.9731914545193,0,0,9689.47192194543,0,0,1.225
1487.37055921541,38.2780543922137,3,5,27.2679403668245,98.1645853205681,-12.9461175372633,0,0,9673.76612942462,0,0,1.225
1487.62055921541,38.2872426990209,3,5,27.1491117408196,97.7368022669507,-12.9190965954795,0,0,9658.09029236869,0,0,1.225
1487.87055921541,38.2964713567488,3,5,27.0300103964688,97.3080374272878,-12.8921285337083,0,0,9642.4443587236,0,0,1.225
1488.12055921541,38.305740815804,3,5,26.9106322219606,96.8782759990582,-12.8652132566463,0,0,9626.82827651646,0,0,1.225
1488.37055921541,38.3150515352858,3,5,26.7909730245875,96.4475028885151,-12.8383506691466,0,0,9611.24199385596,0,0,1.225
1488.62055627059,38.3243989567902,3,6,26.7271678209364,96.217804155371,-0.820612165990471,11.9056916621416,0,0.188479916818778,0,0,1.225
1488.87055038095,38.3337537756742,3,6,26.720433094583,96.193559140499,-0.619241620500007,11.8996924127015,160.577247850164,0,0,0,1.225
1489.12054449132,38.3431106786848,3,6,26.7149455367153,96.173803932175,-0.553704942110375,11.8948052504944,212.737185745203,0,0,0,1.225
1489.37053860168,38.3524694041425,3,6,26.7099848656141,96.1559455162109,-0.506414066052817,11.8903881920223,250.326396242973,0,0,0,1.225
1489.62053271205,38.3618297943923,3,6,26.7054214013417,96.1395170448302,-0.468646097320239,11.886325537054,280.316817373911,0,0,0,1.225
1489.87052682242,38.3711917249515,3,6,26.7011822532803,96.1242561118092,-0.43696923904699,11.8825522287149,305.450300370316,0,0,0,1.225
1490.12052093278,38.380555091834,3,6,26.6972188413387,96.1099878288195,-0.409610147368875,11.8790248977055,327.143129590918,0,0,0,1.225
1490.37051504315,38.3899198053878,3,6,26.6934958052209,96.0965848987951,-0.385510820470437,11.8757119717224,346.239966064848,0,0,0,1.225
1490.62050915351,38.3992857867077,3,6,26.6899859495194,96.0839494182697,-0.363980107654086,11.8725891664257,363.292391675947,0,0,0,1.225
1490.87050326388,38.4086529653236,3,6,26.6866675483798,96.0720031741673,-0.344537175149964,11.8696370806291,378.68400394971,0,0,0,1.225
1491.12049737424,38.4180212776038,3,6,26.6835227545647,96.0606819164329,-0.326831618823867,11.8668397765562,392.694247623566,0,0,0,1.225
1491.37049148461,38.4273906655987,3,6,26.6805365902085,96.0499317247505,-0.310598805776602,11.8641838790242,405.534091709929,0,0,0,1.225
1491.62048559497,38.4367610761695,3,6,26.6776962709791,96.0397065755247,-0.295633135533889,11.8616579721102,417.367387285463,0,0,0,1.225
1491.87047970534,38.4461324603143,3,6,26.6749907339612,96.0299666422602,-0.28177114605622,11.8592521776152,428.324359446064,0,0,0,1.225
1492.1204738157,38.4555047726323,3,6,26.6724102964425,96.0206770671928,-0.268880367065261,11.8569578503628,438.510507849042,0,0,0,1.225
1492.37046792607,38.4648779708912,3,6,26.6699464023061,96.0118070483019,-0.256851697976044,11.854767351698,448.012691881516,0,0,0,1.225
1492.62046203643,38.4742520156703,3,6,26.66759142906,96.0033291446162,-0.245594037322008,11.8526738771213,456.903417618704,0,0,0,1.225
1492.8704561468,38.4836268700641,3,6,26.6653385380435,95.9952187369565,-0.235030400729383,11.8506713224744,465.243936067897,0,0,0,1.225
1493.12045025716,38.4930024994306,3,6,26.6631815561301,95.9874536020683,-0.2250950523995,11.8487541782526,473.086532156574,0,0,0,1.225
1493.37044436753,38.5023788711775,3,6,26.6611148808945,95.9800135712203,-0.215731344423168,11.8469174448709,480.476248609975,0,0,0,1.225
1493.62043847789,38.5117559545777,3,6,26.6591334035794,95.9728802528859,-0.206890061565688,11.8451565638307,487.452206328619,0,0,0,1.225
1493.87043258826,38.521133720609,3,6,26.6572324457862,95.9660368048304,-0.198528134158278,11.8434673611446,494.048630956476,0,0,0,1.225
1494.12042669862,38.5305121418138,3,6,26.6554077069,95.9594677448399,-0.190607623776131,11.841846000351,500.295661748446,0,0,0,1.225
1494.37042080899,38.5398911921759,3,6,26.6536552200168,95.9531587920605,-0.183094914239963,11.8402889431255,506.219996597822,0,0,0,1.225
1494.62041491935,38.5492708470108,3,6,26.6519713146858,95.9470967328689,-0.175960059345829,11.8387929159806,511.845412016767,0,0,0,1.225
1494.87040902972,38.5586510828687,3,6,26.6503525851683,95.9412693066058,-0.16917625176069,11.8373548818964,517.193186455989,0,0,0,1.225
1495.12040314008,38.5680318774468,3,6,26.6487958632078,95.935665107548,-0.162719386678407,11.835972015982,522.282448038282,0,0,0,1.225
1495.37039725045,38.5774132095111,3,6,26.6472981945195,95.9302735002703,-0.156567700365985,11.8346416844607,527.13046256311,0,0,0,1.225
1495.62039136081,38.5867950588254,3,6,26.6458568183711,95.925084546136,-0.150701468483661,11.8333614264189,531.752873844414,0,0,0,1.225
1495.87038547118,38.5961774060874,3,6,26.6444691497515,95.9200889391055,-0.145102752524093,11.8321289378677,536.163905680682,0,0,0,1.225
1496.12037958154,38.6055602328703,3,6,26.6431327637218,95.9152779493986,-0.139755185323894,11.8309420577551,540.376532674637,0,0,0,1.225
1496.37037369191,38.614943521569,3,6,26.6418453816164,95.9106433738189,-0.134643788535345,11.8297987556326,544.402625575969,0,0,0,1.225
1496.62036780227,38.6243272553518,3,6,26.6406048588226,95.9061774917615,-0.129754816425183,11.8286971207321,548.253075640209,0,0,0,1.225
1496.87036191264,38.6337114181157,3,6,26.6394091739156,95.9018730260961,-0.125075621510877,11.827635352255,551.937901584354,0,0,0,1.225
1497.120356023,38.6430959944448,3,6,26.6382564189593,95.8977231082533,-0.120594538416778,11.8266117507037,555.466342024121,0,0,0,1.225
1497.37035013337,38.6524809695726,3,6,26.6371447908197,95.8937212469508,-0.116300783021292,11.8256247101182,558.846935728232,0,0,0,1.225
1497.62034424373,38.6618663293467,3,6,26.6360725833578,95.889861300088,-0.112184364504389,11.8246727110984,562.087591595788,0,0,0,1.225
1497.8703383541,38.6712520601962,3,6,26.635038180391,95.8861374494077,-0.108236008340019,11.8237543145148,565.195649915613,0,0,0,1.225
1498.12033246447,38.6806381491018,3,6,26.6340400493293,95.8825441775854,-0.104447088610822,11.8228681558213,568.17793620099,0,0,0,1.225
1498.37032657483,38.690024583567,3,6,26.6330767354043,95.8790762474555,-0.100809568304766,11.8220129398989,571.040808668114,0,0,0,1.225
1498.6203206852,38.6994113515926,3,6,26.6321468564238,95.8757286831258,-0.0973159464747604,11.8211874363688,573.79020025002,0,0,0,1.225
1498.87031479556,38.7087984416517,3,6,26.6312490979905,95.8724967527657,-0.0939592113185357,11.8203904753203,576.431655897204,0,0,0,1.225
1499.12030890593,38.718185842667,3,6,26.630382209134,95.8693759528824,-0.0907327983922923,11.8196209434093,578.970365791606,0,0,0,1.225
1499.37030301629,38.7275735439895,3,6,26.6295449983122,95.866361993924,-0.0876305532827923,11.8188777802856,581.41119501201,0,0,0,1.225
1499.62029712666,38.736961535378,3,6,26.628736329742,95.8634507870711,-0.0846466981792319,11.8181599753153,583.758710095873,0,0,0,1.225
1499.87029123702,38.7463498069807,3,6,26.6279551200253,95.8606384320911,-0.081775801847385,11.817466564568,586.017202893904,0,0,0,1.225
1500.12028534739,38.755738349317,3,6,26.6272003350419,95.8579212061508,-0.0790127526017402,11.8167966280409,588.190712039364,0,0,0,1.225
1500.37027945775,38.7651271532612,3,6,26.6264709870811,95.855295553492,-0.076352733912278,11.8161492870979,590.283042321448,0,0,0,1.225
1500.62027356812,38.7745162100263,3,6,26.6257661321905,95.8527580758858,-0.0737912023423379,11.8155237021017,592.297782204486,0,0,0,1.225
1500.87026767848,38.7839055111496,3,6,26.6250848677202,95.8503055237928,-0.071323867548814,11.8149190702217,594.238319706922,0,0,0,1.225
1501.12026178885,38.7932950484783,3,6,26.6244263300457,95.8479347881645,-0.0689466741132054,11.8143346234005,596.107856824389,0,0,0,1.225
1501.37025589921,38.8026848141563,3,6,26.6237896924517,95.8456428928263,-0.0666557850061588,11.813769626465,597.909422653956,0,0,0,1.225
1501.62025000958,38.8120748006119,3,6,26.6231741631642,95.843426987391,-0.064447566507236,11.8132233753695,599.645885361457,0,0,0,1.225
1501.87024411994,38.8214650005455,3,6,26.622578983516,95.8412843406574,-0.06231857442529,11.8126951955591,601.319963114963,0,0,0,1.225
1502.12023823031,38.8308554069186,3,6,26.6220034262364,95.839212334451,-0.0602655414882511,11.8121844404424,602.934234088785,0,0,0,1.225
1502.37023234067,38.8402460129427,3,6,26.621446793853,95.8372084578709,-0.0582853657790839,11.8116904899658,604.491145636097,0,0,0,1.225
1502.62022645104,38.8496368120699,3,6,26.6209084171968,95.8352703019086,-0.0563751001192335,11.8112127492797,605.993022708656,0,0,0,1.225
1502.8702205614,38.8590277979824,3,6,26.6203876540027,95.8333955544096,-0.0545319422999669,11.8107506474896,607.442075602893,0,0,0,1.225
1503.12021467177,38.8684189645838,3,6,26.6198838875971,95.8315819953496,-0.0527532260849851,11.8103036364859,608.840407093296,0,0,0,1.225
1503.37020878213,38.87781030599,3,6,26.6193965256669,95.8298274924008,-0.0510364129099512,11.8098711898448,610.190019012233,0,0,0,1.225
1503.6202028925,38.8872018165215,3,6,26.618924999102,95.8281299967672,-0.0493790842116318,11.8094528017969,611.492818329751,0,0,0,1.225
1503.87019700286,38.8965934906945,3,6,26.6184687609074,95.8264875392668,-0.0477789343348077,11.8090479862568,612.750622774558,0,0,0,1.225
1504.12019111323,38.9059853232143,3,6,26.618027285179,95.8248982266444,-0.0462337639571546,11.8086562759089,613.965166043754,0,0,0,1.225
1504.37018522359,38.9153773089673,3,6,26.6176000661378,95.8233602380959,-0.044741473992529,11.8082772213476,615.138102632764,0,0,0,1.225
1504.62017933396,38.9247694430148,3,6,26.6171866172199,95.8218718219915,-0.0433000599294579,11.8079103902651,616.2710123198,0,0,0,1.225
1504.87017344432,38.9341617205857,3,6,26.616786470217,95.8204312927812,-0.0419076065648129,11.8075553666855,617.365404336685,0,0,0,1.225
1505.12016755469,38.9435541370707,3,6,26.6163991744644,95.8190370280718,-0.0405622831022002,11.8072117502405,618.422721250246,0,0,0,1.225
1505.37016166505,38.9529466880163,3,6,26.6160242960729,95.8176874658625,-0.0392623385832342,11.8068791554857,619.444342579564,0,0,0,1.225
1505.62015577542,38.9623393691185,3,6,26.6156614172027,95.8163811019299,-0.038006097626454,11.8065572112529,620.431588169154,0,0,0,1.225
1505.87014988578,38.9717321762179,3,6,26.6153101353749,95.8151164873497,-0.0367919564454618,11.8062455600365,621.385721340643,0,0,0,1.225
1506.12014399615,38.9811251052943,3,6,26.6149700628193,95.8138922261494,-0.0356183791280928,11.8059438574128,622.307951837406,0,0,0,1.225
1506.37013810652,38.9905181524612,3,6,26.6146408258561,95.8127069730818,-0.0344838941518312,11.8056517714887,623.199438581851,0,0,0,1.225
1506.62013221688,38.9999113139615,3,6,26.6143220643085,95.8115594315108,-0.0333870911216032,11.805368982379,624.061292256361,0,0,0,1.225
1506.87012632725,39.0093045861627,3,6,26.6140134309458,95.8104483514049,-0.0323266177090281,11.8050951817094,624.894577724507,0,0,0,1.225
1507.12012043761,39.0186979655522,3,6,26.6137145909526,95.8093725274294,-0.0313011767838042,11.8048300721447,625.700316299935,0,0,0,1.225
1507.37011454798,39.0280914487333,3,6,26.6134252214258,95.808330797133,-0.0303095237131281,11.8045733669404,626.479487882088,0,0,0,1.225
1507.62010865834,39.037485032421,3,6,26.6131450108948,95.8073220392213,-0.0293504638264188,11.8043247895153,627.233032960893,0,0,0,1.225
1507.87010276871,39.0468787134381,3,6,26.6128736588651,95.8063451719143,-0.0284228500310204,11.8040840730452,627.961854501803,0,0,0,1.225
1508.12009687907,39.0562724887114,3,6,26.6126108753835,95.8053991513807,-0.0275255805636518,11.8038509600764,628.666819723288,0,0,0,1.225
1508.37009098944,39.0656663552679,3,6,26.6123563806241,95.8044829702466,-0.0266575968725976,11.8036252021557,629.348761770755,0,0,0,1.225
1508.6200850998,39.0750603102317,3,6,26.6121099044923,95.8035956561725,-0.0258178816206386,11.8034065594797,630.008481294806,0,0,0,1.225
1508.87007921017,39.0844543508204,3,6,26.6118711862489,95.8027362704961,-0.025005456800534,11.8031948005584,630.646747940356,0,0,0,1.225
1509.12007332053,39.0938484743416,3,6,26.6116399741492,95.801903906937,-0.0242193819528249,11.8029897018956,631.264301754733,0,0,0,1.225
1509.3700674309,39.1032426781904,3,6,26.6114160250997,95.8010976903588,-0.0234587524839112,11.8027910476822,631.861854516352,0,0,0,1.225
1509.62006154126,39.1126369598459,3,6,26.6111991043298,95.8003167755873,-0.0227226980734893,11.8025986295047,632.440090992657,0,0,0,1.225
1509.87005565163,39.1220313168687,3,6,26.6109889850779,95.7995603462803,-0.0220103811670288,11.8024122460656,632.999670130742,0,0,0,1.225
1510.12004976199,39.1314257468978,3,6,26.6107854482907,95.7988276138466,-0.0213209955489691,11.802231702916,633.541226184071,0,0,0,1.225
1510.37004387236,39.1408202476483,3,6,26.6105882823368,95.7981178164127,-0.0206537649904964,11.8020568122007,634.065369780168,0,0,0,1.225
1510.62003798272,39.1502148169084,3,6,26.6103972827312,95.7974302178322,-0.0200079419666712,11.8018873924131,634.572688933436,0,0,0,1.225
1510.87003209309,39.1596094525372,3,6,26.6102122518721,95.7967641067394,-0.0193828064381315,11.8017232681614,635.06375000689,0,0,0,1.225
1511.12002620345,39.1690041524626,3,6,26.6100329987892,95.7961187956411,-0.0187776646962343,11.8015642699442,635.539098623685,0,0,0,1.225
1511.37002031382,39.1783989146782,3,6,26.6098593389019,95.795493620047,-0.0181918482659524,11.8014102339358,635.999260532947,0,0,0,1.225
1511.62001442418,39.1877937372421,3,6,26.6096910937878,95.7948879376362,-0.0176247128612947,11.8012610017802,636.444742434097,0,0,0,1.225
1511.87000853455,39.1971886182739,3,6,26.6095280909606,95.7943011274581,-0.0170756373932514,11.8011164203937,636.8760327596,0,0,0,1.225
1512.12000264491,39.2065835559532,3,6,26.6093701636571,95.7937325891654,-0.0165440230257167,11.8009763417754,637.293602419794,0,0,0,1.225
1512.36999675528,39.2159785485173,3,6,26.609217150633,95.7931817422788,-0.0160292922762042,11.8008406228257,637.697905512303,0,0,0,1.225
1512.61999086564,39.2253735942595,3,6,26.6090688959669,95.7926480254807,-0.0155308881590834,11.8007091251718,638.089379997832,0,0,0,1.225
1512.86998497601,39.2347686915271,3,6,26.6089252488714,95.7921308959372,-0.0150482733724713,11.8005817150005,638.468448341424,0,0,0,1.225
1513.11997908637,39.2441638387199,3,6,26.6087860635131,95.7916298286473,-0.01458092951514,11.8004582628969,638.835518130077,0,0,0,1.225
1513.36997319674,39.2535590342881,3,6,26.6086511988382,95.7911443158174,-0.0141283563504902,11.8003386436905,639.190982653049,0,0,0,1.225
1513.6199673071,39.2629542767309,3,6,26.6085205184056,95.7906738662602,-0.0136900710928086,11.8002227363069,639.535221464669,0,0,0,1.225
1513.86996141747,39.2723495645948,3,6,26.6083938902269,95.7902180048168,-0.0132656077364995,11.8001104236244,639.868600913095,0,0,0,1.225
1514.11995552783,39.2817448964721,3,6,26.6082711866116,95.7897762718018,-0.0128545164057814,11.8000015923378,640.191474652995,0,0,0,1.225
1514.3699496382,39.2911402709996,3,6,26.6081522840191,95.7893482224688,-0.0124563627416722,11.7998961328259,640.504184128687,0,0,0,1.225
1514.61994374856,39.3005356868566,3,6,26.6080370629157,95.7889334264964,-0.0120707273089857,11.7997939390249,640.807059041559,0,0,0,1.225
1514.86993785893,39.3099311427642,3,6,26.6079254076373,95.7885314674944,-0.011697205035614,11.7996949083065,641.100417791907,0,0,0,1.225
1515.1199319693,39.3193266374836,3,6,26.6078172062576,95.7881419425274,-0.0113354046711387,11.7995989413603,641.384567905577,0,0,0,1.225
1515.36992607966,39.3287221698146,3,6,26.6077123504604,95.7877644616574,-0.0109849482702254,11.7995059420807,641.659806441019,0,0,0,1.225
1515.61992019003,39.338117738595,3,6,26.6076107354173,95.7873986475024,-0.0106454707008027,11.7994158174583,641.926420376744,0,0,0,1.225
1515.86991430039,39.3475133426986,3,6,26.60751225967,95.7870441348118,-0.0103166191683859,11.7993284774748,642.184686986089,0,0,0,1.225
1516.11990841076,39.3569089810347,3,6,26.6074168250161,95.7867005700579,-0.00999805276472876,11.7992438350025,642.43487419273,0,0,0,1.225
1516.36990252112,39.3663046525466,3,6,26.6073243364004,95.7863676110413,-0.00968944203057444,11.7991618057067,642.677240915123,0,0,0,1.225
1516.61989663149,39.3757003562105,3,6,26.6072347018087,95.7860449265113,-0.00939046854341673,11.7990823079522,642.912037391133,0,0,0,1.225
1516.86989074185,39.3850960910347,3,6,26.6071478321667,95.7857321958003,-0.0091008245143573,11.7990052627129,643.139505495564,0,0,0,1.225
1517.11988485222,39.3944918560584,3,6,26.6070636412418,95.7854291084707,-0.0088202124065636,11.7989305934849,643.359879040604,0,0,0,1.225
1517.36987896258,39.4038876503506,3,6,26.6069820455486,95.7851353639749,-0.00854834456805179,11.7988582262024,643.573384064967,0,0,0,1.225
1517.61987307295,39.4132834730095,3,6,26.6069029642577,95.7848506713277,-0.00828494287743011,11.7987880891571,643.78023911284,0,0,0,1.225
1517.86986718331,39.4226793231613,3,6,26.6068263191082,95.7845747487897,-0.00802973840783275,11.7987201129199,643.980655498441,0,0,0,1.225
1518.11986129368,39.4320751999592,3,6,26.6067520343228,95.7843073235623,-0.00778247109858451,11.7986542302657,644.17483756453,0,0,0,1.225
1518.36985540404,39.4414711025831,3,6,26.6066800365259,95.7840481314934,-0.00754288944551053,11.7985903761011,644.362982926166,0,0,0,1.225
1518.61984951441,39.450867030238,3,6,26.6066102546649,95.7837969167936,-0.00731075019806745,11.798528487394,644.54528270914,0,0,0,1.225
1518.86984362477,39.4602629821537,3,6,26.606542619934,95.7835534317622,-0.00708581807330056,11.798468503106,644.72192177508,0,0,0,1.225
1519.11983773514,39.4696589575841,3,6,26.6064770657007,95.7833174365225,-0.00686786547707715,11.7984103641276,644.893078940873,0,0,0,1.225
1519.3698318455,39.4790549558059,3,6,26.6064135274351,95.7830886987664,-0.00665667223805299,11.7983540132147,645.058927188018,0,0,0,1.225
1519.61982595587,39.4884509761185,3,6,26.6063519426413,95.7828669935085,-0.00645202535027931,11.7982993949282,645.219633865192,0,0,0,1.225
1519.86982006623,39.4978470178429,3,6,26.606292250791,95.7826521028478,-0.00625371872740602,11.7982464555751,645.37536088165,0,0,0,1.225
1520.1198141766,39.5072430803211,3,6,26.6062343932604,95.7824438157375,-0.00606155296438854,11.7981951431519,645.526264894737,0,0,0,1.225
1520.36980828696,39.5166391629156,3,6,26.6061783132677,95.7822419277638,-0.00587533511033611,11.79814540729,645.672497488591,0,0,0,1.225
1520.61980239733,39.5260352650084,3,6,26.6061239558143,95.7820462409313,-0.00569487844681722,11.7980971992026,645.814205348587,0,0,0,1.225
1520.86979650769,39.5354313860008,3,6,26.6060712676266,95.7818565634556,-0.00552000227685192,11.7980504716337,645.951530427328,0,0,0,1.225
1521.11979061806,39.5448275253125,3,6,26.606020197101,95.7816727095637,-0.0053505317218623,11.7980051788091,646.084610104363,0,0,0,1.225
1521.36978472842,39.5542236823812,3,6,26.6059706942501,95.7814944993003,-0.0051862975231706,11.7979612763882,646.213577342365,0,0,0,1.225
1521.61977883879,39.563619856662,3,6,26.6059227106504,95.7813217583415,-0.00502713585463892,11.7979187214184,646.338560834478,0,0,0,1.225
1521.86977294915,39.5730160476268,3,6,26.6058761993927,95.7811543178138,-0.00487288813894691,11.7978774722902,646.45968514884,0,0,0,1.225
1522.11976705952,39.5824122547636,3,6,26.6058311150334,95.7809920141202,-0.00472340087341949,11.7978374886946,646.577070865556,0,0,0,1.225
1522.36976116988,39.5918084775764,3,6,26.6057874135475,95.7808346887708,-0.00457852545812824,11.7977987315813,646.690834711919,0,0,0,1.225
1522.61975528025,39.6012047155846,3,6,26.6057450522836,95.7806821882208,-0.00443811803513449,11.7977611631185,646.801089688801,0,0,0,1.225
1522.86974939061,39.6106009683222,3,6,26.60570398992,95.7805343637121,-0.00430203933023344,11.7977247466541,646.907945195121,0,0,0,1.225
1523.11974350098,39.6199972353377,3,6,26.6056641864225,95.7803910711212,-0.00417015449901862,11.7976894466781,647.011507148917,0,0,0,1.225
1523.36973761135,39.6293935161933,3,6,26.6056256030033,95.7802521708119,-0.00404233298386046,11.7976552287864,647.111878099763,0,0,0,1.225
1523.61973172171,39.6387898104649,3,6,26.6055882020814,95.780117527493,-0.00391844836997534,11.7976220596455,647.209157341981,0,0,0,1.225
1523.86972583208,39.6481861177415,3,6,26.6055519472445,95.7799870100803,-0.00379837824990771,11.7975899069588,647.303441021177,0,0,0,1.225
1524.11971994244,39.6575824376246,3,6,26.605516803212,95.7798604915634,-0.00368200409278712,11.7975587394333,647.394822237031,0,0,0,1.225
1524.36971405281,39.666978769728,3,6,26.6054827357991,95.7797378488767,-0.0035692111160865,11.7975285267484,647.483391144135,0,0,0,1.225
1524.61970816317,39.6763751136773,3,6,26.605449711882,95.7796189627752,-0.00345988816351956,11.7974992395247,647.569235047983,0,0,0,1.225
1524.86970227354,39.6857714691098,3,6,26.6054176993648,95.7795037177134,-0.00335392758657634,11.7974708492946,647.652438498103,0,0,0,1.225
1525.1196963839,39.6951678356739,3,6,26.6053866671469,95.7793920017288,-0.00325122513083371,11.7974433284733,647.733083377424,0,0,0,1.225
1525.36969049427,39.7045642130287,3,6,26.6053565850915,95.7792837063293,-0.00315167982567651,11.7974166503312,647.811248988964,0,0,0,1.225
1525.61968460463,39.7139606008439,3,6,26.6053274239954,95.7791787263833,-0.00305519387629252,11.7973907889667,647.887012140754,0,0,0,1.225
1525.869678715,39.7233569987992,3,6,26.6052991555597,95.779076960015,-0.00296167256362569,11.7973657192805,647.960447224435,0,0,0,1.225
1526.11967282536,39.7327534065844,3,6,26.6052717523615,95.7789783085013,-0.00287102414228296,11.7973414169501,648.031626295545,0,0,0,1.225
1526.36966693573,39.7421498238985,3,6,26.6052451878259,95.7788826761732,-0.00278315974548981,11.7973178584055,648.100619148214,0,0,0,1.225
1526.61966104609,39.75154625045,3,6,26.6052194362,95.77878997032,-0.00269799329345651,11.7972950208059,648.167493387161,0,0,0,1.225
1526.86965515646,39.7609426859562,3,6,26.6051944725269,95.7787001010968,-0.00261544140242654,11.7972728820162,648.232314499205,0,0,0,1.225
1527.11964926682,39.7703391301432,3,6,26.6051702726206,95.7786129814343,-0.00253542329759036,11.7972514205856,648.295145921709,0,0,0,1.225
1527.36964337719,39.7797355827454,3,6,26.6051468130424,95.7785285269525,-0.00245786073191115,11.7972306157256,648.356049106347,0,0,0,1.225
1527.61963748755,39.7891320435054,3,6,26.6051240710768,95.7784466558764,-0.00238267790222194,11.7972104472898,648.415083585073,0,0,0,1.225
1527.86963159792,39.7985285121736,3,6,26.6051020247096,95.7783672889545,-0.0023098013741905,11.7971908957534,648.472307029056,0,0,0,1.225
1528.11962570828,39.8079249885083,3,6,26.6050806526057,95.7782903493805,-0.00223916000319145,11.7971719421942,648.527775310904,0,0,0,1.225
1528.36961981865,39.8173214722749,3,6,26.6050599340879,95.7782157627164,-0.00217068486427353,11.7971535682735,648.581542559657,0,0,0,1.225
1528.61961392901,39.8267179632462,3,6,26.6050398491165,95.7781434568193,-0.00210430918076258,11.7971357562179,648.633661216904,0,0,0,1.225
1528.86960803938,39.8361144612019,3,6,26.6050203782693,95.7780733617695,-0.00203996825422878,11.7971184888021,648.684182091832,0,0,0,1.225
1529.11960214974,39.8455109659285,3,6,26.6050015027226,95.7780054098015,-0.00197759940127531,11.7971017493312,648.733154410864,0,0,0,1.225
1529.36959626011,39.854907477219,3,6,26.6049832042324,95.7779395352368,-0.00191714188668889,11.7970855216248,648.780625870218,0,0,0,1.225
1529.61959037047,39.8643039948727,3,6,26.6049654651165,95.7778756744193,-0.00185853686500338,11.7970697900007,648.826642681784,0,0,0,1.225
1529.86958448084,39.8737005186951,3,6,26.6049482682367,95.7778137656522,-0.00180172731774314,11.7970545392592,648.871249622469,0,0,0,1.225
1530.1195785912,39.8830970484977,3,6,26.6049315969826,95.7777537491373,-0.00174665799703309,11.7970397546687,648.914490078486,0,0,0,1.225
1530.36957270157,39.8924935840977,3,6,26.6049154352544,95.777695566916,-0.00169327536920865,11.7970254219507,648.956406089664,0,0,0,1.225
1530.61956681193,39.9018901253179,3,6,26.6048997674479,95.7776391628124,-0.00164152756183646,11.7970115272658,648.997038391058,0,0,0,1.225
1530.8695609223,39.9112866719866,3,6,26.6048845784382,95.7775844823776,-0.0015913643100529,11.7969980572003,649.036426455127,0,0,0,1.225
1531.11955503266,39.9206832239373,3,6,26.6048698535658,95.777531472837,-0.00154273690631337,11.7969849987529,649.074608531204,0,0,0,1.225
1531.36954914303,39.9300797810086,3,6,26.6048555786215,95.7774800830372,-0.00149559815218788,11.7969723393218,649.111621683361,0,0,0,1.225
1531.6195432534,39.939476343044,3,6,26.6048417398326,95.7774302633973,-0.00144990230970197,11.7969600666923,649.147501828651,0,0,0,1.225
1531.86953736376,39.9488729098919,3,6,26.6048283238497,95.7773819658589,-0.00140560505608829,11.7969481690252,649.182283772646,0,0,0,1.225
1532.11953147413,39.9582694814053,3,6,26.6048153177333,95.7773351438397,-0.00136266344035718,11.7969366348449,649.21600124354,0,0,0,1.225
1532.36952558449,39.9676660574416,3,6,26.6048027089411,95.777289752188,-0.00132103583827563,11.796925453028,649.248686927549,0,0,0,1.225
1532.61951969486,39.9770626378626,3,6,26.6047904853161,95.777245747138,-0.00128068191234858,11.7969146127928,649.280372500323,0,0,0,1.225
1532.86951380522,39.9864592225345,3,6,26.6047786350742,95.7772030862671,-0.00124156257134543,11.7969041036883,649.311088658743,0,0,0,1.225
1533.11950791559,39.9958558113274,3,6,26.604767146793,95.7771617284548,-0.00120363993050875,11.7968939155846,649.340865152194,0,0,0,1.225
1533.36950202595,40.0052524041154,3,6,26.6047560094006,95.7771216338421,-0.00116687727494621,11.7968840386623,649.369730811301,0,0,0,1.225
1533.61949613632,40.0146490007765,3,6,26.6047452121646,95.7770827637927,-0.0011312390227952,11.7968744634033,649.39771357687,0,0,0,1.225
1533.86949024668,40.0240456011924,3,6,26.604734744682,95.7770450808553,-0.00109669068906958,11.7968651805815,649.4248405283,0,0,0,1.225
1534.11948435705,40.0334422052485,3,6,26.6047245968686,95.7770085487271,-0.00106319885200754,11.7968561812538,649.451137910008,0,0,0,1.225
1534.36947846741,40.0428388128335,3,6,26.6047147589495,95.7769731322182,-0.00103073112123858,11.7968474567511,649.476631156413,0,0,0,1.225
1534.61947257778,40.0522354238398,3,6,26.6047052214494,95.7769387972177,-0.000999256103449224,11.7968389986703,649.501344918938,0,0,0,1.225
1534.86946668814,40.0616320381628,3,6,26.6046959751834,95.7769055106601,-0.0009687433719143,11.7968307988656,649.525303089936,0,0,0,1.225
1535.11946079851,40.0710286557013,3,6,26.6046870112481,95.776873240493,-0.00093916343852926,11.7968228494412,649.548528824622,0,0,0,1.225
1535.36945490887,40.0804252763571,3,6,26.6046783210129,95.7768419556465,-0.000910487721749762,11.7968151427429,649.571044566304,0,0,0,1.225
1535.61944901924,40.089821900035,3,6,26.6046698961118,95.7768116260024,-0.00088268851953356,11.7968076713513,649.592872067612,0,0,0,1.225
1535.8694431296,40.0992185266428,3,6,26.6046617284347,95.776782222365,-0.000855738982964535,11.796800428074,649.614032411207,0,0,0,1.225
1536.11943723997,40.108615156091,3,6,26.6046538101203,95.776753716433,-0.000829613088739836,11.7967934059391,649.634546031402,0,0,0,1.225
1536.36943135033,40.1180117882929,3,6,26.6046461335477,95.7767260807717,-0.000804285613703425,11.7967865981882,649.654432734164,0,0,0,1.225
1536.6194254607,40.1274084231644,3,6,26.6046386913296,95.7766992887866,-0.000779732110743902,11.7967799982699,649.673711716032,0,0,0,1.225
1536.86941957106,40.136805060624,3,6,26.6046314763048,95.7766733146973,-0.000755928882645914,11.7967735998332,649.692401584686,0,0,0,1.225
1537.11941368143,40.1462017005927,3,6,26.6046244815313,95.7766481335128,-0.00073285296230818,11.7967673967216,649.710520374432,0,0,0,1.225
1537.36940779179,40.155598342994,3,6,26.6046177002797,95.7766237210068,-0.000710482087049661,11.7967613829672,649.72808556643,0,0,0,1.225
1537.61940190216,40.1649949877535,3,6,26.6046111260263,95.7766000536948,-0.000688794678600205,11.7967555527847,649.745114104379,0,0,0,1.225
1537.86939601252,40.1743916347993,3,6,26.6046047524474,95.7765771088108,-0.000667769820590023,11.7967499005658,649.761622412219,0,0,0,1.225
1538.11939012289,40.1837882840616,3,6,26.6045985734126,95.7765548642855,-0.000647387240131987,11.7967444208738,649.777626408564,0,0,0,1.225
1538.36938423325,40.1931849354728,3,6,26.6045925829791,95.7765332987249,-0.000627627284856346,11.7967391084385,649.793141524785,0,0,0,1.225
1538.61937834362,40.2025815889672,3,6,26.6045867753859,95.7765123913894,-0.000608470907221576,11.7967339581507,649.808182717278,0,0,0,1.225
1538.86937245398,40.2119782444813,3,6,26.6045811450483,95.7764921221739,-0.000589899643368129,11.7967289650577,649.82276448411,0,0,0,1.225
1539.11936656435,40.2213749019535,3,6,26.6045756865524,95.7764724715885,-0.000571895595837626,11.7967241243582,649.836900878577,0,0,0,1.225
1539.36936067471,40.2307715613239,3,6,26.6045703946497,95.7764534207391,-0.000554441416519429,11.7967194313979,649.850605522594,0,0,0,1.225
1539.61935478508,40.2401682225346,3,6,26.6045652642526,95.7764349513095,-0.000537520289142455,11.7967148816646,649.86389162045,0,0,0,1.225
1539.86934889545,40.2495648855296,3,6,26.6045602904288,95.7764170455438,-0.000521115912449132,11.7967104707844,649.87677197203,0,0,0,1.225
1540.11934300581,40.2589615502542,3,6,26.6045554683969,95.7763996862289,-0.000505212486780031,11.7967061945168,649.889258983315,0,0,0,1.225
1540.36933711618,40.2683582166558,3,6,26.6045507935216,95.7763828566779,-0.000489794694291892,11.7967020487512,649.901364681977,0,0,0,1.225
1540.61933122654,40.2777548846832,3,6,26.6045462613095,95.7763665407143,-0.00047484768849819,11.7966980295026,649.913100725535,0,0,0,1.225
1540.86932533691,40.2871515542867,3,6,26.6045418674044,95.776350722656,-0.000460357077443082,11.7966941329079,649.924478414595,0,0,0,1.225
1541.11931944727,40.2965482254183,3,6,26.6045376075834,95.7763353873002,-0.000446308909376536,11.796690355222,649.93550870411,0,0,0,1.225
1541.36931355764,40.3059448980313,3,6,26.6045334777525,95.7763205199089,-0.000432689661157993,11.7966866928142,649.946202212457,0,0,0,1.225
1541.619307668,40.3153415720805,3,6,26.604529473943,95.7763061061947,-0.000419486222567215,11.796683142165,649.956569233793,0,0,0,1.225
1541.86930177837,40.3247382475222,3,6,26.6045255923074,95.7762921323067,-0.000406685886299613,11.7966796998623,649.966619745871,0,0,0,1.225
1542.11929588873,40.3341349243137,3,6,26.6045218291159,95.7762785848171,-0.000394276332731843,11.7966763625984,649.97636342205,0,0,0,1.225
1542.3692899991,40.3435316024139,3,6,26.6045181807524,95.7762654507088,-0.000382245620826654,11.7966731271665,649.98580963839,0,0,0,1.225
1542.61928410946,40.352928281783,3,6,26.6045146437117,95.7762527173623,-0.000370582174490139,11.7966699904579,649.994967484398,0,0,0,1.225
1542.86927821983,40.3623249623821,3,6,26.6045112145954,95.7762403725436,-0.000359274771657545,11.7966669494589,650.003845771596,0,0,0,1.225
1543.11927233019,40.3717216441737,3,6,26.6045078901091,95.7762284043926,-0.000348312534288593,11.7966640012479,650.012453041361,0,0,0,1.225
1543.36926644056,40.3811183271215,3,6,26.6045046670588,95.7762168014116,-0.00033768491722591,11.7966611429925,650.020797573683,0,0,0,1.225
1543.61926055092,40.3905150111902,3,6,26.6045015423484,95.7762055524541,-0.000327381697735589,11.7966583719469,650.028887395386,0,0,0,1.225
1543.86925466129,40.3999116963455,3,6,26.6044985129761,95.7761946467139,-0.000317392966412029,11.7966556854491,650.036730287253,0,0,0,1.225
1544.11924877165,40.4093083825544,3,6,26.604495576032,95.7761840737153,-0.000307709116036362,11.7966530809185,650.044333792802,0,0,0,1.225
1544.36924288202,40.4187050697847,3,6,26.6044927286951,95.7761738233023,-0.000298320834300328,11.7966505558532,650.051705223966,0,0,0,1.225
1544.61923699238,40.4281017580051,3,6,26.6044899682303,95.7761638856292,-0.000289219093119454,11.7966481078278,650.058851669512,0,0,0,1.225
1544.86923110275,40.4374984471856,3,6,26.6044872919864,95.776154251151,-0.000280395141584307,11.7966457344911,650.065780000553,0,0,0,1.225
1545.11922521311,40.4468951372968,3,6,26.6044846973928,95.7761449106141,-0.000271840494591546,11.7966434335635,650.072496879513,0,0,0,1.225
1545.36921932348,40.4562918283103,3,6,26.6044821819577,95.7761358550478,-0.000263546928296335,11.7966412028351,650.079008763648,0,0,0,1.225
1545.61921343384,40.4656885201986,3,6,26.6044797432653,95.776127075755,-0.000255506469652911,11.7966390401636,650.085321913294,0,0,0,1.225
1545.86920754421,40.475085212935,3,6,26.6044773789735,95.7761185643046,-0.000247711389365834,11.7966369434719,650.091442397394,0,0,0,1.225
1546.11920165457,40.4844819064937,3,6,26.6044750868118,95.7761103125225,-0.000240154194159099,11.7966349107465,650.097376099573,0,0,0,1.225
1546.36919576494,40.4938786008495,3,6,26.604472864579,95.7761023124845,-0.000232827620636903,11.7966329400354,650.10312872294,0,0,0,1.225
1546.6191898753,40.5032752959781,3,6,26.6044707101412,95.7760945565083,-0.000225724626188482,11.796631029446,650.108705797261,0,0,0,1.225
1546.86918398567,40.5126719918559,3,6,26.6044686214295,95.7760870371462,-0.000218838385350049,11.7966291771438,650.11411268177,0,0,0,1.225
1547.11917809603,40.5220686884602,3,6,26.6044665964382,95.7760797471777,-0.000212162279800116,11.79662738135,650.119354573077,0,0,0,1.225
1547.3691722064,40.5314653857687,3,6,26.604464633223,95.776072679603,-0.000205689893584531,11.7966256403403,650.12443650889,0,0,0,1.225
1547.61916631676,40.5408620837599,3,6,26.6044627298988,95.7760658276358,-0.000199415007659386,11.7966239524429,650.12936337229,0,0,0,1.225
1547.86916042713,40.5502587824131,3,6,26.6044608846381,95.7760591846972,-0.000193331592614885,11.7966223160373,650.134139897466,0,0,0,1.225
1548.1191545375,40.559655481708,3,6,26.6044590956692,95.776052744409,-0.000187433802081353,11.7966207295522,650.138770674901,0,0,0,1.225
1548.36914864786,40.569052181625,3,6,26.6044573612743,95.7760465005876,-0.000181715970910204,11.7966191914644,650.143260152747,0,0,0,1.225
1548.61914275823,40.5784488821452,3,6,26.6044556797885,95.7760404472384,-0.000176172604941884,11.7966177002971,650.147612644926,0,0,0,1.225
1548.86913686859,40.5878455832502,3,6,26.6044540495971,95.7760345785497,-0.000170798378504701,11.7966162546188,650.151832333056,0,0,0,1.225
1549.11913097896,40.5972422849221,3,6,26.6044524691353,95.7760288888872,-0.000165588128502973,11.7966148530413,650.155923271102,0,0,0,1.225
1549.36912508932,40.6066389871437,3,6,26.6044509368857,95.7760233727884,-0.000160536849869443,11.7966134942193,650.159889388942,0,0,0,1.225
1549.61911919969,40.6160356898981,3,6,26.6044494513772,95.7760180249578,-0.000155639690790323,11.7966121768481,650.163734496117,0,0,0,1.225
1549.86911331005,40.6254323931692,3,6,26.6044480111838,95.7760128402615,-0.000150891946566058,11.796610899663,650.16746228667,0,0,0,1.225
1550.11910742042,40.6348290969411,3,6,26.6044466149228,95.7760078137222,-0.00014628905688278,11.796609661438,650.171076341263,0,0,0,1.225
1550.36910153078,40.6442258011986,3,6,26.604445261254,95.7760029405145,-0.000141826601037346,11.7966084609844,650.174580130933,0,0,0,1.225
1550.61909564115,40.6536225059268,3,6,26.6044439488778,95.7759982159603,-0.000137500292707619,11.7966072971497,650.177977021212,0,0,0,1.225
1550.86908975151,40.6630192111115,3,6,26.6044426765345,95.7759936355243,-0.00013330597608703,11.7966061688168,650.181270275159,0,0,0,1.225
1551.11908386188,40.6724159167386,3,6,26.6044414430027,95.7759891948096,-0.00012923962383816,11.7966050749026,650.184463054936,0,0,0,1.225
1551.36907797224,40.6818126227948,3,6,26.6044402470982,95.7759848895535,-0.000125297330498754,11.796604014357,650.187558427029,0,0,0,1.225
1551.61907208261,40.6912093292668,3,6,26.6044390876732,95.7759807156233,-0.000121475309525788,11.7966029861619,650.190559364552,0,0,0,1.225
1551.86906619297,40.700606036142,3,6,26.6044379636146,95.7759766690127,-0.000117769891021683,11.7966019893303,650.193468749017,0,0,0,1.225
1552.11906030334,40.7100027434082,3,6,26.6044368738437,95.7759727458373,-0.000114177516731966,11.7966010229056,650.196289374284,0,0,0,1.225
1552.3690544137,40.7193994510534,3,6,26.6044358173143,95.7759689423314,-0.000110694736179823,11.7966000859599,650.199023949597,0,0,0,1.225
1552.61904852407,40.728796159066,3,6,26.6044347930123,95.7759652548443,-0.000107318205983966,11.7965991775941,650.201675100086,0,0,0,1.225
1552.86904263443,40.7381928674348,3,6,26.6044337999546,95.7759616798365,-0.000104044683719395,11.7965982969361,650.204245371627,0,0,0,1.225
1553.1190367448,40.7475895761489,3,6,26.604432837188,95.7759582138767,-0.000100871025643612,11.7965974431408,650.20673723262,0,0,0,1.225
1553.36903085516,40.7569862851979,3,6,26.6044319037884,95.7759548536382,-9.77941851049649e-05,11.7965966153886,650.20915307521,0,0,0,1.225
1553.61902496553,40.7663829945716,3,6,26.6044309988599,95.7759515958958,-9.48112073129313e-05,11.796595812885,650.211495219435,0,0,0,1.225
1553.86901907589,40.7757797042599,3,6,26.6044301215341,95.7759484375227,-9.19192284286008e-05,11.7965950348598,650.213765913906,0,0,0,1.225
1554.11901318626,40.7851764142533,3,6,26.6044292709688,95.7759453754877,-8.91154721539907e-05,11.7965942805664,650.215967338497,0,0,0,1.225
1554.36900729662,40.7945731245425,3,6,26.6044284463477,95.7759424068518,-8.63972458666021e-05,11.7965935492806,650.218101607399,0,0,0,1.225
1554.61900140699,40.8039698351185,3,6,26.6044276468794,95.7759395287659,-8.37619403920411e-05,11.7965928403007,650.220170769262,0,0,0,1.225
1554.86899551735,40.8133665459726,3,6,26.6044268717966,95.7759367384676,-8.12070252290587e-05,11.7965921529462,650.222176810975,0,0,0,1.225
1555.11898962772,40.8227632570962,3,6,26.6044261203553,95.7759340332792,-7.87300480947931e-05,11.7965914865574,650.224121658002,0,0,0,1.225
1555.36898373808,40.8321599684811,3,6,26.6044253918345,95.7759314106042,-7.63286310593258e-05,11.7965908404948,650.226007177429,0,0,0,1.225
1555.61897784845,40.8415566801194,3,6,26.6044246855349,95.7759288679257,-7.40004682718918e-05,11.7965902141383,650.227835179757,0,0,0,1.225
1555.86897195881,40.8509533920033,3,6,26.6044240007787,95.7759264028033,-7.1743324823984e-05,11.7965896068868,650.229607419777,0,0,0,1.225
1556.11896606918,40.8603501041254,3,6,26.6044233369087,95.7759240128713,-6.95550344755629e-05,11.7965890181575,650.231325598353,0,0,0,1.225
1556.36896017955,40.8697468164783,3,6,26.6044226932878,95.775921695836,-6.74334960169923e-05,11.7965884473854,650.232991365308,0,0,0,1.225
1556.61895428991,40.8791435290551,3,6,26.6044220692983,95.7759194494738,-6.53766730416603e-05,11.7965878940228,650.234606319571,0,0,0,1.225
1556.86894840028,40.8885402418488,3,6,26.6044214643414,95.775917271629,-6.33825907626725e-05,11.7965873575385,650.236172011698,0,0,0,1.225
1557.11894251064,40.897936954853,3,6,26.6044208778365,95.7759151602113,-6.14493360128522e-05,11.7965868374177,650.23768994384,0,0,0,1.225
1557.36893662101,40.9073336680611,3,6,26.6044203092207,95.7759131131947,-5.9575052015023e-05,11.7965863331613,650.239161573904,0,0,0,1.225
1557.61893073137,40.916730381467,3,6,26.6044197579485,95.7759111286146,-5.77579406557983e-05,11.7965858442853,650.240588313705,0,0,0,1.225
1557.86892484174,40.9261270950646,3,6,26.6044192234907,95.7759092045665,-5.59962565737274e-05,11.7965853703207,650.241971533669,0,0,0,1.225
1558.1189189521,40.9355238088481,3,6,26.6044187053344,95.775907339204,-5.42883101152223e-05,11.7965849108125,650.243312560446,0,0,0,1.225
1558.36891306247,40.9449205228118,3,6,26.6044182029825,95.7759055307369,-5.2632460740566e-05,11.7965844653198,650.24461268216,0,0,0,1.225
1558.61890717283,40.9543172369501,3,6,26.6044177159528,95.7759037774299,-5.10271199798397e-05,11.796584033415,650.245873146019,0,0,0,1.225
1558.8689012832,40.9637139512579,3,6,26.6044172437779,95.7759020776004,-4.94707466579635e-05,11.7965836146838,650.247095162117,0,0,0,1.225
1559.11889539356,40.9731106657298,3,6,26.6044167860048,95.7759004296171,-4.7961846894696e-05,11.7965832087242,650.248279903406,0,0,0,1.225
1559.36888950393,40.982507380361,3,6,26.6044163421941,95.7758988318987,-4.64989722856025e-05,11.7965828151467,650.249428507135,0,0,0,1.225
1559.61888361429,40.9919040951465,3,6,26.60441591192,95.7758972829119,-4.50807192199173e-05,11.7965824335737,650.250542075372,0,0,0,1.225
1559.86887772466,41.0013008100817,3,6,26.6044154947695,95.7758957811702,-4.3705725924617e-05,11.7965820636389,650.251621677352,0,0,0,1.225
1560.11887183502,41.0106975251619,3,6,26.6044150903424,95.7758943252327,-4.23726733739358e-05,11.7965817049873,650.252668348726,0,0,0,1.225
1560.36886594539,41.0200942403827,3,6,26.6044146982506,95.7758929137021,-4.10802816513017e-05,11.7965813572749,650.253683094455,0,0,0,1.225
1560.61886005575,41.02949095574,3,6,26.6044143181178,95.775891545224,-3.98273108588525e-05,11.7965810201678,650.254666888065,0,0,0,1.225
1560.86885416612,41.0388876712294,3,6,26.6044139495792,95.7758902184851,-3.86125579341289e-05,11.7965806933427,650.255620674171,0,0,0,1.225
1561.11884827648,41.048284386847,3,6,26.6044135922812,95.7758889322125,-3.74348573322121e-05,11.796580376486,650.256545367924,0,0,0,1.225
1561.36884238685,41.0576811025888,3,6,26.604413245881,95.7758876851716,-3.62930787519331e-05,11.7965800692935,650.257441856802,0,0,0,1.225
1561.61883649721,41.0670778184512,3,6,26.6044129100461,95.775886476166,-3.51861264537361e-05,11.7965797714705,650.258311001147,0,0,0,1.225
1561.86883060758,41.0764745344303,3,6,26.6044125844543,95.7758853040355,-3.41129381227828e-05,11.7965794827312,650.259153635058,0,0,0,1.225
1562.11882471794,41.0858712505226,3,6,26.6044122687931,95.7758841676553,-3.30724832772993e-05,11.7965792027985,650.259970567646,0,0,0,1.225
1562.36881882831,41.0952679667247,3,6,26.6044119627597,95.775883065935,-3.20637644054717e-05,11.7965789314039,650.260762582114,0,0,0,1.225
1562.61881293867,41.1046646830333,3,6,26.6044116660604,95.7758819978174,-3.10858124178648e-05,11.7965786682868,650.261530439378,0,0,0,1.225
1562.86880704904,41.114061399445,3,6,26.6044113784105,95.7758809622776,-3.013768960335e-05,11.7965784131949,650.262274875688,0,0,0,1.225
1563.1188011594,41.1234581159568,3,6,26.6044110995339,95.775879958322,-2.92184855362825e-05,11.7965781658834,650.262996605891,0,0,0,1.225
1563.36879526977,41.1328548325656,3,6,26.6044108291631,95.775878984987,-2.83273186681547e-05,11.7965779261148,650.263696322145,0,0,0,1.225
1563.61878938013,41.1422515492684,3,6,26.6044105670386,95.7758780413389,-2.74633329169105e-05,11.7965776936592,650.264374696632,0,0,0,1.225
1563.8687834905,41.1516482660623,3,6,26.6044103129089,95.7758771264721,-2.66257001681147e-05,11.7965774682936,650.265032379549,0,0,0,1.225
1564.11877760086,41.1610449829447,3,6,26.6044100665302,95.7758762395088,-2.58136154999934e-05,11.7965772498016,650.265670002912,0,0,0,1.225
1564.36877171123,41.1704416999127,3,6,26.6044098276661,95.7758753795979,-2.50263005941197e-05,11.7965770379736,650.266288177819,0,0,0,1.225
1564.6187658216,41.1798384169638,3,6,26.6044095960873,95.7758745459142,-2.42629994152115e-05,11.7965768326063,650.266887497893,0,0,0,1.225
1564.86875993196,41.1892351340954,3,6,26.6044093715716,95.7758737376578,-2.35229795754063e-05,11.7965766335028,650.267468538181,0,0,0,1.225
1565.11875404233,41.1986318513051,3,6,26.6044091539037,95.7758729540532,-2.28055307426076e-05,11.7965764404719,650.268031856418,0,0,0,1.225
1565.36874815269,41.2080285685905,3,6,26.6044089428745,95.7758721943484,-2.21099648678641e-05,11.7965762533284,650.268577992833,0,0,0,1.225
1565.61874226306,41.2174252859493,3,6,26.6044087382818,95.7758714578145,-2.14356141389583e-05,11.7965760718927,650.269107471777,0,0,0,1.225
1565.86873637342,41.2268220033792,3,6,26.6044085399291,95.7758707437447,-2.07818314351647e-05,11.7965758959909,650.269620801349,0,0,0,1.225
1566.11873048379,41.2362187208781,3,6,26.6044083476261,95.775870051454,-2.01479896451126e-05,11.796575725454,650.270118473934,0,0,0,1.225
1566.36872459415,41.2456154384439,3,6,26.6044081611883,95.775869380278,-1.95334805298909e-05,11.7965755601184,650.270600967103,0,0,0,1.225
1566.61871870452,41.2550121560746,3,6,26.6044079804369,95.7758687295727,-1.89377140409112e-05,11.7965753998255,650.27106874415,0,0,0,1.225
1566.86871281488,41.2644088737681,3,6,26.6044078051982,95.7758680987137,-1.83601187746658e-05,11.7965752444216,650.271522253719,0,0,0,1.225
1567.11870692525,41.2738055915225,3,6,26.6044076353044,95.7758674870958,-1.78001403810741e-05,11.7965750937574,650.27196193107,0,0,0,1.225
1567.36870103561,41.2832023093361,3,6,26.6044074705922,95.775866894132,-1.72572413361041e-05,11.7965749476884,650.272388198253,0,0,0,1.225
1567.61869514598,41.2925990272069,3,6,26.6044073109037,95.7758663192534,-1.67309009417722e-05,11.7965748060745,650.272801464101,0,0,0,1.225
1567.86868925634,41.3019957451332,3,6,26.6044071560857,95.7758657619084,-1.6220614189248e-05,11.7965746687797,650.27320212513,0,0,0,1.225
1568.11868336671,41.3113924631134,3,6,26.6044070059895,95.7758652215623,-1.57258915314753e-05,11.7965745356724,650.273590565716,0,0,0,1.225
1568.36867747707,41.3207891811458,3,6,26.6044068604712,95.7758646976965,-1.52462577462767e-05,11.7965744066248,650.273967158997,0,0,0,1.225
1568.61867158744,41.3301858992288,3,6,26.6044067193912,95.7758641898084,-1.47812528458703e-05,11.7965742815131,650.274332266136,0,0,0,1.225
1568.8686656978,41.3395826173609,3,6,26.6044065826141,95.7758636974107,-1.43304307125949e-05,11.7965741602173,650.27468623741,0,0,0,1.225
1569.11865980817,41.3489793355405,3,6,26.6044064500086,95.7758632200309,-1.38933584167733e-05,11.796574042621,650.275029412748,0,0,0,1.225
1569.36865391853,41.3583760537662,3,6,26.6044063214475,95.775862757211,-1.34696171262283e-05,11.7965739286113,650.275362120995,0,0,0,1.225
1569.6186480289,41.3677727720367,3,6,26.6044061968075,95.7758623085069,-1.30588002872504e-05,11.7965738180788,650.275684681363,0,0,0,1.225
1569.86864213926,41.3771694903505,3,6,26.6044060759689,95.775861873488,-1.26605129424607e-05,11.7965737109175,650.275997403974,0,0,0,1.225
1570.11863624963,41.3865662087063,3,6,26.6044059588158,95.775861451737,-1.22743735498432e-05,11.7965736070246,650.276300588391,0,0,0,1.225
1570.36863035999,41.3959629271029,3,6,26.6044058452359,95.7758610428492,-1.19000112541965e-05,11.7965735063004,650.276594525805,0,0,0,1.225
1570.61862447036,41.405359645539,3,6,26.6044057351201,95.7758606464323,-1.15370672514078e-05,11.7965734086482,650.276879497929,0,0,0,1.225
1570.86861858072,41.4147563640133,3,6,26.6044056283627,95.7758602621059,-1.11851925146628e-05,11.7965733139743,650.277155778823,0,0,0,1.225
1571.11861269109,41.4241530825248,3,6,26.6044055248614,95.7758598895012,-1.08440505229938e-05,11.796573222188,650.277423632694,0,0,0,1.225
1571.36860680145,41.4335498010723,3,6,26.6044054245169,95.7758595282608,-1.05133129410785e-05,11.7965731332011,650.277683317355,0,0,0,1.225
1571.61860091182,41.4429465196547,3,6,26.6044053272328,95.775859178038,-1.0192662802546e-05,11.7965730469282,650.277935081674,0,0,0,1.225
1571.86859502218,41.4523432382709,3,6,26.6044052329158,95.7758588384967,-9.88179246356571e-06,11.7965729632866,650.278179167203,0,0,0,1.225
1572.11858913255,41.4617399569199,3,6,26.6044051414754,95.7758585093113,-9.58040383022657e-06,11.796572882196,650.278415807991,0,0,0,1.225
1572.36858324291,41.4711366756008,3,6,26.6044050528239,95.7758581901659,-9.28820722164157e-06,11.7965728035787,650.278645231496,0,0,0,1.225
1572.61857735328,41.4805333943124,3,6,26.6044049668762,95.7758578807542,-9.00492227946406e-06,11.7965727273591,650.278867657846,0,0,0,1.225
1572.86857146365,41.489930113054,3,6,26.6044048835498,95.7758575807793,-8.73027774050867e-06,11.7965726534642,650.279083300019,0,0,0,1.225
1573.11856557401,41.4993268318245,3,6,26.6044048027649,95.7758572899535,-8.46401007247713e-06,11.796572581823,650.279292364934,0,0,0,1.225
1573.36855968438,41.5087235506231,3,6,26.6044047244438,95.7758570079978,-8.20586301920018e-06,11.7965725123668,650.279495053805,0,0,0,1.225
1573.61855379474,41.5181202694489,3,6,26.6044046485115,95.7758567346414,-7.95558964704891e-06,11.796572445029,650.279691560507,0,0,0,1.225
1573.86854790511,41.5275169883012,3,6,26.6044045748951,95.7758564696223,-7.71294938900728e-06,11.796572379745,650.27988207393,0,0,0,1.225
1574.11854201547,41.5369137071791,3,6,26.6044045035239,95.7758562126861,-7.47770940894637e-06,11.796572316452,650.280066776892,0,0,0,1.225
1574.36853612584,41.5463104260817,3,6,26.6044044343295,95.7758559635862,-7.24964460162433e-06,11.7965722550895,650.280245846129,0,0,0,1.225
1574.6185302362,41.5557071450085,3,6,26.6044043672455,95.7758557220837,-7.02853509151706e-06,11.7965721955985,650.280419454294,0,0,0,1.225
1574.86852434657,41.5651038639586,3,6,26.6044043022075,95.7758554879469,-6.81416987088273e-06,11.7965721379219,650.280587767049,0,0,0,1.225
1575.11851845693,41.5745005829313,3,6,26.6044042391531,95.7758552609511,-6.60634247956012e-06,11.7965720820044,650.280750946511,0,0,0,1.225
1575.3685125673,41.5838973019259,3,6,26.6044041780218,95.7758550408785,-6.40485373351706e-06,11.7965720277924,650.280909149069,0,0,0,1.225
1575.61850667766,41.5932940209418,3,6,26.604404118755,95.775854827518,-6.20951036057622e-06,11.7965719752338,650.281062526474,0,0,0,1.225
1575.86850078803,41.6026907399783,3,6,26.6044040612958,95.7758546206648,-6.02012454565703e-06,11.7965719242782,650.281211226198,0,0,0,1.225
1576.11849489839,41.6120874590347,3,6,26.604404005589,95.7758544201204,-5.83651529504989e-06,11.7965718748767,650.281355390341,0,0,0,1.225
1576.36848900876,41.6214841781106,3,6,26.6044039515813,95.7758542256926,-5.65850593524681e-06,11.7965718269819,650.281495157628,0,0,0,1.225
1576.61848311912,41.6308808972052,3,6,26.6044038992207,95.7758540371946,-5.48592547721562e-06,11.7965717805478,650.281630662318,0,0,0,1.225
1576.86847722949,41.6402776163181,3,6,26.6044038484571,95.7758538544457,-5.31860884377894e-06,11.79657173553,650.281762034017,0,0,0,1.225
1577.11847133985,41.6496743354486,3,6,26.6044037992418,95.7758536772705,-5.15639573271913e-06,11.7965716918852,650.281889398585,0,0,0,1.225
1577.36846545022,41.6590710545962,3,6,26.6044037515275,95.775853505499,-4.99912925250398e-06,11.7965716495715,650.282012879227,0,0,0,1.225
1577.61845956058,41.6684677737604,3,6,26.6044037052684,95.7758533389664,-4.84665956035129e-06,11.7965716085483,650.282132593579,0,0,0,1.225
1577.86845367095,41.6778644929407,3,6,26.6044036604202,95.7758531775129,-4.6988404515434e-06,11.7965715687764,650.282248656436,0,0,0,1.225
1578.11844778131,41.6872612121366,3,6,26.6044036169399,95.7758530209836,-4.55552935942713e-06,11.7965715302174,650.282361179747,0,0,0,1.225
1578.36844189168,41.6966579313476,3,6,26.6044035747856,95.7758528692283,-4.41658917444609e-06,11.7965714928345,650.28247027116,0,0,0,1.225
1578.61843600204,41.7060546505733,3,6,26.6044035339171,95.7758527221015,-4.28188665248744e-06,11.7965714565917,650.282576035293,0,0,0,1.225
1578.86843011241,41.7154513698131,3,6,26.604403494295,95.7758525794619,-4.15129286963994e-06,11.7965714214542,650.282678573369,0,0,0,1.225
1579.11842422277,41.7248480890668,3,6,26.6044034558813,95.7758524411727,-4.02468163054074e-06,11.7965713873885,650.282777984485,0,0,0,1.225
1579.36841833314,41.7342448083338,3,6,26.6044034186392,95.7758523071012,-3.90193196954473e-06,11.7965713543617,650.282874363613,0,0,0,1.225
1579.6184124435,41.7436415276138,3,6,26.604403382533,95.7758521771188,-3.78292610431325e-06,11.7965713223422,650.282967803231,0,0,0,1.225
1579.86840655387,41.7530382469063,3,6,26.604403347528,95.7758520511007,-3.66754989057216e-06,11.7965712912993,650.283058392961,0,0,0,1.225
1580.11840066423,41.762434966211,3,6,26.6044033135906,95.7758519289261,-3.55569282211182e-06,11.7965712612032,650.283146219567,0,0,0,1.225
1580.3683947746,41.7718316855275,3,6,26.6044032806883,95.7758518104777,-3.44724689389197e-06,11.7965712320249,650.283231367859,0,0,0,1.225
1580.61838888496,41.7812284048555,3,6,26.6044032487894,95.7758516956419,-3.34210887583199e-06,11.7965712037366,650.28331391888,0,0,0,1.225
1580.86838299533,41.7906251241945,3,6,26.6044032178635,95.7758515843085,-3.24017735688355e-06,11.7965711763111,650.283393952262,0,0,0,1.225
1581.1183771057,41.8000218435443,3,6,26.6044031878807,95.7758514763707,-3.14135479144185e-06,11.796571149722,650.283471544591,0,0,0,1.225
1581.36837121606,41.8094185629046,3,6,26.6044031588124,95.7758513717248,-3.04554613507144e-06,11.7965711239438,650.283546770496,0,0,0,1.225
1581.61836532643,41.8188152822749,3,6,26.6044031306307,95.7758512702706,-2.9526592992643e-06,11.7965710989519,650.283619702284,0,0,0,1.225
1581.86835943679,41.828212001655,3,6,26.6044031033085,95.7758511719107,-2.86260560619788e-06,11.7965710747222,650.283690409576,0,0,0,1.225
1582.11835354716,41.8376087210447,3,6,26.6044030768196,95.7758510765506,-2.77529865183998e-06,11.7965710512315,650.283758960214,0,0,0,1.225
1582.36834765752,41.8470054404435,3,6,26.6044030511386,95.775850984099,-2.69065430594868e-06,11.7965710284572,650.283825420259,0,0,0,1.225
1582.61834176789,41.8564021598513,3,6,26.6044030262408,95.775850894467,-2.60859162158853e-06,11.7965710063775,650.283889853265,0,0,0,1.225
1582.86833882307,41.8657966167236,3,7,26.6312927586367,95.872653931092,5.72597706277293,0,5232.38281170236,0,0,0,1.225
1583.11833882307,41.8751746140874,3,7,26.6849977569912,96.0659919251684,5.72742811487865,0,5236.17435738868,0,0,0,1.225
1583.36833882307,41.8845337732163,3,7,26.73860845496,96.2589904378559,5.72887915324372,0,5239.96655865639,0,0,0,1.225
1583.61833882307,41.8938742024514,3,7,26.7921254184965,96.4516515065874,5.73033017791204,0,5243.75941553429,0,0,0,1.225
1583.86833882307,41.903196009092,3,7,26.845549208056,96.6439771490016,5.73178118892815,0,5247.55292805175,0,0,0,1.225
1584.11833882307,41.9124992994095,3,7,26.8988803786695,96.8359693632103,5.73323218633618,0,5251.34709623781,0,0,0,1.225
1584.36833882307,41.9217841786612,3,7,26.9521194800168,97.0276301280605,5.7346831701791,0,5255.14192012059,0,0,0,1.225
1584.61833882307,41.9310507511038,3,7,27.0052670564979,97.2189614033925,5.73613414050124,0,5258.93739972935,0,0,0,1.225
1584.86833882307,41.9402991200063,3,7,27.0583236473037,97.4099651302932,5.73758509734625,0,5262.73353509281,0,0,0,1.225
1585.11833882307,41.9495293876639,3,7,27.1112897864849,97.6006432313455,5.7390360407569,0,5266.53032623898,0,0,0,1.225
1585.36833882307,41.9587416554102,3,7,27.1641660030203,97.790997610873,5.74048697077751,0,5270.32777319718,0,0,0,1.225
1585.61833882307,41.9679360236299,3,7,27.2169528208835,97.9810301551807,5.7419378874506,0,5274.12587599528,0,0,0,1.225
1585.86833882307,41.9771125917713,3,7,27.2696507591089,98.1707427327919,5.74338879081961,0,5277.9246346619,0,0,0,1.225
1586.11833882307,41.9862714583585,3,7,27.3222603318558,98.360137194681,5.7448396809275,0,5281.72404922531,0,0,0,1.225
1586.36833882307,41.9954127210037,3,7,27.3747820484728,98.5492153745021,5.74629055781702,0,5285.52411971364,0,0,0,1.225
1586.61833882307,42.0045364764182,3,7,27.4272164135595,98.7379790888141,5.74774142153137,0,5289.32484615538,0,0,0,1.225
1586.86833882307,42.0136428204248,3,7,27.4795639270283,98.926430137302,5.74919227211285,0,5293.12622857832,0,0,0,1.225
1587.11833882307,42.0227318479689,3,7,27.5318250841652,99.1145703029947,5.7506431096042,0,5296.92826701064,0,0,0,1.225
1587.36833882307,42.0318036531297,3,7,27.5840003756884,99.3024013524784,5.75209393404771,0,5300.73096148016,0,0,0,1.225
1587.61833882307,42.0408583291313,3,7,27.6360902878078,99.489925036108,5.75354474548635,0,5304.53431201528,0,0,0,1.225
1587.86833882307,42.0498959683535,3,7,27.6880953022815,99.6771430882136,5.75499554396129,0,5308.33831864296,0,0,0,1.225
1588.11833882307,42.0589166623426,3,7,27.7400158964734,99.8640572273041,5.75644632951571,0,5312.14298139181,0,0,0,1.225
1588.36833882307,42.0679205018216,3,7,27.7918525434078,100.050669156268,5.75789710219055,0,5315.94830028866,0,0,0,1.225
1588.61833882307,42.0769075767011,3,7,27.843605711825,100.23698056257,5.75934786202902,0,5319.75427536215,0,0,0,1.225
1588.86833882307,42.0858779760889,3,7,27.895275866235,100.422993118446,5.7607986090718,0,5323.56090663896,0,0,0,1.225
1589.11833882307,42.0948317883003,3,7,27.9468634669699,100.608708481092,5.76224934336074,0,5327.36819414668,0,0,0,1.225
1589.36833882307,42.1037691008681,3,7,27.9983689702371,100.794128292853,5.76370006493789,0,5331.17613791312,0,0,0,1.225
1589.61833882307,42.1126900005519,3,7,28.0497928281695,100.97925418141,5.76515077384465,0,5334.98473796556,0,0,0,1.225
1589.86833882307,42.1215945733478,3,7,28.101135488877,101.164087759957,5.76660147012171,0,5338.79399433075,0,0,0,1.225
1590.11833882307,42.130482904498,3,7,28.1523973964955,101.348630627384,5.76805215381114,0,5342.60390703654,0,0,0,1.225
1590.36833882307,42.1393550784997,3,7,28.2035789912361,101.53288436845,5.76950282495318,0,5346.41447610935,0,0,0,1.225
1590.61833882307,42.1482111791144,3,7,28.2546807094335,101.71685055396,5.77095348358989,0,5350.22570157709,0,0,0,1.225
1590.86833882307,42.157051289377,3,7,28.3057029835927,101.900530740934,5.7724041297613,0,5354.03758346603,0,0,0,1.225
1591.11833882307,42.1658754916042,3,7,28.3566462424365,102.083926472771,5.77385476350878,0,5357.85012180357,0,0,0,1.225
1591.36833882307,42.1746838674035,3,7,28.4075109109507,102.267039279422,5.77530538487258,0,5361.66331661619,0,0,0,1.225
1591.61833882307,42.1834764976817,3,7,28.4582974104298,102.449870677547,5.77675599389386,0,5365.47716793115,0,0,0,1.225
1591.86833882307,42.192253462653,3,7,28.5090061585212,102.632422170676,5.77820659061285,0,5369.29167577497,0,0,0,1.225
1592.11833882307,42.2010148418479,3,7,28.5596375692693,102.81469524937,5.77965717506936,0,5373.10684017386,0,0,0,1.225
1592.36833882307,42.2097607141208,3,7,28.6101920531585,102.996691391371,5.78110774730453,0,5376.9226611551,0,0,0,1.225
1592.61833882307,42.2184911576581,3,7,28.6606700171556,103.17841206176,5.7825583073577,0,5380.73913874457,0,0,0,1.225
1592.86833882307,42.2272062499865,3,7,28.7110718647517,103.359858713106,5.78400885526958,0,5384.55627296923,0,0,0,1.225
1593.11833882307,42.2359060679804,3,7,28.7613979960037,103.541032785613,5.78545939107971,0,5388.37406385518,0,0,0,1.225
1593.36833882307,42.2445906878696,3,7,28.8116488075744,103.721935707268,5.78690991482836,0,5392.19251142904,0,0,0,1.225
1593.61833882307,42.253260185247,3,7,28.8618246927727,103.902568893982,5.78836042655462,0,5396.01161571659,0,0,0,1.225
1593.86833882307,42.2619146350759,3,7,28.9119260415933,104.082933749736,5.78981092629897,0,5399.83137674468,0,0,0,1.225
1594.11833882307,42.2705541116976,3,7,28.9619532407547,104.263031666717,5.79126141410006,0,5403.65179453874,0,0,0,1.225
1594.36833882307,42.2791786888382,3,7,29.011906673738,104.442864025457,5.79271188999769,0,5407.47286912512,0,0,0,1.225
1594.61833882307,42.2877884396161,3,7,29.0617867208245,104.622432194968,5.79416235403119,0,5411.29460052985,0,0,0,1.225
1594.86833882307,42.2963834365488,3,7,29.1115937591325,104.801737532877,5.79561280623989,0,5415.11698877893,0,0,0,1.225
1595.11833882307,42.3049637515597,3,7,29.1613281626538,104.980781385554,5.79706324666245,0,5418.94003389788,0,0,0,1.225
1595.36833882307,42.3135294559853,3,7,29.2109903022901,105.159565088244,5.7985136753382,0,5422.76373591276,0,0,0,1.225
1595.61833882307,42.3220806205814,3,7,29.2605805458879,105.338089965197,5.7999640923058,0,5426.58809484909,0,0,0,1.225
1595.86833882307,42.33061731553,3,7,29.310099258274,105.516357329786,5.80141449760481,0,5430.41311073317,0,0,0,1.225
1596.11833882307,42.339139610446,3,7,29.3595468012892,105.694368484641,5.80286489127275,0,5434.23878358965,0,0,0,1.225
1596.36833882307,42.3476475743831,3,7,29.408923533823,105.872124721763,5.80431527334895,0,5438.06511344467,0,0,0,1.225
1596.61833882307,42.3561412758403,3,7,29.4582298118464,106.049627322647,5.80576564387161,0,5441.89210032348,0,0,0,1.225
1596.86833882307,42.3646207827686,3,7,29.5074659884451,106.226877558402,5.80721600287916,0,5445.71974425151,0,0,0,1.225
1597.11833882307,42.3730861625765,3,7,29.5566324138519,106.403876689867,5.80866635040979,0,5449.54804525403,0,0,0,1.225
1597.36833882307,42.3815374821362,3,7,29.6057294354791,106.580625967725,5.81011668650194,0,5453.37700335654,0,0,0,1.225
1597.61833882307,42.38997480779,3,7,29.6547573979491,106.757126632617,5.81156701119312,0,5457.2066185838,0,0,0,1.225
1597.86833882307,42.3983982053554,3,7,29.7037166431264,106.933379915255,5.81301732452198,0,5461.0368909615,0,0,0,1.225
1598.11833882307,42.4068077401318,3,7,29.7526075101478,107.109387036532,5.81446762652604,0,5464.86782051444,0,0,0,1.225
1598.36833882307,42.4152034769054,3,7,29.8014303354528,107.28514920763,5.81591791724281,0,5468.69940726744,0,0,0,1.225
1598.61833882307,42.4235854799554,3,7,29.8501854528131,107.460667630127,5.81736819671028,0,5472.53165124571,0,0,0,1.225
1598.86833882307,42.4319538130592,3,7,29.8988731933622,107.635943496104,5.81881846496572,0,5476.36455247392,0,0,0,1.225
1599.11833882307,42.4403085394981,3,7,29.9474938856244,107.810977988248,5.82026872204733,0,5480.19811097748,0,0,0,1.225
1599.36833882307,42.4486497220626,3,7,29.9960478555429,107.985772279954,5.82171896799127,0,5484.03232678019,0,0,0,1.225
1599.61833882307,42.4569774230576,3,7,30.0445354265085,108.160327535431,5.82316920283574,0,5487.8671999075,0,0,0,1.225
1599.86833882307,42.4652917043081,3,7,30.0929569193871,108.334644909794,5.82461942661735,0,5491.70273038361,0,0,0,1.225
1600.11833882307,42.4735926271638,3,7,30.1413126525469,108.508725549169,5.8260696393736,0,5495.53891823346,0,0,0,1.225
1600.36833882307,42.4818802525044,3,7,30.1896029418857,108.682570590789,5.82751984114066,0,5499.37576348091,0,0,0,1.225
1600.61833882307,42.4901546407448,3,7,30.2378281008572,108.856181163086,5.82897003195626,0,5503.21326615112,0,0,0,1.225
1600.86833882307,42.4984158518402,3,7,30.2859884404974,109.029558385791,5.83042021185702,0,5507.05142626835,0,0,0,1.225
1601.11833882307,42.5066639452903,3,7,30.3340842694505,109.202703370022,5.83187038087885,0,5510.89024385634,0,0,0,1.225
1601.36833882307,42.5148989801449,3,7,30.3821158939945,109.37561721838,5.83332053905906,0,5514.72971893992,0,0,0,1.225
1601.61833882307,42.5231210150083,3,7,30.4300836180659,109.548301025037,5.83477068643333,0,5518.5698515427,0,0,0,1.225
1601.86833882307,42.531330108044,3,7,30.4779877432854,109.720755875827,5.83622082303918,0,5522.41064168971,0,0,0,1.225
1602.11833882307,42.5395263169794,3,7,30.5258285689814,109.892982848333,5.83767094891186,0,5526.25208940423,0,0,0,1.225
1602.36833882307,42.5477096991105,3,7,30.573606392215,110.064983011974,5.83912106408775,0,5530.09419471042,0,0,0,1.225
1602.61833882307,42.5558803113059,3,7,30.6213215078034,110.236757428092,5.84057116860299,0,5533.93695763231,0,0,0,1.225
1602.86833882307,42.5640382100122,3,7,30.6689742083435,110.408307150036,5.84202126249374,0,5537.78037819393,0,0,0,1.225
1603.11833882307,42.5721834512572,3,7,30.7165647842351,110.579633223246,5.84347134579548,0,5541.62445641878,0,0,0,1.225
1603.36833882307,42.5803160906553,3,7,30.7640935237038,110.750736685334,5.84492141854389,0,5545.46919233057,0,0,0,1.225
1603.61833882307,42.5884361834112,3,7,30.8115607128237,110.921618566165,5.84637148077491,0,5549.3145859532,0,0,0,1.225
1603.86833882307,42.5965437843241,3,7,30.8589666355396,111.092279887943,5.84782153252445,0,5553.16063731057,0,0,0,1.225
1604.11833882307,42.6046389477922,3,7,30.9063115736889,111.26272166528,5.84927157382731,0,5557.00734642573,0,0,0,1.225
1604.36833882307,42.6127217278165,3,7,30.9535958070233,111.432944905284,5.85072160471873,0,5560.85471332206,0,0,0,1.225
1604.61833882307,42.6207921780051,3,7,31.0008196132306,111.60295060763,5.85217162523509,0,5564.7027380239,0,0,0,1.225
1604.86833882307,42.6288503515769,3,7,31.0479832679551,111.772739764639,5.85362163541049,0,5568.55142055378,0,0,0,1.225
1605.11833882307,42.6368963013658,3,7,31.0950870448194,111.94231336135,5.85507163528018,0,5572.40076093514,0,0,0,1.225
1605.36833882307,42.6449300798246,3,7,31.1421312154441,112.111672375599,5.85652162487941,0,5576.25075919147,0,0,0,1.225
1605.61833882307,42.6529517390287,3,7,31.1891160494685,112.280817778087,5.85797160424318,0,5580.10141534605,0,0,0,1.225
1605.86833882307,42.6609613306799,3,7,31.236041814571,112.449750532456,5.85942157340583,0,5583.95272942166,0,0,0,1.225
1606.11833882307,42.6689589061104,3,7,31.2829087764882,112.618471595357,5.86087153240214,0,5587.80470144145,0,0,0,1.225
1606.36833882307,42.6769445162861,3,7,31.3297171990348,112.786981916525,5.86232148126737,0,5591.65733142896,0,0,0,1.225
1606.61833882307,42.6849182118105,3,7,31.3764673441231,112.955282438843,5.86377142003494,0,5595.51061940628,0,0,0,1.225
1606.86833882307,42.6928800429285,3,7,31.4231594717816,113.123374098414,5.86522134874008,0,5599.36456539697,0,0,0,1.225
1607.11833882307,42.7008300595294,3,7,31.469793840174,113.291257824627,5.86667126741668,0,5603.21916942352,0,0,0,1.225
1607.36833882307,42.7087683111509,3,7,31.516370705618,113.458934540225,5.86812117609929,0,5607.07443150899,0,0,0,1.225
1607.61833882307,42.7166948469826,3,7,31.562890322603,113.626405161371,5.86957107482181,0,5610.93035167588,0,0,0,1.225
1607.86833882307,42.7246097158689,3,7,31.6093529438088,113.793670597712,5.87102096361832,0,5614.78692994692,0,0,0,1.225
1608.11833882307,42.7325129663129,3,7,31.6557588201232,113.960731752444,5.87247084252294,0,5618.64416634484,0,0,0,1.225
1608.36833882307,42.7404046464796,3,7,31.7021082006597,114.127589522375,5.87392071156933,0,5622.50206089203,0,0,0,1.225
1608.61833882307,42.7482848041992,3,7,31.7484013327746,114.294244797989,5.87537057079089,0,5626.3606136107,0,0,0,1.225
1608.86833882307,42.75615348697,3,7,31.7946384620847,114.460698463505,5.87682042022152,0,5630.21982452345,0,0,0,1.225
1609.11833882307,42.7640107419624,3,7,31.840819832484,114.626951396942,5.87827025989532,0,5634.07969365308,0,0,0,1.225
1609.36833882307,42.7718566160213,3,7,31.8869456861604,114.793004470177,5.87972008984502,0,5637.9402210213,0,0,0,1.225
1609.61833882307,42.7796911556696,3,7,31.9330162636123,114.958858549004,5.88116991010429,0,5641.80140665058,0,0,0,1.225
1609.86833882307,42.7875144071112,3,7,31.9790318036652,115.124514493195,5.88261972070586,0,5645.66325056266,0,0,0,1.225
1610.11833882307,42.7953264162344,3,7,32.0249925434875,115.289973156555,5.88406952168452,0,5649.52575278095,0,0,0,1.225
1610.36833882307,42.8031272286143,3,7,32.0708987186065,115.455235386984,5.88551931307211,0,5653.3889133265,0,0,0,1.225
1610.61833882307,42.8109168895162,3,7,32.1167505629245,115.620302026528,5.88696909490136,0,5657.25273222111,0,0,0,1.225
1610.86833882307,42.8186954438985,3,7,32.1625483087338,115.785173911442,5.88841886720547,0,5661.11720948695,0,0,0,1.225
1611.11833882307,42.8264629364156,3,7,32.2082921867327,115.949851872238,5.8898686300181,0,5664.98234514657,0,0,0,1.225
1611.36833882307,42.8342194114207,3,7,32.2539824260399,116.114336733744,5.89131838337107,0,5668.84813922108,0,0,0,1.225
1611.61833882307,42.8419649129687,3,7,32.2996192542104,116.278629315157,5.89276812729668,0,5672.71459173198,0,0,0,1.225
1611.86833882307,42.849699484819,3,7,32.3452028972495,116.442730430098,5.89421786182902,0,5676.58170270224,0,0,0,1.225
1612.11833882307,42.8574231704383,3,7,32.3907335796281,116.606640886661,5.89566758699948,0,5680.44947215263,0,0,0,1.225
1612.36833882307,42.8651360130034,3,7,32.4362115242965,116.770361487467,5.89711730283943,0,5684.31790010398,0,0,0,1.225
1612.61833882307,42.8728380554036,3,7,32.4816369526993,116.933893029718,5.89856700938299,0,5688.18698657929,0,0,0,1.225
1612.86833882307,42.8805293402438,3,7,32.5270100847891,117.097236305241,5.90001670666197,0,5692.05673159975,0,0,0,1.225
1613.11833882307,42.8882099098468,3,7,32.5723311390406,117.260392100546,5.90146639470777,0,5695.92713518624,0,0,0,1.225
1613.36833882307,42.8958798062561,3,7,32.6176003324644,117.423361196872,5.90291607355266,0,5699.79819736033,0,0,0,1.225
1613.61833882307,42.9035390712386,3,7,32.6628178806204,117.586144370233,5.90436574322803,0,5703.66991814291,0,0,0,1.225
1613.86833882307,42.9111877462867,3,7,32.7079839976316,117.748742391474,5.90581540376706,0,5707.54229755634,0,0,0,1.225
1614.11833882307,42.9188258726213,3,7,32.7530988961971,117.911156026309,5.9072650552007,0,5711.41533562117,0,0,0,1.225
1614.36833882307,42.9264534911941,3,7,32.7981627876053,118.073386035379,5.9087146975603,0,5715.28903235831,0,0,0,1.225
1614.61833882307,42.9340706426898,3,7,32.843175881747,118.235433174289,5.91016433087725,0,5719.16338778872,0,0,0,1.225
1614.86833882307,42.9416773675291,3,7,32.888138387128,118.397298193661,5.91161395518429,0,5723.03840193443,0,0,0,1.225
1615.11833882307,42.9492737058707,3,7,32.933050510882,118.558981839175,5.91306357051144,0,5726.91407481533,0,0,0,1.225
1615.36833882307,42.9568596976136,3,7,32.977912458783,118.720484851619,5.91451317688961,0,5730.79040645204,0,0,0,1.225
1615.61833882307,42.9644353823998,3,7,33.0227244352577,118.881807966928,5.91596277435247,0,5734.66739686737,0,0,0,1.225
1615.86833882307,42.9720007996164,3,7,33.0674866433977,119.042951916232,5.9174123629291,0,5738.54504608052,0,0,0,1.225
1616.11833882307,42.9795559883978,3,7,33.1121992849717,119.203917425898,5.91886194265089,0,5742.42335411252,0,0,0,1.225
1616.36833882307,42.9871009876283,3,7,33.1568625604373,119.364705217574,5.92031151354877,0,5746.30232098404,0,0,0,1.225
1616.61833882307,42.994635835944,3,7,33.201476668953,119.525316008231,5.92176107565319,0,5750.18194671542,0,0,0,1.225
1616.86833882307,43.0021605717352,3,7,33.2460418083897,119.685750510203,5.92321062899646,0,5754.06223132844,0,0,0,1.225
1617.11833882307,43.0096752331484,3,7,33.2905581753422,119.846009431232,5.92466017360812,0,5757.94317484274,0,0,0,1.225
1617.36833882307,43.0171798580888,3,7,33.335025965141,120.006093474508,5.92610970951864,0,5761.82477727869,0,0,0,1.225
1617.61833882307,43.0246744842221,3,7,33.3794453718631,120.166003338707,5.92755923675804,0,5765.70703865631,0,0,0,1.225
1617.86833882307,43.0321591489769,3,7,33.4238165883435,120.325739718037,5.92900875535861,0,5769.58995899745,0,0,0,1.225
1618.11833882307,43.0396338895466,3,7,33.4681398061859,120.485303302269,5.93045826534853,0,5773.47353832071,0,0,0,1.225
1618.36833882307,43.0470987428914,3,7,33.5124152157738,120.644694776786,5.9319077667592,0,5777.35777664724,0,0,0,1.225
1618.61833882307,43.0545537457406,3,7,33.5566430062815,120.803914822614,5.93335725962061,0,5781.24267399711,0,0,0,1.225
1618.86833882307,43.0619989345945,3,7,33.6008233656844,120.962964116464,5.93480674396233,0,5785.12823039006,0,0,0,1.225
1619.11833882307,43.0694343457263,3,7,33.6449564807694,121.12184333077,5.93625621981528,0,5789.01444584692,0,0,0,1.225
1619.36833882307,43.0768600151841,3,7,33.6890425371458,121.280553133725,5.93770568720856,0,5792.90132038706,0,0,0,1.225
1619.61833882307,43.0842759787931,3,7,33.7330817192554,121.43909418932,5.9391551461722,0,5796.78885403064,0,0,0,1.225
1619.86833882307,43.0916822721573,3,7,33.7770742103826,121.597467157377,5.94060459673619,0,5800.67704679778,0,0,0,1.225
1620.11833882307,43.0990789306614,3,7,33.8210201926643,121.755672693592,5.94205403892965,0,5804.56589870793,0,0,0,1.225
1620.36833882307,43.1064659894727,3,7,33.8649198471004,121.913711449562,5.94350347278214,0,5808.45540978089,0,0,0,1.225
1620.61833882307,43.1138434835432,3,7,33.9087733535631,122.071584072827,5.94495289832412,0,5812.34558003721,0,0,0,1.225
1620.86833882307,43.1212114476111,3,7,33.952580890807,122.229291206905,5.94640231558378,0,5816.23640949564,0,0,0,1.225
1621.11833882307,43.1285699162028,3,7,33.9963426364783,122.386833491322,5.9478517245916,0,5820.12789817675,0,0,0,1.225
1621.36833882307,43.135918923635,3,7,34.040058767125,122.54421156165,5.94930112537577,0,5824.02004609931,0,0,0,1.225
1621.61833882307,43.1432585040157,3,7,34.0837294582057,122.701426049541,5.95075051796539,0,5827.91285328283,0,0,0,1.225
1621.86833882307,43.1505886912468,3,7,34.1273548840992,122.858477582757,5.95219990239048,0,5831.80631974758,0,0,0,1.225
1622.11833882307,43.1579095190256,3,7,34.1709352181136,123.015366785209,5.95364927867831,0,5835.70044551163,0,0,0,1.225
1622.36833882307,43.165221020846,3,7,34.2144706324956,123.172094276984,5.95509864686028,0,5839.59523059635,0,0,0,1.225
1622.61833882307,43.1725232300012,3,7,34.2579612984392,123.328660674381,5.95654800696229,0,5843.49067501876,0,0,0,1.225
1622.86833882307,43.1798161795844,3,7,34.301407386095,123.485066589942,5.95799735901528,0,5847.3867787999,0,0,0,1.225
1623.11833882307,43.1870999024911,3,7,34.3448090645787,123.641312632483,5.95944670304698,0,5851.28354195826,0,0,0,1.225
1623.36833882307,43.1943744314207,3,7,34.38816650198,123.797399407128,5.96089603908649,0,5855.18096451345,0,0,0,1.225
1623.61833882307,43.2016397988778,3,7,34.4314798653712,123.953327515336,5.96234536716065,0,5859.07904648328,0,0,0,1.225
1623.86833882307,43.2088960371741,3,7,34.4747493208156,124.109097554936,5.96379468729947,0,5862.97778788809,0,0,0,1.225
1624.11833882307,43.2161431784301,3,7,34.5179750333762,124.264710120154,5.96524399953114,0,5866.87718874681,0,0,0,1.225
1624.36833882307,43.2233812545763,3,7,34.5611571671239,124.420165801646,5.96669330388386,0,5870.77724907836,0,0,0,1.225
1624.61833882307,43.2306102973552,3,7,34.6042958851456,124.575465186524,5.96814260038445,0,5874.6779689006,0,0,0,1.225
1624.86833882307,43.2378303383225,3,7,34.6473913495528,124.73060885839,5.96959188906203,0,5878.57934823321,0,0,0,1.225
1625.11833882307,43.2450414088488,3,7,34.6904437214894,124.885597397362,5.97104116994524,0,5882.48138709551,0,0,0,1.225
1625.36833882307,43.2522435401212,3,7,34.7334531611395,125.040431380102,5.97249044306045,0,5886.38408550505,0,0,0,1.225
1625.61833882307,43.2594367631448,3,7,34.7764198277359,125.195111379849,5.97393970843677,0,5890.28744348153,0,0,0,1.225
1625.86833882307,43.2666211087438,3,7,34.8193438795676,125.349637966443,5.97538896610013,0,5894.19146104214,0,0,0,1.225
1626.11833882307,43.2737966075636,3,7,34.8622254739872,125.504011706354,5.97683821608052,0,5898.09613820736,0,0,0,1.225
1626.36833882307,43.2809632900716,3,7,34.9050647674194,125.65823316271,5.97828745840388,0,5902.00147499441,0,0,0,1.225
1626.61833882307,43.2881211865594,3,7,34.9478619153679,125.812302895324,5.97973669309795,0,5905.90747142196,0,0,0,1.225
1626.86833882307,43.2952703271434,3,7,34.9906170724231,125.966221460723,5.98118592019136,0,5909.81412750943,0,0,0,1.225
1627.11833882307,43.3024107417669,3,7,35.0333303922696,126.11998941217,5.98263513971006,0,5913.72144327408,0,0,0,1.225
1627.36833882307,43.3095424602011,3,7,35.0760020276936,126.273607299697,5.9840843516813,0,5917.62941873426,0,0,0,1.225
1627.61833882307,43.3166655120466,3,7,35.1186321305902,126.427075670125,5.98553355613149,0,5921.53805390761,0,0,0,1.225
1627.86833882307,43.3237799267347,3,7,35.1612208519702,126.580395067093,5.98698275309016,0,5925.44734881432,0,0,0,1.225
1628.11833882307,43.330885733529,3,7,35.2037683419679,126.733566031085,5.98843194258234,0,5929.35730347098,0,0,0,1.225
1628.36833882307,43.3379829615264,3,7,35.2462747498477,126.886589099452,5.9898811246353,0,5933.26791789597,0,0,0,1.225
1628.61833882307,43.3450716396586,3,7,35.2887402240109,127.039464806439,5.9913302992768,0,5937.1791921081,0,0,0,1.225
1628.86833882307,43.3521517966937,3,7,35.3311649120034,127.192193683212,5.99277946653274,0,5941.09112612469,0,0,0,1.225
1629.11833882307,43.3592234612367,3,7,35.3735489605216,127.344776257878,5.99422862643041,0,5945.00371996418,0,0,0,1.225
1629.36833882307,43.3662866617317,3,7,35.4158925154199,127.497213055512,5.99567777899529,0,5948.91697364357,0,0,0,1.225
1629.61833882307,43.3733414264626,3,7,35.458195721717,127.649504598181,5.99712692425464,0,5952.83088718134,0,0,0,1.225
1629.86833882307,43.3803877835546,3,7,35.5004587236026,127.801651404969,5.99857606223441,0,5956.74546059486,0,0,0,1.225
1630.11833882307,43.3874257609753,3,7,35.5426816644441,127.953653991999,6.0000251929614,0,5960.66069390226,0,0,0,1.225
1630.36833882307,43.394455386536,3,7,35.584864686793,128.105512872455,6.00147431646201,0,5964.57658712131,0,0,0,1.225
1630.61833882307,43.401476687893,3,7,35.6270079323913,128.257228556609,6.0029234327626,0,5968.49314026981,0,0,0,1.225
1630.86833882307,43.4084896925489,3,7,35.669111542178,128.408801551841,6.00437254188864,0,5972.41035336482,0,0,0,1.225
1631.11833882307,43.4154944278532,3,7,35.7111756562952,128.560232362663,6.00582164386742,0,5976.32822642488,0,0,0,1.225
1631.36833882307,43.4224909210045,3,7,35.7532004140947,128.711521490741,6.00727073872304,0,5980.246759466,0,0,0,1.225
1631.61833882307,43.4294791990506,3,7,35.7951859541436,128.862669434917,6.00871982648232,0,5984.16595250638,0,0,0,1.225
1631.86833882307,43.4364592888905,3,7,35.8371324142311,129.013676691232,6.01016890717074,0,5988.08580556312,0,0,0,1.225
1632.11833882307,43.443431217275,3,7,35.879039931374,129.164543752947,6.01161798081557,0,5992.00631865482,0,0,0,1.225
1632.36833882307,43.4503950108084,3,7,35.920908641823,129.315271110563,6.01306704743956,0,5995.92749179644,0,0,0,1.225
1632.61833882307,43.4573506959489,3,7,35.9627386810685,129.465859251847,6.01451610707181,0,5999.84932500804,0,0,0,1.225
1632.86833882307,43.4642982990103,3,7,36.0045301838467,129.616308661848,6.01596515973552,0,6003.77181830498,0,0,0,1.225
1633.11833882307,43.4712378461629,3,7,36.0462832841449,129.766619822922,6.01741420545613,0,6007.69497170441,0,0,0,1.225
1633.36833882307,43.4781693634346,3,7,36.087998115208,129.916793214749,6.01886324426005,0,6011.61878522428,0,0,0,1.225
1633.61833882307,43.4850928767121,3,7,36.1296748095435,130.066829314357,6.02031227617135,0,6015.54325888067,0,0,0,1.225
1633.86833882307,43.4920084117418,3,7,36.1713134989277,130.21672859614,6.02176130121688,0,6019.4683926919,0,0,0,1.225
1634.11833882307,43.4989159941308,3,7,36.2129143144109,130.366491531879,6.02321031941938,0,6023.39418667301,0,0,0,1.225
1634.36833882307,43.5058156493482,3,7,36.2544773863232,130.516118590764,6.02465933080612,0,6027.32064084269,0,0,0,1.225
1634.61833882307,43.5127074027263,3,7,36.2960028442799,130.665610239408,6.0261083354012,0,6031.24775521709,0,0,0,1.225
1634.86833882307,43.5195912794608,3,7,36.3374908171868,130.814966941872,6.02755733322965,0,6035.17552981311,0,0,0,1.225
1635.11833882307,43.5264673046129,3,7,36.3789414332457,130.964189159684,6.02900632431601,0,6039.1039646473,0,0,0,1.225
1635.36833882307,43.5333355031097,3,7,36.4203548199598,131.113277351855,6.03045530868394,0,6043.03305973547,0,0,0,1.225
1635.61833882307,43.540195899745,3,7,36.4617311041389,131.2622319749,6.03190428636117,0,6046.96281509673,0,0,0,1.225
1635.86833882307,43.5470485191809,3,7,36.5030704119046,131.411053482856,6.03335325736953,0,6050.8932307455,0,0,0,1.225
1636.11833882307,43.5538933859486,3,7,36.5443728686954,131.559742327303,6.03480222173448,0,6054.82430669907,0,0,0,1.225
1636.36833882307,43.5607305244489,3,7,36.585638599272,131.708298957379,6.03625117948059,0,6058.75604297404,0,0,0,1.225
1636.61833882307,43.5675599589537,3,7,36.6268677277224,131.856723819801,6.03770013063195,0,6062.68843958667,0,0,0,1.225
1636.86833882307,43.5743817136069,3,7,36.6680603774665,132.00501735888,6.03914907521266,0,6066.62149655321,0,0,0,1.225
1637.11833882307,43.5811958124251,3,7,36.7092166712618,132.153180016543,6.0405980132482,0,6070.55521389102,0,0,0,1.225
1637.36833882307,43.5880022792986,3,7,36.7503367312076,132.301212232347,6.04204694476084,0,6074.48959161493,0,0,0,1.225
1637.61833882307,43.5948011379927,3,7,36.7914206787504,132.449114443502,6.04349586977651,0,6078.42462974268,0,0,0,1.225
1637.86833882307,43.601592412148,3,7,36.8324686346884,132.596887084878,6.04494478831748,0,6082.36032828911,0,0,0,1.225
1638.11833882307,43.6083761252818,3,7,36.8734807191766,132.744530589036,6.04639370040877,0,6086.29668727127,0,0,0,1.225
1638.36833882307,43.6151523007887,3,7,36.9144570517312,132.892045386232,6.04784260607403,0,6090.23370670512,0,0,0,1.225
1638.61833882307,43.6219209619419,3,7,36.9553977512347,133.039431904445,6.04929150533553,0,6094.17138660554,0,0,0,1.225
1638.86833882307,43.6286821318935,3,7,36.9963029359401,133.186690569384,6.05074039821966,0,6098.10972699069,0,0,0,1.225
1639.11833882307,43.635435833676,3,7,37.037172723476,133.333821804514,6.05218928474824,0,6102.04872787511,0,0,0,1.225
1639.36833882307,43.6421820902026,3,7,37.0780072308507,133.480826031062,6.05363816494628,0,6105.98838927589,0,0,0,1.225
1639.61833882307,43.6489209242684,3,7,37.1188065744571,133.627703668046,6.05508703883561,0,6109.9287112076,0,0,0,1.225
1639.86833882307,43.6556523585514,3,7,37.1595708700771,133.774455132277,6.05653590643897,0,6113.86969368553,0,0,0,1.225
1640.11833882307,43.6623764156128,3,7,37.2003002328857,133.921080838389,6.05798476778318,0,6117.81133672826,0,0,0,1.225
1640.36833882307,43.6690931178984,3,7,37.240994777456,134.067581198842,6.05943362288872,0,6121.7536403493,0,0,0,1.225
1640.61833882307,43.6758024877392,3,7,37.281654617763,134.213956623947,6.06088247177786,0,6125.69660456361,0,0,0,1.225
1640.86833882307,43.682504547352,3,7,37.3222798671884,134.360207521878,6.06233131447698,0,6129.64022938943,0,0,0,1.225
1641.11833882307,43.6891993188407,3,7,37.3628706385244,134.506334298688,6.06378015100745,0,6133.58451484104,0,0,0,1.225
1641.36833882307,43.6958868241967,3,7,37.4034270439783,134.652337358322,6.06522898139156,0,6137.52946093342,0,0,0,1.225
1641.61833882307,43.7025670852999,3,7,37.4439491951766,134.798217102636,6.06667780565294,0,6141.47506768268,0,0,0,1.225
1641.86833882307,43.7092401239193,3,7,37.4844372031692,134.943973931409,6.06812662381344,0,6145.42133510347,0,0,0,1.225
1642.11833882307,43.7159059617142,3,7,37.5248911784333,135.08960824236,6.0695754358976,0,6149.36826321264,0,0,0,1.225
1642.36833882307,43.7225646202344,3,7,37.5653112308778,135.23512043116,6.07102424192681,0,6153.31585202451,0,0,0,1.225
1642.61833882307,43.7292161209215,3,7,37.6056974698473,135.38051089145,6.0724730419247,0,6157.2641015552,0,0,0,1.225
1642.86833882307,43.7358604851094,3,7,37.6460500041258,135.525780014853,6.07392183591264,0,6161.21301181906,0,0,0,1.225
1643.11833882307,43.7424977340249,3,7,37.686368941941,135.670928190988,6.07537062391339,0,6165.16258283152,0,0,0,1.225
1643.36833882307,43.749127888789,3,7,37.7266543909682,135.815955807486,6.07681940595012,0,6169.11281460839,0,0,0,1.225
1643.61833882307,43.7557509704169,3,7,37.7669064583341,135.960863250003,6.07826818204512,0,6173.06370716476,0,0,0,1.225
1643.86833882307,43.7623669998194,3,7,37.8071252506208,136.105650902235,6.07971695221931,0,6177.01526051464,0,0,0,1.225
1644.11833882307,43.7689759978033,3,7,37.8473108738693,136.250319145929,6.08116571649543,0,6180.96747467351,0,0,0,1.225
1644.36833882307,43.7755779850722,3,7,37.8874634335838,136.394868360902,6.08261447489667,0,6184.92034965721,0,0,0,1.225
1644.61833882307,43.782172982227,3,7,37.9275830347353,136.539298925047,6.08406322744349,0,6188.87388547942,0,0,0,1.225
1644.86833882307,43.7887610097671,3,7,37.9676697817648,136.683611214353,6.08551197415909,0,6192.82808215602,0,0,0,1.225
1645.11833882307,43.7953420880907,3,7,38.007723778588,136.827805602917,6.08696071506483,0,6196.78293970142,0,0,0,1.225
1645.36833882307,43.8019162374956,3,7,38.047745128598,136.971882462953,6.0884094501821,0,6200.73845813006,0,0,0,1.225
1645.61833882307,43.8084834781799,3,7,38.0877339346696,137.115842164811,6.08985817953362,0,6204.69463745748,0,0,0,1.225
1645.86833882307,43.8150438302427,3,7,38.1276902991626,137.259685076985,6.09130690314169,0,6208.65147769886,0,0,0,1.225
1646.11833882307,43.8215973136847,3,7,38.1676143239252,137.403411566131,6.09275562102539,0,6212.60897886684,0,0,0,1.225
1646.36833882307,43.8281439484092,3,7,38.2075061102979,137.547021997073,6.09420433320884,0,6216.56714097809,0,0,0,1.225
1646.61833882307,43.8346837542223,3,7,38.2473657591171,137.690516732822,6.09565303971203,0,6220.52596404599,0,0,0,1.225
1646.86833882307,43.8412167508338,3,7,38.287193370718,137.833896134585,6.09710174055635,0,6224.48544808504,0,0,0,1.225
1647.11833882307,43.8477429578579,3,7,38.3269890449385,137.977160561778,6.09855043576454,0,6228.44559311083,0,0,0,1.225
1647.36833882307,43.8542623948137,3,7,38.3667528811224,138.120310372041,6.09999912535659,0,6232.40639913679,0,0,0,1.225
1647.61833882307,43.8607750811261,3,7,38.406484978123,138.263345921243,6.10144780935389,0,6236.36786617745,0,0,0,1.225
1647.86833882307,43.867281036126,3,7,38.4461854343064,138.406267563503,6.1028964877778,0,6240.32999424732,0,0,0,1.225
1648.11833882307,43.8737802790516,3,7,38.4858543475545,138.549075651196,6.10434516064925,0,6244.29278336061,0,0,0,1.225
1648.36833882307,43.8802728290481,3,7,38.5254918152688,138.691770534968,6.10579382799006,0,6248.25623353221,0,0,0,1.225
1648.61833882307,43.8867587051694,3,7,38.5650979343731,138.834352563743,6.10724248981978,0,6252.22034477523,0,0,0,1.225
1648.86833882307,43.8932379263779,3,7,38.6046728013175,138.976822084743,6.10869114616071,0,6256.18511710499,0,0,0,1.225
1649.11833882307,43.8997105115454,3,7,38.6442165120809,139.119179443491,6.11013979703193,0,6260.15055053423,0,0,0,1.225
1649.36833882307,43.9061764794536,3,7,38.6837291621743,139.261424983828,6.11158844245574,0,6264.11664507829,0,0,0,1.225
1649.61833882307,43.9126358487951,3,7,38.7232108466445,139.40355904792,6.11303708245168,0,6268.08340075029,0,0,0,1.225
1649.86833882307,43.9190886381734,3,7,38.7626616600764,139.545581976275,6.11448571704159,0,6272.05081756523,0,0,0,1.225
1650.11833882307,43.9255348661039,3,7,38.8020816965969,139.687494107749,6.11593434624501,0,6276.01889553625,0,0,0,1.225
1650.36833882307,43.9319745510144,3,7,38.8414710498774,139.829295779558,6.11738297008287,0,6279.98763467763,0,0,0,1.225
1650.61833882307,43.9384077112456,3,7,38.880829813137,139.970987327293,6.11883158857518,0,6283.95703500292,0,0,0,1.225
1650.86833882307,43.9448343650517,3,7,38.9201580791459,140.112569084925,6.12028020174193,0,6287.92709652566,0,0,0,1.225
1651.11833882307,43.9512545306011,3,7,38.9594559402277,140.25404138482,6.12172880960497,0,6291.89781926089,0,0,0,1.225
1651.36833882307,43.9576682259768,3,7,38.9987234882629,140.395404557746,6.12317741218294,0,6295.86920322108,0,0,0,1.225
1651.61833882307,43.964075469177,3,7,39.0379608146917,140.53665893289,6.1246260094963,0,6299.84124842018,0,0,0,1.225
1651.86833882307,43.9704762781158,3,7,39.077168010517,140.677804837861,6.12607460156505,0,6303.81395487179,0,0,0,1.225
1652.11833882307,43.9768706706235,3,7,39.116345166307,140.818842598705,6.12752318840967,0,6307.78732258987,0,0,0,1.225
1652.36833882307,43.9832586644473,3,7,39.1554923721983,140.959772539914,6.1289717700497,0,6311.76135158766,0,0,0,1.225
1652.61833882307,43.989640277252,3,7,39.194609717899,141.100594984436,6.13042034650562,0,6315.73604187917,0,0,0,1.225
1652.86833882307,43.9960155266203,3,7,39.2336972926908,141.241310253687,6.13186891779696,0,6319.71139347764,0,0,0,1.225
1653.11833882307,44.0023844300531,3,7,39.2727551854327,141.381918667558,6.13331748394194,0,6323.68740639527,0,0,0,1.225
1653.36833882307,44.0087470049708,3,7,39.311783484563,141.522420544427,6.13476604496282,0,6327.66408064752,0,0,0,1.225
1653.61833882307,44.0151032687131,3,7,39.3507822781024,141.662816201169,6.13621460087779,0,6331.64141624659,0,0,0,1.225
1653.86833882307,44.0214532385397,3,7,39.3897516536569,141.803105953165,6.13766315170596,0,6335.61941320542,0,0,0,1.225
1654.11833882307,44.0277969316312,3,7,39.42869169842,141.943290114312,6.13911169746643,0,6339.59807153697,0,0,0,1.225
1654.36833882307,44.034134365089,3,7,39.4676024991761,142.083368997034,6.14056023818102,0,6343.57739125636,0,0,0,1.225
1654.61833882307,44.0404655559363,3,7,39.5064841423023,142.223342912288,6.14200877386702,0,6347.55737237511,0,0,0,1.225
1654.86833882307,44.0467905211183,3,7,39.5453367137717,142.363212169578,6.14345730454397,0,6351.53801490656,0,0,0,1.225
1655.11833882307,44.0531092775029,3,7,39.584160299156,142.502977076962,6.14490583023189,0,6355.51931886441,0,0,0,1.225
1655.36833882307,44.059421841881,3,7,39.6229549836275,142.642637941059,6.14635435094851,0,6359.50128426057,0,0,0,1.225
1655.61833882307,44.0657282309673,3,7,39.6617208519624,142.782195067065,6.14780286671476,0,6363.4839111095,0,0,0,1.225
1655.86833882307,44.0720284614005,3,7,39.7004579885428,142.921648758754,6.14925137754835,0,6367.46719942311,0,0,0,1.225
1656.11833882307,44.0783225497438,3,7,39.7391664773597,143.060999318495,6.15069988346795,0,6371.45114921405,0,0,0,1.225
1656.36833882307,44.0846105124855,3,7,39.777846402015,143.200247047254,6.15214838449356,0,6375.43576049608,0,0,0,1.225
1656.61833882307,44.0908923660395,3,7,39.8164978457245,143.339392244608,6.15359688064336,0,6379.42103328151,0,0,0,1.225
1656.86833882307,44.0971681267456,3,7,39.8551208913199,143.478435208752,6.15504537193601,0,6383.40696758302,0,0,0,1.225
1657.11833882307,44.1034378108701,3,7,39.8937156212518,143.617376236506,6.15649385839015,0,6387.3935634133,0,0,0,1.225
1657.36833882307,44.1097014346064,3,7,39.9322821175914,143.756215623329,6.15794234002487,0,6391.3808207854,0,0,0,1.225
1657.61833882307,44.115959014075,3,7,39.9708204620337,143.894953663321,6.15939081685883,0,6395.36873971204,0,0,0,1.225
1657.86833882307,44.1222105653244,3,7,40.0093307358993,144.033590649237,6.1608392889093,0,6399.35732020483,0,0,0,1.225
1658.11833882307,44.1284561043315,3,7,40.047813020137,144.172126872493,6.16228775619629,0,6403.3465622776,0,0,0,1.225
1658.36833882307,44.1346956470018,3,7,40.0862673953261,144.310562623174,6.16373621873845,0,6407.33646594307,0,0,0,1.225
1658.61833882307,44.1409292091701,3,7,40.124693941679,144.448898190044,6.16518467655214,0,6411.32703121216,0,0,0,1.225
1658.86833882307,44.1471568066007,3,7,40.1630927390429,144.587133860554,6.16663312965602,0,6415.31825809762,0,0,0,1.225
1659.11833882307,44.1533784549882,3,7,40.2014638669028,144.72526992085,6.16808157806918,0,6419.31014661258,0,0,0,1.225
1659.36833882307,44.1595941699575,3,7,40.2398074043833,144.86330665578,6.16953002180981,0,6423.30269676943,0,0,0,1.225
1659.61833882307,44.1658039670646,3,7,40.278123430251,145.001244348904,6.17097846089518,0,6427.29590857985,0,0,0,1.225
1659.86833882307,44.1720078617967,3,7,40.3164120229169,145.139083282501,6.17242689534442,0,6431.289782057,0,0,0,1.225
1660.11833882307,44.178205869573,3,7,40.3546732604382,145.276823737578,6.17387532517432,0,6435.2843172122,0,0,0,1.225
1660.36833882307,44.1843980057449,3,7,40.3929072205211,145.414465993876,6.17532375040309,0,6439.27951405789,0,0,0,1.225
1660.61833882307,44.1905842855962,3,7,40.4311139805223,145.55201032988,6.17677217104892,0,6443.27537260651,0,0,0,1.225
1660.86833882307,44.196764724344,3,7,40.4692936174519,145.689457022827,6.17822058712954,0,6447.27189287015,0,0,0,1.225
1661.11833882307,44.2029393371388,3,7,40.5074462079749,145.82680634871,6.17966899866178,0,6451.26907486018,0,0,0,1.225
1661.36833882307,44.2091081390649,3,7,40.5455718284137,145.96405858229,6.18111740566383,0,6455.26691858906,0,0,0,1.225
1661.61833882307,44.2152711451409,3,7,40.5836705547504,146.101213997101,6.1825658081525,0,6459.26542406817,0,0,0,1.225
1661.86833882307,44.2214283703202,3,7,40.6217424626282,146.238272865461,6.18401420614737,0,6463.2645913111,0,0,0,1.225
1662.11833882307,44.2275798294912,3,7,40.6597876273541,146.375235458475,6.18546259966388,0,6467.26442032814,0,0,0,1.225
1662.36833882307,44.2337255374777,3,7,40.697806123901,146.512102046044,6.18691098871977,0,6471.26491113144,0,0,0,1.225
1662.61833882307,44.2398655090393,3,7,40.7357980269093,146.648872896874,6.18835937333279,0,6475.26606373314,0,0,0,1.225
1662.86833882307,44.2459997588722,3,7,40.7737634106893,146.785548278481,6.1898077535202,0,6479.26787814501,0,0,0,1.225
1663.11833882307,44.2521283016089,3,7,40.8117023492229,146.922128457203,6.19125612929884,0,6483.27035437851,0,0,0,1.225
1663.36833882307,44.2582511518189,3,7,40.8496149161662,147.058613698198,6.19270450068689,0,6487.27349244615,0,0,0,1.225
1663.61833882307,44.2643683240095,3,7,40.8875011848506,147.195004265462,6.1941528676989,0,6491.27729235756,0,0,0,1.225
1663.86833882307,44.2704798326253,3,7,40.9253612282857,147.331300421829,6.19560123035535,0,6495.28175412712,0,0,0,1.225
1664.11833882307,44.2765856920494,3,7,40.9631951191607,147.467502428978,6.19704958866987,0,6499.28687776373,0,0,0,1.225
1664.36833882307,44.2826859166033,3,7,41.0010029298463,147.603610547447,6.19849794266202,0,6503.29266328105,0,0,0,1.225
1664.61833882307,44.2887805205472,3,7,41.0387847323969,147.739625036629,6.19994629234634,0,6507.29911068874,0,0,0,1.225
1664.86833882307,44.294869518081,3,7,41.0765405985526,147.875546154789,6.20139463774149,0,6511.30621999973,0,0,0,1.225
1665.11833882307,44.3009529233438,3,7,41.1142705997405,148.011374159066,6.20284297886337,0,6515.31399122481,0,0,0,1.225
1665.36833882307,44.307030750415,3,7,41.1519748070774,148.147109305479,6.20429131572791,0,6519.32242437473,0,0,0,1.225
1665.61833882307,44.3131030133141,3,7,41.1896532913711,148.282751848936,6.2057396483533,0,6523.3315194621,0,0,0,1.225
1665.86833882307,44.3191697260013,3,7,41.2273061231223,148.41830204324,6.20718797675454,0,6527.34127649698,0,0,0,1.225
1666.11833882307,44.3252309023782,3,7,41.2649333725266,148.553760141096,6.20863630094891,0,6531.35169549126,0,0,0,1.225
1666.36833882307,44.3312865562873,3,7,41.3025351094765,148.689126394115,6.21008462095278,0,6535.36277645611,0,0,0,1.225
1666.61833882307,44.3373367015131,3,7,41.3401114035626,148.824401052825,6.21153293678208,0,6539.37451940234,0,0,0,1.225
1666.86833882307,44.3433813517823,3,7,41.3776623240762,148.959584366674,6.21298124845316,0,6543.38692434113,0,0,0,1.225
1667.11833882307,44.3494205207638,3,7,41.4151879400104,149.094676584038,6.21442955598377,0,6547.39999128476,0,0,0,1.225
1667.36833882307,44.3554542220694,3,7,41.4526883200623,149.229677952224,6.215877859388,0,6551.41372024261,0,0,0,1.225
1667.61833882307,44.3614824692539,3,7,41.4901635326344,149.364588717484,6.21732615868223,0,6555.42811122589,0,0,0,1.225
1667.86833882307,44.3675052758157,3,7,41.5276136458368,149.499409125012,6.21877445388282,0,6559.44316424581,0,0,0,1.225
1668.11833882307,44.3735226551968,3,7,41.5650387274884,149.634139418958,6.2202227450075,0,6563.45887931468,0,0,0,1.225
1668.36833882307,44.3795346207833,3,7,41.6024388451192,149.768779842429,6.22167103206948,0,6567.47525644119,0,0,0,1.225
1668.61833882307,44.3855411859059,3,7,41.6398140659714,149.903330637497,6.22311931508602,0,6571.49229563728,0,0,0,1.225
1668.86833882307,44.3915423638399,3,7,41.6771644570016,150.037792045206,6.22456759407214,0,6575.50999691313,0,0,0,1.225
1669.11833882307,44.3975381678057,3,7,41.7144900848822,150.172164305576,6.2260158690442,0,6579.52836027996,0,0,0,1.225
1669.36833882307,44.4035286109691,3,7,41.7517910160032,150.306447657611,6.22746414001904,0,6583.54738574941,0,0,0,1.225
1669.61833882307,44.4095137064416,3,7,41.7890673164736,150.440642339305,6.22891240700983,0,6587.56707333019,0,0,0,1.225
1669.86833882307,44.4154934672806,3,7,41.8263190521234,150.574748587644,6.23036067003477,0,6591.58742303502,0,0,0,1.225
1670.11833882307,44.42146790649,3,7,41.8635462885051,150.708766638618,6.23180892910659,0,6595.60843487228,0,0,0,1.225
1670.36833882307,44.4274370370203,3,7,41.9007490908951,150.842696727222,6.23325718424303,0,6599.63010885435,0,0,0,1.225
1670.61833882307,44.433400871769,3,7,41.9379275242956,150.976539087464,6.23470543545909,0,6603.65244499141,0,0,0,1.225
1670.86833882307,44.4393594235806,3,7,41.9750816534361,151.11029395237,6.23615368276978,0,6607.67544329368,0,0,0,1.225
1671.11833882307,44.4453127052474,3,7,42.0122115427749,151.24396155399,6.23760192618965,0,6611.69910377101,0,0,0,1.225
1671.36833882307,44.4512607295096,3,7,42.0493172565007,151.377542123403,6.23905016573462,0,6615.72342643435,0,0,0,1.225
1671.61833882307,44.4572035090552,3,7,42.0863988585343,151.511035890723,6.2404984014197,0,6619.74841129393,0,0,0,1.225
1671.86833882307,44.4631410565211,3,7,42.1234564125299,151.644443085108,6.24194663326034,0,6623.77405836034,0,0,0,1.225
1672.11833882307,44.4690733844925,3,7,42.1604899818769,151.777763934757,6.24339486127155,0,6627.80036764384,0,0,0,1.225
1672.36833882307,44.4750005055041,3,7,42.1974996297011,151.910998666924,6.24484308546744,0,6631.82733915394,0,0,0,1.225
1672.61833882307,44.4809224320395,3,7,42.2344854188666,152.04414750792,6.24629130586527,0,6635.85497290271,0,0,0,1.225
1672.86833882307,44.4868391765322,3,7,42.2714474119771,152.177210683117,6.24773952247733,0,6639.88326889825,0,0,0,1.225
1673.11833882307,44.4927507513654,3,7,42.3083856713772,152.310188416958,6.24918773531908,0,6643.91222715117,0,0,0,1.225
1673.36833882307,44.4986571688726,3,7,42.3453002591542,152.443080932955,6.25063594440599,0,6647.94184767213,0,0,0,1.225
1673.61833882307,44.5045584413377,3,7,42.3821912371395,152.575888453702,6.2520841497535,0,6651.97213047177,0,0,0,1.225
1673.86833882307,44.5104545809955,3,7,42.4190586669099,152.708611200876,6.25353235137436,0,6656.00307555856,0,0,0,1.225
1674.11833882307,44.5163456000315,3,7,42.4559026097893,152.841249395241,6.25498054928494,0,6660.03468294389,0,0,0,1.225
1674.36833882307,44.5222315105829,3,7,42.4927231268497,152.973803256659,6.25642874349705,0,6664.06695263552,0,0,0,1.225
1674.61833882307,44.528112324738,3,7,42.5295202789132,153.106273004087,6.25787693402845,0,6668.09988464594,0,0,0,1.225
1674.86833882307,44.5339880545373,3,7,42.566294126553,153.238658855591,6.25932512089184,0,6672.13347898365,0,0,0,1.225
1675.11833882307,44.5398587119733,3,7,42.6030447300949,153.370961028342,6.26077330410317,0,6676.1677356597,0,0,0,1.225
1675.36833882307,44.5457243089908,3,7,42.6397721496188,153.503179738628,6.26222148367378,0,6680.20265468151,0,0,0,1.225
1675.61833882307,44.5515848574874,3,7,42.6764764449601,153.635315201856,6.26366965962097,0,6684.23823606124,0,0,0,1.225
1675.86833882307,44.5574403693134,3,7,42.7131576757108,153.767367632559,6.26511783195747,0,6688.27447980741,0,0,0,1.225
1676.11833882307,44.5632908562725,3,7,42.7498159012211,153.899337244396,6.26656600069691,0,6692.31138592927,0,0,0,1.225
1676.36833882307,44.5691363301215,3,7,42.7864511806007,154.031224250163,6.26801416585522,0,6696.34895443792,0,0,0,1.225
1676.61833882307,44.5749768025712,3,7,42.8230635727204,154.163028861794,6.26946232744376,0,6700.38718534081,0,0,0,1.225
1676.86833882307,44.5808122852862,3,7,42.8596531362129,154.294751290367,6.27091048547891,0,6704.4260786494,0,0,0,1.225
1677.11833882307,44.5866427898853,3,7,42.8962199294745,154.426391746108,6.2723586399743,0,6708.46563437296,0,0,0,1.225
1677.36833882307,44.5924683279417,3,7,42.9327640106665,154.557950438399,6.27380679094404,0,6712.50585252117,0,0,0,1.225
1677.61833882307,44.5982889109834,3,7,42.969285437716,154.689427575778,6.27525493839994,0,6716.54673310185,0,0,0,1.225
1677.86833882307,44.6041045504932,3,7,43.005784268318,154.820823365945,6.27670308235793,0,6720.58827612613,0,0,0,1.225
1678.11833882307,44.6099152579093,3,7,43.0422605599358,154.952138015769,6.27815122282936,0,6724.6304816015,0,0,0,1.225
1678.36833882307,44.6157210446252,3,7,43.0787143698029,155.083371731291,6.27959935983063,0,6728.67334953947,0,0,0,1.225
1678.61833882307,44.62152192199,3,7,43.1151457549243,155.214524717727,6.2810474933749,0,6732.71687994898,0,0,0,1.225
1678.86833882307,44.6273179013089,3,7,43.1515547720772,155.345597179478,6.28249562347355,0,6736.76107283755,0,0,0,1.225
1679.11833882307,44.6331089938431,3,7,43.1879414778128,155.476589320126,6.2839437501425,0,6740.80592821634,0,0,0,1.225
1679.36833882307,44.6388952108103,3,7,43.2243059284573,155.607501342446,6.28539187339311,0,6744.85144609286,0,0,0,1.225
1679.61833882307,44.6446765633849,3,7,43.2606481801131,155.738333448407,6.28683999323994,0,6748.89762647719,0,0,0,1.225
1679.86833882307,44.6504530626981,3,7,43.2969682886604,155.869085839177,6.28828810969708,0,6752.94446937904,0,0,0,1.225
1680.11833882307,44.6562247198381,3,7,43.3332663097577,155.999758715128,6.28973622277681,0,6756.9919748067,0,0,0,1.225
1680.36833882307,44.6619915458506,3,7,43.3695422988437,156.130352275837,6.29118433249232,0,6761.04014276914,0,0,0,1.225
1680.61833882307,44.6677535517388,3,7,43.4057963111384,156.260866720098,6.29263243885634,0,6765.08897327503,0,0,0,1.225
1680.86833882307,44.6735107484636,3,7,43.4420284016437,156.391302245917,6.29408054188343,0,6769.13846633446,0,0,0,1.225
1681.11833882307,44.6792631469443,3,7,43.4782386251454,156.521659050523,6.29552864158541,0,6773.18862195537,0,0,0,1.225
1681.36833882307,44.6850107580579,3,7,43.5144270362138,156.65193733037,6.29697673797637,0,6777.23944014751,0,0,0,1.225
1681.61833882307,44.6907535926403,3,7,43.5505936892052,156.782137281139,6.29842483106768,0,6781.29092091845,0,0,0,1.225
1681.86833882307,44.6964916614859,3,7,43.5867386382627,156.912259097746,6.2998729208739,0,6785.34306427832,0,0,0,1.225
1682.11833882307,44.7022249753482,3,7,43.6228619373178,157.042302974344,6.3013210074073,0,6789.39587023544,0,0,0,1.225
1682.36833882307,44.7079535449395,3,7,43.6589636400913,157.172269104329,6.30276909068016,0,6793.44933879814,0,0,0,1.225
1682.61833882307,44.7136773809318,3,7,43.6950438000943,157.30215768034,6.30421717070521,0,6797.50346997509,0,0,0,1.225
1682.86833882307,44.7193964939566,3,7,43.7311024706297,157.431968894267,6.30566524749611,0,6801.55826377574,0,0,0,1.225
1683.11833882307,44.725110894605,3,7,43.7671397047928,157.561702937254,6.30711332106512,0,6805.61372020841,0,0,0,1.225
1683.36833882307,44.7308205934283,3,7,43.8031555554731,157.691359999703,6.30856139142361,0,6809.66983928073,0,0,0,1.225
1683.61833882307,44.7365256009379,3,7,43.8391500753547,157.820940271277,6.31000945858568,0,6813.7266210025,0,0,0,1.225
1683.86833882307,44.7422259276057,3,7,43.875123316918,157.950443940905,6.31145752256407,0,6817.78406538244,0,0,0,1.225
1684.11833882307,44.7479215838641,3,7,43.9110753324403,158.079871196785,6.31290558337014,0,6821.84217242819,0,0,0,1.225
1684.36833882307,44.7536125801066,3,7,43.9470061739971,158.20922222639,6.31435364101526,0,6825.90094214739,0,0,0,1.225
1684.61833882307,44.7592989266875,3,7,43.9829158934634,158.338497216468,6.31580169551398,0,6829.96037455023,0,0,0,1.225
1684.86833882307,44.7649806339224,3,7,44.0188045425143,158.467696353051,6.31724974687813,0,6834.02046964472,0,0,0,1.225
1685.11833882307,44.7706577120885,3,7,44.0546721726263,158.596819821455,6.31869779511953,0,6838.0812274389,0,0,0,1.225
1685.36833882307,44.7763301714244,3,7,44.0905188350785,158.725867806283,6.32014584024955,0,6842.14264794041,0,0,0,1.225
1685.61833882307,44.7819980221308,3,7,44.1263445809535,158.854840491433,6.32159388228092,0,6846.20473115803,0,0,0,1.225
1685.86833882307,44.7876612743703,3,7,44.1621494611384,158.983738060098,6.32304192122638,0,6850.26747710051,0,0,0,1.225
1686.11833882307,44.793319938268,3,7,44.1979335263257,159.112560694773,6.32448995709683,0,6854.33088577517,0,0,0,1.225
1686.36833882307,44.798974023911,3,7,44.2336968270148,159.241308577253,6.32593798990456,0,6858.39495719043,0,0,0,1.225
1686.61833882307,44.8046235413495,3,7,44.2694394135124,159.369981888645,6.3273860196623,0,6862.45969135507,0,0,0,1.225
1686.86833882307,44.8102685005964,3,7,44.3051613359342,159.498580809363,6.32883404638142,0,6866.52508827679,0,0,0,1.225
1687.11833882307,44.8159089116274,3,7,44.3408626442052,159.627105519139,6.33028207007237,0,6870.59114796255,0,0,0,1.225
1687.36833882307,44.8215447843818,3,7,44.3765433880612,159.75555619702,6.33173009075017,0,6874.65787042297,0,0,0,1.225
1687.61833882307,44.8271761287621,3,7,44.4122036170496,159.883933021378,6.33317810842254,0,6878.72525566287,0,0,0,1.225
1687.86833882307,44.8328029546344,3,7,44.4478433805303,160.012236169909,6.3346261231045,0,6882.79330369286,0,0,0,1.225
1688.11833882307,44.8384252718287,3,7,44.483462727677,160.140465819637,6.33607413480468,0,6886.86201451849,0,0,0,1.225
1688.36833882307,44.8440430901389,3,7,44.5190617074778,160.26862214692,6.33752214353808,0,6890.9313881504,0,0,0,1.225
1688.61833882307,44.8496564193231,3,7,44.5546403687363,160.396705327451,6.3389701493129,0,6895.00142459377,0,0,0,1.225
1688.86833882307,44.8552652691037,3,7,44.5901987600727,160.524715536262,6.34041815214232,0,6899.0721238578,0,0,0,1.225
1689.11833882307,44.8608696491677,3,7,44.6257369299246,160.652652947729,6.34186615203726,0,6903.14348594986,0,0,0,1.225
1689.36833882307,44.8664695691667,3,7,44.6612549265479,160.780517735572,6.34331414901044,0,6907.2155108788,0,0,0,1.225
1689.61833882307,44.8720650387174,3,7,44.6967527980179,160.908310072864,6.34476214307097,0,6911.28819865056,0,0,0,1.225
1689.86833882307,44.8776560674014,3,7,44.7322305922301,161.036030132028,6.3462101342302,0,6915.3615492729,0,0,0,1.225
1690.11833882307,44.8832426647656,3,7,44.7676883569012,161.163678084844,6.34765812250089,0,6919.43556275466,0,0,0,1.225
1690.36833882307,44.8888248403224,3,7,44.8031261395701,161.291254102452,6.34910610789439,0,6923.51023910363,0,0,0,1.225
1690.61833882307,44.8944026035496,3,7,44.8385439875985,161.418758355355,6.35055409042025,0,6927.58557832612,0,0,0,1.225
1690.86833882307,44.899975963891,3,7,44.8739419481722,161.54619101342,6.35200207009029,0,6931.66158043027,0,0,0,1.225
1691.11833882307,44.9055449307563,3,7,44.9093200683019,161.673552245887,6.35345004691408,0,6935.73824542242,0,0,0,1.225
1691.36833882307,44.9111095135212,3,7,44.9446783948238,161.800842221366,6.35489802090569,0,6939.81557331254,0,0,0,1.225
1691.61833882307,44.9166697215279,3,7,44.9800169744008,161.928061107843,6.35634599207378,0,6943.89356410625,0,0,0,1.225
1691.86833882307,44.9222255640849,3,7,45.0153358535234,162.055209072684,6.35779396042835,0,6947.97221781024,0,0,0,1.225
1692.11833882307,44.9277770504674,3,7,45.0506350785104,162.182286282637,6.35924192598213,0,6952.05153443343,0,0,0,1.225
1692.36833882307,44.9333241899174,3,7,45.0859146955099,162.309292903836,6.36068988874558,0,6956.13151398288,0,0,0,1.225
1692.61833882307,44.9388669916439,3,7,45.1211747505,162.4362291018,6.36213784872916,0,6960.2121564657,0,0,0,1.225
1692.86833882307,44.9444054648229,3,7,45.1564152892901,162.563095041444,6.36358580594333,0,6964.29346188896,0,0,0,1.225
1693.11833882307,44.949939618598,3,7,45.191636357521,162.689890887076,6.36503376039855,0,6968.37543025978,0,0,0,1.225
1693.36833882307,44.9554694620798,3,7,45.2268380006666,162.8166168024,6.36648171210572,0,6972.45806158561,0,0,0,1.225
1693.61833882307,44.960995004347,3,7,45.2620202640341,162.943272950523,6.36792966107487,0,6976.54135587321,0,0,0,1.225
1693.86833882307,44.9665162544458,3,7,45.2971831927652,163.069859493955,6.36937760731598,0,6980.62531312931,0,0,0,1.225
1694.11833882307,44.9720332213905,3,7,45.3323268318368,163.196376594613,6.3708255508418,0,6984.70993336285,0,0,0,1.225
1694.36833882307,44.9775459141634,3,7,45.3674512260618,163.322824413823,6.37227349166005,0,6988.79521657878,0,0,0,1.225
1694.61833882307,44.983054341715,3,7,45.4025564200901,163.449203112324,6.37372142978256,0,6992.8811627853,0,0,0,1.225
1694.86833882307,44.9885585129646,3,7,45.437642458409,163.575512850272,6.37516936521934,0,6996.9677719892,0,0,0,1.225
1695.11833882307,44.9940584367995,3,7,45.4727093853446,163.701753787241,6.37661729797856,0,7001.05504419578,0,0,0,1.225
1695.36833882307,44.9995541220763,3,7,45.5077572450623,163.827926082224,6.37806522807477,0,7005.14297941546,0,0,0,1.225
1695.61833882307,45.0050455776201,3,7,45.5427860815675,163.954029893643,6.37951315551436,0,7009.23157765211,0,0,0,1.225
1695.86833882307,45.0105328122252,3,7,45.5777959387066,164.080065379344,6.38096108030913,0,7013.32083891397,0,0,0,1.225
1696.11833882307,45.0160158346551,3,7,45.6127868601675,164.206032696603,6.38240900246637,0,7017.41076320565,0,0,0,1.225
1696.36833882307,45.0214946536426,3,7,45.6477588894809,164.331932002131,6.38385692200063,0,7021.50135053758,0,0,0,1.225
1696.61833882307,45.0269692778901,3,7,45.6827120700207,164.457763452075,6.38530483891918,0,7025.59260091438,0,0,0,1.225
1696.86833882307,45.0324397160695,3,7,45.7176464450047,164.583527202017,6.38675275323021,0,7029.6845143414,0,0,0,1.225
1697.11833882307,45.0379059768226,3,7,45.7525620574957,164.709223406985,6.38820066494645,0,7033.77709082763,0,0,0,1.225
1697.36833882307,45.0433680687611,3,7,45.7874589504021,164.834852221447,6.38964857407791,0,7037.87033037988,0,0,0,1.225
1697.61833882307,45.0488260004669,3,7,45.8223371664784,164.960413799322,6.39109648063277,0,7041.96423300352,0,0,0,1.225
1697.86833882307,45.0542797804919,3,7,45.8571967483267,165.085908293976,6.39254438462012,0,7046.05879870465,0,0,0,1.225
1698.11833882307,45.0597294173586,3,7,45.8920377383965,165.211335858228,6.39399228605089,0,7050.1540274908,0,0,0,1.225
1698.36833882307,45.0651749195599,3,7,45.9268601789863,165.336696644351,6.39544018493234,0,7054.24991936664,0,0,0,1.225
1698.61833882307,45.0706162955595,3,7,45.9616641122437,165.461990804077,6.39688808127812,0,7058.34647434191,0,0,0,1.225
1698.86833882307,45.0760535537918,3,7,45.9964495801666,165.5872184886,6.3983359750946,0,7062.44369242054,0,0,0,1.225
1699.11833882307,45.0814867026622,3,7,46.0312166246035,165.712379848573,6.39978386639359,0,7066.54157361083,0,0,0,1.225
1699.36833882307,45.0869157505472,3,7,46.0659652872549,165.837475034118,6.40123175518147,0,7070.64011791671,0,0,0,1.225
1699.61833882307,45.0923407057944,3,7,46.1006956096731,165.962504194823,6.40267964147097,0,7074.73932534723,0,0,0,1.225
1699.86833882307,45.097761576723,3,7,46.1354076332638,166.08746747975,6.40412752526754,0,7078.8391959056,0,0,0,1.225
1700.11833882307,45.1031783716235,3,7,46.1701013992863,166.212365037431,6.40557540658392,0,7082.93972960086,0,0,0,1.225
1700.36833882307,45.1085910987583,3,7,46.2047769488544,166.337197015876,6.40702328542739,0,7087.0409264377,0,0,0,1.225
1700.61833882307,45.1139997663613,3,7,46.2394343229369,166.461963562573,6.40847116180612,0,7091.14278642154,0,0,0,1.225
1700.86833882307,45.1194043826384,3,7,46.2740735623586,166.586664824491,6.40991903573286,0,7095.24530956143,0,0,0,1.225
1701.11833882307,45.1248049557677,3,7,46.308694707801,166.711300948084,6.41136690721305,0,7099.3484958606,0,0,0,1.225
1701.36833882307,45.1302014938994,3,7,46.3432977998025,166.835872079289,6.41281477625853,0,7103.45234532741,0,0,0,1.225
1701.61833882307,45.1355940051559,3,7,46.3778828787598,166.960378363535,6.41426264287657,0,7107.55685796655,0,0,0,1.225
1701.86833882307,45.1409824976322,3,7,46.4124499849281,167.084819945741,6.41571050707626,0,7111.66203378418,0,0,0,1.225
1702.11833882307,45.1463669793958,3,7,46.4469991584218,167.209196970319,6.41715836886669,0,7115.76787278647,0,0,0,1.225
1702.36833882307,45.1517474584871,3,7,46.4815304392155,167.333509581176,6.41860622825607,0,7119.87437497887,0,0,0,1.225
1702.61833882307,45.157123942919,3,7,46.5160438671443,167.45775792172,6.42005408525347,0,7123.98154036755,0,0,0,1.225
1702.86833882307,45.1624964406776,3,7,46.5505394819048,167.581942134857,6.4215019398689,0,7128.08936895942,0,0,0,1.225
1703.11833882307,45.1678649597222,3,7,46.5850173230554,167.706062362999,6.42294979211056,0,7132.19786075993,0,0,0,1.225
1703.36833882307,45.173229507985,3,7,46.6194774300173,167.830118748062,6.42439764198571,0,7136.30701577382,0,0,0,1.225
1703.61833882307,45.1785900933719,3,7,46.6539198420751,167.95411143147,6.42584548950435,0,7140.416834008,0,0,0,1.225
1703.86833882307,45.183946723762,3,7,46.6883445983772,168.078040554158,6.42729333467469,0,7144.52731546795,0,0,0,1.225
1704.11833882307,45.1892994070082,3,7,46.7227517379366,168.201906256572,6.42874117750489,0,7148.63846015913,0,0,0,1.225
1704.36833882307,45.1946481509371,3,7,46.7571412996318,168.325708678675,6.43018901800406,0,7152.75026808774,0,0,0,1.225
1704.61833882307,45.199992963349,3,7,46.7915133222071,168.449447959946,6.43163685618038,0,7156.86273925927,0,0,0,1.225
1704.86833882307,45.2053338520184,3,7,46.8258678442732,168.573124239384,6.43308469204203,0,7160.9758736792,0,0,0,1.225
1705.11833882307,45.2106708246936,3,7,46.8602049043082,168.696737655509,6.43453252559721,0,7165.08967135302,0,0,0,1.225
1705.36833882307,45.2160038890974,3,7,46.8945245406578,168.820288346368,6.43598035685409,0,7169.20413228622,0,0,0,1.225
1705.61833882307,45.2213330529269,3,7,46.9288267915364,168.943776449531,6.43742818582086,0,7173.31925648428,0,0,0,1.225
1705.86833882307,45.2266583238535,3,7,46.9631116950273,169.067202102098,6.43887601250754,0,7177.43504395417,0,0,0,1.225
1706.11833882307,45.2319797095233,3,7,46.9973792890834,169.1905654407,6.44032383692047,0,7181.55149469993,0,0,0,1.225
1706.36833882307,45.237297217557,3,7,47.0316296115281,169.313866601501,6.44177165906694,0,7185.66860872635,0,0,0,1.225
1706.61833882307,45.2426108555503,3,7,47.0658627000555,169.4371057202,6.44321947895696,0,7189.78638604038,0,0,0,1.225
1706.86833882307,45.2479206310737,3,7,47.1000785922312,169.560282932032,6.4446672965978,0,7193.90482664681,0,0,0,1.225
1707.11833882307,45.2532265516726,3,7,47.1342773254933,169.683398371776,6.44611511199764,0,7198.02393055116,0,0,0,1.225
1707.36833882307,45.2585286248678,3,7,47.1684589371521,169.806452173747,6.44756292516468,0,7202.14369775894,0,0,0,1.225
1707.61833882307,45.2638268581553,3,7,47.2026234643914,169.929444471809,6.44901073610436,0,7206.26412827351,0,0,0,1.225
1707.86833882307,45.2691212590066,3,7,47.2367709442691,170.052375399369,6.45045854482942,0,7210.38522210402,0,0,0,1.225
1708.11833882307,45.2744118348684,3,7,47.2709014137174,170.175245089383,6.45190635134259,0,7214.50697925165,0,0,0,1.225
1708.36833882307,45.2796985931632,3,7,47.3050149095436,170.298053674357,6.45335415565387,0,7218.62939972338,0,0,0,1.225
1708.61833882307,45.2849815412894,3,7,47.3391114684306,170.42080128635,6.45480195777145,0,7222.75248352474,0,0,0,1.225
1708.86833882307,45.2902606866209,3,7,47.3731911269377,170.543488056976,6.45624975770261,0,7226.87623066057,0,0,0,1.225
1709.11833882307,45.2955360365079,3,7,47.4072539215008,170.666114117403,6.45769755545371,0,7231.00064113494,0,0,0,1.225
1709.36833882307,45.3008075982764,3,7,47.4412998884335,170.788679598361,6.45914535103475,0,7235.12571495485,0,0,0,1.225
1709.61833882307,45.3060753792286,3,7,47.475329063927,170.911184630137,6.46059314445029,0,7239.25145212297,0,0,0,1.225
1709.86833882307,45.3113393866431,3,7,47.5093414840512,171.033629342584,6.46204093571032,0,7243.37785264628,0,0,0,1.225
1710.11833882307,45.3165996277748,3,7,47.5433371847552,171.156013865119,6.46348872482213,0,7247.50491652963,0,0,0,1.225
1710.36833882307,45.3218561098552,3,7,47.5773162018674,171.278338326723,6.46493651179026,0,7251.63264377567,0,0,0,1.225
1710.61833882307,45.3271088400923,3,7,47.6112785710968,171.400602855948,6.46638429662562,0,7255.76103439214,0,0,0,1.225
1710.86833882307,45.3323578256707,3,7,47.6452243280328,171.522807580918,6.46783207933368,0,7259.89008838244,0,0,0,1.225
1711.11833882307,45.3376030737521,3,7,47.6791535081463,171.644952629327,6.46927985992352,0,7264.01980575286,0,0,0,1.225
1711.36833882307,45.342844591475,3,7,47.7130661467901,171.767038128444,6.47072763839969,0,7268.15018650607,0,0,0,1.225
1711.61833882307,45.3480823859548,3,7,47.7469622791991,171.889064205117,6.47217541477039,0,7272.28123064766,0,0,0,1.225
1711.86833882307,45.3533164642841,3,7,47.7808419404913,172.011030985769,6.47362318904379,0,7276.41293818319,0,0,0,1.225
1712.11833882307,45.3585468335329,3,7,47.8147051656682,172.132938596406,6.47507096122445,0,7280.54530911535,0,0,0,1.225
1712.36833882307,45.3637735007482,3,7,47.8485519896153,172.254787162615,6.47651873132236,0,7284.67834345119,0,0,0,1.225
1712.61833882307,45.3689964729548,3,7,47.8823824471024,172.376576809569,6.47796649934389,0,7288.81204119483,0,0,0,1.225
1712.86833882307,45.3742157571548,3,7,47.9161965727847,172.498307662025,6.47941426529542,0,7292.94640235043,0,0,0,1.225
1713.11833882307,45.379431360328,3,7,47.9499944012026,172.619979844329,6.4808620291833,0,7297.08142692213,0,0,0,1.225
1713.36833882307,45.3846432894319,3,7,47.9837759667829,172.741593480418,6.48230979101572,0,7301.21711491552,0,0,0,1.225
1713.61833882307,45.389851551402,3,7,48.0175413038388,172.86314869382,6.48375755079724,0,7305.3534663333,0,0,0,1.225
1713.86833882307,45.3950561531516,3,7,48.0512904465707,172.984645607655,6.48520530853693,0,7309.49048118181,0,0,0,1.225
1714.11833882307,45.4002571015719,3,7,48.0850234290667,173.10608434464,6.48665306424209,0,7313.62815946594,0,0,0,1.225
1714.36833882307,45.4054544035326,3,7,48.1187402853029,173.22746502709,6.48810081791726,0,7317.76650118838,0,0,0,1.225
1714.61833882307,45.4106480658813,3,7,48.1524410491442,173.348787776919,6.48954856956971,0,7321.90550635403,0,0,0,1.225
1714.86833882307,45.4158380954441,3,7,48.1861257543445,173.47005271564,6.49099631920762,0,7326.0451749685,0,0,0,1.225
1715.11833882307,45.4210244990255,3,7,48.2197944345474,173.591259964371,6.49244406683556,0,7330.18550703452,0,0,0,1.225
1715.36833882307,45.4262072834085,3,7,48.2534471232868,173.712409643832,6.49389181246079,0,7334.32650255698,0,0,0,1.225
1715.61833882307,45.4313864553547,3,7,48.287083853987,173.833501874353,6.49533955608877,0,7338.46816153932,0,0,0,1.225
1715.86833882307,45.4365620216044,3,7,48.3207046599636,173.954536775869,6.4967872977295,0,7342.61048398864,0,0,0,1.225
1716.11833882307,45.4417339888769,3,7,48.3543095744237,174.075514467925,6.49823503738571,0,7346.75346990621,0,0,0,1.225
1716.36833882307,45.44690236387,3,7,48.3878986304667,174.19643506968,6.49968277506468,0,7350.89711929694,0,0,0,1.225
1716.61833882307,45.4520671532609,3,7,48.4214718610843,174.317298699903,6.50113051077278,0,7355.04143216501,0,0,0,1.225
1716.86833882307,45.4572283637057,3,7,48.4550292991615,174.438105476981,6.50257824451819,0,7359.18640851606,0,0,0,1.225
1717.11833882307,45.4623860018396,3,7,48.4885709774768,174.558855518916,6.50402597630455,0,7363.33204835212,0,0,0,1.225
1717.36833882307,45.4675400742773,3,7,48.5220969287026,174.67954894333,6.50547370613913,0,7367.4783516781,0,0,0,1.225
1717.61833882307,45.4726905876126,3,7,48.5556071854061,174.800185867462,6.50692143402739,0,7371.62531849746,0,0,0,1.225
1717.86833882307,45.4778375484189,3,7,48.589101780049,174.920766408176,6.50836915997661,0,7375.77294881515,0,0,0,1.225
1718.11833882307,45.4829809632492,3,7,48.6225807449887,175.041290681959,6.50981688399315,0,7379.92124263536,0,0,0,1.225
1718.36833882307,45.4881208386359,3,7,48.6560441124786,175.161758804923,6.51126460608066,0,7384.07019996011,0,0,0,1.225
1718.61833882307,45.4932571810914,3,7,48.6894919146683,175.282170892806,6.51271232624913,0,7388.21982079653,0,0,0,1.225
1718.86833882307,45.4983899971077,3,7,48.7229241836041,175.402527060975,6.51416004449948,0,7392.37010514447,0,0,0,1.225
1719.11833882307,45.5035192931568,3,7,48.7563409512299,175.522827424427,6.51560776084261,0,7396.52105301177,0,0,0,1.225
1719.36833882307,45.5086450756906,3,7,48.7897422493869,175.643072097793,6.51705547528127,0,7400.67266439974,0,0,0,1.225
1719.61833882307,45.5137673511411,3,7,48.8231281098147,175.763261195333,6.5185031878209,0,7404.82493931187,0,0,0,1.225
1719.86833882307,45.5188861259205,3,7,48.8564985641517,175.883394830946,6.51995089846969,0,7408.97787775385,0,0,0,1.225
1720.11833882307,45.5240014064213,3,7,48.8898536439349,176.003473118166,6.5213986072331,0,7413.13147972917,0,0,0,1.225
1720.36833882307,45.5291131990161,3,7,48.9231933806013,176.123496170165,6.52284631411385,0,7417.28574523914,0,0,0,1.225
1720.61833882307,45.5342215100582,3,7,48.9565178054876,176.243464099755,6.52429401912104,0,7421.44067429019,0,0,0,1.225
1720.86833882307,45.5393263458811,3,7,48.9898269498308,176.363377019391,6.52574172226014,0,7425.59626688581,0,0,0,1.225
1721.11833882307,45.5444277127991,3,7,49.0231208447689,176.483235041168,6.52718942353386,0,7429.75252302733,0,0,0,1.225
1721.36833882307,45.5495256171072,3,7,49.0563995213411,176.603038276828,6.52863712295039,0,7433.90944272046,0,0,0,1.225
1721.61833882307,45.5546200650809,3,7,49.0896630104883,176.722786837758,6.53008482051246,0,7438.0670259665,0,0,0,1.225
1721.86833882307,45.5597110629768,3,7,49.1229113430535,176.842480834992,6.53153251622916,0,7442.2252727719,0,0,0,1.225
1722.11833882307,45.5647986170321,3,7,49.1561445497821,176.962120379216,6.53298021010414,0,7446.38418313871,0,0,0,1.225
1722.36833882307,45.5698827334655,3,7,49.1893626613228,177.081705580762,6.53442790214103,0,7450.54375706901,0,0,0,1.225
1722.61833882307,45.5749634184762,3,7,49.2225657082273,177.201236549618,6.53587559234802,0,7454.70399456849,0,0,0,1.225
1722.86833882307,45.5800406782449,3,7,49.2557537209515,177.320713395425,6.53732328073056,0,7458.86489564068,0,0,0,1.225
1723.11833882307,45.5851145189335,3,7,49.2889267298552,177.440136227479,6.53877096729138,0,7463.02646028693,0,0,0,1.225
1723.36833882307,45.5901849466852,3,7,49.3220847652029,177.559505154731,6.54021865203777,0,7467.18868851223,0,0,0,1.225
1723.61833882307,45.5952519676245,3,7,49.3552278571644,177.678820285792,6.54166633497425,0,7471.35158031937,0,0,0,1.225
1723.86833882307,45.6003155878575,3,7,49.3883560358146,177.798081728933,6.54311401610539,0,7475.51513571117,0,0,0,1.225
1724.11833882307,45.6053758134718,3,7,49.4214693311345,177.917289592084,6.54456169543664,0,7479.67935469116,0,0,0,1.225
1724.36833882307,45.6104326505367,3,7,49.4545677730114,178.036443982841,6.54600937297346,0,7483.84423726289,0,0,0,1.225
1724.61833882307,45.615486105103,3,7,49.487651391239,178.15554500846,6.54745704872039,0,7488.00978342917,0,0,0,1.225
1724.86833882307,45.6205361832037,3,7,49.5207202155184,178.274592775866,6.54890472268289,0,7492.17599319354,0,0,0,1.225
1725.11833882307,45.6255828908532,3,7,49.5537742754579,178.393587391649,6.5503523948646,0,7496.3428665581,0,0,0,1.225
1725.36833882307,45.6306262340481,3,7,49.586813600574,178.512528962066,6.5518000652728,0,7500.51040352784,0,0,0,1.225
1725.61833882307,45.635666218767,3,7,49.6198382202912,178.631417593048,6.55324773391112,0,7504.67860410487,0,0,0,1.225
1725.86833882307,45.6407028509706,3,7,49.6528481639426,178.750253390193,6.55469540078411,0,7508.84746829202,0,0,0,1.225
1726.11833882307,45.6457361366017,3,7,49.6858434607707,178.869036458775,6.55614306589723,0,7513.01699609283,0,0,0,1.225
1726.36833882307,45.6507660815855,3,7,49.7188241399271,178.987766903738,6.55759072925412,0,7517.18718750941,0,0,0,1.225
1726.61833882307,45.6557926918292,3,7,49.7517902304734,179.106444829704,6.55903839086022,0,7521.35804254532,0,0,0,1.225
1726.86833882307,45.6608159732227,3,7,49.7847417613813,179.225070340973,6.56048605072101,0,7525.52956120413,0,0,0,1.225
1727.11833882307,45.6658359316384,3,7,49.8176787615332,179.343643541519,6.56193370883921,0,7529.70174348721,0,0,0,1.225
1727.36833882307,45.6708525729309,3,7,49.8506012597223,179.462164535,6.56338136522118,0,7533.87458939886,0,0,0,1.225
1727.61833882307,45.6758659029377,3,7,49.8835092846534,179.580633424752,6.56482901986965,0,7538.04809894046,0,0,0,1.225
1727.86833882307,45.6808759274789,3,7,49.9164028649428,179.699050313794,6.5662766727919,0,7542.22227211705,0,0,0,1.225
1728.11833882307,45.6858826523575,3,7,49.9492820291189,179.817415304828,6.56772432398975,0,7546.39710892927,0,0,0,1.225
1728.36833882307,45.690886083359,3,7,49.9821468056228,179.935728500242,6.56917197346866,0,7550.57260938072,0,0,0,1.225
1728.61833882307,45.6958862262522,3,7,50.0149972228081,180.053990002109,6.57061962123498,0,7554.74877347569,0,0,0,1.225
1728.86833882307,45.7008830867885,3,7,50.0478333089419,180.172199912191,6.57206726728964,0,7558.92560121412,0,0,0,1.225
1729.11833882307,45.7058766707026,3,7,50.0806550922047,180.290358331937,6.57351491163809,0,7563.1030925996,0,0,0,1.225
1729.36833882307,45.7108669837123,3,7,50.1134626006909,180.408465362487,6.57496255428578,0,7567.28124763571,0,0,0,1.225
1729.61833882307,45.7158540315184,3,7,50.1462558624094,180.526521104674,6.57641019523453,0,7571.46006632312,0,0,0,1.225
1729.86833882307,45.7208378198051,3,7,50.1790349052835,180.644525659021,6.57785783449253,0,7575.6395486676,0,0,0,1.225
1730.11833882307,45.7258183542399,3,7,50.2117997571517,180.762479125746,6.5793054720607,0,7579.8196946691,0,0,0,1.225
1730.36833882307,45.7307956404737,3,7,50.2445504457677,180.880381604764,6.58075310794266,0,7584.00050432977,0,0,0,1.225
1730.61833882307,45.7357696841409,3,7,50.2772869988011,180.998233195684,6.58220074214569,0,7588.18197765463,0,0,0,1.225
1730.86833882307,45.7407404908593,3,7,50.3100094438375,181.116033997815,6.58364837467252,0,7592.36411464512,0,0,0,1.225
1731.11833882307,45.7457080662304,3,7,50.3427178083789,181.233784110164,6.58509600552497,0,7596.54691530191,0,0,0,1.225
1731.36833882307,45.7506724158393,3,7,50.3754121198441,181.351483631439,6.58654363470941,0,7600.73037962933,0,0,0,1.225
1731.61833882307,45.7556335452549,3,7,50.4080924055688,181.469132660048,6.58799126222948,0,7604.91450762952,0,0,0,1.225
1731.86833882307,45.7605914600298,3,7,50.4407586928066,181.586731294104,6.58943888808881,0,7609.09929930463,0,0,0,1.225
1732.11833882307,45.7655461657006,3,7,50.4734110087286,181.704279631423,6.59088651229195,0,7613.28475465754,0,0,0,1.225
1732.36833882307,45.7704976677877,3,7,50.506049380424,181.821777769526,6.59233413484162,0,7617.47087368967,0,0,0,1.225
1732.61833882307,45.7754459717956,3,7,50.5386738349006,181.939225805642,6.59378175574057,0,7621.65765640245,0,0,0,1.225
1732.86833882307,45.7803910832128,3,7,50.5712843990852,182.056623836707,6.59522937499696,0,7625.84510280165,0,0,0,1.225
1733.11833882307,45.7853330075118,3,7,50.6038810998233,182.173971959364,6.59667699260899,0,7630.03321288509,0,0,0,1.225
1733.36833882307,45.7902717501496,3,7,50.6364639638804,182.291270269969,6.59812460858302,0,7634.22198665708,0,0,0,1.225
1733.61833882307,45.7952073165671,3,7,50.6690330179413,182.408518864589,6.59957222292451,0,7638.41142412126,0,0,0,1.225
1733.86833882307,45.8001397121898,3,7,50.7015882886115,182.525717839001,6.60101983563345,0,7642.60152527687,0,0,0,1.225
1734.11833882307,45.8050689424275,3,7,50.7341298024166,182.6428672887,6.60246744671622,0,7646.79229012824,0,0,0,1.225
1734.36833882307,45.8099950126743,3,7,50.7666575858031,182.759967308891,6.60391505617463,0,7650.98371867611,0,0,0,1.225
1734.61833882307,45.814917928309,3,7,50.7991716651387,182.877017994499,6.60536266401141,0,7655.17581092189,0,0,0,1.225
1734.86833882307,45.8198376946949,3,7,50.8316720667124,182.994019440165,6.60681027023293,0,7659.36856686993,0,0,0,1.225
1735.11833882307,45.8247543171798,3,7,50.8641588167351,183.110971740247,6.60825787484191,0,7663.56198652169,0,0,0,1.225
1735.36833882307,45.8296678010965,3,7,50.89663194134,183.227874988824,6.60970547784018,0,7667.75606987788,0,0,0,1.225
1735.61833882307,45.8345781517623,3,7,50.9290914665822,183.344729279696,6.61115307923137,0,7671.95081694066,0,0,0,1.225
1735.86833882307,45.8394853744793,3,7,50.96153741844,183.461534706384,6.61260067901821,0,7676.14622771148,0,0,0,1.225
1736.11833882307,45.8443894745346,3,7,50.9939698228145,183.578291362132,6.61404827720708,0,7680.3423021947,0,0,0,1.225
1736.36833882307,45.8492904572003,3,7,51.0263887055302,183.694999339909,6.61549587379795,0,7684.53904038959,0,0,0,1.225
1736.61833882307,45.8541883277333,3,7,51.0587940923355,183.811658732408,6.61694346879449,0,7688.73644229832,0,0,0,1.225
1736.86833882307,45.8590830913757,3,7,51.0911860089024,183.928269632049,6.61839106220305,0,7692.93450792525,0,0,0,1.225
1737.11833882307,45.8639747533546,3,7,51.1235644808274,184.044832130979,6.61983865402271,0,7697.13323726893,0,0,0,1.225
1737.36833882307,45.8688633188825,3,7,51.1559295336317,184.161346321074,6.62128624425804,0,7701.33263033227,0,0,0,1.225
1737.61833882307,45.8737487931569,3,7,51.1882811927611,184.27781229394,6.62273383291176,0,7705.53268711672,0,0,0,1.225
1737.86833882307,45.8786311813607,3,7,51.2206194835869,184.394230140913,6.62418141998751,0,7709.73340762447,0,0,0,1.225
1738.11833882307,45.8835104886622,3,7,51.2529444314058,184.510599953061,6.62562900548892,0,7713.9347918577,0,0,0,1.225
1738.36833882307,45.8883867202149,3,7,51.2852560614403,184.626921821185,6.62707658941781,0,7718.13683981714,0,0,0,1.225
1738.61833882307,45.8932598811581,3,7,51.317554398839,184.74319583582,6.62852417177692,0,7722.33955150426,0,0,0,1.225
1738.86833882307,45.8981299766163,3,7,51.3498394686769,184.859422087237,6.62997175256896,0,7726.54292692052,0,0,0,1.225
1739.11833882307,45.9029970116999,3,7,51.3821112959557,184.975600665441,6.63141933179941,0,7730.74696606957,0,0,0,1.225
1739.36833882307,45.9078609915046,3,7,51.4143699056042,185.091731660175,6.63286690946825,0,7734.95166895068,0,0,0,1.225
1739.61833882307,45.9127219211121,3,7,51.4466153224783,185.207815160922,6.63431448557822,0,7739.15703556533,0,0,0,1.225
1739.86833882307,45.9175798055897,3,7,51.4788475713616,185.323851256902,6.63576206013295,0,7743.36306591571,0,0,0,1.225
1740.11833882307,45.9224346499905,3,7,51.5110666769657,185.439840037076,6.63720963313608,0,7747.56976000401,0,0,0,1.225
1740.36833882307,45.9272864593536,3,7,51.54327266393,185.555781590148,6.63865720458762,0,7751.77711782953,0,0,0,1.225
1740.61833882307,45.9321352387038,3,7,51.5754655568227,185.671676004562,6.64010477449392,0,7755.98513939665,0,0,0,1.225
1740.86833882307,45.9369809930521,3,7,51.6076453801405,185.787523368506,6.64155234285408,0,7760.19382470392,0,0,0,1.225
1741.11833882307,45.9418237273955,3,7,51.6398121583093,185.903323769914,6.64299990967174,0,7764.40317375355,0,0,0,1.225
1741.36833882307,45.9466634467169,3,7,51.6719659156842,186.019077296463,6.64444747495054,0,7768.61318654774,0,0,0,1.225
1741.61833882307,45.9515001559856,3,7,51.7041066765498,186.134784035579,6.64589503869229,0,7772.82386308724,0,0,0,1.225
1741.86833882307,45.9563338601569,3,7,51.7362344651206,186.250444074434,6.64734260089881,0,7777.0352033728,0,0,0,1.225
1742.11833882307,45.9611645641724,3,7,51.7683493055414,186.366057499949,6.64879016157192,0,7781.24720740517,0,0,0,1.225
1742.36833882307,45.9659922729601,3,7,51.8004512218873,186.481624398794,6.65023772071709,0,7785.45987518802,0,0,0,1.225
1742.61833882307,45.9708169914342,3,7,51.832540238164,186.59714485739,6.65168527833339,0,7789.6732067199,0,0,0,1.225
1742.86833882307,45.9756387244954,3,7,51.8646163783082,186.71261896191,6.65313283442538,0,7793.88720200377,0,0,0,1.225
1743.11833882307,45.9804574770309,3,7,51.896679666188,186.828046798277,6.65458038899305,0,7798.10186103891,0,0,0,1.225
1743.36833882307,45.9852732539144,3,7,51.9287301256028,186.94342845217,6.65602794204005,0,7802.31718382755,0,0,0,1.225
1743.61833882307,45.9900860600061,3,7,51.9607677802839,187.058764009022,6.65747549357002,0,7806.53317037189,0,0,0,1.225
1743.86833882307,45.9948959001528,3,7,51.9927926538947,187.174053554021,6.65892304358113,0,7810.74982066977,0,0,0,1.225
1744.11833882307,45.9997027791881,3,7,52.0248047700306,187.28929717211,6.66037059207883,0,7814.96713472488,0,0,0,1.225
1744.36833882307,46.0045067019323,3,7,52.0568041522199,187.404494947992,6.66181813906496,0,7819.18511253797,0,0,0,1.225
1744.61833882307,46.0093076731924,3,7,52.0887908239238,187.519646966126,6.66326568454042,0,7823.40375410907,0,0,0,1.225
1744.86833882307,46.0141056977621,3,7,52.1207648085362,187.63475331073,6.66471322850794,0,7827.62305943967,0,0,0,1.225
1745.11833882307,46.0189007804224,3,7,52.1527261293848,187.749814065785,6.66616077097024,0,7831.84302853127,0,0,0,1.225
1745.36833882307,46.0236929259408,3,7,52.1846748097307,187.86482931503,6.66760831192732,0,7836.06366138317,0,0,0,1.225
1745.61833882307,46.0284821390719,3,7,52.2166108727689,187.979799141968,6.66905585138102,0,7840.28495799613,0,0,0,1.225
1745.86833882307,46.0332684245575,3,7,52.2485343416286,188.094723629863,6.67050338933677,0,7844.50691837384,0,0,0,1.225
1746.11833882307,46.0380517871263,3,7,52.2804452393735,188.209602861745,6.67195092579277,0,7848.72954251414,0,0,0,1.225
1746.36833882307,46.0428322314941,3,7,52.3123435890017,188.324436920406,6.67339846075174,0,7852.95283041854,0,0,0,1.225
1746.61833882307,46.0476097623641,3,7,52.3442294134464,188.439225888407,6.67484599421641,0,7857.17678208853,0,0,0,1.225
1746.86833882307,46.0523843844264,3,7,52.376102735576,188.553969848073,6.67629352618678,0,7861.40139752342,0,0,0,1.225
1747.11833882307,46.0571561023586,3,7,52.4079635781941,188.668668881499,6.67774105666649,0,7865.62667672543,0,0,0,1.225
1747.36833882307,46.0619249208256,3,7,52.4398119640403,188.783323070545,6.67918858565645,0,7869.85261969462,0,0,0,1.225
1747.61833882307,46.0666908444796,3,7,52.4716479157898,188.897932496843,6.68063611315847,0,7874.07922643175,0,0,0,1.225
1747.86833882307,46.0714538779603,3,7,52.5034714560541,189.012497241795,6.68208363917256,0,7878.30649693613,0,0,0,1.225
1748.11833882307,46.0762140258948,3,7,52.5352826073812,189.127017386572,6.68353116370417,0,7882.53443121146,0,0,0,1.225
1748.36833882307,46.0809712928978,3,7,52.5670813922556,189.24149301212,6.68497868674967,0,7886.76302925413,0,0,0,1.225
1748.61833882307,46.0857256835714,3,7,52.5988678330987,189.355924199155,6.68642620831542,0,7890.99229106857,0,0,0,1.225
1748.86833882307,46.0904772025055,3,7,52.6306419522693,189.470311028169,6.68787372839961,0,7895.22221665263,0,0,0,1.225
1749.11833882307,46.0952258542775,3,7,52.6624037720632,189.584653579428,6.68932124700586,0,7899.45280600855,0,0,0,1.225
1749.36833882307,46.0999716434527,3,7,52.6941533147142,189.698951932971,6.69076876413328,0,7903.68405913492,0,0,0,1.225
1749.61833882307,46.1047145745838,3,7,52.7258906023936,189.813206168617,6.69221627978641,0,7907.91597603469,0,0,0,1.225
1749.86833882307,46.1094546522117,3,7,52.7576156572112,189.92741636596,6.69366379396251,0,7912.14855670502,0,0,0,1.225
1750.11833882307,46.1141918808648,3,7,52.7893285012149,190.041582604374,6.69511130666524,0,7916.38180114812,0,0,0,1.225
1750.36833882307,46.1189262650597,3,7,52.8210291563911,190.155704963008,6.69655881789822,0,7920.61570936624,0,0,0,1.225
1750.61833882307,46.1236578093007,3,7,52.8527176446652,190.269783520795,6.69800632765782,0,7924.85028135579,0,0,0,1.225
1750.86833882307,46.1283865180802,3,7,52.8843939879016,190.383818356446,6.69945383594768,0,7929.08551711901,0,0,0,1.225
1751.11833882307,46.1331123958785,3,7,52.916058207904,190.497809548455,6.70090134277052,0,7933.32141665739,0,0,0,1.225
1751.36833882307,46.1378354471641,3,7,52.9477103264155,190.611757175096,6.70234884812544,0,7937.55797996955,0,0,0,1.225
1751.61833882307,46.1425556763935,3,7,52.9793503651191,190.725661314429,6.70379635201334,0,7941.79520705553,0,0,0,1.225
1751.86833882307,46.1472730880115,3,7,53.0109783456376,190.839522044295,6.70524385443514,0,7946.03309791538,0,0,0,1.225
1752.11833882307,46.1519876864509,3,7,53.0425942895341,190.953339442323,6.70669135539356,0,7950.27165255063,0,0,0,1.225
1752.36833882307,46.156699476133,3,7,53.0741982183121,191.067113585924,6.70813885488951,0,7954.51087096131,0,0,0,1.225
1752.61833882307,46.1614084614672,3,7,53.1057901534158,191.180844552297,6.70958635292209,0,7958.75075314605,0,0,0,1.225
1752.86833882307,46.1661146468512,3,7,53.1373701162303,191.294532418429,6.71103384949492,0,7962.99129910706,0,0,0,1.225
1753.11833882307,46.1708180366713,3,7,53.1689381280816,191.408177261094,6.71248134460529,0,7967.2325088415,0,0,0,1.225
1753.36833882307,46.1755186353019,3,7,53.2004942102372,191.521779156854,6.71392883825774,0,7971.47438235233,0,0,0,1.225
1753.61833882307,46.1802164471063,3,7,53.2320383839062,191.635338182062,6.71537633045227,0,7975.71691963889,0,0,0,1.225
1753.86833882307,46.1849114764358,3,7,53.2635706702393,191.748854412861,6.71682382118706,0,7979.96012069906,0,0,0,1.225
1754.11833882307,46.1896037276307,3,7,53.2950910903292,191.862327925185,6.71827131046575,0,7984.20398553506,0,0,0,1.225
1754.36833882307,46.1942932050195,3,7,53.3265996652109,191.975758794759,6.71971879828652,0,7988.44851414478,0,0,0,1.225
1754.61833882307,46.1989799129197,3,7,53.3580964158618,192.089147097103,6.72116628465301,0,7992.69370653046,0,0,0,1.225
1754.86833882307,46.2036638556371,3,7,53.389581363202,192.202492907527,6.72261376956612,0,7996.93956269215,0,0,0,1.225
1755.11833882307,46.2083450374666,3,7,53.4210545280942,192.315796301139,6.72406125302223,0,8001.18608262629,0,0,0,1.225
1755.36833882307,46.2130234626916,3,7,53.4525159313444,192.42905735284,6.72550873502587,0,8005.43326633583,0,0,0,1.225
1755.61833882307,46.2176991355843,3,7,53.4839655937017,192.542276137326,6.72695621557614,0,8009.68111381938,0,0,0,1.225
1755.86833882307,46.2223720604059,3,7,53.5154035358591,192.655452729093,6.72840369467576,0,8013.92962507847,0,0,0,1.225
1756.11833882307,46.2270422414064,3,7,53.5468297784527,192.76858720243,6.7298511723211,0,8018.17880010951,0,0,0,1.225
1756.36833882307,46.2317096828247,3,7,53.5782443420629,192.881679631426,6.73129864851671,0,8022.42863891547,0,0,0,1.225
1756.61833882307,46.2363743888886,3,7,53.6096472472142,192.994730089971,6.73274612325986,0,8026.6791414935,0,0,0,1.225
1756.86833882307,46.241036363815,3,7,53.6410385143753,193.107738651751,6.73419359655327,0,8030.93030784512,0,0,0,1.225
1757.11833882307,46.2456956118099,3,7,53.6724181639595,193.220705390254,6.73564106839603,0,8035.18213796894,0,0,0,1.225
1757.36833882307,46.2503521370683,3,7,53.7037862163249,193.33363037877,6.73708853878907,0,8039.43463186502,0,0,0,1.225
1757.61833882307,46.2550059437743,3,7,53.7351426917744,193.446513690388,6.73853600773236,0,8043.68778953269,0,0,0,1.225
1757.86833882307,46.2596570361012,3,7,53.7664876105562,193.559355398002,6.73998347522684,0,8047.94161097201,0,0,0,1.225
1758.11833882307,46.2643054182115,3,7,53.7978209928638,193.67215557431,6.74143094127066,0,8052.19609618086,0,0,0,1.225
1758.36833882307,46.268951094257,3,7,53.8291428588363,193.784914291811,6.74287840586749,0,8056.45124516149,0,0,0,1.225
1758.61833882307,46.2735940683786,3,7,53.8604532285584,193.89763162281,6.74432586901548,0,8060.70705791177,0,0,0,1.225
1758.86833882307,46.2782343447067,3,7,53.8917521220609,194.010307639419,6.74577333071647,0,8064.9635344325,0,0,0,1.225
1759.11833882307,46.282871927361,3,7,53.9230395593208,194.122942413555,6.74722079096773,0,8069.22067472083,0,0,0,1.225
1759.36833882307,46.2875068204507,3,7,53.9543155602614,194.235536016941,6.74866824977016,0,8073.47847877682,0,0,0,1.225
1759.61833882307,46.2921390280742,3,7,53.9855801447524,194.348088521109,6.75011570712559,0,8077.73694660126,0,0,0,1.225
1759.86833882307,46.2967685543195,3,7,54.0168333326106,194.460599997398,6.75156316303401,0,8081.99607819349,0,0,0,1.225
1760.11833882307,46.3013954032643,3,7,54.0480751435993,194.573070516958,6.75301061749178,0,8086.25587354992,0,0,0,1.225
1760.36833882307,46.3060195789755,3,7,54.0793055974294,194.685500150746,6.75445807050346,0,8090.51633267354,0,0,0,1.225
1760.61833882307,46.3106410855098,3,7,54.1105247137588,194.797888969532,6.75590552206722,0,8094.77745556222,0,0,0,1.225
1760.86833882307,46.3152599269135,3,7,54.1417325121931,194.910237043895,6.75735297218307,0,8099.03924221529,0,0,0,1.225
1761.11833882307,46.3198761072226,3,7,54.1729290122855,195.022544444228,6.75880042084918,0,8103.30169263065,0,0,0,1.225
1761.36833882307,46.3244896304626,3,7,54.2041142335372,195.134811240734,6.76024786806829,0,8107.56480680979,0,0,0,1.225
1761.61833882307,46.329100500649,3,7,54.2352881953975,195.247037503431,6.76169531383948,0,8111.82858475134,0,0,0,1.225
1761.86833882307,46.333708721787,3,7,54.266450917264,195.359223302151,6.76314275816094,0,8116.09302645317,0,0,0,1.225
1762.11833882307,46.3383142978714,3,7,54.2976024184828,195.471368706538,6.76459020103357,0,8120.35813191534,0,0,0,1.225
1762.36833882307,46.3429172328872,3,7,54.3287427183484,195.583473786054,6.76603764245556,0,8124.62390113573,0,0,0,1.225
1762.61833882307,46.347517530809,3,7,54.3598718361046,195.695538609977,6.76748508242872,0,8128.89033411513,0,0,0,1.225
1762.86833882307,46.3521151956015,3,7,54.3909897909439,195.807563247398,6.76893252095306,0,8133.15743085288,0,0,0,1.225
1763.11833882307,46.3567102312191,3,7,54.4220966020082,195.919547767229,6.77037995802766,0,8137.42519134758,0,0,0,1.225
1763.36833882307,46.3613026416065,3,7,54.4531922883886,196.031492238199,6.77182739365071,0,8141.6936155971,0,0,0,1.225
1763.61833882307,46.3658924306982,3,7,54.4842768691262,196.143396728854,6.77327482782221,0,8145.9627036008,0,0,0,1.225
1763.86833882307,46.370479602419,3,7,54.5153503632114,196.255261307561,6.77472226054306,0,8150.23245535871,0,0,0,1.225
1764.11833882307,46.3750641606835,3,7,54.5464127895848,196.367086042505,6.77616969181145,0,8154.50287086873,0,0,0,1.225
1764.36833882307,46.3796461093967,3,7,54.5774641671371,196.478871001694,6.77761712162737,0,8158.77395013018,0,0,0,1.225
1764.61833882307,46.3842254524535,3,7,54.6085045147094,196.590616252954,6.77906454998993,0,8163.04569314167,0,0,0,1.225
1764.86833882307,46.3888021937393,3,7,54.6395338510932,196.702321863936,6.78051197689911,0,8167.31809990254,0,0,0,1.225
1765.11833882307,46.3933763371295,3,7,54.6705521950307,196.813987902111,6.781959402354,0,8171.59117041138,0,0,0,1.225
1765.36833882307,46.3979478864899,3,7,54.7015595652149,196.925614434774,6.78340682635462,0,8175.86490466753,0,0,0,1.225
1765.61833882307,46.4025168456766,3,7,54.7325559802899,197.037201529044,6.78485424889914,0,8180.13930266886,0,0,0,1.225
1765.86833882307,46.4070832185359,3,7,54.763541458851,197.148749251863,6.78630166998755,0,8184.41436441471,0,0,0,1.225
1766.11833882307,46.4116470089046,3,7,54.7945160194448,197.260257670001,6.78774908961896,0,8188.69008990368,0,0,0,1.225
1766.36833882307,46.41620822061,3,7,54.8254796805695,197.37172685005,6.78919650779335,0,8192.9664791351,0,0,0,1.225
1766.61833882307,46.4207668574696,3,7,54.8564324606752,197.483156858431,6.790643924508,0,8197.24353210612,0,0,0,1.225
1766.86833882307,46.4253229232916,3,7,54.8873743781636,197.594547761389,6.79209133976383,0,8201.52124881679,0,0,0,1.225
1767.11833882307,46.4298764218745,3,7,54.9183054513886,197.705899624999,6.79353875356082,0,8205.79962926645,0,0,0,1.225
1767.36833882307,46.4344273570076,3,7,54.9492256986564,197.817212515163,6.79498616589444,0,8210.07867345078,0,0,0,1.225
1767.61833882307,46.4389757324705,3,7,54.9801351382256,197.928486497612,6.79643357676832,0,8214.35838137203,0,0,0,1.225
1767.86833882307,46.4435215520336,3,7,55.0110337883073,198.039721637906,6.79788098617882,0,8218.63875302661,0,0,0,1.225
1768.11833882307,46.4480648194579,3,7,55.0419216670654,198.150918001435,6.79932839412504,0,8222.91978841312,0,0,0,1.225
1768.36833882307,46.4526055384951,3,7,55.0727987926167,198.26207565342,6.80077580060606,0,8227.20148753016,0,0,0,1.225
1768.61833882307,46.4571437128874,3,7,55.1036651830312,198.373194658912,6.80222320562189,0,8231.48385037707,0,0,0,1.225
1768.86833882307,46.461679346368,3,7,55.1345208563319,198.484275082795,6.8036706091716,0,8235.76687695243,0,0,0,1.225
1769.11833882307,46.4662124426608,3,7,55.1653658304955,198.595316989784,6.80511801125158,0,8240.05056725266,0,0,0,1.225
1769.36833882307,46.4707430054805,3,7,55.1962001234522,198.706320444428,6.80656541186363,0,8244.33492127855,0,0,0,1.225
1769.61833882307,46.4752710385324,3,7,55.2270237530858,198.817285511109,6.80801281100503,0,8248.61993902723,0,0,0,1.225
1769.86833882307,46.4797965455131,3,7,55.2578367372341,198.928212254043,6.80946020867577,0,8252.90562049804,0,0,0,1.225
1770.11833882307,46.4843195301098,3,7,55.2886390936891,199.039100737281,6.81090760487314,0,8257.1919656881,0,0,0,1.225
1770.36833882307,46.4888399960007,3,7,55.3194308401969,199.149951024709,6.8123549995953,0,8261.47897459529,0,0,0,1.225
1770.61833882307,46.493357946855,3,7,55.3502119944579,199.260763180049,6.81380239284499,0,8265.76664722112,0,0,0,1.225
1770.86833882307,46.4978733863328,3,7,55.3809825741274,199.371537266859,6.81524978461675,0,8270.05498356055,0,0,0,1.225
1771.11833882307,46.5023863180853,3,7,55.411742596815,199.482273348534,6.8166971749115,0,8274.34398361361,0,0,0,1.225
1771.36833882307,46.5068967457547,3,7,55.4424920800855,199.592971488308,6.81814456372649,0,8278.63364737744,0,0,0,1.225
1771.61833882307,46.5114046729744,3,7,55.4732310414585,199.703631749251,6.81959195106174,0,8282.92397485138,0,0,0,1.225
1771.86833882307,46.5159101033688,3,7,55.5039594984091,199.814254194273,6.82103933691451,0,8287.21496603256,0,0,0,1.225
1772.11833882307,46.5204130405536,3,7,55.5346774683673,199.924838886122,6.8224867212848,0,8291.50662092029,0,0,0,1.225
1772.36833882307,46.5249134881353,3,7,55.565384968719,200.035385887389,6.82393410416989,0,8295.7989395117,0,0,0,1.225
1772.61833882307,46.5294114497121,3,7,55.5960820168057,200.1458952605,6.82538148556796,0,8300.09192180467,0,0,0,1.225
1772.86833882307,46.5339069288731,3,7,55.6267686299244,200.256367067728,6.826828865479,0,8304.38556779851,0,0,0,1.225
1773.11833882307,46.5383999291989,3,7,55.6574448253285,200.366801371183,6.82827624390029,0,8308.67987749036,0,0,0,1.225
1773.36833882307,46.5428904542611,3,7,55.6881106202273,200.477198232818,6.82972362083092,0,8312.97485087879,0,0,0,1.225
1773.61833882307,46.5473785076229,3,7,55.7187660317863,200.587557714431,6.83117099626998,0,8317.2704879624,0,0,0,1.225
1773.86833882307,46.5518640928388,3,7,55.7494110771277,200.69787987766,6.83261837021382,0,8321.56678873759,0,0,0,1.225
1774.11833882307,46.5563472134546,3,7,55.78004577333,200.808164783988,6.83406574266155,0,8325.86375320295,0,0,0,1.225
1774.36833882307,46.5608278730075,3,7,55.8106701374285,200.918412494743,6.83551311361225,0,8330.16138135706,0,0,0,1.225
1774.61833882307,46.5653060750263,3,7,55.8412841864155,201.028623071096,6.8369604830641,0,8334.45967319778,0,0,0,1.225
1774.86833882307,46.5697818230312,3,7,55.8718879372403,201.138796574065,6.83840785101438,0,8338.75862872223,0,0,0,1.225
1775.11833882307,46.5742551205338,3,7,55.9024814068093,201.248933064514,6.83985521746217,0,8343.05824792901,0,0,0,1.225
1775.36833882307,46.5787259710373,3,7,55.9330646119862,201.35903260315,6.84130258240384,0,8347.3585308145,0,0,0,1.225
1775.61833882307,46.5831943780366,3,7,55.9636375695924,201.469095250532,6.8427499458403,0,8351.65947737875,0,0,0,1.225
1775.86833882307,46.587660345018,3,7,55.9942002964065,201.579121067063,6.84419730776972,0,8355.9610876196,0,0,0,1.225
1776.11833882307,46.5921238754595,3,7,56.0247528091654,201.689110112995,6.84564466818756,0,8360.26336153272,0,0,0,1.225
1776.36833882307,46.5965849728307,3,7,56.0552951245634,201.799062448428,6.84709202709291,0,8364.5662991167,0,0,0,1.225
1776.61833882307,46.6010436405929,3,7,56.0858272592533,201.908978133312,6.84853938448578,0,8368.86990037084,0,0,0,1.225
1776.86833882307,46.6054998821992,3,7,56.1163492298457,202.018857227445,6.8499867403616,0,8373.1741652908,0,0,0,1.225
1777.11833882307,46.6099537010942,3,7,56.14686105291,202.128699790476,6.85143409471857,0,8377.47909387443,0,0,0,1.225
1777.36833882307,46.6144051007146,3,7,56.1773627449736,202.238505881905,6.85288144755577,0,8381.78468612031,0,0,0,1.225
1777.61833882307,46.6188540844885,3,7,56.2078543225229,202.348275561082,6.8543287988723,0,8386.09094202701,0,0,0,1.225
1777.86833882307,46.6233006558361,3,7,56.2383358020029,202.45800888721,6.85577614866361,0,8390.39786159019,0,0,0,1.225
1778.11833882307,46.6277448181693,3,7,56.2688071998175,202.567705919343,6.85722349692696,0,8394.70544480697,0,0,0,1.225
1778.36833882307,46.632186574892,3,7,56.2992685323298,202.677366716387,6.85867084366419,0,8399.01369167811,0,0,0,1.225
1778.61833882307,46.6366259293997,3,7,56.329719815862,202.786991337103,6.86011818886982,0,8403.32260219852,0,0,0,1.225
1778.86833882307,46.6410628850803,3,7,56.3601610666956,202.896579840104,6.86156553254295,0,8407.63217636679,0,0,0,1.225
1779.11833882307,46.6454974453132,3,7,56.3905923010716,203.006132283858,6.86301287467995,0,8411.9424141793,0,0,0,1.225
1779.36833882307,46.6499296134701,3,7,56.4210135351906,203.115648726686,6.864460215279,0,8416.25331563388,0,0,0,1.225
1779.61833882307,46.6543593929144,3,7,56.4514247852131,203.225129226767,6.86590755433917,0,8420.56488072911,0,0,0,1.225
1779.86833882307,46.6587867870017,3,7,56.4818260672592,203.334573842133,6.86735489185776,0,8424.87710946209,0,0,0,1.225
1780.11833882307,46.6632117990798,3,7,56.5122173974092,203.443982630673,6.86880222783202,0,8429.19000182993,0,0,0,1.225
1780.36833882307,46.6676344324884,3,7,56.5425987917036,203.553355650133,6.87024956226014,0,8433.50355783046,0,0,0,1.225
1780.61833882307,46.6720546905593,3,7,56.5729702661431,203.662692958115,6.87169689513757,0,8437.81777745934,0,0,0,1.225
1780.86833882307,46.6764725766165,3,7,56.6033318366889,203.77199461208,6.87314422646341,0,8442.13266071513,0,0,0,1.225
1781.11833882307,46.6808880939761,3,7,56.6336835192625,203.881260669345,6.87459155623674,0,8446.44820759638,0,0,0,1.225
1781.36833882307,46.6853012459465,3,7,56.6640253297466,203.990491187088,6.87603888445301,0,8450.76441809874,0,0,0,1.225
1781.61833882307,46.6897120358282,3,7,56.6943572839842,204.099686222343,6.87748621110859,0,8455.08129221859,0,0,0,1.225
1781.86833882307,46.694120466914,3,7,56.7246793977796,204.208845832007,6.8789335362053,0,8459.39882995667,0,0,0,1.225
1782.11833882307,46.698526542489,3,7,56.754991686898,204.317970072833,6.88038085973585,0,8463.71703130643,0,0,0,1.225
1782.36833882307,46.7029302658305,3,7,56.785294167066,204.427059001438,6.88182818170026,0,8468.03589626716,0,0,0,1.225
1782.61833882307,46.7073316402082,3,7,56.8155868539714,204.536112674297,6.88327550209578,0,8472.35542483596,0,0,0,1.225
1782.86833882307,46.7117306688841,3,7,56.8458697632636,204.645131147749,6.88472282091971,0,8476.67561700991,0,0,0,1.225
1783.11833882307,46.7161273551125,3,7,56.8761429105534,204.754114477992,6.88617013816747,0,8480.99647278466,0,0,0,1.225
1783.36833882307,46.7205217021403,3,7,56.9064063114137,204.863062721089,6.88761745383908,0,8485.31799215949,0,0,0,1.225
1783.61833882307,46.7249137132066,3,7,56.9366599813788,204.971975932964,6.88906476792999,0,8489.64017513003,0,0,0,1.225
1783.86833882307,46.729303391543,3,7,56.9669039359454,205.080854169404,6.89051208043838,0,8493.9630216941,0,0,0,1.225
1784.11833882307,46.7336907403737,3,7,56.9971381905722,205.18969748606,6.89195939136061,0,8498.28653184807,0,0,0,1.225
1784.36833882307,46.7380757629153,3,7,57.0273627606801,205.298505938448,6.89340670069487,0,8502.61070558974,0,0,0,1.225
1784.61833882307,46.7424584623767,3,7,57.0575776616523,205.407279581948,6.89485400843841,0,8506.93554291621,0,0,0,1.225
1784.86833882307,46.7468388419598,3,7,57.0877829088347,205.516018471805,6.89630131458853,0,8511.26104382455,0,0,0,1.225
1785.11833882307,46.7512169048586,3,7,57.1179785175357,205.624722663129,6.89774861913975,0,8515.58720830968,0,0,0,1.225
1785.36833882307,46.7555926542601,3,7,57.1481645030265,205.733392210895,6.89919592209208,0,8519.91403637086,0,0,0,1.225
1785.61833882307,46.7599660933435,3,7,57.1783408805411,205.842027169948,6.90064322344188,0,8524.24152800444,0,0,0,1.225
1785.86833882307,46.7643372252811,3,7,57.2085076652767,205.950627594996,6.90209052318369,0,8528.56968320532,0,0,0,1.225
1786.11833882307,46.7687060532374,3,7,57.2386648723932,206.059193540616,6.90353782131842,0,8532.89850197348,0,0,0,1.225
1786.36833882307,46.7730725803699,3,7,57.2688125170143,206.167725061252,6.90498511784244,0,8537.22798430529,0,0,0,1.225
1786.61833882307,46.7774368098288,3,7,57.2989506142266,206.276222211216,6.90643241275029,0,8541.55813019562,0,0,0,1.225
1786.86833882307,46.7817987447568,3,7,57.3290791790805,206.38468504469,6.90787970604015,0,8545.88893964229,0,0,0,1.225
1787.11833882307,46.7861583882896,3,7,57.3591982265898,206.493113615723,6.90932699770929,0,8550.22041264237,0,0,0,1.225
1787.36833882307,46.7905157435555,3,7,57.389307771732,206.601507978235,6.91077428775225,0,8554.55254919075,0,0,0,1.225
1787.61833882307,46.7948708136758,3,7,57.4194078294488,206.709868186016,6.91222157617085,0,8558.88534928812,0,0,0,1.225
1787.86833882307,46.7992236017644,3,7,57.4494984146454,206.818194292723,6.91366886295782,0,8563.21881292794,0,0,0,1.225
1788.11833882307,46.8035741109283,3,7,57.4795795421914,206.926486351889,6.91511614810952,0,8567.55294010653,0,0,0,1.225
1788.36833882307,46.8079223442672,3,7,57.5096512269206,207.034744416914,6.91656343162595,0,8571.88773082314,0,0,0,1.225
1788.61833882307,46.8122683048737,3,7,57.5397134836308,207.142968541071,6.91801071350255,0,8576.22318507338,0,0,0,1.225
1788.86833882307,46.8166119958334,3,7,57.5697663270847,207.251158777505,6.9194579937348,0,8580.55930285287,0,0,0,1.225
1789.11833882307,46.8209534202247,3,7,57.5998097720092,207.359315179233,6.92090527231903,0,8584.89608415793,0,0,0,1.225
1789.36833882307,46.8252925811192,3,7,57.6298438330961,207.467437799146,6.92235254925436,0,8589.23352898708,0,0,0,1.225
1789.61833882307,46.8296294815814,3,7,57.6598685250018,207.575526690006,6.92379982453713,0,8593.57163733666,0,0,0,1.225
1789.86833882307,46.8339641246686,3,7,57.6898838623477,207.683581904452,6.92524709816098,0,8597.91040920079,0,0,0,1.225
1790.11833882307,46.8382965134314,3,7,57.7198898597203,207.791603494993,6.92669437012501,0,8602.24984457801,0,0,0,1.225
1790.36833882307,46.8426266509133,3,7,57.749886531671,207.899591514016,6.92814164042647,0,8606.58994346536,0,0,0,1.225
1790.61833882307,46.8469545401511,3,7,57.7798738927167,208.00754601378,6.92958890906084,0,8610.93070585844,0,0,0,1.225
1790.86833882307,46.8512801841743,3,7,57.8098519573396,208.115467046423,6.93103617602264,0,8615.27213175211,0,0,0,1.225
1791.11833882307,46.8556035860059,3,7,57.8398207399872,208.223354663954,6.93248344131189,0,8619.61422114561,0,0,0,1.225
1791.36833882307,46.8599247486619,3,7,57.8697802550728,208.331208918262,6.93393070492129,0,8623.95697403235,0,0,0,1.225
1791.61833882307,46.8642436751513,3,7,57.8997305169752,208.439029861111,6.93537796685087,0,8628.30039041155,0,0,0,1.225
1791.86833882307,46.8685603684767,3,7,57.9296715400393,208.546817544142,6.93682522709423,0,8632.64447027736,0,0,0,1.225
1792.11833882307,46.8728748316336,3,7,57.9596033385756,208.654572018872,6.9382724856514,0,8636.98921362899,0,0,0,1.225
1792.36833882307,46.8771870676106,3,7,57.9895259268609,208.762293336699,6.93971974251417,0,8641.33462045911,0,0,0,1.225
1792.61833882307,46.88149707939,3,7,58.0194393191378,208.869981548896,6.94116699768165,0,8645.68069076623,0,0,0,1.225
1792.86833882307,46.8858048699469,3,7,58.0493435296156,208.977636706616,6.94261425115019,0,8650.02742454666,0,0,0,1.225
1793.11833882307,46.8901104422501,3,7,58.0792385724696,209.085258860891,6.94406150291434,0,8654.37482179524,0,0,0,1.225
1793.36833882307,46.8944137992615,3,7,58.1091244618417,209.19284806263,6.94550875297045,0,8658.72288250828,0,0,0,1.225
1793.61833882307,46.8987149439362,3,7,58.1390012118404,209.300404362626,6.94695600131763,0,8663.07160668427,0,0,0,1.225
1793.86833882307,46.9030138792231,3,7,58.1688688365409,209.407927811547,6.9484032479495,0,8667.42099431733,0,0,0,1.225
1794.11833882307,46.907310608064,3,7,58.1987273499851,209.515418459946,6.94985049286242,0,8671.77104540376,0,0,0,1.225
1794.36833882307,46.9116051333943,3,7,58.2285767661819,209.622876358255,6.95129773605368,0,8676.12175994059,0,0,0,1.225
1794.61833882307,46.915897458143,3,7,58.258417099107,209.730301556785,6.95274497751871,0,8680.47313792339,0,0,0,1.225
1794.86833882307,46.9201875852322,3,7,58.2882483627036,209.837694105733,6.95419221725206,0,8684.825179347,0,0,0,1.225
1795.11833882307,46.9244755175778,3,7,58.3180705708818,209.945054055174,6.95563945525282,0,8689.17788420989,0,0,0,1.225
1795.36833882307,46.9287612580889,3,7,58.347883737519,210.052381455069,6.95708669151554,0,8693.5312525069,0,0,0,1.225
1795.61833882307,46.9330448096683,3,7,58.3776878764603,210.159676355257,6.95853392603658,0,8697.88528423432,0,0,0,1.225
1795.86833882307,46.9373261752121,3,7,58.4074830015182,210.266938805466,6.95998115881139,0,8702.23997938772,0,0,0,1.225
1796.11833882307,46.9416053576103,3,7,58.4372691264727,210.374168855302,6.96142838983451,0,8706.59533796192,0,0,0,1.225
1796.36833882307,46.9458823597462,3,7,58.4670462650717,210.481366554258,6.96287561910594,0,8710.95135995612,0,0,0,1.225
1796.61833882307,46.9501571844966,3,7,58.4968144310309,210.588531951711,6.96432284661751,0,8715.30804536297,0,0,0,1.225
1796.86833882307,46.9544298347322,3,7,58.526573638034,210.695665096922,6.96577007236829,0,8719.66539418092,0,0,0,1.225
1797.11833882307,46.9587003133172,3,7,58.5563238997326,210.802766039037,6.96721729635192,0,8724.02340640408,0,0,0,1.225
1797.36833882307,46.9629686231093,3,7,58.5860652297466,210.909834827088,6.96866451856386,0,8728.38208202799,0,0,0,1.225
1797.61833882307,46.96723476696,3,7,58.6157976416641,211.016871509991,6.97011173900228,0,8732.74142105039,0,0,0,1.225
1797.86833882307,46.9714987477146,3,7,58.6455211490415,211.12387613655,6.97155895766082,0,8737.10142346536,0,0,0,1.225
1798.11833882307,46.9757605682118,3,7,58.6752357654039,211.230848755454,6.97300617453857,0,8741.46208927137,0,0,0,1.225
1798.36833882307,46.9800202312844,3,7,58.7049415042445,211.33778941528,6.97445338962734,0,8745.82341846103,0,0,0,1.225
1798.61833882307,46.9842777397586,3,7,58.7346383790256,211.444698164492,6.9759006029235,0,8750.18541103062,0,0,0,1.225
1798.86833882307,46.9885330964545,3,7,58.764326403178,211.551575051441,6.97734781442523,0,8754.54806697786,0,0,0,1.225
1799.11833882307,46.9927863041861,3,7,58.7940055901015,211.658420124365,6.97879502412616,0,8758.91138629684,0,0,0,1.225
1799.36833882307,46.997037365761,3,7,58.8236759531646,211.765233431393,6.98024223202174,0,8763.27536898307,0,0,0,1.225
1799.61833882307,47.0012862839807,3,7,58.8533375057052,211.872015020539,6.98168943810924,0,8767.64001503356,0,0,0,1.225
1799.86833882307,47.0055330616407,3,7,58.8829902610302,211.978764939709,6.98313664238231,0,8772.00532444237,0,0,0,1.225
1800.11833882307,47.0097777015301,3,7,58.9126342324155,212.085483236696,6.9845838448382,0,8776.3712972065,0,0,0,1.225
1800.36833882307,47.0140202064319,3,7,58.9422694331068,212.192169959184,6.98603104547055,0,8780.73793332,0,0,0,1.225
1800.61833882307,47.0182605791233,3,7,58.9718958763189,212.298825154748,6.98747824427755,0,8785.10523278059,0,0,0,1.225
1800.86833882307,47.0224988223751,3,7,59.0015135752362,212.40544887085,6.98892544125283,0,8789.47319558233,0,0,0,1.225
1801.11833882307,47.0267349389521,3,7,59.0311225430127,212.512041154846,6.99037263639275,0,8793.84182172147,0,0,0,1.225
1801.36833882307,47.0309689316132,3,7,59.0607227927724,212.618602053981,6.99181982969185,0,8798.21111119281,0,0,0,1.225
1801.61833882307,47.0352008031111,3,7,59.0903143376088,212.725131615392,6.99326702114558,0,8802.58106399185,0,0,0,1.225
1801.86833882307,47.0394305561926,3,7,59.1198971905854,212.831629886108,6.99471421075123,0,8806.95168011556,0,0,0,1.225
1802.11833882307,47.0436581935984,3,7,59.1494713647358,212.938096913049,6.99616139850241,0,8811.32295955801,0,0,0,1.225
1802.36833882307,47.0478837180634,3,7,59.1790368730637,213.044532743029,6.99760858439367,0,8815.69490231397,0,0,0,1.225
1802.61833882307,47.0521071323163,3,7,59.2085937285428,213.150937422754,6.99905576842139,0,8820.06750837967,0,0,0,1.225
1802.86833882307,47.0563284390801,3,7,59.2381419441173,213.257310998822,7.0005029505819,0,8824.44077775136,0,0,0,1.225
1803.11833882307,47.0605476410718,3,7,59.2676815327017,213.363653517726,7.00195013086977,0,8828.8147104238,0,0,0,1.225
1803.36833882307,47.0647647410025,3,7,59.297212507181,213.469965025852,7.00339730927953,0,8833.18930639177,0,0,0,1.225
1803.61833882307,47.0689797415773,3,7,59.3267348804108,213.576245569479,7.00484448580755,0,8837.56456565149,0,0,0,1.225
1803.86833882307,47.0731926454957,3,7,59.3562486652174,213.682495194783,7.00629166044837,0,8841.94048819774,0,0,0,1.225
1804.11833882307,47.077403455451,3,7,59.3857538743976,213.788713947831,7.00773883319562,0,8846.31707402454,0,0,0,1.225
1804.36833882307,47.0816121741311,3,7,59.4152505207194,213.89490187459,7.00918600404839,0,8850.69432313032,0,0,0,1.225
1804.61833882307,47.0858198433069,3,7,59.3860333050833,213.7897198983,-20.8933569135597,0,0,13474.529031462,0,0,1.225
1804.86833882307,47.0900328359307,3,7,59.2908927458856,213.447213885188,-24.2705995198739,0,0,16186.6967127566,0,0,1.225
1805.11833882307,47.0942529784341,3,7,59.1885699898088,213.078851963312,-24.2219811425603,0,0,16158.9401505266,0,0,1.225
1805.36833882307,47.0984804218479,3,7,59.0862755533126,212.710591991925,-24.1734535634796,0,0,16131.2339136711,0,0,1.225
1805.61833882307,47.1027151894544,3,7,58.9840091992269,212.342433117217,-24.125016626559,0,0,16103.5779190064,0,0,1.225
1805.86833882307,47.1069573046636,3,7,58.8817706893555,211.97437448168,-24.0766701759785,0,0,16075.9720834795,0,0,1.225
1806.11833882307,47.1112067910143,3,7,58.7795597844677,211.606415224084,-24.028414056158,0,0,16048.4163241576,0,0,1.225
1806.36833882307,47.1154636721752,3,7,58.6773762442888,211.23855447944,-23.9802481117649,0,0,16020.9105582349,0,0,1.225
1806.61833882307,47.119727971946,3,7,58.5752198274916,210.87079137897,-23.9321721877104,0,0,15993.4547030288,0,0,1.225
1806.86833882307,47.1239997142583,3,7,58.4730902916867,210.503125050072,-23.8841861291467,0,0,15966.0486759787,0,0,1.225
1807.11833882307,47.1282789231764,3,7,58.3709873934139,210.13555461629,-23.836289781475,0,0,15938.6923946521,0,0,1.225
1807.36833882307,47.1325656228992,3,7,58.2689108881326,209.768079197277,-23.7884829903323,0,0,15911.385776734,0,0,1.225
1807.61833882307,47.1368598377602,3,7,58.1668605302122,209.400697908764,-23.7407656016076,0,0,15884.1287400401,0,0,1.225
1807.86833882307,47.1411615922295,3,7,58.0648360729228,209.033409862522,-23.6931374614232,0,0,15856.9212025025,0,0,1.225
1808.11833882307,47.1454709109145,3,7,57.9628372684257,208.666214166333,-23.6455984161521,0,0,15829.7630821824,0,0,1.225
1808.36833882307,47.1497878185609,3,7,57.8608638677635,208.299109923949,-23.5981483124006,0,0,15802.6542972579,0,0,1.225
1808.61833882307,47.154112340054,3,7,57.7589156208503,207.932096235061,-23.5507869970252,0,0,15775.5947660365,0,0,1.225
1808.86833882307,47.15844450042,3,7,57.6569922764618,207.565172195262,-23.5035143171153,0,0,15748.5844069417,0,0,1.225
1809.11833882307,47.1627843248268,3,7,57.5550935822251,207.19833689601,-23.4563301200069,0,0,15721.6231385241,0,0,1.225
1809.36833882307,47.1671318385854,3,7,57.453219284609,206.831589424593,-23.409234253274,0,0,15694.7108794548,0,0,1.225
1809.61833882307,47.1714870671509,3,7,57.3513691289133,206.464928864088,-23.3622265647336,0,0,15667.8475485291,0,0,1.225
1809.86833882307,47.1758500361239,3,7,57.2495428592585,206.098354293331,-23.3153069024365,0,0,15641.0330646597,0,0,1.225
1810.11833882307,47.1802207712516,3,7,57.1477402185756,205.731864786872,-23.2684751146771,0,0,15614.2673468842,0,0,1.225
1810.36833882307,47.1845992984289,3,7,57.0459609485951,205.365459414942,-23.2217310499891,0,0,15587.5503143622,0,0,1.225
1810.61833882307,47.1889856436998,3,7,56.9442047898366,204.999137243412,-23.1750745571435,0,0,15560.8818863736,0,0,1.225
1810.86833882307,47.1933798332586,3,7,56.8424714815979,204.632897333753,-23.1285054851505,0,0,15534.2619823202,0,0,1.225
1811.11833882307,47.197781893451,3,7,56.7407607619441,204.266738742999,-23.0820236832578,0,0,15507.6905217244,0,0,1.225
1811.36833882307,47.2021918507756,3,7,56.6390723676961,203.900660523706,-23.0356290009513,0,0,15481.1674242301,0,0,1.225
1811.61833882307,47.2066097318849,3,7,56.5374060344202,203.534661723913,-22.9893212879533,0,0,15454.6926096012,0,0,1.225
1811.86833882307,47.211035563587,3,7,56.435761496416,203.168741387098,-22.9431003942227,0,0,15428.2659977218,0,0,1.225
1812.11833882307,47.2154693728465,3,7,56.3341384867054,202.80289855214,-22.8969661699584,0,0,15401.8875085994,0,0,1.225
1812.36833882307,47.2199111867859,3,7,56.232536737021,202.437132253276,-22.8509184655923,0,0,15375.5570623587,0,0,1.225
1812.61833882307,47.2243610326873,3,7,56.1309559777942,202.071441520059,-22.8049571317906,0,0,15349.2745792436,0,0,1.225
1812.86833882307,47.2288189379932,3,7,56.0293959381436,201.705825377317,-22.7590820194619,0,0,15323.0399796232,0,0,1.225
1813.11833882307,47.2332849303083,3,7,55.9278563458627,201.340282845106,-22.7132929797417,0,0,15296.8531839797,0,0,1.225
1813.36833882307,47.2377590374005,3,7,55.8263369274084,200.97481293867,-22.6675898640078,0,0,15270.7141129208,0,0,1.225
1813.61833882307,47.2422412872029,3,7,55.724837407888,200.609414668397,-22.621972523867,0,0,15244.6226871691,0,0,1.225
1813.86833882307,47.2467317078145,3,7,55.6233575110474,200.244087039771,-22.5764408111645,0,0,15218.57882757,0,0,1.225
1814.11833882307,47.251230327502,3,7,55.5218969592584,199.87882905333,-22.5309945779791,0,0,15192.5824550876,0,0,1.225
1814.36833882307,47.2557371747012,3,7,55.420455473506,199.513639704622,-22.4856336766179,0,0,15166.6334908009,0,0,1.225
1814.61833882307,47.2602522780186,3,7,55.3190327733755,199.148517984152,-22.4403579596283,0,0,15140.7318559131,0,0,1.225
1814.86833882307,47.2647756662325,3,7,55.21762857704,198.783462877344,-22.3951672797848,0,0,15114.8774717417,0,0,1.225
1815.11833882307,47.269307368295,3,7,55.1162426012466,198.418473364488,-22.3500614900986,0,0,15089.0702597259,0,0,1.225
1815.36833882307,47.2738474133329,3,7,55.0148745613038,198.053548420694,-22.3050404438136,0,0,15063.3101414233,0,0,1.225
1815.61833882307,47.2783958306498,3,7,54.9135241710677,197.688687015844,-22.2601039944002,0,0,15037.5970385057,0,0,1.225
1815.86833882307,47.2829526497273,3,7,54.8121911429287,197.323888114543,-22.2152519955662,0,0,15011.9308727675,0,0,1.225
1816.11833882307,47.2875179002266,3,7,54.7108751877974,196.959150676071,-22.1704843012485,0,0,14986.311566119,0,0,1.225
1816.36833882307,47.2920916119904,3,7,54.6095760150913,196.594473654329,-22.1258007656124,0,0,14960.7390405864,0,0,1.225
1816.61833882307,47.2966738150438,3,7,54.5082933327202,196.229855997793,-22.0812012430579,0,0,14935.2132183167,0,0,1.225
1816.86833882307,47.3012645395967,3,7,54.4070268470723,195.86529664946,-22.036685588213,0,0,14909.7340215723,0,0,1.225
1817.11833882307,47.305863816045,3,7,54.305776263,195.5007945468,-21.9922536559343,0,0,14884.301372732,0,0,1.225
1817.36833882307,47.3104716749722,3,7,54.2045412838048,195.136348621697,-21.9479053013138,0,0,14858.9151942961,0,0,1.225
1817.61833882307,47.3150881471514,3,7,54.1033216112232,194.771957800404,-21.9036403796654,0,0,14833.575408876,0,0,1.225
1817.86833882307,47.3197132635466,3,7,54.0021169454115,194.407621003481,-21.859458746535,0,0,14808.2819392022,0,0,1.225
1818.11833882307,47.3243470553147,3,7,53.9009269849308,194.043337145751,-21.8153602576995,0,0,14783.0347081238,0,0,1.225
1818.36833882307,47.3289895538072,3,7,53.7997514267318,193.679105136234,-21.7713447691576,0,0,14757.8336386012,0,0,1.225
1818.61833882307,47.3336407905717,3,7,53.6985899661393,193.314923878101,-21.7274121371456,0,0,14732.6786537185,0,0,1.225
1818.86833882307,47.338300797354,3,7,53.5974422968367,192.950792268612,-21.6835622181179,0,0,14707.5696766686,0,0,1.225
1819.11833882307,47.3429696060997,3,7,53.4963081108502,192.586709199061,-21.6397948687609,0,0,14682.5066307638,0,0,1.225
1819.36833882307,47.3476472489559,3,7,53.3951870985329,192.222673554718,-21.5961099459882,0,0,14657.4894394329,0,0,1.225
1819.61833882307,47.3523337582735,3,7,53.2940789485483,191.858684214774,-21.5525073069366,0,0,14632.5180262168,0,0,1.225
1819.86833882307,47.3570291666084,3,7,53.1929833478545,191.494740052276,-21.5089868089744,0,0,14607.5923147768,0,0,1.225
1820.11833882307,47.3617335067241,3,7,53.091899981687,191.130839934073,-21.4655483096894,0,0,14582.7122288839,0,0,1.225
1820.36833882307,47.3664468115928,3,7,52.9908285335426,190.766982720753,-21.422191666903,0,0,14557.8776924307,0,0,1.225
1820.61833882307,47.3711691143979,3,7,52.8897686851618,190.403167266582,-21.378916738654,0,0,14533.0886294183,0,0,1.225
1820.86833882307,47.375900448536,3,7,52.7887201165121,190.039392419444,-21.3357233832094,0,0,14508.3449639656,0,0,1.225
1821.11833882307,47.3806408476183,3,7,52.6876825057706,189.675657020774,-21.2926114590628,0,0,14483.6466203074,0,0,1.225
1821.36833882307,47.3853903454732,3,7,52.586655529306,189.311959905502,-21.2495808249305,0,0,14458.9935227918,0,0,1.225
1821.61833882307,47.3901489761478,3,7,52.4856388616612,188.94829990198,-21.2066313397499,0,0,14434.385595879,0,0,1.225
1821.86833882307,47.3949167739105,3,7,52.3846321755351,188.584675831926,-21.1637628626886,0,0,14409.8227641483,0,0,1.225
1822.11833882307,47.3996937732524,3,7,52.2836351417645,188.221086510352,-21.1209752531304,0,0,14385.3049522877,0,0,1.225
1822.36833882307,47.4044800088902,3,7,52.1826474293054,187.8575307455,-21.0782683706875,0,0,14360.8320851032,0,0,1.225
1822.61833882307,47.4092755157674,3,7,52.0816687052146,187.494007338772,-21.0356420751914,0,0,14336.4040875119,0,0,1.225
1822.86833882307,47.4140803290571,3,7,51.9806986346303,187.130515084669,-20.9930962266972,0,0,14312.0208845452,0,0,1.225
1823.11833882307,47.418894484164,3,7,51.8797368807535,186.767052770712,-20.9506306854819,0,0,14287.6824013481,0,0,1.225
1823.36833882307,47.4237180167266,3,7,51.7787831048281,186.403619177381,-20.9082453120463,0,0,14263.3885631804,0,0,1.225
1823.61833882307,47.4285509626192,3,7,51.6778369661216,186.040213078038,-20.8659399671087,0,0,14239.1392954116,0,0,1.225
1823.86833882307,47.4333933579545,3,7,51.5768981219049,185.676833238858,-20.8237145116118,0,0,14214.9345235271,0,0,1.225
1824.11833882307,47.4382452390855,3,7,51.4759662274326,185.313478418757,-20.7815688067158,0,0,14190.7741731225,0,0,1.225
1824.36833882307,47.4431066426082,3,7,51.3750409359219,184.950147369319,-20.7395027138055,0,0,14166.6581699091,0,0,1.225
1824.61833882307,47.4479776053637,3,7,51.2741218985326,184.586838834717,-20.6975160944821,0,0,14142.586439708,0,0,1.225
1824.86833882307,47.4528581644405,3,7,51.1732087643458,184.223551551645,-20.6556088105672,0,0,14118.5589084526,0,0,1.225
1825.11833882307,47.4577483571769,3,7,51.0723011803428,183.860284249234,-20.6137807241066,0,0,14094.5755021929,0,0,1.225
1825.36833882307,47.4626482211639,3,7,50.9713987913838,183.497035648982,-20.5720316973575,0,0,14070.6361470842,0,0,1.225
1825.61833882307,47.4675577942467,3,7,50.8705012401857,183.133804464669,-20.5303615928015,0,0,14046.7407693982,0,0,1.225
1825.86833882307,47.4724771145283,3,7,50.7696081673008,182.770589402283,-20.4887702731348,0,0,14022.8892955153,0,0,1.225
1826.11833882307,47.4774062203709,3,7,50.6687192110937,182.407389159937,-20.4472576012777,0,0,13999.081651932,0,0,1.225
1826.36833882307,47.4823451503994,3,7,50.5678340077192,182.044202427789,-20.4058234403628,0,0,13975.3177652519,0,0,1.225
1826.61833882307,47.4872939435034,3,7,50.4669521910994,181.681027887958,-20.3644676537424,0,0,13951.5975621912,0,0,1.225
1826.86833882307,47.4922526388401,3,7,50.3660733929004,181.317864214442,-20.3231901049849,0,0,13927.9209695767,0,0,1.225
1827.11833882307,47.4972212758365,3,7,50.2651972425088,180.954710073032,-20.2819906578761,0,0,13904.2879143461,0,0,1.225
1827.36833882307,47.5021998941927,3,7,50.164323367008,180.591564121229,-20.2408691764231,0,0,13880.6983235519,0,0,1.225
1827.61833882307,47.5071885338843,3,7,50.0634513911539,180.228425008154,-20.1998255248409,0,0,13857.1521243503,0,0,1.225
1827.86833882307,47.512187235165,3,7,49.9625809373508,179.865291374463,-20.1588595675648,0,0,13833.6492440116,0,0,1.225
1828.11833882307,47.5171960385696,3,7,49.8617116256264,179.502161852255,-20.1179711692475,0,0,13810.1896099177,0,0,1.225
1828.36833882307,47.5222149849168,3,7,49.7608430736068,179.139035064984,-20.0771601947554,0,0,13786.7731495591,0,0,1.225
1828.61833882307,47.527244115312,3,7,49.6599748964912,178.775909627368,-20.0364265091675,0,0,13763.3997905349,0,0,1.225
1828.86833882307,47.5322834711499,3,7,49.5591067070261,178.412784145294,-19.9957699777824,0,0,13740.0694605574,0,0,1.225
1829.11833882307,47.5373330941183,3,7,49.4582381154791,178.049657215725,-19.9551904661084,0,0,13716.7820874452,0,0,1.225
1829.36833882307,47.5423930262,3,7,49.3573687296126,177.686527426605,-19.9146878398715,0,0,13693.537599129,0,0,1.225
1829.61833882307,47.5474633096765,3,7,49.2564981546569,177.323393356765,-19.8742619650102,0,0,13670.3359236483,0,0,1.225
1829.86833882307,47.5525439871307,3,7,49.1556259932833,176.96025357582,-19.8339127076742,0,0,13647.1769891497,0,0,1.225
1830.11833882307,47.5576351014505,3,7,49.0547518455763,176.597106644075,-19.7936399342298,0,0,13624.0607238915,0,0,1.225
1830.36833882307,47.5627366958311,3,7,48.9538753090059,176.233951112421,-19.7534435112557,0,0,13600.9870562411,0,0,1.225
1830.61833882307,47.5678488137788,3,7,48.8529959783993,175.870785522237,-19.7133233055429,0,0,13577.9559146741,0,0,1.225
1830.86833882307,47.5729714991142,3,7,48.7521134459122,175.507608405284,-19.6732791840914,0,0,13554.9672277723,0,0,1.225
1831.11833882307,47.5781047959751,3,7,48.6512273009997,175.144418283599,-19.6333110141168,0,0,13532.0209242287,0,0,1.225
1831.36833882307,47.5832487488201,3,7,48.5503371303871,174.781213669394,-19.5934186630457,0,0,13509.1169328446,0,0,1.225
1831.61833882307,47.5884034024316,3,7,48.4494425180399,174.417993064944,-19.5536019985175,0,0,13486.2551825302,0,0,1.225
1831.86833882307,47.5935688019198,3,7,48.3485430451336,174.054754962481,-19.5138608883763,0,0,13463.4356022991,0,0,1.225
1832.11833882307,47.5987449927255,3,7,48.2476382900227,173.691497844082,-19.4741952006871,0,0,13440.6581212807,0,0,1.225
1832.36833882307,47.6039320206239,3,7,48.1467278282104,173.328220181557,-19.4346048037141,0,0,13417.9226687033,0,0,1.225
1832.61833882307,47.6091299317279,3,7,48.0458112323161,172.964920436338,-19.3950895659409,0,0,13395.2291739103,0,0,1.225
1832.86833882307,47.6143387724921,3,7,47.9448880720443,172.601597059359,-19.3556493560545,0,0,13372.5775663473,0,0,1.225
1833.11833882307,47.6195585897161,3,7,47.8439579141515,172.238248490945,-19.316284042955,0,0,13349.9677755703,0,0,1.225
1833.36833882307,47.624789430548,3,7,47.7430203224139,171.87487316069,-19.2769934957514,0,0,13327.3997312421,0,0,1.225
1833.61833882307,47.6300313424887,3,7,47.6420748575935,171.511469487337,-19.2377775837613,0,0,13304.8733631323,0,0,1.225
1833.86833882307,47.6352843733952,3,7,47.541121077405,171.148035878658,-19.1986361765075,0,0,13282.3886011149,0,0,1.225
1834.11833882307,47.6405485714844,3,7,47.4401585364807,170.78457073133,-19.159569143726,0,0,13259.9453751742,0,0,1.225
1834.36833882307,47.6458239853374,3,7,47.3391867863364,170.421072430811,-19.120576355358,0,0,13237.5436153991,0,0,1.225
1834.61833882307,47.651110663903,3,7,47.238205375336,170.05753935121,-19.0816576815523,0,0,13215.1832519849,0,0,1.225
1834.86833882307,47.656408656502,3,7,47.1372138486554,169.693969855159,-19.0428129926686,0,0,13192.8642152359,0,0,1.225
1835.11833882307,47.6617180128312,3,7,47.0362117482465,169.330362293687,-19.0040421592666,0,0,13170.586435557,0,0,1.225
1835.36833882307,47.6670387829672,3,7,46.9351986128006,168.966715006082,-18.96534505212,0,0,13148.3498434649,0,0,1.225
1835.61833882307,47.6723710173709,3,7,46.8341739777105,168.603026319758,-18.926721542206,0,0,13126.1543695795,0,0,1.225
1835.86833882307,47.6777147668917,3,7,46.7331373750332,168.23929455012,-18.8881715007055,0,0,13103.9999446249,0,0,1.225
1836.11833882307,47.6830700827716,3,7,46.6320883334512,167.875518000424,-18.8496947990097,0,0,13081.886499434,0,0,1.225
1836.36833882307,47.6884370166498,3,7,46.5310263782336,167.511694961641,-18.8112913087116,0,0,13059.8139649421,0,0,1.225
1836.61833882307,47.6938156205668,3,7,46.4299510311963,167.147823712307,-18.7729609016133,0,0,13037.782272193,0,0,1.225
1836.86833882307,47.699205946969,3,7,46.3288618106624,166.783902518385,-18.734703449717,0,0,13015.7913523317,0,0,1.225
1837.11833882307,47.7046080487134,3,7,46.2277582314211,166.419929633116,-18.6965188252316,0,0,12993.8411366096,0,0,1.225
1837.36833882307,47.7100219790719,3,7,46.1266398046862,166.05590329687,-18.6584069005748,0,0,12971.9315563869,0,0,1.225
1837.61833882307,47.7154477917363,3,7,46.0255060380549,165.691821736998,-18.6203675483621,0,0,12950.0625431229,0,0,1.225
1837.86833882307,47.7208855408227,3,7,45.9243564354645,165.327683167672,-18.5824006414132,0,0,12928.2340283824,0,0,1.225
1838.11833882307,47.7263352808766,3,7,45.8231904971494,164.963485789738,-18.5445060527563,0,0,12906.4459438382,0,0,1.225
1838.36833882307,47.7317970668775,3,7,45.7220077195977,164.599227790552,-18.5066836556189,0,0,12884.6982212644,0,0,1.225
1838.61833882307,47.7372709542441,3,7,45.6208075955061,164.234907343822,-18.4689333234301,0,0,12862.9907925382,0,0,1.225
1838.86833882307,47.7427569988391,3,7,45.5195896137353,163.870522609447,-18.4312549298238,0,0,12841.3235896427,0,0,1.225
1839.11833882307,47.7482552569745,3,7,45.4183532592636,163.506071733349,-18.3936483486377,0,0,12819.6965446656,0,0,1.225
1839.36833882307,47.7537657854167,3,7,45.317098013141,163.141552847307,-18.3561134539068,0,0,12798.1095897948,0,0,1.225
1839.61833882307,47.7592886413914,3,7,45.2158233524413,162.776964068789,-18.3186501198743,0,0,12776.5626573272,0,0,1.225
1839.86833882307,47.7648238825897,3,7,45.1145287502149,162.412303500774,-18.2812582209772,0,0,12755.0556796565,0,0,1.225
1840.11833882307,47.7703715671726,3,7,45.0132136754393,162.047569231582,-18.2439376318589,0,0,12733.5885892844,0,0,1.225
1840.36833882307,47.7759317537773,3,7,44.9118775929703,161.682759334693,-18.2066882273625,0,0,12712.1613188143,0,0,1.225
1840.61833882307,47.7815045015222,3,7,44.8105199634916,161.31787186857,-18.1695098825303,0,0,12690.7738009519,0,0,1.225
1840.86833882307,47.7870898700128,3,7,44.7091402434636,160.952904876469,-18.1324024726068,0,0,12669.4259685072,0,0,1.225
1841.11833882307,47.7926879193472,3,7,44.607737885072,160.587856386259,-18.0953658730336,0,0,12648.1177543905,0,0,1.225
1841.36833882307,47.7982987101225,3,7,44.506312336175,160.22272441023,-18.0583999594551,0,0,12626.8490916173,0,0,1.225
1841.61833882307,47.8039223034401,3,7,44.4048630402501,159.8575069449,-18.0215046077124,0,0,12605.6199133034,0,0,1.225
1841.86833882307,47.8095587609118,3,7,44.3033894363397,159.492201970823,-17.9846796938464,0,0,12584.4301526674,0,0,1.225
1842.11833882307,47.8152081446664,3,7,44.2018909589963,159.126807452387,-17.9479250940981,0,0,12563.279743031,0,0,1.225
1842.36833882307,47.8208705173553,3,7,44.1003670382259,158.761321337613,-17.9112406849049,0,0,12542.1686178163,0,0,1.225
1842.61833882307,47.826545942159,3,7,43.9988170994322,158.395741557956,-17.8746263429048,0,0,12521.0967105492,0,0,1.225
1842.86833882307,47.8322344827936,3,7,43.8972405633581,158.030066028089,-17.8380819449308,0,0,12500.0639548548,0,0,1.225
1843.11833882307,47.8379362035173,3,7,43.7956368460272,157.664292645698,-17.8016073680142,0,0,12479.0702844606,0,0,1.225
1843.36833882307,47.8436511691367,3,7,43.6940053586845,157.298419291264,-17.7652024893864,0,0,12458.1156331975,0,0,1.225
1843.61833882307,47.8493794450138,3,7,43.5923455077354,156.932443827848,-17.7288671864717,0,0,12437.1999349944,0,0,1.225
1843.86833882307,47.8551210970727,3,7,43.4906566946849,156.566364100866,-17.6926013368939,0,0,12416.3231238836,0,0,1.225
1844.11833882307,47.8608761918065,3,7,43.3889383160743,156.200177937867,-17.6564048184714,0,0,12395.485133997,0,0,1.225
1844.36833882307,47.8666447962842,3,7,43.2871897634182,155.833883148305,-17.6202775092211,0,0,12374.6858995688,0,0,1.225
1844.61833882307,47.8724269781581,3,7,43.1854104231398,155.467477523303,-17.5842192873529,0,0,12353.9253549322,0,0,1.225
1844.86833882307,47.8782228056708,3,7,43.0835996765054,155.100958835419,-17.5482300312742,0,0,12333.2034345222,0,0,1.225
1845.11833882307,47.8840323476628,3,7,42.9817568995575,154.734324838407,-17.5123096195866,0,0,12312.5200728732,0,0,1.225
1845.36833882307,47.8898556735797,3,7,42.8798814630473,154.36757326697,-17.4764579310881,0,0,12291.8752046212,0,0,1.225
1845.61833882307,47.89569285348,3,7,42.7779727323657,154.000701836517,-17.4406748447695,0,0,12271.2687645008,0,0,1.225
1845.86833882307,47.9015439580426,3,7,42.6760300674732,153.633708242904,-17.4049602398181,0,0,12250.7006873481,0,0,1.225
1846.11833882307,47.907409058575,3,7,42.5740528228289,153.266590162184,-17.3693139956135,0,0,12230.1709080979,0,0,1.225
1846.36833882307,47.9132882270212,3,7,42.4720403473177,152.899345250344,-17.3337359917309,0,0,12209.6793617858,0,0,1.225
1846.61833882307,47.9191815359694,3,7,42.3699919841775,152.531971143039,-17.2982261079355,0,0,12189.2259835442,0,0,1.225
1846.86833882307,47.9250890586608,3,7,42.2679070709237,152.164465455325,-17.26278422419,0,0,12168.8107086085,0,0,1.225
1847.11833882307,47.9310108689976,3,7,42.1657849392731,151.796825781383,-17.2274102206475,0,0,12148.433472311,0,0,1.225
1847.36833882307,47.9369470415518,3,7,42.0636249150671,151.429049694242,-17.1921039776557,0,0,12128.094210085,0,0,1.225
1847.61833882307,47.9428976515736,3,7,41.9614263181925,151.061134745493,-17.1568653757522,0,0,12107.7928574606,0,0,1.225
1847.86833882307,47.9488627750003,3,7,41.8591884625018,150.693078465007,-17.1216942956698,0,0,12087.5293500692,0,0,1.225
1848.11833882307,47.9548424884654,3,7,41.7569106557315,150.324878360633,-17.0865906183303,0,0,12067.3036236388,0,0,1.225
1848.36833882307,47.9608368693077,3,7,41.6545921994196,149.956531917911,-17.0515542248495,0,0,12047.1156139978,0,0,1.225
1848.61833882307,47.9668459955801,3,7,41.5522323888212,149.588036599756,-17.0165849965306,0,0,12026.96525707,0,0,1.225
1848.86833882307,47.9728699460598,3,7,41.449830512823,149.219389846163,-16.9816828148737,0,0,12006.8524888825,0,0,1.225
1849.11833882307,47.9789088002573,3,7,41.3473858538559,148.850589073881,-16.946847561564,0,0,11986.7772455556,0,0,1.225
1849.36833882307,47.9849626384261,3,7,41.2448976878066,148.481631676104,-16.9120791184819,0,0,11966.7394633117,0,0,1.225
1849.61833882307,47.9910315415732,3,7,41.1423652839271,148.112515022138,-16.8773773676926,0,0,11946.7390784669,0,0,1.225
1849.86833882307,47.9971155914686,3,7,41.0397879047432,147.743236457075,-16.8427421914571,0,0,11926.7760274398,0,0,1.225
1850.11833882307,48.0032148706558,3,7,40.9371648059606,147.373793301458,-16.8081734722214,0,0,11906.8502467427,0,0,1.225
1850.36833882307,48.0093294624623,3,7,40.8344952363706,147.004182850934,-16.773671092622,0,0,11886.9616729866,0,0,1.225
1850.61833882307,48.01545945101,3,7,40.7317784377523,146.634402375908,-16.7392349354864,0,0,11867.1102428815,0,0,1.225
1850.86833882307,48.0216049212262,3,7,40.629013644775,146.26444912119,-16.704864883829,0,0,11847.2958932329,0,0,1.225
1851.11833882307,48.0277659588546,3,7,40.5262000848975,145.894320305631,-16.670560820854,0,0,11827.5185609444,0,0,1.225
1851.36833882307,48.0339426504664,3,7,40.423336978266,145.524013121757,-16.6363226299509,0,0,11807.7781830145,0,0,1.225
1851.61833882307,48.0401350834718,3,7,40.3204235376103,145.153524735397,-16.6021501947002,0,0,11788.0746965409,0,0,1.225
1851.86833882307,48.0463433461314,3,7,40.2174589681383,144.782852285298,-16.5680433988691,0,0,11768.408038717,0,0,1.225
1852.11833882307,48.0525675275681,3,7,40.1144424674277,144.41199288274,-16.5340021264124,0,0,11748.7781468332,0,0,1.225
1852.36833882307,48.0588077177794,3,7,40.0113732253168,144.04094361114,-16.5000262614703,0,0,11729.1849582749,0,0,1.225
1852.61833882307,48.065064007649,3,7,39.9082504237925,143.669701525653,-16.4661156883735,0,0,11709.6284105266,0,0,1.225
1852.86833882307,48.0713364889601,3,7,39.8050732368769,143.298263652757,-16.4322702916352,0,0,11690.1084411657,0,0,1.225
1853.11833882307,48.0776252544072,3,7,39.7018408305111,142.92662698984,-16.3984899559573,0,0,11670.6249878678,0,0,1.225
1853.36833882307,48.0839303976096,3,7,39.5985523624373,142.554788504774,-16.364774566227,0,0,11651.1779884034,0,0,1.225
1853.61833882307,48.0902520131243,3,7,39.4952069820789,142.182745135484,-16.3311240075186,0,0,11631.7673806404,0,0,1.225
1853.86833882307,48.0965901964597,3,7,39.3918038304176,141.810493789503,-16.297538165089,0,0,11612.3931025395,0,0,1.225
1854.11833882307,48.1029450440886,3,7,39.288342039869,141.438031343528,-16.2640169243818,0,0,11593.0550921584,0,0,1.225
1854.36833882307,48.109316653463,3,7,39.1848207341552,141.065354642959,-16.2305601710268,0,0,11573.753287651,0,0,1.225
1854.61833882307,48.1157051230272,3,7,39.0812390281759,140.692460501433,-16.1971677908355,0,0,11554.4876272641,0,0,1.225
1854.86833882307,48.1221105522333,3,7,38.9775960278755,140.319345700352,-16.1638396698077,0,0,11535.258049343,0,0,1.225
1855.11833882307,48.128533041555,3,7,38.8738908301095,139.946006988394,-16.1305756941233,0,0,11516.0644923244,0,0,1.225
1855.36833882307,48.134972692503,3,7,38.770122522507,139.572441081025,-16.0973757501492,0,0,11496.9068947425,0,0,1.225
1855.61833882307,48.1414296076402,3,7,38.666290183331,139.198644659992,-16.0642397244328,0,0,11477.7851952237,0,0,1.225
1855.86833882307,48.1479038905973,3,7,38.5623928813361,138.82461437281,-16.0311675037078,0,0,11458.6993324914,0,0,1.225
1856.11833882307,48.1543956460885,3,7,38.4584296756235,138.450346832244,-15.9981589748904,0,0,11439.6492453631,0,0,1.225
1856.36833882307,48.1609049799276,3,7,38.3543996154924,138.075838615773,-15.9652140250764,0,0,11420.6348727478,0,0,1.225
1856.61833882307,48.1674319990446,3,7,38.2503017402899,137.701086265044,-15.9323325415476,0,0,11401.6561536517,0,0,1.225
1856.86833882307,48.1739768115026,3,7,38.1461350792567,137.326086285324,-15.8995144117657,0,0,11382.7130271733,0,0,1.225
1857.11833882307,48.1805395265143,3,7,38.0418986513701,136.950835144932,-15.8667595233783,0,0,11363.8054325079,0,0,1.225
1857.36833882307,48.1871202544604,3,7,37.9375914651842,136.575329274663,-15.8340677642091,0,0,11344.9333089401,0,0,1.225
1857.61833882307,48.1937191069064,3,7,37.8332125186667,136.1995650672,-15.801439022267,0,0,11326.0965958515,0,0,1.225
1857.86833882307,48.2003361966213,3,7,37.7287607990323,135.823538876516,-15.7688731857393,0,0,11307.2952327146,0,0,1.225
1858.11833882307,48.2069716375961,3,7,37.624235282573,135.447247017263,-15.736370142999,0,0,11288.5291590994,0,0,1.225
1858.36833882307,48.2136255450622,3,7,37.5196349344848,135.070685764145,-15.7039297825927,0,0,11269.7983146635,0,0,1.225
1858.61833882307,48.2202980355111,3,7,37.414958708691,134.693851351288,-15.6715519932541,0,0,11251.102639163,0,0,1.225
1858.86833882307,48.226989226714,3,7,37.3102055476617,134.316739971582,-15.6392366638929,0,0,11232.4420724438,0,0,1.225
1859.11833882307,48.2336992377414,3,7,37.2053743822299,133.939347776028,-15.6069836835995,0,0,11213.8165544451,0,0,1.225
1859.36833882307,48.2404281889839,3,7,37.1004641314038,133.561670873054,-15.5747929416443,0,0,11195.2260251996,0,0,1.225
1859.61833882307,48.2471762021728,3,7,36.9954737021747,133.183705327829,-15.5426643274754,0,0,11176.670424831,0,0,1.225
1859.86833882307,48.2539434004018,3,7,36.8904019893217,132.805447161558,-15.5105977307235,0,0,11158.1496935584,0,0,1.225
1860.11833882307,48.2607299081479,3,7,36.7852478752118,132.426892350762,-15.4785930411931,0,0,11139.6637716895,0,0,1.225
1860.36833882307,48.2675358512944,3,7,36.6800102295958,132.048036826545,-15.4466501488714,0,0,11121.2125996274,0,0,1.225
1860.61833882307,48.274361357153,3,7,36.5746879094006,131.668876473842,-15.4147689439219,0,0,11102.7961178657,0,0,1.225
1860.86833882307,48.2812065544869,3,7,36.469279758516,131.289407130658,-15.3829493166863,0,0,11084.4142669902,0,0,1.225
1861.11833882307,48.2880715735347,3,7,36.3637846075778,130.90962458728,-15.3511911576834,0,0,11066.066987678,0,0,1.225
1861.36833882307,48.2949565460338,3,7,36.2582012737462,130.529524585486,-15.3194943576113,0,0,11047.7542206997,0,0,1.225
1861.61833882307,48.3018616052459,3,7,36.152528560479,130.149102817724,-15.2878588073427,0,0,11029.4759069148,0,0,1.225
1861.86833882307,48.3087868859811,3,7,36.0467652573006,129.768354926282,-15.2562843979285,0,0,11011.231987276,0,0,1.225
1862.11833882307,48.3157325246243,3,7,35.9409101395652,129.387276502435,-15.2247710205966,0,0,10993.0224028268,0,0,1.225
1862.36833882307,48.3226986591607,3,7,35.8349619682157,129.005863085576,-15.1933185667503,0,0,10974.847094702,0,0,1.225
1862.61833882307,48.3296854292032,3,7,35.7289194895365,128.624110162332,-15.1619269279709,0,0,10956.7060041279,0,0,1.225
1862.86833882307,48.3366929760193,3,7,35.6227814349019,128.242013165647,-15.1305959960127,0,0,10938.5990724206,0,0,1.225
1863.11833882307,48.3437214425589,3,7,35.5165465205175,127.859567473863,-15.0993256628076,0,0,10920.5262409874,0,0,1.225
1863.36833882307,48.3507709734831,3,7,35.4102134471577,127.476768409768,-15.0681158204625,0,0,10902.487451327,0,0,1.225
1863.61833882307,48.3578417151934,3,7,35.3037808998956,127.093611239624,-15.0369663612596,0,0,10884.4826450284,0,0,1.225
1863.86833882307,48.3649338158612,3,7,35.1972475478283,126.710091172182,-15.0058771776535,0,0,10866.5117637688,0,0,1.225
1864.11833882307,48.3720474254582,3,7,35.0906120437949,126.326203357662,-14.9748481622782,0,0,10848.5747493201,0,0,1.225
1864.36833882307,48.3791826957879,3,7,34.9838730240888,125.94194288672,-14.9438792079372,0,0,10830.6715435402,0,0,1.225
1864.61833882307,48.3863397805171,3,7,34.8770291081635,125.557304789389,-14.9129702076107,0,0,10812.8020883791,0,0,1.225
1864.86833882307,48.3935188352085,3,7,34.7700788983311,125.172284033992,-14.8821210544511,0,0,10794.9663258756,0,0,1.225
1865.11833882307,48.4007200173543,3,7,34.6630209794546,124.786875526036,-14.8513316417852,0,0,10777.1641981591,0,0,1.225
1865.36833882307,48.4079434864094,3,7,34.5558539186327,124.401074107078,-14.8206018631145,0,0,10759.3956474494,0,0,1.225
1865.61833882307,48.4151894038272,3,7,34.4485762648774,124.014874553559,-14.7899316121106,0,0,10741.660616054,0,0,1.225
1865.86833882307,48.4224579330945,3,7,34.3411865487842,123.628271575623,-14.7593207826199,0,0,10723.9590463707,0,0,1.225
1866.11833882307,48.4297492397683,3,7,34.2336832821941,123.241259815899,-14.7287692686596,0,0,10706.2908808862,0,0,1.225
1866.36833882307,48.4370634915129,3,7,34.1260649578486,122.853833848255,-14.6982769644214,0,0,10688.6560621773,0,0,1.225
1866.61833882307,48.4444008581379,3,7,34.0183300490358,122.465988176529,-14.6678437642668,0,0,10671.0545329084,0,0,1.225
1866.86833882307,48.4517615116377,3,7,33.910477009228,122.077717233221,-14.637469562731,0,0,10653.4862358346,0,0,1.225
1867.11833882307,48.4591456262311,3,7,33.8025042717114,121.689015378161,-14.6071542545183,0,0,10635.9511137975,0,0,1.225
1867.36833882307,48.4665533784021,3,7,33.6944102492062,121.299876897142,-14.5768977345074,0,0,10618.44910973,0,0,1.225
1867.61833882307,48.4739849469422,3,7,33.5861933334778,120.91029600052,-14.546699897744,0,0,10600.9801666505,0,0,1.225
1867.86833882307,48.4814405129929,3,7,33.4778518949387,120.520266821779,-14.5165606394476,0,0,10583.5442276679,0,0,1.225
1868.11833882307,48.4889202600897,3,7,33.3693842822405,120.129783416066,-14.4864798550079,0,0,10566.1412359798,0,0,1.225
1868.36833882307,48.4964243742074,3,7,33.2607888218559,119.738839758681,-14.4564574399824,0,0,10548.7711348693,0,0,1.225
1868.61833882307,48.5039530438056,3,7,33.1520638176505,119.347429743542,-14.4264932901015,0,0,10531.4338677104,0,0,1.225
1868.86833882307,48.5115064598765,3,7,33.0432075504442,118.955547181599,-14.3965873012635,0,0,10514.1293779633,0,0,1.225
1869.11833882307,48.5190848159926,3,7,32.934218277561,118.563185799219,-14.3667393695373,0,0,10496.8576091771,0,0,1.225
1869.36833882307,48.5266883083571,3,7,32.8250942323683,118.170339236526,-14.3369493911587,0,0,10479.6185049864,0,0,1.225
1869.61833882307,48.5343171358539,3,7,32.7158336238041,117.777001045695,-14.3072172625357,0,0,10462.4120091163,0,0,1.225
1869.86833882307,48.5419715001001,3,7,32.6064346358926,117.383164689213,-14.2775428802424,0,0,10445.238065377,0,0,1.225
1870.11833882307,48.5496516054994,3,7,32.4968954272469,116.988823538089,-14.2479261410226,0,0,10428.0966176669,0,0,1.225
1870.36833882307,48.5573576592965,3,7,32.3872141305596,116.593970870015,-14.2183669417882,0,0,10410.9876099719,0,0,1.225
1870.61833882307,48.5650898716336,3,7,32.2773888520798,116.198599867487,-14.1888651796185,0,0,10393.910986364,0,0,1.225
1870.86833882307,48.5728484556077,3,7,32.1674176710771,115.802703615878,-14.1594207517614,0,0,10376.8666910032,0,0,1.225
1871.11833882307,48.5806336273299,3,7,32.0572986392908,115.406275101447,-14.1300335556307,0,0,10359.8546681348,0,0,1.225
1871.36833882307,48.5884456059855,3,7,31.9470297803656,115.009307209316,-14.1007034888084,0,0,10342.8748620919,0,0,1.225
1871.61833882307,48.5962846138967,3,7,31.8366090892718,114.611792721378,-14.0714304490448,0,0,10325.9272172949,0,0,1.225
1871.86833882307,48.6041508765862,3,7,31.7260345317103,114.213724314157,-14.0422143342532,0,0,10309.0116782478,0,0,1.225
1872.11833882307,48.6120446228423,3,7,31.6153040435022,113.815094556608,-14.0130550425174,0,0,10292.1281895441,0,0,1.225
1872.36833882307,48.6199660847867,3,7,31.5044155299608,113.415895907859,-13.9839524720849,0,0,10275.2766958616,0,0,1.225
1872.61833882307,48.6279154979431,3,7,31.3933668652483,113.016120714894,-13.9549065213694,0,0,10258.4571419642,0,0,1.225
1872.86833882307,48.6358931013079,3,7,31.2821558917139,112.61576121017,-13.9259170889516,0,0,10241.669472703,0,0,1.225
1873.11833882307,48.6438991374234,3,7,31.170780419214,112.214809509171,-13.896984073576,0,0,10224.9136330133,0,0,1.225
1873.36833882307,48.6519338524523,3,7,31.0592382244144,111.813257607892,-13.8681073741541,0,0,10208.1895679177,0,0,1.225
1873.61833882307,48.6599974962544,3,7,30.9475270500721,111.41109738026,-13.8392868897604,0,0,10191.4972225227,0,0,1.225
1873.86833882307,48.6680903224655,3,7,30.8356446042984,111.008320575474,-13.8105225196352,0,0,10174.8365420213,0,0,1.225
1874.11833882307,48.6762125885787,3,7,30.7235885598003,110.604918815281,-13.7818141631838,0,0,10158.207471692,0,0,1.225
1874.36833882307,48.6843645560273,3,7,30.6113565531014,110.200883591165,-13.7531617199743,0,0,10141.6099568975,0,0,1.225
1874.61833882307,48.6925464902708,3,7,30.4989461837401,109.796206261464,-13.7245650897403,0,0,10125.0439430869,0,0,1.225
1874.86833882307,48.7007586608828,3,7,30.3863550134455,109.390878048404,-13.6960241723777,0,0,10108.5093757931,0,0,1.225
1875.11833882307,48.7090013416418,3,7,30.2735805652893,108.984890035042,-13.6675388679469,0,0,10092.0062006342,0,0,1.225
1875.36833882307,48.7172748106239,3,7,30.1606203228135,108.578233162129,-13.6391090766713,0,0,10075.5343633135,0,0,1.225
1875.61833882307,48.7255793502991,3,7,30.0474717291323,108.170898224876,-13.610734698937,0,0,10059.0938096183,0,0,1.225
1875.86833882307,48.7339152476295,3,7,29.9341321860088,107.762875869632,-13.5824156352937,0,0,10042.6844854211,0,0,1.225
1876.11833882307,48.7422827941713,3,7,29.8205990529032,107.354156590452,-13.5541517864519,0,0,10026.3063366773,0,0,1.225
1876.36833882307,48.7506822861784,3,7,29.706869645994,106.944730725578,-13.5259430532869,0,0,10009.9593094288,0,0,1.225
1876.61833882307,48.7591140247109,3,7,29.5929412371692,106.534588453809,-13.4977893368339,0,0,9993.64334979971,0,0,1.225
1876.86833882307,48.767578315745,3,7,29.478811052988,106.123719790757,-13.4696905382903,0,0,9977.35840399863,0,0,1.225
1877.11833882307,48.7760754702875,3,7,29.3644762736106,105.712114584998,-13.4416465590159,0,0,9961.10441831869,0,0,1.225
1877.36833882307,48.7846058044931,3,7,29.2499340316958,105.299762514105,-13.4136573005312,0,0,9944.88133913617,0,0,1.225
1877.61833882307,48.7931696397854,3,7,29.1351814112645,104.886653080552,-13.3857226645182,0,0,9928.68911291148,0,0,1.225
1877.86833882307,48.8017673029816,3,7,29.020215446529,104.472775607504,-13.3578425528187,0,0,9912.52768618777,0,0,1.225
1878.11833882307,48.8103991264209,3,7,28.9050331206849,104.058119234466,-13.3300168674364,0,0,9896.39700559247,0,0,1.225
1878.36833882307,48.8190654480973,3,7,28.7896313646667,103.6426729128,-13.3022455105342,0,0,9880.29701783571,0,0,1.225
1878.61833882307,48.827766611796,3,7,28.6740070558626,103.226425401105,-13.2745283844365,0,0,9864.22766971152,0,0,1.225
1878.86833882307,48.8365029672342,3,7,28.5581570167902,102.809365260445,-13.2468653916258,0,0,9848.18890809586,0,0,1.225
1879.11833882307,48.8452748702068,3,7,28.4420780137291,102.391480849425,-13.2192564347458,0,0,9832.18067994891,0,0,1.225
1879.36833882307,48.8540826827359,3,7,28.3257667553098,101.972760319115,-13.1917014165986,0,0,9816.20293231258,0,0,1.225
1879.61833882307,48.8629267732263,3,7,28.2092198910574,101.553191607807,-13.1642002401461,0,0,9800.25561231239,0,0,1.225
1879.86833882307,48.8718075166243,3,7,28.0924340098871,101.132762435594,-13.1367528085088,0,0,9784.33866715595,0,0,1.225
1880.11833882307,48.8807252945834,3,7,27.9754056385514,100.711460298785,-13.1093590249661,0,0,9768.45204413353,0,0,1.225
1880.36833882307,48.8896804956345,3,7,27.858131240035,100.289272464126,-13.0820187929553,0,0,9752.59569061742,0,0,1.225
1880.61833882307,48.8986735153616,3,7,27.7406072118971,99.8661859628296,-13.0547320160726,0,0,9736.76955406275,0,0,1.225
1880.86833882307,48.9077047565839,3,7,27.6228298845578,99.4421875844082,-13.0274985980716,0,0,9720.97358200609,0,0,1.225
1881.11833882307,48.9167746295434,3,7,27.5047955195269,99.0172638702969,-13.0003184428642,0,0,9705.20772206679,0,0,1.225
1881.36833882307,48.9258835520996,3,7,27.386500307572,98.5914011072592,-12.9731914545193,0,0,9689.47192194543,0,0,1.225
1881.61833882307,48.9350319499298,3,7,27.2679403668245,98.1645853205681,-12.9461175372633,0,0,9673.76612942462,0,0,1.225
1881.86833882307,48.944220256737,3,7,27.1491117408196,97.7368022669507,-12.9190965954795,0,0,9658.09029236869,0,0,1.225
1882.11833882307,48.9534489144649,3,7,27.0300103964688,97.3080374272878,-12.8921285337083,0,0,9642.4443587236,0,0,1.225
1882.36833882307,48.9627183735201,3,7,26.9106322219606,96.8782759990582,-12.8652132566463,0,0,9626.82827651646,0,0,1.225
1882.61833882307,48.9720290930019,3,7,26.7909730245875,96.4475028885151,-12.8383506691466,0,0,9611.24199385596,0,0,1.225
1882.86833587825,48.9813765145063,3,8,26.7271678209364,96.217804155371,-0.820612165990471,11.9056916621416,0,0.188479916818778,0,0,1.225
1883.11832998862,48.9907313333903,3,8,26.720433094583,96.193559140499,-0.619241620500007,11.8996924127015,160.577247850164,0,0,0,1.225
1883.36832409898,49.0000882364009,3,8,26.7149455367153,96.173803932175,-0.553704942110375,11.8948052504944,212.737185745203,0,0,0,1.225
1883.61831820935,49.0094469618586,3,8,26.7099848656141,96.1559455162109,-0.506414066052817,11.8903881920223,250.326396242973,0,0,0,1.225
1883.86831231971,49.0188073521084,3,8,26.7054214013417,96.1395170448302,-0.468646097320239,11.886325537054,280.316817373911,0,0,0,1.225
1884.11830643008,49.0281692826676,3,8,26.7011822532803,96.1242561118092,-0.43696923904699,11.8825522287149,305.450300370316,0,0,0,1.225
1884.36830054044,49.0375326495502,3,8,26.6972188413387,96.1099878288195,-0.409610147368875,11.8790248977055,327.143129590918,0,0,0,1.225
1884.61829465081,49.0468973631039,3,8,26.6934958052209,96.0965848987951,-0.385510820470437,11.8757119717224,346.239966064848,0,0,0,1.225
1884.86828876117,49.0562633444238,3,8,26.6899859495194,96.0839494182697,-0.363980107654086,11.8725891664257,363.292391675947,0,0,0,1.225
1885.11828287154,49.0656305230397,3,8,26.6866675483798,96.0720031741673,-0.344537175149964,11.8696370806291,378.68400394971,0,0,0,1.225
1885.3682769819,49.0749988353199,3,8,26.6835227545647,96.0606819164329,-0.326831618823867,11.8668397765562,392.694247623566,0,0,0,1.225
1885.61827109227,49.0843682233148,3,8,26.6805365902085,96.0499317247505,-0.310598805776602,11.8641838790242,405.534091709929,0,0,0,1.225
1885.86826520263,49.0937386338856,3,8,26.6776962709791,96.0397065755247,-0.295633135533889,11.8616579721102,417.367387285463,0,0,0,1.225
1886.118259313,49.1031100180304,3,8,26.6749907339612,96.0299666422602,-0.28177114605622,11.8592521776152,428.324359446064,0,0,0,1.225
1886.36825342336,49.1124823303485,3,8,26.6724102964425,96.0206770671928,-0.268880367065261,11.8569578503628,438.510507849042,0,0,0,1.225
1886.61824753373,49.1218555286073,3,8,26.6699464023061,96.0118070483019,-0.256851697976044,11.854767351698,448.012691881516,0,0,0,1.225
1886.86824164409,49.1312295733864,3,8,26.66759142906,96.0033291446162,-0.245594037322008,11.8526738771213,456.903417618704,0,0,0,1.225
1887.11823575446,49.1406044277802,3,8,26.6653385380435,95.9952187369565,-0.235030400729383,11.8506713224744,465.243936067897,0,0,0,1.225
1887.36822986482,49.1499800571467,3,8,26.6631815561301,95.9874536020683,-0.2250950523995,11.8487541782526,473.086532156574,0,0,0,1.225
1887.61822397519,49.1593564288936,3,8,26.6611148808945,95.9800135712203,-0.215731344423168,11.8469174448709,480.476248609975,0,0,0,1.225
1887.86821808555,49.1687335122938,3,8,26.6591334035794,95.9728802528859,-0.206890061565688,11.8451565638307,487.452206328619,0,0,0,1.225
1888.11821219592,49.1781112783251,3,8,26.6572324457862,95.9660368048304,-0.198528134158278,11.8434673611446,494.048630956476,0,0,0,1.225
1888.36820630628,49.1874896995299,3,8,26.6554077069,95.9594677448399,-0.190607623776131,11.841846000351,500.295661748446,0,0,0,1.225
1888.61820041665,49.196868749892,3,8,26.6536552200168,95.9531587920605,-0.183094914239963,11.8402889431255,506.219996597822,0,0,0,1.225
1888.86819452701,49.206248404727,3,8,26.6519713146858,95.9470967328689,-0.175960059345829,11.8387929159806,511.845412016767,0,0,0,1.225
1889.11818863738,49.2156286405849,3,8,26.6503525851683,95.9412693066058,-0.16917625176069,11.8373548818964,517.193186455989,0,0,0,1.225
1889.36818274775,49.2250094351629,3,8,26.6487958632078,95.935665107548,-0.162719386678407,11.835972015982,522.282448038282,0,0,0,1.225
1889.61817685811,49.2343907672272,3,8,26.6472981945195,95.9302735002703,-0.156567700365985,11.8346416844607,527.13046256311,0,0,0,1.225
1889.86817096848,49.2437726165415,3,8,26.6458568183711,95.925084546136,-0.150701468483661,11.8333614264189,531.752873844414,0,0,0,1.225
1890.11816507884,49.2531549638036,3,8,26.6444691497515,95.9200889391055,-0.145102752524093,11.8321289378677,536.163905680682,0,0,0,1.225
1890.36815918921,49.2625377905864,3,8,26.6431327637218,95.9152779493986,-0.139755185323894,11.8309420577551,540.376532674637,0,0,0,1.225
1890.61815329957,49.2719210792851,3,8,26.6418453816164,95.9106433738189,-0.134643788535345,11.8297987556326,544.402625575969,0,0,0,1.225
1890.86814740994,49.2813048130679,3,8,26.6406048588226,95.9061774917615,-0.129754816425183,11.8286971207321,548.253075640209,0,0,0,1.225
1891.1181415203,49.2906889758318,3,8,26.6394091739156,95.9018730260961,-0.125075621510877,11.827635352255,551.937901584354,0,0,0,1.225
1891.36813563067,49.3000735521609,3,8,26.6382564189593,95.8977231082533,-0.120594538416778,11.8266117507037,555.466342024121,0,0,0,1.225
1891.61812974103,49.3094585272887,3,8,26.6371447908197,95.8937212469508,-0.116300783021292,11.8256247101182,558.846935728232,0,0,0,1.225
1891.8681238514,49.3188438870628,3,8,26.6360725833578,95.889861300088,-0.112184364504389,11.8246727110984,562.087591595788,0,0,0,1.225
1892.11811796176,49.3282296179123,3,8,26.635038180391,95.8861374494077,-0.108236008340019,11.8237543145148,565.195649915613,0,0,0,1.225
1892.36811207213,49.3376157068179,3,8,26.6340400493293,95.8825441775854,-0.104447088610822,11.8228681558213,568.17793620099,0,0,0,1.225
1892.61810618249,49.3470021412831,3,8,26.6330767354043,95.8790762474555,-0.100809568304766,11.8220129398989,571.040808668114,0,0,0,1.225
1892.86810029286,49.3563889093087,3,8,26.6321468564238,95.8757286831258,-0.0973159464747604,11.8211874363688,573.79020025002,0,0,0,1.225
1893.11809440322,49.3657759993678,3,8,26.6312490979905,95.8724967527657,-0.0939592113185357,11.8203904753203,576.431655897204,0,0,0,1.225
1893.36808851359,49.3751634003831,3,8,26.630382209134,95.8693759528824,-0.0907327983922923,11.8196209434093,578.970365791606,0,0,0,1.225
1893.61808262395,49.3845511017056,3,8,26.6295449983122,95.866361993924,-0.0876305532827923,11.8188777802856,581.41119501201,0,0,0,1.225
1893.86807673432,49.3939390930941,3,8,26.628736329742,95.8634507870711,-0.0846466981792319,11.8181599753153,583.758710095873,0,0,0,1.225
1894.11807084468,49.4033273646968,3,8,26.6279551200253,95.8606384320911,-0.081775801847385,11.817466564568,586.017202893904,0,0,0,1.225
1894.36806495505,49.4127159070331,3,8,26.6272003350419,95.8579212061508,-0.0790127526017402,11.8167966280409,588.190712039364,0,0,0,1.225
1894.61805906541,49.4221047109773,3,8,26.6264709870811,95.855295553492,-0.076352733912278,11.8161492870979,590.283042321448,0,0,0,1.225
1894.86805317578,49.4314937677424,3,8,26.6257661321905,95.8527580758858,-0.0737912023423379,11.8155237021017,592.297782204486,0,0,0,1.225
1895.11804728614,49.4408830688657,3,8,26.6250848677202,95.8503055237928,-0.071323867548814,11.8149190702217,594.238319706922,0,0,0,1.225
1895.36804139651,49.4502726061944,3,8,26.6244263300457,95.8479347881645,-0.0689466741132054,11.8143346234005,596.107856824389,0,0,0,1.225
1895.61803550687,49.4596623718725,3,8,26.6237896924517,95.8456428928263,-0.0666557850061588,11.813769626465,597.909422653956,0,0,0,1.225
1895.86802961724,49.4690523583281,3,8,26.6231741631642,95.843426987391,-0.064447566507236,11.8132233753695,599.645885361457,0,0,0,1.225
1896.1180237276,49.4784425582616,3,8,26.622578983516,95.8412843406574,-0.06231857442529,11.8126951955591,601.319963114963,0,0,0,1.225
1896.36801783797,49.4878329646347,3,8,26.6220034262364,95.839212334451,-0.0602655414882511,11.8121844404424,602.934234088785,0,0,0,1.225
1896.61801194833,49.4972235706589,3,8,26.621446793853,95.8372084578709,-0.0582853657790839,11.8116904899658,604.491145636097,0,0,0,1.225
1896.8680060587,49.506614369786,3,8,26.6209084171968,95.8352703019086,-0.0563751001192335,11.8112127492797,605.993022708656,0,0,0,1.225
1897.11800016906,49.5160053556985,3,8,26.6203876540027,95.8333955544096,-0.0545319422999669,11.8107506474896,607.442075602893,0,0,0,1.225
1897.36799427943,49.5253965222999,3,8,26.6198838875971,95.8315819953496,-0.0527532260849851,11.8103036364859,608.840407093296,0,0,0,1.225
1897.6179883898,49.5347878637062,3,8,26.6193965256669,95.8298274924008,-0.0510364129099512,11.8098711898448,610.190019012233,0,0,0,1.225
1897.86798250016,49.5441793742376,3,8,26.618924999102,95.8281299967672,-0.0493790842116318,11.8094528017969,611.492818329751,0,0,0,1.225
1898.11797661053,49.5535710484106,3,8,26.6184687609074,95.8264875392668,-0.0477789343348077,11.8090479862568,612.750622774558,0,0,0,1.225
1898.36797072089,49.5629628809304,3,8,26.618027285179,95.8248982266444,-0.0462337639571546,11.8086562759089,613.965166043754,0,0,0,1.225
1898.61796483126,49.5723548666834,3,8,26.6176000661378,95.8233602380959,-0.044741473992529,11.8082772213476,615.138102632764,0,0,0,1.225
1898.86795894162,49.5817470007309,3,8,26.6171866172199,95.8218718219915,-0.0433000599294579,11.8079103902651,616.2710123198,0,0,0,1.225
1899.11795305199,49.5911392783018,3,8,26.616786470217,95.8204312927812,-0.0419076065648129,11.8075553666855,617.365404336685,0,0,0,1.225
1899.36794716235,49.6005316947869,3,8,26.6163991744644,95.8190370280718,-0.0405622831022002,11.8072117502405,618.422721250246,0,0,0,1.225
1899.61794127272,49.6099242457324,3,8,26.6160242960729,95.8176874658625,-0.0392623385832342,11.8068791554857,619.444342579564,0,0,0,1.225
1899.86793538308,49.6193169268346,3,8,26.6156614172027,95.8163811019299,-0.038006097626454,11.8065572112529,620.431588169154,0,0,0,1.225
1900.11792949345,49.628709733934,3,8,26.6153101353749,95.8151164873497,-0.0367919564454618,11.8062455600365,621.385721340643,0,0,0,1.225
1900.36792360381,49.6381026630104,3,8,26.6149700628193,95.8138922261494,-0.0356183791280928,11.8059438574128,622.307951837406,0,0,0,1.225
1900.61791771418,49.6474957101773,3,8,26.6146408258561,95.8127069730818,-0.0344838941518312,11.8056517714887,623.199438581851,0,0,0,1.225
1900.86791182454,49.6568888716777,3,8,26.6143220643085,95.8115594315108,-0.0333870911216032,11.805368982379,624.061292256361,0,0,0,1.225
1901.11790593491,49.6662821438788,3,8,26.6140134309458,95.8104483514049,-0.0323266177090281,11.8050951817094,624.894577724507,0,0,0,1.225
1901.36790004527,49.6756755232683,3,8,26.6137145909526,95.8093725274294,-0.0313011767838042,11.8048300721447,625.700316299935,0,0,0,1.225
1901.61789415564,49.6850690064494,3,8,26.6134252214258,95.808330797133,-0.0303095237131281,11.8045733669404,626.479487882088,0,0,0,1.225
1901.867888266,49.6944625901371,3,8,26.6131450108948,95.8073220392213,-0.0293504638264188,11.8043247895153,627.233032960893,0,0,0,1.225
1902.11788237637,49.7038562711543,3,8,26.6128736588651,95.8063451719143,-0.0284228500310204,11.8040840730452,627.961854501803,0,0,0,1.225
1902.36787648673,49.7132500464275,3,8,26.6126108753835,95.8053991513807,-0.0275255805636518,11.8038509600764,628.666819723288,0,0,0,1.225
1902.6178705971,49.722643912984,3,8,26.6123563806241,95.8044829702466,-0.0266575968725976,11.8036252021557,629.348761770755,0,0,0,1.225
1902.86786470746,49.7320378679479,3,8,26.6121099044923,95.8035956561725,-0.0258178816206386,11.8034065594797,630.008481294806,0,0,0,1.225
1903.11785881783,49.7414319085365,3,8,26.6118711862489,95.8027362704961,-0.025005456800534,11.8031948005584,630.646747940356,0,0,0,1.225
1903.36785292819,49.7508260320577,3,8,26.6116399741492,95.801903906937,-0.0242193819528249,11.8029897018956,631.264301754733,0,0,0,1.225
1903.61784703856,49.7602202359065,3,8,26.6114160250997,95.8010976903588,-0.0234587524839112,11.8027910476822,631.861854516352,0,0,0,1.225
1903.86784114892,49.769614517562,3,8,26.6111991043298,95.8003167755873,-0.0227226980734893,11.8025986295047,632.440090992657,0,0,0,1.225
1904.11783525929,49.7790088745848,3,8,26.6109889850779,95.7995603462803,-0.0220103811670288,11.8024122460656,632.999670130742,0,0,0,1.225
1904.36782936965,49.788403304614,3,8,26.6107854482907,95.7988276138466,-0.0213209955489691,11.802231702916,633.541226184071,0,0,0,1.225
1904.61782348002,49.7977978053644,3,8,26.6105882823368,95.7981178164127,-0.0206537649904964,11.8020568122007,634.065369780168,0,0,0,1.225
1904.86781759038,49.8071923746245,3,8,26.6103972827312,95.7974302178322,-0.0200079419666712,11.8018873924131,634.572688933436,0,0,0,1.225
1905.11781170075,49.8165870102533,3,8,26.6102122518721,95.7967641067394,-0.0193828064381315,11.8017232681614,635.06375000689,0,0,0,1.225
1905.36780581111,49.8259817101787,3,8,26.6100329987892,95.7961187956411,-0.0187776646962343,11.8015642699442,635.539098623685,0,0,0,1.225
1905.61779992148,49.8353764723944,3,8,26.6098593389019,95.795493620047,-0.0181918482659524,11.8014102339358,635.999260532947,0,0,0,1.225
1905.86779403185,49.8447712949582,3,8,26.6096910937878,95.7948879376362,-0.0176247128612947,11.8012610017802,636.444742434097,0,0,0,1.225
1906.11778814221,49.8541661759901,3,8,26.6095280909606,95.7943011274581,-0.0170756373932514,11.8011164203937,636.8760327596,0,0,0,1.225
1906.36778225258,49.8635611136693,3,8,26.6093701636571,95.7937325891654,-0.0165440230257167,11.8009763417754,637.293602419794,0,0,0,1.225
1906.61777636294,49.8729561062334,3,8,26.609217150633,95.7931817422788,-0.0160292922762042,11.8008406228257,637.697905512303,0,0,0,1.225
1906.86777047331,49.8823511519756,3,8,26.6090688959669,95.7926480254807,-0.0155308881590834,11.8007091251718,638.089379997832,0,0,0,1.225
1907.11776458367,49.8917462492432,3,8,26.6089252488714,95.7921308959372,-0.0150482733724713,11.8005817150005,638.468448341424,0,0,0,1.225
1907.36775869404,49.901141396436,3,8,26.6087860635131,95.7916298286473,-0.01458092951514,11.8004582628969,638.835518130077,0,0,0,1.225
1907.6177528044,49.9105365920042,3,8,26.6086511988382,95.7911443158174,-0.0141283563504902,11.8003386436905,639.190982653049,0,0,0,1.225
1907.86774691477,49.919931834447,3,8,26.6085205184056,95.7906738662602,-0.0136900710928086,11.8002227363069,639.535221464669,0,0,0,1.225
1908.11774102513,49.9293271223109,3,8,26.6083938902269,95.7902180048168,-0.0132656077364995,11.8001104236244,639.868600913095,0,0,0,1.225
1908.3677351355,49.9387224541883,3,8,26.6082711866116,95.7897762718018,-0.0128545164057814,11.8000015923378,640.191474652995,0,0,0,1.225
1908.61772924586,49.9481178287157,3,8,26.6081522840191,95.7893482224688,-0.0124563627416722,11.7998961328259,640.504184128687,0,0,0,1.225
1908.86772335623,49.9575132445727,3,8,26.6080370629157,95.7889334264964,-0.0120707273089857,11.7997939390249,640.807059041559,0,0,0,1.225
1909.11771746659,49.9669087004803,3,8,26.6079254076373,95.7885314674944,-0.011697205035614,11.7996949083065,641.100417791907,0,0,0,1.225
1909.36771157696,49.9763041951997,3,8,26.6078172062576,95.7881419425274,-0.0113354046711387,11.7995989413603,641.384567905577,0,0,0,1.225
1909.61770568732,49.9856997275307,3,8,26.6077123504604,95.7877644616574,-0.0109849482702254,11.7995059420807,641.659806441019,0,0,0,1.225
1909.86769979769,49.9950952963111,3,8,26.6076107354173,95.7873986475024,-0.0106454707008027,11.7994158174583,641.926420376744,0,0,0,1.225
1910.11769390805,50.0044909004147,3,8,26.60751225967,95.7870441348118,-0.0103166191683859,11.7993284774748,642.184686986089,0,0,0,1.225
1910.36768801842,50.0138865387508,3,8,26.6074168250161,95.7867005700579,-0.00999805276472876,11.7992438350025,642.43487419273,0,0,0,1.225
1910.61768212878,50.0232822102627,3,8,26.6073243364004,95.7863676110413,-0.00968944203057444,11.7991618057067,642.677240915123,0,0,0,1.225
1910.86767623915,50.0326779139266,3,8,26.6072347018087,95.7860449265113,-0.00939046854341673,11.7990823079522,642.912037391133,0,0,0,1.225
1911.11767034951,50.0420736487508,3,8,26.6071478321667,95.7857321958003,-0.0091008245143573,11.7990052627129,643.139505495564,0,0,0,1.225
1911.36766445988,50.0514694137745,3,8,26.6070636412418,95.7854291084707,-0.0088202124065636,11.7989305934849,643.359879040604,0,0,0,1.225
1911.61765857024,50.0608652080667,3,8,26.6069820455486,95.7851353639749,-0.00854834456805179,11.7988582262024,643.573384064967,0,0,0,1.225
1911.86765268061,50.0702610307256,3,8,26.6069029642577,95.7848506713277,-0.00828494287743011,11.7987880891571,643.78023911284,0,0,0,1.225
1912.11764679097,50.0796568808774,3,8,26.6068263191082,95.7845747487897,-0.00802973840783275,11.7987201129199,643.980655498441,0,0,0,1.225
1912.36764090134,50.0890527576753,3,8,26.6067520343228,95.7843073235623,-0.00778247109858451,11.7986542302657,644.17483756453,0,0,0,1.225
1912.6176350117,50.0984486602992,3,8,26.6066800365259,95.7840481314934,-0.00754288944551053,11.7985903761011,644.362982926166,0,0,0,1.225
1912.86762912207,50.1078445879541,3,8,26.6066102546649,95.7837969167936,-0.00731075019806745,11.798528487394,644.54528270914,0,0,0,1.225
1913.11762323243,50.1172405398698,3,8,26.606542619934,95.7835534317622,-0.00708581807330056,11.798468503106,644.72192177508,0,0,0,1.225
1913.3676173428,50.1266365153002,3,8,26.6064770657007,95.7833174365225,-0.00686786547707715,11.7984103641276,644.893078940873,0,0,0,1.225
1913.61761145316,50.136032513522,3,8,26.6064135274351,95.7830886987664,-0.00665667223805299,11.7983540132147,645.058927188018,0,0,0,1.225
1913.86760556353,50.1454285338346,3,8,26.6063519426413,95.7828669935085,-0.00645202535027931,11.7982993949282,645.219633865192,0,0,0,1.225
1914.1175996739,50.154824575559,3,8,26.606292250791,95.7826521028478,-0.00625371872740602,11.7982464555751,645.37536088165,0,0,0,1.225
1914.36759378426,50.1642206380372,3,8,26.6062343932604,95.7824438157375,-0.00606155296438854,11.7981951431519,645.526264894737,0,0,0,1.225
1914.61758789463,50.1736167206317,3,8,26.6061783132677,95.7822419277638,-0.00587533511033611,11.79814540729,645.672497488591,0,0,0,1.225
1914.86758200499,50.1830128227245,3,8,26.6061239558143,95.7820462409313,-0.00569487844681722,11.7980971992026,645.814205348587,0,0,0,1.225
1915.11757611536,50.1924089437169,3,8,26.6060712676266,95.7818565634556,-0.00552000227685192,11.7980504716337,645.951530427328,0,0,0,1.225
1915.36757022572,50.2018050830286,3,8,26.606020197101,95.7816727095637,-0.0053505317218623,11.7980051788091,646.084610104363,0,0,0,1.225
1915.61756433609,50.2112012400974,3,8,26.6059706942501,95.7814944993003,-0.0051862975231706,11.7979612763882,646.213577342365,0,0,0,1.225
1915.86755844645,50.2205974143782,3,8,26.6059227106504,95.7813217583415,-0.00502713585463892,11.7979187214184,646.338560834478,0,0,0,1.225
1916.11755255682,50.2299936053429,3,8,26.6058761993927,95.7811543178138,-0.00487288813894691,11.7978774722902,646.45968514884,0,0,0,1.225
1916.36754666718,50.2393898124797,3,8,26.6058311150334,95.7809920141202,-0.00472340087341949,11.7978374886946,646.577070865556,0,0,0,1.225
1916.61754077755,50.2487860352926,3,8,26.6057874135475,95.7808346887708,-0.00457852545812824,11.7977987315813,646.690834711919,0,0,0,1.225
1916.86753488791,50.2581822733007,3,8,26.6057450522836,95.7806821882208,-0.00443811803513449,11.7977611631185,646.801089688801,0,0,0,1.225
1917.11752899828,50.2675785260383,3,8,26.60570398992,95.7805343637121,-0.00430203933023344,11.7977247466541,646.907945195121,0,0,0,1.225
1917.36752310864,50.2769747930538,3,8,26.6056641864225,95.7803910711212,-0.00417015449901862,11.7976894466781,647.011507148917,0,0,0,1.225
1917.61751721901,50.2863710739094,3,8,26.6056256030033,95.7802521708119,-0.00404233298386046,11.7976552287864,647.111878099763,0,0,0,1.225
1917.86751132937,50.2957673681811,3,8,26.6055882020814,95.780117527493,-0.00391844836997534,11.7976220596455,647.209157341981,0,0,0,1.225
1918.11750543974,50.3051636754577,3,8,26.6055519472445,95.7799870100803,-0.00379837824990771,11.7975899069588,647.303441021177,0,0,0,1.225
1918.3674995501,50.3145599953407,3,8,26.605516803212,95.7798604915634,-0.00368200409278712,11.7975587394333,647.394822237031,0,0,0,1.225
1918.61749366047,50.3239563274441,3,8,26.6054827357991,95.7797378488767,-0.0035692111160865,11.7975285267484,647.483391144135,0,0,0,1.225
1918.86748777083,50.3333526713934,3,8,26.605449711882,95.7796189627752,-0.00345988816351956,11.7974992395247,647.569235047983,0,0,0,1.225
1919.1174818812,50.3427490268259,3,8,26.6054176993648,95.7795037177134,-0.00335392758657634,11.7974708492946,647.652438498103,0,0,0,1.225
1919.36747599156,50.35214539339,3,8,26.6053866671469,95.7793920017288,-0.00325122513083371,11.7974433284733,647.733083377424,0,0,0,1.225
1919.61747010193,50.3615417707448,3,8,26.6053565850915,95.7792837063293,-0.00315167982567651,11.7974166503312,647.811248988964,0,0,0,1.225
1919.86746421229,50.37093815856,3,8,26.6053274239954,95.7791787263833,-0.00305519387629252,11.7973907889667,647.887012140754,0,0,0,1.225
1920.11745832266,50.3803345565154,3,8,26.6052991555597,95.779076960015,-0.00296167256362569,11.7973657192805,647.960447224435,0,0,0,1.225
1920.36745243302,50.3897309643005,3,8,26.6052717523615,95.7789783085013,-0.00287102414228296,11.7973414169501,648.031626295545,0,0,0,1.225
1920.61744654339,50.3991273816146,3,8,26.6052451878259,95.7788826761732,-0.00278315974548981,11.7973178584055,648.100619148214,0,0,0,1.225
1920.86744065375,50.4085238081661,3,8,26.6052194362,95.77878997032,-0.00269799329345651,11.7972950208059,648.167493387161,0,0,0,1.225
1921.11743476412,50.4179202436723,3,8,26.6051944725269,95.7787001010968,-0.00261544140242654,11.7972728820162,648.232314499205,0,0,0,1.225
1921.36742887448,50.4273166878593,3,8,26.6051702726206,95.7786129814343,-0.00253542329759036,11.7972514205856,648.295145921709,0,0,0,1.225
1921.61742298485,50.4367131404615,3,8,26.6051468130424,95.7785285269525,-0.00245786073191115,11.7972306157256,648.356049106347,0,0,0,1.225
1921.86741709521,50.4461096012215,3,8,26.6051240710768,95.7784466558764,-0.00238267790222194,11.7972104472898,648.415083585073,0,0,0,1.225
1922.11741120558,50.4555060698897,3,8,26.6051020247096,95.7783672889545,-0.0023098013741905,11.7971908957534,648.472307029056,0,0,0,1.225
1922.36740531595,50.4649025462244,3,8,26.6050806526057,95.7782903493805,-0.00223916000319145,11.7971719421942,648.527775310904,0,0,0,1.225
1922.61739942631,50.474299029991,3,8,26.6050599340879,95.7782157627164,-0.00217068486427353,11.7971535682735,648.581542559657,0,0,0,1.225
1922.86739353668,50.4836955209623,3,8,26.6050398491165,95.7781434568193,-0.00210430918076258,11.7971357562179,648.633661216904,0,0,0,1.225
1923.11738764704,50.493092018918,3,8,26.6050203782693,95.7780733617695,-0.00203996825422878,11.7971184888021,648.684182091832,0,0,0,1.225
1923.36738175741,50.5024885236446,3,8,26.6050015027226,95.7780054098015,-0.00197759940127531,11.7971017493312,648.733154410864,0,0,0,1.225
1923.61737586777,50.5118850349351,3,8,26.6049832042324,95.7779395352368,-0.00191714188668889,11.7970855216248,648.780625870218,0,0,0,1.225
1923.86736997814,50.5212815525888,3,8,26.6049654651165,95.7778756744193,-0.00185853686500338,11.7970697900007,648.826642681784,0,0,0,1.225
1924.1173640885,50.5306780764112,3,8,26.6049482682367,95.7778137656522,-0.00180172731774314,11.7970545392592,648.871249622469,0,0,0,1.225
1924.36735819887,50.5400746062138,3,8,26.6049315969826,95.7777537491373,-0.00174665799703309,11.7970397546687,648.914490078486,0,0,0,1.225
1924.61735230923,50.5494711418138,3,8,26.6049154352544,95.777695566916,-0.00169327536920865,11.7970254219507,648.956406089664,0,0,0,1.225
1924.8673464196,50.5588676830341,3,8,26.6048997674479,95.7776391628124,-0.00164152756183646,11.7970115272658,648.997038391058,0,0,0,1.225
1925.11734052996,50.5682642297027,3,8,26.6048845784382,95.7775844823776,-0.0015913643100529,11.7969980572003,649.036426455127,0,0,0,1.225
1925.36733464033,50.5776607816534,3,8,26.6048698535658,95.777531472837,-0.00154273690631337,11.7969849987529,649.074608531204,0,0,0,1.225
1925.61732875069,50.5870573387247,3,8,26.6048555786215,95.7774800830372,-0.00149559815218788,11.7969723393218,649.111621683361,0,0,0,1.225
1925.86732286106,50.5964539007602,3,8,26.6048417398326,95.7774302633973,-0.00144990230970197,11.7969600666923,649.147501828651,0,0,0,1.225
1926.11731697142,50.6058504676081,3,8,26.6048283238497,95.7773819658589,-0.00140560505608829,11.7969481690252,649.182283772646,0,0,0,1.225
1926.36731108179,50.6152470391214,3,8,26.6048153177333,95.7773351438397,-0.00136266344035718,11.7969366348449,649.21600124354,0,0,0,1.225
1926.61730519215,50.6246436151577,3,8,26.6048027089411,95.777289752188,-0.00132103583827563,11.796925453028,649.248686927549,0,0,0,1.225
1926.86729930252,50.6340401955788,3,8,26.6047904853161,95.777245747138,-0.00128068191234858,11.7969146127928,649.280372500323,0,0,0,1.225
1927.11729341288,50.6434367802506,3,8,26.6047786350742,95.7772030862671,-0.00124156257134543,11.7969041036883,649.311088658743,0,0,0,1.225
1927.36728752325,50.6528333690435,3,8,26.604767146793,95.7771617284548,-0.00120363993050875,11.7968939155846,649.340865152194,0,0,0,1.225
1927.61728163361,50.6622299618315,3,8,26.6047560094006,95.7771216338421,-0.00116687727494621,11.7968840386623,649.369730811301,0,0,0,1.225
1927.86727574398,50.6716265584926,3,8,26.6047452121646,95.7770827637927,-0.0011312390227952,11.7968744634033,649.39771357687,0,0,0,1.225
1928.11726985434,50.6810231589085,3,8,26.604734744682,95.7770450808553,-0.00109669068906958,11.7968651805815,649.4248405283,0,0,0,1.225
1928.36726396471,50.6904197629646,3,8,26.6047245968686,95.7770085487271,-0.00106319885200754,11.7968561812538,649.451137910008,0,0,0,1.225
1928.61725807507,50.6998163705496,3,8,26.6047147589495,95.7769731322182,-0.00103073112123858,11.7968474567511,649.476631156413,0,0,0,1.225
1928.86725218544,50.7092129815559,3,8,26.6047052214494,95.7769387972177,-0.000999256103449224,11.7968389986703,649.501344918938,0,0,0,1.225
1929.1172462958,50.7186095958789,3,8,26.6046959751834,95.7769055106601,-0.0009687433719143,11.7968307988656,649.525303089936,0,0,0,1.225
1929.36724040617,50.7280062134174,3,8,26.6046870112481,95.776873240493,-0.00093916343852926,11.7968228494412,649.548528824622,0,0,0,1.225
1929.61723451653,50.7374028340732,3,8,26.6046783210129,95.7768419556465,-0.000910487721749762,11.7968151427429,649.571044566304,0,0,0,1.225
1929.8672286269,50.7467994577512,3,8,26.6046698961118,95.7768116260024,-0.00088268851953356,11.7968076713513,649.592872067612,0,0,0,1.225
1930.11722273726,50.7561960843589,3,8,26.6046617284347,95.776782222365,-0.000855738982964535,11.796800428074,649.614032411207,0,0,0,1.225
1930.36721684763,50.7655927138071,3,8,26.6046538101203,95.776753716433,-0.000829613088739836,11.7967934059391,649.634546031402,0,0,0,1.225
1930.61721095799,50.774989346009,3,8,26.6046461335477,95.7767260807717,-0.000804285613703425,11.7967865981882,649.654432734164,0,0,0,1.225
1930.86720506836,50.7843859808805,3,8,26.6046386913296,95.7766992887866,-0.000779732110743902,11.7967799982699,649.673711716032,0,0,0,1.225
1931.11719917873,50.7937826183401,3,8,26.6046314763048,95.7766733146973,-0.000755928882645914,11.7967735998332,649.692401584686,0,0,0,1.225
1931.36719328909,50.8031792583088,3,8,26.6046244815313,95.7766481335128,-0.00073285296230818,11.7967673967216,649.710520374432,0,0,0,1.225
1931.61718739946,50.8125759007101,3,8,26.6046177002797,95.7766237210068,-0.000710482087049661,11.7967613829672,649.72808556643,0,0,0,1.225
1931.86718150982,50.8219725454696,3,8,26.6046111260263,95.7766000536948,-0.000688794678600205,11.7967555527847,649.745114104379,0,0,0,1.225
1932.11717562019,50.8313691925154,3,8,26.6046047524474,95.7765771088108,-0.000667769820590023,11.7967499005658,649.761622412219,0,0,0,1.225
1932.36716973055,50.8407658417777,3,8,26.6045985734126,95.7765548642855,-0.000647387240131987,11.7967444208738,649.777626408564,0,0,0,1.225
1932.61716384092,50.8501624931889,3,8,26.6045925829791,95.7765332987249,-0.000627627284856346,11.7967391084385,649.793141524785,0,0,0,1.225
1932.86715795128,50.8595591466833,3,8,26.6045867753859,95.7765123913894,-0.000608470907221576,11.7967339581507,649.808182717278,0,0,0,1.225
1933.11715206165,50.8689558021974,3,8,26.6045811450483,95.7764921221739,-0.000589899643368129,11.7967289650577,649.82276448411,0,0,0,1.225
1933.36714617201,50.8783524596696,3,8,26.6045756865524,95.7764724715885,-0.000571895595837626,11.7967241243582,649.836900878577,0,0,0,1.225
1933.61714028238,50.88774911904,3,8,26.6045703946497,95.7764534207391,-0.000554441416519429,11.7967194313979,649.850605522594,0,0,0,1.225
1933.86713439274,50.8971457802507,3,8,26.6045652642526,95.7764349513095,-0.000537520289142455,11.7967148816646,649.86389162045,0,0,0,1.225
1934.11712850311,50.9065424432457,3,8,26.6045602904288,95.7764170455438,-0.000521115912449132,11.7967104707844,649.87677197203,0,0,0,1.225
1934.36712261347,50.9159391079703,3,8,26.6045554683969,95.7763996862289,-0.000505212486780031,11.7967061945168,649.889258983315,0,0,0,1.225
1934.61711672384,50.925335774372,3,8,26.6045507935216,95.7763828566779,-0.000489794694291892,11.7967020487512,649.901364681977,0,0,0,1.225
1934.8671108342,50.9347324423993,3,8,26.6045462613095,95.7763665407143,-0.00047484768849819,11.7966980295026,649.913100725535,0,0,0,1.225
1935.11710494457,50.9441291120028,3,8,26.6045418674044,95.776350722656,-0.000460357077443082,11.7966941329079,649.924478414595,0,0,0,1.225
1935.36709905493,50.9535257831344,3,8,26.6045376075834,95.7763353873002,-0.000446308909376536,11.796690355222,649.93550870411,0,0,0,1.225
1935.6170931653,50.9629224557474,3,8,26.6045334777525,95.7763205199089,-0.000432689661157993,11.7966866928142,649.946202212457,0,0,0,1.225
1935.86708727566,50.9723191297967,3,8,26.604529473943,95.7763061061947,-0.000419486222567215,11.796683142165,649.956569233793,0,0,0,1.225
1936.11708138603,50.9817158052383,3,8,26.6045255923074,95.7762921323067,-0.000406685886299613,11.7966796998623,649.966619745871,0,0,0,1.225
1936.36707549639,50.9911124820298,3,8,26.6045218291159,95.7762785848171,-0.000394276332731843,11.7966763625984,649.97636342205,0,0,0,1.225
1936.61706960676,51.0005091601301,3,8,26.6045181807524,95.7762654507088,-0.000382245620826654,11.7966731271665,649.98580963839,0,0,0,1.225
1936.86706371712,51.0099058394991,3,8,26.6045146437117,95.7762527173623,-0.000370582174490139,11.7966699904579,649.994967484398,0,0,0,1.225
1937.11705782749,51.0193025200982,3,8,26.6045112145954,95.7762403725436,-0.000359274771657545,11.7966669494589,650.003845771596,0,0,0,1.225
1937.36705193785,51.0286992018898,3,8,26.6045078901091,95.7762284043926,-0.000348312534288593,11.7966640012479,650.012453041361,0,0,0,1.225
1937.61704604822,51.0380958848376,3,8,26.6045046670588,95.7762168014116,-0.00033768491722591,11.7966611429925,650.020797573683,0,0,0,1.225
1937.86704015858,51.0474925689063,3,8,26.6045015423484,95.7762055524541,-0.000327381697735589,11.7966583719469,650.028887395386,0,0,0,1.225
1938.11703426895,51.0568892540617,3,8,26.6044985129761,95.7761946467139,-0.000317392966412029,11.7966556854491,650.036730287253,0,0,0,1.225
1938.36702837931,51.0662859402705,3,8,26.604495576032,95.7761840737153,-0.000307709116036362,11.7966530809185,650.044333792802,0,0,0,1.225
1938.61702248968,51.0756826275008,3,8,26.6044927286951,95.7761738233023,-0.000298320834300328,11.7966505558532,650.051705223966,0,0,0,1.225
1938.86701660004,51.0850793157213,3,8,26.6044899682303,95.7761638856292,-0.000289219093119454,11.7966481078278,650.058851669512,0,0,0,1.225
1939.11701071041,51.0944760049017,3,8,26.6044872919864,95.776154251151,-0.000280395141584307,11.7966457344911,650.065780000553,0,0,0,1.225
1939.36700482078,51.1038726950129,3,8,26.6044846973928,95.7761449106141,-0.000271840494591546,11.7966434335635,650.072496879513,0,0,0,1.225
1939.61699893114,51.1132693860264,3,8,26.6044821819577,95.7761358550478,-0.000263546928296335,11.7966412028351,650.079008763648,0,0,0,1.225
1939.86699304151,51.1226660779148,3,8,26.6044797432653,95.776127075755,-0.000255506469652911,11.7966390401636,650.085321913294,0,0,0,1.225
1940.11698715187,51.1320627706512,3,8,26.6044773789735,95.7761185643046,-0.000247711389365834,11.7966369434719,650.091442397394,0,0,0,1.225
1940.36698126224,51.1414594642098,3,8,26.6044750868118,95.7761103125225,-0.000240154194159099,11.7966349107465,650.097376099573,0,0,0,1.225
1940.6169753726,51.1508561585656,3,8,26.604472864579,95.7761023124845,-0.000232827620636903,11.7966329400354,650.10312872294,0,0,0,1.225
1940.86696948297,51.1602528536942,3,8,26.6044707101412,95.7760945565083,-0.000225724626188482,11.796631029446,650.108705797261,0,0,0,1.225
1941.11696359333,51.1696495495721,3,8,26.6044686214295,95.7760870371462,-0.000218838385350049,11.7966291771438,650.11411268177,0,0,0,1.225
1941.3669577037,51.1790462461763,3,8,26.6044665964382,95.7760797471777,-0.000212162279800116,11.79662738135,650.119354573077,0,0,0,1.225
1941.61695181406,51.1884429434848,3,8,26.604464633223,95.776072679603,-0.000205689893584531,11.7966256403403,650.12443650889,0,0,0,1.225
1941.86694592443,51.1978396414761,3,8,26.6044627298988,95.7760658276358,-0.000199415007659386,11.7966239524429,650.12936337229,0,0,0,1.225
1942.11694003479,51.2072363401292,3,8,26.6044608846381,95.7760591846972,-0.000193331592614885,11.7966223160373,650.134139897466,0,0,0,1.225
1942.36693414516,51.2166330394241,3,8,26.6044590956692,95.776052744409,-0.000187433802081353,11.7966207295522,650.138770674901,0,0,0,1.225
1942.61692825552,51.2260297393411,3,8,26.6044573612743,95.7760465005876,-0.000181715970910204,11.7966191914644,650.143260152747,0,0,0,1.225
1942.86692236589,51.2354264398613,3,8,26.6044556797885,95.7760404472384,-0.000176172604941884,11.7966177002971,650.147612644926,0,0,0,1.225
1943.11691647625,51.2448231409663,3,8,26.6044540495971,95.7760345785497,-0.000170798378504701,11.7966162546188,650.151832333056,0,0,0,1.225
1943.36691058662,51.2542198426382,3,8,26.6044524691353,95.7760288888872,-0.000165588128502973,11.7966148530413,650.155923271102,0,0,0,1.225
1943.61690469698,51.2636165448598,3,8,26.6044509368857,95.7760233727884,-0.000160536849869443,11.7966134942193,650.159889388942,0,0,0,1.225
1943.86689880735,51.2730132476142,3,8,26.6044494513772,95.7760180249578,-0.000155639690790323,11.7966121768481,650.163734496117,0,0,0,1.225
1944.11689291771,51.2824099508853,3,8,26.6044480111838,95.7760128402615,-0.000150891946566058,11.796610899663,650.16746228667,0,0,0,1.225
1944.36688702808,51.2918066546572,3,8,26.6044466149228,95.7760078137222,-0.00014628905688278,11.796609661438,650.171076341263,0,0,0,1.225
1944.61688113844,51.3012033589147,3,8,26.604445261254,95.7760029405145,-0.000141826601037346,11.7966084609844,650.174580130933,0,0,0,1.225
1944.86687524881,51.3106000636429,3,8,26.6044439488778,95.7759982159603,-0.000137500292707619,11.7966072971497,650.177977021212,0,0,0,1.225
1945.11686935917,51.3199967688276,3,8,26.6044426765345,95.7759936355243,-0.00013330597608703,11.7966061688168,650.181270275159,0,0,0,1.225
1945.36686346954,51.3293934744547,3,8,26.6044414430027,95.7759891948096,-0.00012923962383816,11.7966050749026,650.184463054936,0,0,0,1.225
1945.6168575799,51.3387901805109,3,8,26.6044402470982,95.7759848895535,-0.000125297330498754,11.796604014357,650.187558427029,0,0,0,1.225
1945.86685169027,51.3481868869829,3,8,26.6044390876732,95.7759807156233,-0.000121475309525788,11.7966029861619,650.190559364552,0,0,0,1.225
1946.11684580063,51.3575835938582,3,8,26.6044379636146,95.7759766690127,-0.000117769891021683,11.7966019893303,650.193468749017,0,0,0,1.225
1946.366839911,51.3669803011243,3,8,26.6044368738437,95.7759727458373,-0.000114177516731966,11.7966010229056,650.196289374284,0,0,0,1.225
1946.61683402136,51.3763770087695,3,8,26.6044358173143,95.7759689423314,-0.000110694736179823,11.7966000859599,650.199023949597,0,0,0,1.225
1946.86682813173,51.3857737167821,3,8,26.6044347930123,95.7759652548443,-0.000107318205983966,11.7965991775941,650.201675100086,0,0,0,1.225
1947.11682224209,51.3951704251509,3,8,26.6044337999546,95.7759616798365,-0.000104044683719395,11.7965982969361,650.204245371627,0,0,0,1.225
1947.36681635246,51.4045671338651,3,8,26.604432837188,95.7759582138767,-0.000100871025643612,11.7965974431408,650.20673723262,0,0,0,1.225
1947.61681046283,51.4139638429141,3,8,26.6044319037884,95.7759548536382,-9.77941851049649e-05,11.7965966153886,650.20915307521,0,0,0,1.225
1947.86680457319,51.4233605522877,3,8,26.6044309988599,95.7759515958958,-9.48112073129313e-05,11.796595812885,650.211495219435,0,0,0,1.225
1948.11679868356,51.432757261976,3,8,26.6044301215341,95.7759484375227,-9.19192284286008e-05,11.7965950348598,650.213765913906,0,0,0,1.225
1948.36679279392,51.4421539719694,3,8,26.6044292709688,95.7759453754877,-8.91154721539907e-05,11.7965942805664,650.215967338497,0,0,0,1.225
1948.61678690429,51.4515506822586,3,8,26.6044284463477,95.7759424068518,-8.63972458666021e-05,11.7965935492806,650.218101607399,0,0,0,1.225
1948.86678101465,51.4609473928347,3,8,26.6044276468794,95.7759395287659,-8.37619403920411e-05,11.7965928403007,650.220170769262,0,0,0,1.225
1949.11677512502,51.4703441036887,3,8,26.6044268717966,95.7759367384676,-8.12070252290587e-05,11.7965921529462,650.222176810975,0,0,0,1.225
1949.36676923538,51.4797408148123,3,8,26.6044261203553,95.7759340332792,-7.87300480947931e-05,11.7965914865574,650.224121658002,0,0,0,1.225
1949.61676334575,51.4891375261972,3,8,26.6044253918345,95.7759314106042,-7.63286310593258e-05,11.7965908404948,650.226007177429,0,0,0,1.225
1949.86675745611,51.4985342378355,3,8,26.6044246855349,95.7759288679257,-7.40004682718918e-05,11.7965902141383,650.227835179757,0,0,0,1.225
1950.11675156648,51.5079309497194,3,8,26.6044240007787,95.7759264028033,-7.1743324823984e-05,11.7965896068868,650.229607419777,0,0,0,1.225
1950.36674567684,51.5173276618415,3,8,26.6044233369087,95.7759240128713,-6.95550344755629e-05,11.7965890181575,650.231325598353,0,0,0,1.225
1950.61673978721,51.5267243741944,3,8,26.6044226932878,95.775921695836,-6.74334960169923e-05,11.7965884473854,650.232991365308,0,0,0,1.225
1950.86673389757,51.5361210867712,3,8,26.6044220692983,95.7759194494738,-6.53766730416603e-05,11.7965878940228,650.234606319571,0,0,0,1.225
1951.11672800794,51.545517799565,3,8,26.6044214643414,95.775917271629,-6.33825907626725e-05,11.7965873575385,650.236172011698,0,0,0,1.225
1951.3667221183,51.5549145125691,3,8,26.6044208778365,95.7759151602113,-6.14493360128522e-05,11.7965868374177,650.23768994384,0,0,0,1.225
1951.61671622867,51.5643112257773,3,8,26.6044203092207,95.7759131131947,-5.9575052015023e-05,11.7965863331613,650.239161573904,0,0,0,1.225
1951.86671033903,51.5737079391831,3,8,26.6044197579485,95.7759111286146,-5.77579406557983e-05,11.7965858442853,650.240588313705,0,0,0,1.225
1952.1167044494,51.5831046527807,3,8,26.6044192234907,95.7759092045665,-5.59962565737274e-05,11.7965853703207,650.241971533669,0,0,0,1.225
1952.36669855976,51.5925013665642,3,8,26.6044187053344,95.775907339204,-5.42883101152223e-05,11.7965849108125,650.243312560446,0,0,0,1.225
1952.61669267013,51.6018980805279,3,8,26.6044182029825,95.7759055307369,-5.2632460740566e-05,11.7965844653198,650.24461268216,0,0,0,1.225
1952.86668678049,51.6112947946662,3,8,26.6044177159528,95.7759037774299,-5.10271199798397e-05,11.796584033415,650.245873146019,0,0,0,1.225
1953.11668089086,51.620691508974,3,8,26.6044172437779,95.7759020776004,-4.94707466579635e-05,11.7965836146838,650.247095162117,0,0,0,1.225
1953.36667500122,51.630088223446,3,8,26.6044167860048,95.7759004296171,-4.7961846894696e-05,11.7965832087242,650.248279903406,0,0,0,1.225
1953.61666911159,51.6394849380771,3,8,26.6044163421941,95.7758988318987,-4.64989722856025e-05,11.7965828151467,650.249428507135,0,0,0,1.225
1953.86666322195,51.6488816528626,3,8,26.60441591192,95.7758972829119,-4.50807192199173e-05,11.7965824335737,650.250542075372,0,0,0,1.225
1954.11665733232,51.6582783677978,3,8,26.6044154947695,95.7758957811702,-4.3705725924617e-05,11.7965820636389,650.251621677352,0,0,0,1.225
1954.36665144268,51.667675082878,3,8,26.6044150903424,95.7758943252327,-4.23726733739358e-05,11.7965817049873,650.252668348726,0,0,0,1.225
1954.61664555305,51.6770717980989,3,8,26.6044146982506,95.7758929137021,-4.10802816513017e-05,11.7965813572749,650.253683094455,0,0,0,1.225
1954.86663966341,51.6864685134561,3,8,26.6044143181178,95.775891545224,-3.98273108588525e-05,11.7965810201678,650.254666888065,0,0,0,1.225
1955.11663377378,51.6958652289455,3,8,26.6044139495792,95.7758902184851,-3.86125579341289e-05,11.7965806933427,650.255620674171,0,0,0,1.225
1955.36662788414,51.7052619445631,3,8,26.6044135922812,95.7758889322125,-3.74348573322121e-05,11.796580376486,650.256545367924,0,0,0,1.225
1955.61662199451,51.7146586603049,3,8,26.604413245881,95.7758876851716,-3.62930787519331e-05,11.7965800692935,650.257441856802,0,0,0,1.225
1955.86661610488,51.7240553761673,3,8,26.6044129100461,95.775886476166,-3.51861264537361e-05,11.7965797714705,650.258311001147,0,0,0,1.225
1956.11661021524,51.7334520921464,3,8,26.6044125844543,95.7758853040355,-3.41129381227828e-05,11.7965794827312,650.259153635058,0,0,0,1.225
1956.36660432561,51.7428488082387,3,8,26.6044122687931,95.7758841676553,-3.30724832772993e-05,11.7965792027985,650.259970567646,0,0,0,1.225
1956.61659843597,51.7522455244409,3,8,26.6044119627597,95.775883065935,-3.20637644054717e-05,11.7965789314039,650.260762582114,0,0,0,1.225
1956.86659254634,51.7616422407494,3,8,26.6044116660604,95.7758819978174,-3.10858124178648e-05,11.7965786682868,650.261530439378,0,0,0,1.225
1957.1165866567,51.7710389571612,3,8,26.6044113784105,95.7758809622776,-3.013768960335e-05,11.7965784131949,650.262274875688,0,0,0,1.225
1957.36658076707,51.7804356736729,3,8,26.6044110995339,95.775879958322,-2.92184855362825e-05,11.7965781658834,650.262996605891,0,0,0,1.225
1957.61657487743,51.7898323902817,3,8,26.6044108291631,95.775878984987,-2.83273186681547e-05,11.7965779261148,650.263696322145,0,0,0,1.225
1957.8665689878,51.7992291069845,3,8,26.6044105670386,95.7758780413389,-2.74633329169105e-05,11.7965776936592,650.264374696632,0,0,0,1.225
1958.11656309816,51.8086258237784,3,8,26.6044103129089,95.7758771264721,-2.66257001681147e-05,11.7965774682936,650.265032379549,0,0,0,1.225
1958.36655720853,51.8180225406608,3,8,26.6044100665302,95.7758762395088,-2.58136154999934e-05,11.7965772498016,650.265670002912,0,0,0,1.225
1958.61655131889,51.8274192576288,3,8,26.6044098276661,95.7758753795979,-2.50263005941197e-05,11.7965770379736,650.266288177819,0,0,0,1.225
1958.86654542926,51.8368159746799,3,8,26.6044095960873,95.7758745459142,-2.42629994152115e-05,11.7965768326063,650.266887497893,0,0,0,1.225
1959.11653953962,51.8462126918115,3,8,26.6044093715716,95.7758737376578,-2.35229795754063e-05,11.7965766335028,650.267468538181,0,0,0,1.225
1959.36653364999,51.8556094090212,3,8,26.6044091539037,95.7758729540532,-2.28055307426076e-05,11.7965764404719,650.268031856418,0,0,0,1.225
1959.61652776035,51.8650061263066,3,8,26.6044089428745,95.7758721943484,-2.21099648678641e-05,11.7965762533284,650.268577992833,0,0,0,1.225
1959.86652187072,51.8744028436654,3,8,26.6044087382818,95.7758714578145,-2.14356141389583e-05,11.7965760718927,650.269107471777,0,0,0,1.225
1960.11651598108,51.8837995610953,3,8,26.6044085399291,95.7758707437447,-2.07818314351647e-05,11.7965758959909,650.269620801349,0,0,0,1.225
1960.36651009145,51.8931962785943,3,8,26.6044083476261,95.775870051454,-2.01479896451126e-05,11.796575725454,650.270118473934,0,0,0,1.225
1960.61650420181,51.9025929961601,3,8,26.6044081611883,95.775869380278,-1.95334805298909e-05,11.7965755601184,650.270600967103,0,0,0,1.225
1960.86649831218,51.9119897137907,3,8,26.6044079804369,95.7758687295727,-1.89377140409112e-05,11.7965753998255,650.27106874415,0,0,0,1.225
1961.11649242254,51.9213864314842,3,8,26.6044078051982,95.7758680987137,-1.83601187746658e-05,11.7965752444216,650.271522253719,0,0,0,1.225
1961.36648653291,51.9307831492387,3,8,26.6044076353044,95.7758674870958,-1.78001403810741e-05,11.7965750937574,650.27196193107,0,0,0,1.225
1961.61648064327,51.9401798670522,3,8,26.6044074705922,95.775866894132,-1.72572413361041e-05,11.7965749476884,650.272388198253,0,0,0,1.225
1961.86647475364,51.949576584923,3,8,26.6044073109037,95.7758663192534,-1.67309009417722e-05,11.7965748060745,650.272801464101,0,0,0,1.225
1962.116468864,51.9589733028494,3,8,26.6044071560857,95.7758657619084,-1.6220614189248e-05,11.7965746687797,650.27320212513,0,0,0,1.225
1962.36646297437,51.9683700208295,3,8,26.6044070059895,95.7758652215623,-1.57258915314753e-05,11.7965745356724,650.273590565716,0,0,0,1.225
1962.61645708473,51.9777667388619,3,8,26.6044068604712,95.7758646976965,-1.52462577462767e-05,11.7965744066248,650.273967158997,0,0,0,1.225
1962.8664511951,51.9871634569449,3,8,26.6044067193912,95.7758641898084,-1.47812528458703e-05,11.7965742815131,650.274332266136,0,0,0,1.225
1963.11644530546,51.996560175077,3,8,26.6044065826141,95.7758636974107,-1.43304307125949e-05,11.7965741602173,650.27468623741,0,0,0,1.225
1963.36643941583,52.0059568932566,3,8,26.6044064500086,95.7758632200309,-1.38933584167733e-05,11.796574042621,650.275029412748,0,0,0,1.225
1963.61643352619,52.0153536114824,3,8,26.6044063214475,95.775862757211,-1.34696171262283e-05,11.7965739286113,650.275362120995,0,0,0,1.225
1963.86642763656,52.0247503297528,3,8,26.6044061968075,95.7758623085069,-1.30588002872504e-05,11.7965738180788,650.275684681363,0,0,0,1.225
1964.11642174693,52.0341470480666,3,8,26.6044060759689,95.775861873488,-1.26605129424607e-05,11.7965737109175,650.275997403974,0,0,0,1.225
1964.36641585729,52.0435437664225,3,8,26.6044059588158,95.775861451737,-1.22743735498432e-05,11.7965736070246,650.276300588391,0,0,0,1.225
1964.61640996766,52.052940484819,3,8,26.6044058452359,95.7758610428492,-1.19000112541965e-05,11.7965735063004,650.276594525805,0,0,0,1.225
1964.86640407802,52.0623372032551,3,8,26.6044057351201,95.7758606464323,-1.15370672514078e-05,11.7965734086482,650.276879497929,0,0,0,1.225
1965.11639818839,52.0717339217295,3,8,26.6044056283627,95.7758602621059,-1.11851925146628e-05,11.7965733139743,650.277155778823,0,0,0,1.225
1965.36639229875,52.0811306402409,3,8,26.6044055248614,95.7758598895012,-1.08440505229938e-05,11.796573222188,650.277423632694,0,0,0,1.225
1965.61638640912,52.0905273587884,3,8,26.6044054245169,95.7758595282608,-1.05133129410785e-05,11.7965731332011,650.277683317355,0,0,0,1.225
1965.86638051948,52.0999240773708,3,8,26.6044053272328,95.775859178038,-1.0192662802546e-05,11.7965730469282,650.277935081674,0,0,0,1.225
1966.11637462985,52.109320795987,3,8,26.6044052329158,95.7758588384967,-9.88179246356571e-06,11.7965729632866,650.278179167203,0,0,0,1.225
1966.36636874021,52.1187175146361,3,8,26.6044051414754,95.7758585093113,-9.58040383022657e-06,11.796572882196,650.278415807991,0,0,0,1.225
1966.61636285058,52.1281142333169,3,8,26.6044050528239,95.7758581901659,-9.28820722164157e-06,11.7965728035787,650.278645231496,0,0,0,1.225
1966.86635696094,52.1375109520285,3,8,26.6044049668762,95.7758578807542,-9.00492227946406e-06,11.7965727273591,650.278867657846,0,0,0,1.225
1967.11635107131,52.1469076707701,3,8,26.6044048835498,95.7758575807793,-8.73027774050867e-06,11.7965726534642,650.279083300019,0,0,0,1.225
1967.36634518167,52.1563043895406,3,8,26.6044048027649,95.7758572899535,-8.46401007247713e-06,11.796572581823,650.279292364934,0,0,0,1.225
1967.61633929204,52.1657011083392,3,8,26.6044047244438,95.7758570079978,-8.20586301920018e-06,11.7965725123668,650.279495053805,0,0,0,1.225
1967.8663334024,52.1750978271651,3,8,26.6044046485115,95.7758567346414,-7.95558964704891e-06,11.796572445029,650.279691560507,0,0,0,1.225
1968.11632751277,52.1844945460173,3,8,26.6044045748951,95.7758564696223,-7.71294938900728e-06,11.796572379745,650.27988207393,0,0,0,1.225
1968.36632162313,52.1938912648952,3,8,26.6044045035239,95.7758562126861,-7.47770940894637e-06,11.796572316452,650.280066776892,0,0,0,1.225
1968.6163157335,52.2032879837978,3,8,26.6044044343295,95.7758559635862,-7.24964460162433e-06,11.7965722550895,650.280245846129,0,0,0,1.225
1968.86630984386,52.2126847027246,3,8,26.6044043672455,95.7758557220837,-7.02853509151706e-06,11.7965721955985,650.280419454294,0,0,0,1.225
1969.11630395423,52.2220814216747,3,8,26.6044043022075,95.7758554879469,-6.81416987088273e-06,11.7965721379219,650.280587767049,0,0,0,1.225
1969.36629806459,52.2314781406474,3,8,26.6044042391531,95.7758552609511,-6.60634247956012e-06,11.7965720820044,650.280750946511,0,0,0,1.225
1969.61629217496,52.240874859642,3,8,26.6044041780218,95.7758550408785,-6.40485373351706e-06,11.7965720277924,650.280909149069,0,0,0,1.225
1969.86628628532,52.2502715786579,3,8,26.604404118755,95.775854827518,-6.20951036057622e-06,11.7965719752338,650.281062526474,0,0,0,1.225
1970.11628039569,52.2596682976944,3,8,26.6044040612958,95.7758546206648,-6.02012454565703e-06,11.7965719242782,650.281211226198,0,0,0,1.225
1970.36627450605,52.2690650167509,3,8,26.604404005589,95.7758544201204,-5.83651529504989e-06,11.7965718748767,650.281355390341,0,0,0,1.225
1970.61626861642,52.2784617358267,3,8,26.6044039515813,95.7758542256926,-5.65850593524681e-06,11.7965718269819,650.281495157628,0,0,0,1.225
1970.86626272678,52.2878584549213,3,8,26.6044038992207,95.7758540371946,-5.48592547721562e-06,11.7965717805478,650.281630662318,0,0,0,1.225
1971.11625683715,52.2972551740342,3,8,26.6044038484571,95.7758538544457,-5.31860884377894e-06,11.79657173553,650.281762034017,0,0,0,1.225
1971.36625094751,52.3066518931647,3,8,26.6044037992418,95.7758536772705,-5.15639573271913e-06,11.7965716918852,650.281889398585,0,0,0,1.225
1971.61624505788,52.3160486123123,3,8,26.6044037515275,95.775853505499,-4.99912925250398e-06,11.7965716495715,650.282012879227,0,0,0,1.225
1971.86623916824,52.3254453314765,3,8,26.6044037052684,95.7758533389664,-4.84665956035129e-06,11.7965716085483,650.282132593579,0,0,0,1.225
1972.11623327861,52.3348420506568,3,8,26.6044036604202,95.7758531775129,-4.6988404515434e-06,11.7965715687764,650.282248656436,0,0,0,1.225
1972.36622738898,52.3442387698527,3,8,26.6044036169399,95.7758530209836,-4.55552935942713e-06,11.7965715302174,650.282361179747,0,0,0,1.225
1972.61622149934,52.3536354890637,3,8,26.6044035747856,95.7758528692283,-4.41658917444609e-06,11.7965714928345,650.28247027116,0,0,0,1.225
1972.86621560971,52.3630322082894,3,8,26.6044035339171,95.7758527221015,-4.28188665248744e-06,11.7965714565917,650.282576035293,0,0,0,1.225
1973.11620972007,52.3724289275292,3,8,26.604403494295,95.7758525794619,-4.15129286963994e-06,11.7965714214542,650.282678573369,0,0,0,1.225
1973.36620383044,52.3818256467829,3,8,26.6044034558813,95.7758524411727,-4.02468163054074e-06,11.7965713873885,650.282777984485,0,0,0,1.225
1973.6161979408,52.3912223660499,3,8,26.6044034186392,95.7758523071012,-3.90193196954473e-06,11.7965713543617,650.282874363613,0,0,0,1.225
1973.86619205117,52.4006190853299,3,8,26.604403382533,95.7758521771188,-3.78292610431325e-06,11.7965713223422,650.282967803231,0,0,0,1.225
1974.11618616153,52.4100158046224,3,8,26.604403347528,95.7758520511007,-3.66754989057216e-06,11.7965712912993,650.283058392961,0,0,0,1.225
1974.3661802719,52.4194125239272,3,8,26.6044033135906,95.7758519289261,-3.55569282211182e-06,11.7965712612032,650.283146219567,0,0,0,1.225
1974.61617438226,52.4288092432437,3,8,26.6044032806883,95.7758518104777,-3.44724689389197e-06,11.7965712320249,650.283231367859,0,0,0,1.225
1974.86616849263,52.4382059625716,3,8,26.6044032487894,95.7758516956419,-3.34210887583199e-06,11.7965712037366,650.28331391888,0,0,0,1.225
1975.11616260299,52.4476026819107,3,8,26.6044032178635,95.7758515843085,-3.24017735688355e-06,11.7965711763111,650.283393952262,0,0,0,1.225
1975.36615671336,52.4569994012605,3,8,26.6044031878807,95.7758514763707,-3.14135479144185e-06,11.796571149722,650.283471544591,0,0,0,1.225
1975.61615082372,52.4663961206207,3,8,26.6044031588124,95.7758513717248,-3.04554613507144e-06,11.7965711239438,650.283546770496,0,0,0,1.225
1975.86614493409,52.475792839991,3,8,26.6044031306307,95.7758512702706,-2.9526592992643e-06,11.7965710989519,650.283619702284,0,0,0,1.225
1976.11613904445,52.4851895593712,3,8,26.6044031033085,95.7758511719107,-2.86260560619788e-06,11.7965710747222,650.283690409576,0,0,0,1.225
1976.36613315482,52.4945862787608,3,8,26.6044030768196,95.7758510765506,-2.77529865183998e-06,11.7965710512315,650.283758960214,0,0,0,1.225
1976.61612726518,52.5039829981596,3,8,26.6044030511386,95.775850984099,-2.69065430594868e-06,11.7965710284572,650.283825420259,0,0,0,1.225
1976.86612137555,52.5133797175674,3,8,26.6044030262408,95.775850894467,-2.60859162158853e-06,11.7965710063775,650.283889853265,0,0,0,1.225
