distance_m,time_s,sector,segment,speed_m_s,speed_km_h,longitudinal_acceleration_m_s2,lateral_acceleration_m_s2,drive_force_N,brake_force_N,elevation_m,grade_percent,air_density_kg_m3
0.125,0.216076352718445,1,1,1.15699842604137,4.16519433374893,5.35458143144881,0,4284.64904949708,0,0,0,1.225
0.375,0.374254027858732,1,1,2.00404331339839,7.2145559282342,5.35559554500953,0,4287.42833536508,0,0,0,1.225
0.625,0.483154722793832,1,1,2.58732311246808,9.31436320488509,5.35660960032936,0,4290.2079473164,0,0,0,1.225
0.875,0.57166904300143,1,1,3.06150276625013,11.0214099585005,5.35762359745338,0,4292.9878853657,0,0,0,1.225
1.125,0.648202822956067,1,1,3.47157953548917,12.497686327761,5.35863753642658,0,4295.76814952761,0,0,0,1.225
1.375,0.716604918392572,1,1,3.83815537851939,13.8173593626698,5.35965141729387,0,4298.5487398167,0,0,0,1.225
1.625,0.779020264301042,1,1,4.17271085434946,15.0217590756581,5.36066524010009,0,4301.32965624747,0,0,0,1.225
1.875,0.836789554096819,1,1,4.48242143659577,16.1367171717448,5.36167900488999,0,4304.1108988344,0,0,0,1.225
2.125,0.890817122271454,1,1,4.77212687010759,17.1796567323873,5.36269271170822,0,4306.89246759191,0,0,0,1.225
2.375,0.941747163642661,1,1,5.04527448534564,18.1629881472443,5.36370636059939,0,4309.67436253438,0,0,0,1.225
2.625,0.990057812512029,1,1,5.30442279711295,19.0959220696066,5.36471995160799,0,4312.45658367613,0,0,0,1.225
2.875,1.03611553084718,1,1,5.55153263249242,19.9855174769727,5.36573348477842,0,4315.23913103142,0,0,0,1.225
3.125,1.08020853441478,1,1,5.78814604868101,20.8373257752516,5.36674696015508,0,4318.0220046145,0,0,0,1.225
3.375,1.12256835930536,1,1,6.01550176754574,21.6558063631647,5.3677603777822,0,4320.80520443954,0,0,0,1.225
3.625,1.16338433901684,1,1,6.23461266192355,22.4446055829248,5.36877373770396,0,4323.58873052067,0,0,0,1.225
3.875,1.20281364807629,1,1,6.44631951105703,23.2067502398053,5.36978703996446,0,4326.37258287197,0,0,0,1.225
4.125,1.24098846667056,1,1,6.6513293460614,23.9447856458211,5.37080028460777,0,4329.1567615075,0,0,0,1.225
4.375,1.27802121495937,1,1,6.85024346347259,24.6608764685013,5.37181347167775,0,4331.94126644121,0,0,0,1.225
4.625,1.31400845704843,1,1,7.04357831837434,25.3568819461476,5.37282660121835,0,4334.72609768708,0,0,0,1.225
4.875,1.34903386592422,1,1,7.23178139158644,26.0344130097112,5.37383967327328,0,4337.51125525896,0,0,0,1.225
5.125,1.38317051149288,1,1,7.4152434340341,26.6948763625228,5.37485268788627,0,4340.29673917072,0,0,0,1.225
5.375,1.41648265153366,1,1,7.59430805072013,27.3395089825925,5.37586564510097,0,4343.08254943616,0,0,0,1.225
5.625,1.44902715151473,1,1,7.76927929841295,27.9694054742866,5.37687854496089,0,4345.86868606902,0,0,0,1.225
5.875,1.48085462315728,1,1,7.94042777814053,28.5855400013059,5.37789138750948,0,4348.65514908298,0,0,0,1.225
6.125,1.51201034698557,1,1,8.10799557165275,29.1887840579499,5.37890417279019,0,4351.44193849176,0,0,0,1.225
6.375,1.54253502693764,1,1,8.27220027914881,29.7799210049357,5.3799169008463,0,4354.22905430892,0,0,0,1.225
6.625,1.57246541295587,1,1,8.43323835050875,30.3596580618315,5.38092957172105,0,4357.01649654807,0,0,0,1.225
6.875,1.60183481873586,1,1,8.59128785548396,30.9286362797423,5.38194218545755,0,4359.80426522264,0,0,0,1.225
7.125,1.63067355543707,1,1,8.74651080418217,31.4874388950558,5.38295474209895,0,4362.5923603462,0,0,0,1.225
7.375,1.65900929744932,1,1,8.89905510397717,32.0365983743178,5.38396724168808,0,4365.38078193203,0,0,0,1.225
7.625,1.68686739278871,1,1,9.04905622013208,32.5766023924755,5.3849796842681,0,4368.16952999369,0,0,0,1.225
7.875,1.7142711280358,1,1,9.19663859318439,33.1078989354638,5.38599206988169,0,4370.95860454439,0,0,0,1.225
8.125,1.74124195569742,1,1,9.34191685526915,33.630900678969,5.38700439857163,0,4373.74800559742,0,0,0,1.225
8.375,1.76779969030768,1,1,9.48499687917714,34.1459887650377,5.38801667038067,0,4376.53773316606,0,0,0,1.225
8.625,1.79396267836639,1,1,9.62597668742933,34.6535160747456,5.38902888535137,0,4379.32778726349,0,0,0,1.225
8.875,1.81974794625866,1,1,9.76494724354169,35.1538100767501,5.39004104352625,0,4382.11816790283,0,0,0,1.225
9.125,1.84517132954542,1,1,9.90199314361866,35.6471753170272,5.39105314494779,0,4384.90887509719,0,0,0,1.225
9.375,1.87024758641457,1,1,10.0371932232035,36.1338956035326,5.39206518965833,0,4387.6999088596,0,0,0,1.225
9.625,1.89499049760196,1,1,10.1706210917408,36.6142359302668,5.39307717770026,0,4390.49126920316,0,0,0,1.225
9.875,1.91941295470355,1,1,10.3023456049322,37.088444177756,5.3940891091157,0,4393.28295614071,0,0,0,1.225
10.125,1.94352703848585,1,1,10.4324312835854,37.5567526209075,5.39510098394686,0,4396.07496968524,0,0,0,1.225
10.375,1.96734408854535,1,1,10.5609386861811,38.0193792702521,5.39611280223571,0,4398.86730984952,0,0,0,1.225
10.625,1.99087476545696,1,1,10.6879247412602,38.4765290685368,5.39712456402441,0,4401.65997664654,0,0,0,1.225
10.875,2.01412910637831,1,1,10.8134430448025,38.9283949612889,5.39813626935484,0,4404.45297008901,0,0,0,1.225
11.125,2.03711657493293,1,1,10.937544127001,39.3751588572034,5.39914791826868,0,4407.24629018956,0,0,0,1.225
11.375,2.05984610607573,1,1,11.0602756921951,39.8169924919024,5.4001595108079,0,4410.03993696103,0,0,0,1.225
11.625,2.08232614654424,1,1,11.1816828351916,40.2540582066896,5.40117104701409,0,4412.83391041598,0,0,0,1.225
11.875,2.10456469141509,1,1,11.3018082367515,40.6865096523053,5.40218252692898,0,4415.62821056711,0,0,0,1.225
12.125,2.12656931721451,1,1,11.4206923406457,41.1144924263247,5.4031939505939,0,4418.42283742679,0,0,0,1.225
12.375,2.14834721197181,1,1,11.5383735143583,41.5381446516899,5.40420531805051,0,4421.21779100769,0,0,0,1.225
12.625,2.16990520255376,1,1,11.6548881952464,41.9575975028869,5.40521662934015,0,4424.01307132223,0,0,0,1.225
12.875,2.19124977957477,1,1,11.7702710237341,42.3729756854427,5.40622788450406,0,4426.80867838278,0,0,0,1.225
13.125,2.21238712014058,1,1,11.8845549649188,42.7843978737077,5.40723908358365,0,4429.60461220184,0,0,0,1.225
13.375,2.23332310865128,1,1,11.9977714197982,43.1919771112736,5.40825022661988,0,4432.40087279158,0,0,0,1.225
13.625,2.25406335586248,1,1,12.1099503271812,43.5958211778522,5.40926131365404,0,4435.19746016443,0,0,0,1.225
13.875,2.27461321637946,1,1,12.2211202572183,43.9960329259858,5.41027234472705,0,4437.99437433256,0,0,0,1.225
14.125,2.29497780473909,1,1,12.3313084973794,44.392710590566,5.41128331987977,0,4440.79161530811,0,0,0,1.225
14.375,2.3151620102163,1,1,12.4405411316108,44.7859480737989,5.41229423915331,0,4443.58918310342,0,0,0,1.225
14.625,2.3351705104767,1,1,12.5488431133207,45.1758352079545,5.4133051025882,0,4446.38707773037,0,0,0,1.225
14.875,2.35500778418325,1,1,12.6562383327725,45.5624579979809,5.41431591022541,0,4449.18529920124,0,0,0,1.225
15.125,2.37467812265348,1,1,12.7627496793999,45.9458988458396,5.41532666210549,0,4451.98384752797,0,0,0,1.225
15.375,2.39418564065301,1,1,12.868399099504,46.3262367582144,5.416337358269,0,4454.78272272253,0,0,0,1.225
15.625,2.41353428640247,1,1,12.9732076497438,46.7035475390778,5.41734799875644,0,4457.58192479683,0,0,0,1.225
15.875,2.43272785086673,1,1,13.0771955467892,47.0779039684411,5.41835858360815,0,4460.38145376271,0,0,0,1.225
16.125,2.45176997638836,1,1,13.1803822134672,47.4493759684818,5.41936911286479,0,4463.18130963224,0,0,0,1.225
16.375,2.47066416472101,1,1,13.2827863216999,47.8180307581198,5.42037958656636,0,4465.98149241702,0,0,0,1.225
16.625,2.48941378451295,1,1,13.3844258325028,48.1839329970102,5.42139000475316,0,4468.78200212887,0,0,0,1.225
16.875,2.5080220782861,1,1,13.4853180332843,48.5471449198236,5.42240036746546,0,4471.5828387796,0,0,0,1.225
17.125,2.52649216895143,1,1,13.5854795726679,48.9077264616043,5.42341067474308,0,4474.38400238071,0,0,0,1.225
17.375,2.54482706589792,1,1,13.6849264930331,49.265735374919,5.42442092662628,0,4477.18549294402,0,0,0,1.225
17.625,2.56302967068861,1,1,13.7836742609568,49.6212273394445,5.42543112315479,0,4479.98731048098,0,0,0,1.225
17.875,2.5811027823944,1,1,13.8817377957172,49.974256064582,5.42644126436863,0,4482.78945500326,0,0,0,1.225
18.125,2.59904910259332,1,1,13.9791314960091,50.3248733856327,5.42745135030736,0,4485.59192652219,0,0,0,1.225
18.375,2.61687124006046,1,1,14.0758692650061,50.6731293540219,5.42846138101089,0,4488.39472504939,0,0,0,1.225
18.625,2.63457171517184,1,1,14.1719645338932,51.0190723220154,5.42947135651889,0,4491.19785059631,0,0,0,1.225
18.875,2.65215296404311,1,1,14.2674302839815,51.3627490223334,5.43048127687069,0,4494.00130317414,0,0,0,1.225
19.125,2.66961734242239,1,1,14.3622790675093,51.7042046430336,5.43149114210598,0,4496.80508279435,0,0,0,1.225
19.375,2.68696712935483,1,1,14.4565230272223,52.0434828980004,5.43250095226421,0,4499.60918946827,0,0,0,1.225
19.625,2.70420453063514,1,1,14.5501739148205,52.3806260933537,5.43351070738464,0,4502.41362320708,0,0,0,1.225
19.875,2.72133168206278,1,1,14.6432431083502,52.7156751900606,5.43452040750657,0,4505.21838402198,0,0,0,1.225
20.125,2.73835065251347,1,1,14.7357416286147,53.0486698630129,5.43553005266921,0,4508.02347192415,0,0,0,1.225
20.375,2.75526344683956,1,1,14.8276801546696,53.3796485568107,5.43653964291173,0,4510.82888692473,0,0,0,1.225
20.625,2.77207200861076,1,1,14.9190690384648,53.7086485384734,5.43754917827323,0,4513.63462903483,0,0,0,1.225
20.875,2.78877822270578,1,1,15.00991831869,54.0357059472841,5.4385586587926,0,4516.44069826538,0,0,0,1.225
21.125,2.80538391776475,1,1,15.100237733876,54.3608558419535,5.43956808450895,0,4519.24709462754,0,0,0,1.225
21.375,2.82189086851144,1,1,15.1900367347997,54.6841322452789,5.44057745546098,0,4522.05381813214,0,0,0,1.225
21.625,2.83830079795358,1,1,15.2793244962384,55.0055681864583,5.44158677168753,0,4524.86086879011,0,0,0,1.225
21.875,2.8546153794691,1,1,15.3681099281135,55.3251957412085,5.44259603322735,0,4527.66824661237,0,0,0,1.225
22.125,2.87083623878531,1,1,15.4564016860625,55.6430460698251,5.44360524011915,0,4530.4759516098,0,0,0,1.225
22.375,2.88696495585783,1,1,15.5442081814754,55.9591494533115,5.44461439240149,0,4533.28398379314,0,0,0,1.225
22.625,2.9030030666552,1,1,15.6315375910265,56.2735353276955,5.44562349011278,0,4536.09234317309,0,0,0,1.225
22.875,2.91895206485512,1,1,15.7183978657345,56.5862323166442,5.44663253329162,0,4538.90102976046,0,0,0,1.225
23.125,2.93481340345741,1,1,15.804796739577,56.8972682624772,5.44764152197621,0,4541.71004356578,0,0,0,1.225
23.375,2.95058849631876,1,1,15.8907417376877,57.2066702556756,5.44865045620497,0,4544.51938459979,0,0,0,1.225
23.625,2.96627871961378,1,1,15.9762401841592,57.5144646629732,5.44965933601605,0,4547.32905287297,0,0,0,1.225
23.875,2.98188541322674,1,1,16.0612992094759,57.8206771541131,5.45066816144799,0,4550.13904839618,0,0,0,1.225
24.125,2.9974098820778,1,1,16.1459257575961,58.1253327273461,5.45167693253836,0,4552.9493711795,0,0,0,1.225
24.375,3.01285339738768,1,1,16.2301265927063,58.4284557337427,5.45268564932553,0,4555.76002123365,0,0,0,1.225
24.625,3.02821719788396,1,1,16.3139083056626,58.7300699003852,5.45369431184736,0,4558.57099856898,0,0,0,1.225
24.875,3.04350249095259,1,1,16.3972773201396,59.0301983525024,5.45470292014181,0,4561.38230319592,0,0,0,1.225
25.125,3.05871045373731,1,1,16.4802398985015,59.3288636346054,5.45571147424675,0,4564.19393512484,0,0,0,1.225
25.375,3.07384223419004,1,1,16.5628021474107,59.6260877306785,5.4567199741997,0,4567.00589436585,0,0,0,1.225
25.625,3.08889895207483,1,1,16.6449700231881,59.9218920834773,5.45772842003862,0,4569.81818092943,0,0,0,1.225
25.875,3.10388169992776,1,1,16.7267493369391,60.2162976129806,5.4587368118008,0,4572.63079482553,0,0,0,1.225
26.125,3.11879154397533,1,1,16.8081457594561,60.509324734042,5.45974514952457,0,4575.44373606493,0,0,0,1.225
26.375,3.13362952501333,1,1,16.8891648259118,60.8009933732824,5.4607534332464,0,4578.25700465698,0,0,0,1.225
26.625,3.14839665924829,1,1,16.969811940351,61.0913229852635,5.46176166300438,0,4581.0706006123,0,0,0,1.225
26.875,3.16309393910351,1,1,17.0500923799943,61.3803325679793,5.46276983883592,0,4583.884523941,0,0,0,1.225
27.125,3.17772233399144,1,1,17.1300112993612,61.6680406777002,5.46377796077786,0,4586.69877465273,0,0,0,1.225
27.375,3.19228279105405,1,1,17.2095737342229,61.9544654432023,5.46478602886771,0,4589.5133527577,0,0,0,1.225
27.625,3.20677623587289,1,1,17.2887846053925,62.2396245794129,5.46579404314252,0,4592.32825826579,0,0,0,1.225
27.875,3.22120357315029,1,1,17.3676487223617,62.523535400502,5.4668020036396,0,4595.14349118704,0,0,0,1.225
28.125,3.23556568736311,1,1,17.4461707867904,62.8062148324456,5.46780991039577,0,4597.95905153118,0,0,0,1.225
28.375,3.24986344339047,1,1,17.5243553958575,63.0876794250871,5.46881776344799,0,4600.77493930803,0,0,0,1.225
28.625,3.26409768711652,1,1,17.6022070454785,63.3679453637224,5.46982556283319,0,4603.59115452739,0,0,0,1.225
28.875,3.27826924600974,1,1,17.679730133397,63.6470284802293,5.47083330858834,0,4606.40769719914,0,0,0,1.225
29.125,3.29237892967956,1,1,17.7569289621567,63.9249442637643,5.47184100074992,0,4609.22456733274,0,0,0,1.225
29.375,3.30642753041166,1,1,17.8338077419576,64.2017078710474,5.47284863935488,0,4612.04176493808,0,0,0,1.225
29.625,3.32041582368275,1,1,17.9103705934036,64.4773341362529,5.47385622443994,0,4614.85929002485,0,0,0,1.225
29.875,3.33434456865582,1,1,17.986621550146,64.7518375805256,5.47486375604126,0,4617.67714260232,0,0,0,1.225
30.125,3.34821450865685,1,1,18.0625645614275,65.0252324211389,5.47587123419567,0,4620.4953226803,0,0,0,1.225
30.375,3.36202637163371,1,1,18.1382034945311,65.2975325803119,5.47687865893931,0,4623.31383026808,0,0,0,1.225
30.625,3.37578087059811,1,1,18.2135421371388,65.5687516936998,5.4778860303087,0,4626.13266537523,0,0,0,1.225
30.875,3.38947870405138,1,1,18.2885841996037,65.8389031185733,5.47889334834065,0,4628.95182801162,0,0,0,1.225
31.125,3.4031205563947,1,1,18.363333317139,66.1079999417003,5.47990061307041,0,4631.77131818585,0,0,0,1.225
31.375,3.41670709832461,1,1,18.4377930519286,66.3760549869431,5.48090782453517,0,4634.59113590806,0,0,0,1.225
31.625,3.43023898721433,1,1,18.511966895162,66.6430808225832,5.48191498277038,0,4637.41128118707,0,0,0,1.225
31.875,3.44371686748152,1,1,18.5858582689963,66.9090897683868,5.4829220878122,0,4640.23175403225,0,0,0,1.225
32.125,3.45714137094318,1,1,18.6594705284501,67.1740939024203,5.48392913969667,0,4643.05255445288,0,0,0,1.225
32.375,3.47051311715803,1,1,18.7328069632299,67.4381050676278,5.48493613845972,0,4645.87368245818,0,0,0,1.225
32.625,3.48383271375707,1,1,18.8058707994946,67.7011348781807,5.48594308413715,0,4648.69513805727,0,0,0,1.225
32.875,3.49710075676281,1,1,18.8786652015578,67.9631947256082,5.48694997676489,0,4651.51692125941,0,0,0,1.225
33.125,3.51031783089754,1,1,18.9511932735328,68.2242957847183,5.4879568163783,0,4654.33903207338,0,0,0,1.225
33.375,3.52348450988113,1,1,19.0234580609216,68.4844490193179,5.48896360301376,0,4657.1614705088,0,0,0,1.225
33.625,3.53660135671889,1,1,19.0954625521503,68.7436651877411,5.48997033670605,0,4659.98423657406,0,0,0,1.225
33.875,3.54966892397977,1,1,19.1672096800532,69.0019548481914,5.49097701749133,0,4662.80733027862,0,0,0,1.225
34.125,3.56268775406535,1,1,19.2387023233078,69.259328363908,5.49198364540473,0,4665.63075163115,0,0,0,1.225
34.375,3.57565837946994,1,1,19.3099433078225,69.5157959081611,5.49299022048172,0,4668.45450064059,0,0,0,1.225
34.625,3.58858132303228,1,1,19.380935408079,69.7713674690843,5.49399674275776,0,4671.27857731592,0,0,0,1.225
34.875,3.60145709817897,1,1,19.4516813484307,70.0260528543504,5.49500321226776,0,4674.10298166566,0,0,0,1.225
35.125,3.61428620916015,1,1,19.52218380436,70.2798616956959,5.49600962904742,0,4676.92771369898,0,0,0,1.225
35.375,3.62706915127757,1,1,19.5924454036948,70.5328034533011,5.49701599313198,0,4679.7527734247,0,0,0,1.225
35.625,3.63980641110549,1,1,19.6624687277865,70.7848874200314,5.49802230455589,0,4682.57816085103,0,0,0,1.225
35.875,3.65249846670458,1,1,19.7322563126511,71.036122725544,5.49902856335473,0,4685.40387598708,0,0,0,1.225
36.125,3.66514578782912,1,1,19.8018106500741,71.2865183402668,5.50003476956329,0,4688.22991884135,0,0,0,1.225
36.375,3.6777488361278,1,1,19.8711341886814,71.5360830792531,5.50104092321635,0,4691.05628942235,0,0,0,1.225
36.625,3.69030806533825,1,1,19.9402293349769,71.784825605917,5.50204702434871,0,4693.8829877386,0,0,0,1.225
36.875,3.70282392147568,1,1,20.0090984543485,72.0327544356546,5.50305307299561,0,4696.71001379901,0,0,0,1.225
37.125,3.71529684301576,1,1,20.0777438720429,72.2798779393546,5.5040590691915,0,4699.53736761185,0,0,0,1.225
37.375,3.72772726107191,1,1,20.1461678741119,72.5262043468028,5.50506501297093,0,4702.36504918549,0,0,0,1.225
37.625,3.74011559956734,1,1,20.2143727083289,72.7717417499841,5.50607090436858,0,4705.19305852842,0,0,0,1.225
37.875,3.75246227540191,1,1,20.2823605850793,73.0164981062856,5.50707674341891,0,4708.02139564896,0,0,0,1.225
38.125,3.76476769861405,1,1,20.3501336782237,73.2604812416053,5.50808253015668,0,4710.8500605557,0,0,0,1.225
38.375,3.77703227253794,1,1,20.4176941259356,73.5036988533683,5.5090882646158,0,4713.67905325653,0,0,0,1.225
38.625,3.78925639395604,1,1,20.4850440315155,73.7461585134558,5.51009394683103,0,4716.50837376008,0,0,0,1.225
38.875,3.80144045324723,1,1,20.5521854641799,73.9878676710475,5.51109957683673,0,4719.33802207461,0,0,0,1.225
39.125,3.81358483453065,1,1,20.6191204598286,74.2288336553829,5.51210515466676,0,4722.16799820804,0,0,0,1.225
39.375,3.82568991580538,1,1,20.6858510217897,74.4690636784428,5.51311068035534,0,4724.99830216859,0,0,0,1.225
39.625,3.83775606908625,1,1,20.7523791215429,74.7085648375545,5.51411615393693,0,4727.82893396466,0,0,0,1.225
39.875,3.84978366053563,1,1,20.8187066994229,74.9473441179224,5.51512157544539,0,4730.65989360421,0,0,0,1.225
40.125,3.86177305059167,1,1,20.8848356653024,75.1854083950885,5.51612694491439,0,4733.49118109503,0,0,0,1.225
40.375,3.87372459409284,1,1,20.9507678992563,75.4227644373227,5.51713226237825,0,4736.32279644546,0,0,0,1.225
40.625,3.88563864039908,1,1,21.0165052522076,75.6594189079475,5.51813752787075,0,4739.15473966341,0,0,0,1.225
40.875,3.89751553350952,1,1,21.0820495465549,75.8953783675976,5.51914274142587,0,4741.98701075699,0,0,0,1.225
41.125,3.90935561217707,1,1,21.1474025767828,76.1306492764182,5.5201479030768,0,4744.81960973367,0,0,0,1.225
41.375,3.92115921001978,1,1,21.2125661100562,76.3652379962023,5.52115301285778,0,4747.65253660175,0,0,0,1.225
41.625,3.93292665562924,1,1,21.2775418867974,76.5991507924708,5.52215807080211,0,4750.48579136883,0,0,0,1.225
41.875,3.94465827267605,1,1,21.3423316212488,76.8323938364956,5.52316307694332,0,4753.3193740427,0,0,0,1.225
42.125,3.95635438001243,1,1,21.4069370020192,77.0649732072693,5.5241680313153,0,4756.15328463143,0,0,0,1.225
42.375,3.96801529177209,1,1,21.471359692617,77.2968948934211,5.52517293395124,0,4758.98752314255,0,0,0,1.225
42.625,3.97964131746754,1,1,21.5356013319676,77.5281647950835,5.52617778488434,0,4761.82208958361,0,0,0,1.225
42.875,3.99123276208471,1,1,21.5996635349189,77.758788725708,5.52718258414848,0,4764.65698396273,0,0,0,1.225
43.125,4.00278992617519,1,1,21.6635478927318,77.9887724138346,5.52818733177639,0,4767.49220628712,0,0,0,1.225
43.375,4.01431310594602,1,1,21.7272559735596,78.2181215048144,5.52919202780129,0,4770.32775656436,0,0,0,1.225
43.625,4.02580259334714,1,1,21.7907893229133,78.4468415624881,5.53019667225658,0,4773.16363480223,0,0,0,1.225
43.875,4.03725867615667,1,1,21.8541494641167,78.6749380708201,5.53120126517535,0,4775.99984100825,0,0,0,1.225
44.125,4.04868163806391,1,1,21.917337898748,78.9024164354927,5.53220580659035,0,4778.83637518969,0,0,0,1.225
44.375,4.06007175875027,1,1,21.9803561070715,79.1292819854574,5.533210296535,0,4781.67323735435,0,0,0,1.225
44.625,4.07142931396818,1,1,22.043205548458,79.3555399744488,5.53421473504204,0,4784.51042750954,0,0,0,1.225
44.875,4.08275457561795,1,1,22.1058876617942,79.5811955824592,5.53521912214387,0,4787.34794566226,0,0,0,1.225
45.125,4.09404781182275,1,1,22.1684038658824,79.8062539171767,5.5362234578738,0,4790.18579182028,0,0,0,1.225
45.375,4.10530928700175,1,1,22.2307555598298,80.0307200153874,5.53722774226446,0,4793.02396599084,0,0,0,1.225
45.625,4.11653926194136,1,1,22.2929441234286,80.2545988443428,5.53823197534882,0,4795.86246818143,0,0,0,1.225
45.875,4.12773799386479,1,1,22.354970917526,80.4778953030937,5.53923615715871,0,4798.70129839869,0,0,0,1.225
46.125,4.13890573649992,1,1,22.4168372843864,80.7006142237911,5.54024028772744,0,4801.54045665043,0,0,0,1.225
46.375,4.15004274014544,1,1,22.4785445480431,80.9227603729553,5.54124436708696,0,4804.37994294336,0,0,0,1.225
46.625,4.16114925173545,1,1,22.5400940146431,81.1443384527151,5.54224839527035,0,4807.21975728516,0,0,0,1.225
46.875,4.17222551490249,1,1,22.6014869727822,81.365353102016,5.54325237230955,0,4810.05989968256,0,0,0,1.225
47.125,4.18327177003905,1,1,22.6627246938333,81.5858088977999,5.54425629823686,0,4812.90037014262,0,0,0,1.225
47.375,4.19428825435762,1,1,22.7238084322657,81.8057103561567,5.54526017308467,0,4815.74116867248,0,0,0,1.225
47.625,4.20527520194935,1,1,22.784739425958,82.0250619334487,5.54626399688527,0,4818.58229527919,0,0,0,1.225
47.875,4.21623284384121,1,1,22.8455188965023,82.2438680274082,5.54726776967073,0,4821.42374996966,0,0,0,1.225
48.125,4.22716140805198,1,1,22.9061480495025,82.4621329782092,5.54827149147332,0,4824.26553275096,0,0,0,1.225
48.375,4.23806111964682,1,1,22.966628074865,82.6798610695141,5.54927516232465,0,4827.10764362966,0,0,0,1.225
48.625,4.24893220079055,1,1,23.0269601470825,82.8970565294969,5.55027878225746,0,4829.95008261324,0,0,0,1.225
48.875,4.25977487079981,1,1,23.0871454255114,83.1137235318412,5.55128235130292,0,4832.79284970789,0,0,0,1.225
49.125,4.27058934619392,1,1,23.1471850546435,83.3298661967167,5.55228586949329,0,4835.63594492076,0,0,0,1.225
49.375,4.28137584074465,1,1,23.2070801643701,83.5454885917325,5.55328933686042,0,4838.47936825863,0,0,0,1.225
49.625,4.29213456552478,1,1,23.2668318702413,83.7605947328686,5.5542927534359,0,4841.32311972811,0,0,0,1.225
49.875,4.30286572895564,1,1,23.3264412737187,83.9751885853873,5.55529611925158,0,4844.16719933601,0,0,0,1.225
50.125,4.31356953685351,1,1,23.385909462423,84.1892740647228,5.55629943433883,0,4847.01160708877,0,0,0,1.225
50.375,4.32424619247506,1,1,23.4452375103754,84.4028550373513,5.5573026987297,0,4849.85634299343,0,0,0,1.225
50.625,4.33489589656169,1,1,23.504426478234,84.6159353216425,5.55830591245535,0,4852.70140705625,0,0,0,1.225
50.875,4.34551884738293,1,1,23.5634774135251,84.8285186886905,5.55930907554739,0,4855.54679928393,0,0,0,1.225
51.125,4.3561152407789,1,1,23.6223913508689,85.040608863128,5.56031218803719,0,4858.39251968295,0,0,0,1.225
51.375,4.36668527020181,1,1,23.6811693122004,85.2522095239216,5.56131524995635,0,4861.23856826001,0,0,0,1.225
51.625,4.37722912675653,1,1,23.7398123069861,85.4633243051498,5.56231826133603,0,4864.08494502146,0,0,0,1.225
51.875,4.38774699924035,1,1,23.7983213324346,85.6739567967646,5.56332122220715,0,4866.93164997345,0,0,0,1.225
52.125,4.3982390741818,1,1,23.8566973737044,85.8841105453359,5.56432413260177,0,4869.77868312309,0,0,0,1.225
52.375,4.40870553587868,1,1,23.9149414041056,86.09378905478,5.56532699255013,0,4872.62604447603,0,0,0,1.225
52.625,4.41914656643526,1,1,23.9730543852981,86.3029957870732,5.5663298020836,0,4875.47373403882,0,0,0,1.225
52.875,4.42956234579868,1,1,24.0310372674858,86.5117341629488,5.5673325612338,0,4878.32175181824,0,0,0,1.225
53.125,4.43995305179461,1,1,24.0888909896057,86.7200075625805,5.56833527003073,0,4881.17009781978,0,0,0,1.225
53.375,4.45031886016211,1,1,24.1466164795141,86.9278193262507,5.569337928506,0,4884.01877205023,0,0,0,1.225
53.625,4.46065994458777,1,1,24.204214654168,87.1351727550047,5.57034053669054,0,4886.86777451583,0,0,0,1.225
53.875,4.47097647673916,1,1,24.2616864198033,87.3420711112918,5.5713430946148,0,4889.7171052225,0,0,0,1.225
54.125,4.48126862629756,1,1,24.3190326721088,87.5485176195918,5.57234560230972,0,4892.5667641765,0,0,0,1.225
54.375,4.49153656099,1,1,24.3762542963973,87.7545154670302,5.57334805980554,0,4895.41675138356,0,0,0,1.225
54.625,4.50178044662068,1,1,24.4333521677718,87.9600678039786,5.57435046713385,0,4898.26706685054,0,0,0,1.225
54.875,4.51200044710169,1,1,24.4903271512903,88.165177744645,5.57535282432468,0,4901.11771058301,0,0,0,1.225
55.125,4.52219672448315,1,1,24.547180102125,88.3698483676498,5.57635513140849,0,4903.96868258692,0,0,0,1.225
55.375,4.53236943898268,1,1,24.60391186572,88.5740827165918,5.57735738841575,0,4906.81998286824,0,0,0,1.225
55.625,4.54251874901437,1,1,24.6605232779449,88.7778838006017,5.57835959537715,0,4909.67161143314,0,0,0,1.225
55.875,4.55264481121702,1,1,24.7170151652458,88.9812545948847,5.57936175232317,0,4912.52356828759,0,0,0,1.225
56.125,4.56274778048196,1,1,24.7733883447923,89.1841980412522,5.58036385928381,0,4915.37585343723,0,0,0,1.225
56.375,4.5728278099802,1,1,24.829643624623,89.3867170486429,5.58136591628954,0,4918.22846688808,0,0,0,1.225
56.625,4.58288505118913,1,1,24.8857818037871,89.5888144936334,5.58236792337061,0,4921.08140864598,0,0,0,1.225
56.875,4.59291965391859,1,1,24.9418036724829,89.7904932209384,5.5833698805568,0,4923.9346787164,0,0,0,1.225
57.125,4.60293176633653,1,1,24.9977100121949,89.9917560439017,5.58437178787881,0,4926.78827710558,0,0,0,1.225
57.375,4.6129215349941,1,1,25.0535015958269,90.1926057449768,5.58537364536642,0,4929.64220381903,0,0,0,1.225
57.625,4.62288910485025,1,1,25.109179187833,90.3930450761987,5.58637545304941,0,4932.49645886226,0,0,0,1.225
57.875,4.63283461929589,1,1,25.1647435443461,90.5930767596458,5.58737721095827,0,4935.35104224135,0,0,0,1.225
58.125,4.64275822017753,1,1,25.2201954133037,90.7927034878934,5.58837891912231,0,4938.20595396149,0,0,0,1.225
58.375,4.65266004782051,1,1,25.2755355345718,90.9919279244584,5.589380577572,0,4941.06119402876,0,0,0,1.225
58.625,4.66254024105175,1,1,25.3307646400652,91.1907527042347,5.59038218633668,0,4943.91676244837,0,0,0,1.225
58.875,4.6723989372221,1,1,25.3858834538671,91.3891804339215,5.59138374544614,0,4946.7726592259,0,0,0,1.225
59.125,4.68223627222819,1,1,25.4408926923451,91.5872136924423,5.59238525493015,0,4949.62888436693,0,0,0,1.225
59.375,4.69205238053396,1,1,25.4957930642656,91.7848550313562,5.59338671481828,0,4952.48543787688,0,0,0,1.225
59.625,4.70184739519174,1,1,25.5505852709061,91.982106975262,5.59438812514009,0,4955.34231976116,0,0,0,1.225
59.875,4.71162144786288,1,1,25.6052700061649,92.1789720221938,5.59538948592535,0,4958.19953002541,0,0,0,1.225
60.125,4.72137466883811,1,1,25.6598479566694,92.37545264401,5.59639079720364,0,4961.05706867507,0,0,0,1.225
60.375,4.73110718705739,1,1,25.7143198018817,92.5715512867741,5.59739205900405,0,4963.91493571522,0,0,0,1.225
60.625,4.74081913012949,1,1,25.7686862142026,92.7672703711293,5.59839327135569,0,4966.77313115099,0,0,0,1.225
60.875,4.75051062435118,1,1,25.8229478590738,92.9626122926658,5.59939443428857,0,4969.6316549882,0,0,0,1.225
61.125,4.76018179472601,1,1,25.877105395078,93.1575794222808,5.60039554783134,0,4972.49050723163,0,0,0,1.225
61.375,4.76983276498285,1,1,25.931159474037,93.3521741065331,5.60139661201379,0,4975.34968788696,0,0,0,1.225
61.625,4.77946365759397,1,1,25.9851107411082,93.5463986679895,5.60239762686456,0,4978.20919695897,0,0,0,1.225
61.875,4.78907459379291,1,1,26.0389598348797,93.7402554055668,5.60339859241344,0,4981.06903445337,0,0,0,1.225
62.125,4.79866569359192,1,1,26.0927073874627,93.9337465948658,5.60439950868886,0,4983.92920037478,0,0,0,1.225
62.375,4.80823707579917,1,1,26.1463540245835,94.1268744885006,5.60540037571968,0,4986.7896947282,0,0,0,1.225
62.625,4.81778885803558,1,1,26.1999003656725,94.3196413164211,5.60640119353548,0,4989.65051751919,0,0,0,1.225
62.875,4.82732115675142,1,1,26.2533470239528,94.5120492862302,5.60740196216489,0,4992.51166875258,0,0,0,1.225
63.125,4.83683408724253,1,1,26.3066946065264,94.7041005834949,5.60840268163724,0,4995.37314843376,0,0,0,1.225
63.375,4.8463277636663,1,1,26.359943714459,94.8957973720524,5.60940335198006,0,4998.23495656669,0,0,0,1.225
63.625,4.85580229905742,1,1,26.413094942864,95.0871417943104,5.61040397322358,0,5001.09709315752,0,0,0,1.225
63.875,4.86525780534321,1,1,26.4661488809839,95.2781359715419,5.61140454539554,0,5003.95955821038,0,0,0,1.225
64.125,4.87469439335883,1,1,26.5191061122709,95.4687820041752,5.61240506852528,0,5006.82235173073,0,0,0,1.225
64.375,4.88411217286212,1,1,26.5719672144664,95.6590819720789,5.61340554264052,0,5009.68547372272,0,0,0,1.225
64.625,4.89351125254823,1,1,26.6247327596781,95.8490379348412,5.61440596777084,0,5012.54892419201,0,0,0,1.225
64.875,4.90289174006399,1,1,26.6774033144571,96.0386519320455,5.61540634394396,0,5015.41270314279,0,0,0,1.225
65.125,4.91225374202201,1,1,26.7299794398722,96.2279259835398,5.61640667118854,0,5018.27681057999,0,0,0,1.225
65.375,4.92159736401458,1,1,26.7824616915841,96.4168620897028,5.61740694953346,0,5021.14124650873,0,0,0,1.225
65.625,4.93092271062727,1,1,26.8348506199178,96.6054622317042,5.61840717900623,0,5024.00601093306,0,0,0,1.225
65.875,4.94022988545235,1,1,26.8871467699339,96.7937283717619,5.61940735963572,0,5026.87110385813,0,0,0,1.225
66.125,4.94951899110196,1,1,26.9393506814982,96.9816624533935,5.62040749145012,0,5029.73652528854,0,0,0,1.225
66.375,4.95879012922105,1,1,26.9914628893511,97.169266401664,5.62140757447764,0,5032.60227522892,0,0,0,1.225
66.625,4.96804340050012,1,1,27.043483923175,97.35654212343,5.62240760874624,0,5035.46835368372,0,0,0,1.225
66.875,4.97727890468773,1,1,27.0954143076607,97.5434915075784,5.62340759428389,0,5038.33476065739,0,0,0,1.225
67.125,4.98649674060279,1,1,27.1472545625729,97.7301164252623,5.62440753111923,0,5041.20149615496,0,0,0,1.225
67.375,4.99569700614668,1,1,27.1990052028145,97.9164187301323,5.62540741927955,0,5044.06856018035,0,0,0,1.225
67.625,5.00487979831513,1,1,27.2506667384901,98.1024002585644,5.62640725879351,0,5046.93595273861,0,0,0,1.225
67.875,5.01404521320994,1,1,27.3022396749675,98.2880628298831,5.6274070496886,0,5049.80367383387,0,0,0,1.225
68.125,5.02319334605044,1,1,27.3537245129396,98.4734082465825,5.62840679199257,0,5052.67172347046,0,0,0,1.225
68.375,5.03232429118486,1,1,27.4051217484839,98.6584382945419,5.62940648573363,0,5055.54010165308,0,0,0,1.225
68.625,5.04143814210142,1,1,27.456431873122,98.8431547432393,5.63040613093904,0,5058.40880838572,0,0,0,1.225
68.875,5.05053499143929,1,1,27.5076553738779,99.0275593459605,5.63140572763677,0,5061.27784367293,0,0,0,1.225
69.125,5.05961493099938,1,1,27.5587927333348,99.2116538400054,5.63240527585458,0,5064.14720751906,0,0,0,1.225
69.375,5.06867805175488,1,1,27.6098444296917,99.3954399468901,5.63340477561974,0,5067.01689992815,0,0,0,1.225
69.625,5.07772444386173,1,1,27.6608109368186,99.5789193725469,5.63440422696067,0,5069.88692090512,0,0,0,1.225
69.875,5.08675419666886,1,1,27.7116927243111,99.76209380752,5.63540362990352,0,5072.7572704531,0,0,0,1.225
70.125,5.09576739872827,1,1,27.7624902575441,99.9449649271589,5.63640298447694,0,5075.62794857723,0,0,0,1.225
70.375,5.10476413780498,1,1,27.8132039977243,100.127534391808,5.63740229070777,0,5078.4989552812,0,0,0,1.225
70.625,5.11374450088675,1,1,27.8638344019423,100.309803846992,5.63840154862305,0,5081.3702905689,0,0,0,1.225
70.875,5.12270857419375,1,1,27.9143819232234,100.491774923604,5.63940075825099,0,5084.24195444514,0,0,0,1.225
71.125,5.131656443188,1,1,27.9648470105783,100.673449238082,5.64039991961818,0,5087.11394691345,0,0,0,1.225
71.375,5.14058819258266,1,1,28.0152301090521,100.854828392588,5.64139903275236,0,5089.9862679783,0,0,0,1.225
71.625,5.14950390635123,1,1,28.0655316597735,101.035913975185,5.64239809768014,0,5092.85891764324,0,0,0,1.225
71.875,5.15840366773653,1,1,28.1157521000022,101.216707560008,5.64339711442881,0,5095.7318959124,0,0,0,1.225
72.125,5.16728755925963,1,1,28.1658918631763,101.397210707435,5.64439608302564,0,5098.60520278989,0,0,0,1.225
72.375,5.17615566272855,1,1,28.2159513789589,101.577424964252,5.64539500349747,0,5101.47883827951,0,0,0,1.225
72.625,5.18500805924688,1,1,28.2659310732835,101.757351863821,5.64639387587113,0,5104.35280238502,0,0,0,1.225
72.875,5.19384482922227,1,1,28.3158313683993,101.936992926237,5.6473927001739,0,5107.22709511058,0,0,0,1.225
73.125,5.20266605237474,1,1,28.3656526829152,102.116349658495,5.64839147643283,0,5110.10171646018,0,0,0,1.225
73.375,5.21147180774491,1,1,28.4153954318438,102.295423554638,5.64939020467432,0,5112.97666643727,0,0,0,1.225
73.625,5.22026217370211,1,1,28.4650600266441,102.474216095919,5.65038888492518,0,5115.85194504567,0,0,0,1.225
73.875,5.2290372279523,1,1,28.5146468752637,102.652728750949,5.65138751721202,0,5118.72755228904,0,0,0,1.225
74.125,5.23779704754594,1,1,28.5641563821808,102.830962975851,5.65238610156212,0,5121.60348817157,0,0,0,1.225
74.375,5.24654170888574,1,1,28.6135889484449,103.008920214402,5.65338463800163,0,5124.47975269657,0,0,0,1.225
74.625,5.2552712877342,1,1,28.6629449717176,103.186601898183,5.65438312655715,0,5127.35634586773,0,0,0,1.225
74.875,5.26398585922117,1,1,28.7122248463118,103.364009446722,5.65538156725574,0,5130.23326768909,0,0,0,1.225
75.125,5.2726854978512,1,1,28.7614289632314,103.541144267633,5.65637996012288,0,5133.11051816345,0,0,0,1.225
75.375,5.28137027751081,1,1,28.8105577102099,103.718007756756,5.65737830518628,0,5135.98809729543,0,0,0,1.225
75.625,5.29004027147568,1,1,28.859611471748,103.894601298293,5.65837660247166,0,5138.86600508801,0,0,0,1.225
75.875,5.29869555241764,1,1,28.9085906291516,104.070926264946,5.65937485200493,0,5141.74424154439,0,0,0,1.225
76.125,5.30733619241172,1,1,28.9574955605681,104.246984018045,5.66037305381337,0,5144.62280666884,0,0,0,1.225
76.375,5.31596226294291,1,1,29.0063266410236,104.422775907685,5.66137120792268,0,5147.50170046438,0,0,0,1.225
76.625,5.32457383491294,1,1,29.055084242458,104.598303272849,5.66236931435969,0,5150.38092293496,0,0,0,1.225
76.875,5.33317097864695,1,1,29.1037687337603,104.773567441537,5.66336737314964,0,5153.26047408324,0,0,0,1.225
77.125,5.34175376390002,1,1,29.1523804808042,104.948569730895,5.66436538431913,0,5156.14035391302,0,0,0,1.225
77.375,5.35032225986363,1,1,29.2009198464813,105.123311447333,5.66536334789407,0,5159.02056242752,0,0,0,1.225
77.625,5.35887653517201,1,1,29.2493871907357,105.297793886649,5.66636126390108,0,5161.90109963054,0,0,0,1.225
77.875,5.36741665790844,1,1,29.2977828705969,105.472018334149,5.66735913236539,0,5164.7819655248,0,0,0,1.225
78.125,5.37594269561141,1,1,29.3461072402126,105.645986064766,5.66835695331338,0,5167.66316011394,0,0,0,1.225
78.375,5.38445471528072,1,1,29.3943606508814,105.819698343173,5.66935472677073,0,5170.54468340104,0,0,0,1.225
78.625,5.39295278338346,1,1,29.4425434510839,105.993156423902,5.67035245276361,0,5173.42653538958,0,0,0,1.225
78.875,5.40143696585998,1,1,29.4906559865152,106.166361551455,5.67135013131747,0,5176.30871608249,0,0,0,1.225
79.125,5.40990732812966,1,1,29.5386986001149,106.339314960414,5.67234776245868,0,5179.19122548344,0,0,0,1.225
79.375,5.41836393509672,1,1,29.5866716320981,106.512017875553,5.67334534621205,0,5182.07406359485,0,0,0,1.225
79.625,5.42680685115583,1,1,29.6345754199854,106.684471511947,5.67434288260392,0,5184.9572304204,0,0,0,1.225
79.875,5.43523614019777,1,1,29.6824102986326,106.856677075077,5.67534037165956,0,5187.84072596288,0,0,0,1.225
80.125,5.44365186561487,1,1,29.7301766002598,107.028635760935,5.67633781340464,0,5190.72455022545,0,0,0,1.225
80.375,5.4520540903065,1,1,29.7778746544805,107.20034875613,5.67733520786487,0,5193.60870321129,0,0,0,1.225
80.625,5.46044287668439,1,1,29.8255047883298,107.371817237987,5.67833255506525,0,5196.49318492304,0,0,0,1.225
80.875,5.46881828667794,1,1,29.8730673262926,107.543042374653,5.67932985503171,0,5199.37799536406,0,0,0,1.225
81.125,5.47718038173941,1,1,29.920562590331,107.714025325191,5.68032710778971,0,5202.26313453737,0,0,0,1.225
81.375,5.48552922284907,1,1,29.9679908999119,107.884767239683,5.68132431336448,0,5205.14860244583,0,0,0,1.225
81.625,5.49386487052024,1,1,30.0153525720337,108.055269259321,5.68232147178082,0,5208.03439909192,0,0,0,1.225
81.875,5.50218738480435,1,1,30.0626479212527,108.22553251651,5.68331858306465,0,5210.92052447906,0,0,0,1.225
82.125,5.51049682529579,1,1,30.1098772597096,108.395558134954,5.68431564724142,0,5213.8069786103,0,0,0,1.225
82.375,5.51879325113683,1,1,30.1570408971548,108.565347229757,5.68531266433502,0,5216.69376148742,0,0,0,1.225
82.625,5.52707672102238,1,1,30.2041391409745,108.734900907508,5.68630963437181,0,5219.58087311425,0,0,0,1.225
82.875,5.53534729320473,1,1,30.251172296215,108.904220266374,5.68730655737659,0,5222.4683134933,0,0,0,1.225
83.125,5.54360502549824,1,1,30.298140665608,109.073306396189,5.68830343337413,0,5225.35608262714,0,0,0,1.225
83.375,5.55184997528388,1,1,30.3450445495951,109.242160378542,5.68930026238968,0,5228.24418051867,0,0,0,1.225
83.625,5.56008219951385,1,1,30.3918842463514,109.410783286865,5.69029704444779,0,5231.13260717029,0,0,0,1.225
83.875,5.56830175471599,1,1,30.4386600518096,109.579176186514,5.69129377957393,0,5234.02136258512,0,0,0,1.225
84.125,5.57650869699825,1,1,30.4853722596833,109.74734013486,5.69229046779242,0,5236.91044676536,0,0,0,1.225
84.375,5.58470308205301,1,1,30.5320211614904,109.915276181366,5.69328710912851,0,5239.79985971399,0,0,0,1.225
84.625,5.5928849651614,1,1,30.5786070465756,110.082985367672,5.69428370360652,0,5242.68960143324,0,0,0,1.225
84.875,5.60105440119756,1,1,30.625130202133,110.250468727679,5.69528025125169,0,5245.57967192609,0,0,0,1.225
85.125,5.6092114446328,1,1,30.6715909132284,110.417727287622,5.69627675208835,0,5248.47007119478,0,0,0,1.225
85.375,5.61735614953977,1,1,30.7179894628211,110.584762066156,5.69727320614129,0,5251.36079924195,0,0,0,1.225
85.625,5.62548856959648,1,1,30.7643261317859,110.751574074429,5.69826961343506,0,5254.25185607007,0,0,0,1.225
85.875,5.63360875809039,1,1,30.8106011989338,110.918164316162,5.69926597399422,0,5257.14324168158,0,0,0,1.225
86.125,5.64171676792235,1,1,30.8568149410337,111.084533787721,5.70026228784332,0,5260.03495607898,0,0,0,1.225
86.375,5.64981265161052,1,1,30.9029676328328,111.250683478198,5.70125855500692,0,5262.92699926473,0,0,0,1.225
86.625,5.65789646129425,1,1,30.9490595470774,111.416614369479,5.70225477550935,0,5265.81937124115,0,0,0,1.225
86.875,5.66596824873789,1,1,30.9950909545328,111.582327436318,5.70325094937493,0,5268.71207201057,0,0,0,1.225
87.125,5.67402806533458,1,1,31.0410621240038,111.747823646414,5.70424707662755,0,5271.60510157495,0,0,0,1.225
87.375,5.68207596210995,1,1,31.0869733223539,111.913103960474,5.70524315729267,0,5274.49845993752,0,0,0,1.225
87.625,5.6901119897258,1,1,31.1328248145252,112.078169332291,5.70623919139325,0,5277.39214709956,0,0,0,1.225
87.875,5.69813619848373,1,1,31.1786168635573,112.243020708806,5.70723517895453,0,5280.28616306414,0,0,0,1.225
88.125,5.70614863832872,1,1,31.2243497306067,112.407659030184,5.70823111999994,0,5283.18050783289,0,0,0,1.225
88.375,5.71414935885266,1,1,31.2700236749651,112.572085229874,5.70922701455402,0,5286.07518140838,0,0,0,1.225
88.625,5.72213840929787,1,1,31.3156389540782,112.736300234681,5.71022286264042,0,5288.97018379244,0,0,0,1.225
88.875,5.73011583856048,1,1,31.3611958235637,112.900304964829,5.71121866428416,0,5291.865514988,0,0,0,1.225
89.125,5.7380816951939,1,1,31.4066945372298,113.064100334027,5.71221441950797,0,5294.7611749962,0,0,0,1.225
89.375,5.74603602741215,1,1,31.4521353470924,113.227687249533,5.71321012833641,0,5297.65716381962,0,0,0,1.225
89.625,5.75397888309315,1,1,31.4975185033933,113.391066612216,5.71420579079336,0,5300.55348146031,0,0,0,1.225
89.875,5.76191030978207,1,1,31.542844254617,113.554239316621,5.71520140690313,0,5303.45012792071,0,0,0,1.225
90.125,5.76983035469448,1,1,31.5881128475084,113.71720625103,5.71619697668871,0,5306.34710320215,0,0,0,1.225
90.375,5.7777390647196,1,1,31.6333245270891,113.879968297521,5.71719250017418,0,5309.2444073069,0,0,0,1.225
90.625,5.78563648642343,1,1,31.6784795366749,114.04252633203,5.71818797738342,0,5312.14204023705,0,0,0,1.225
90.875,5.79352266605188,1,1,31.7235781178914,114.204881224409,5.71918340834009,0,5315.04000199451,0,0,0,1.225
91.125,5.80139764953382,1,1,31.7686205106912,114.367033838488,5.72017879306782,0,5317.9382925812,0,0,0,1.225
91.375,5.80926148248416,1,1,31.8136069533694,114.52898503213,5.72117413158981,0,5320.8369119987,0,0,0,1.225
91.625,5.81711421020681,1,1,31.8585376825798,114.690735657287,5.72216942393061,0,5323.73586024967,0,0,0,1.225
91.875,5.82495587769769,1,1,31.9034129333503,114.852286560061,5.72316467011274,0,5326.63513733515,0,0,0,1.225
92.125,5.8327865296476,1,1,31.9482329390991,115.013638580757,5.72415987016052,0,5329.53474325765,0,0,0,1.225
92.375,5.84060621044517,1,1,31.992997931649,115.174792553936,5.72515502409647,0,5332.43467801823,0,0,0,1.225
92.625,5.84841496417967,1,1,32.0377081412436,115.335749308477,5.72615013194445,0,5335.33494161904,0,0,0,1.225
92.875,5.85621283464388,1,1,32.0823637965616,115.496509667622,5.72714519372767,0,5338.2355340617,0,0,0,1.225
93.125,5.86399986533683,1,1,32.1269651247317,115.657074449034,5.72814020947135,0,5341.13645534949,0,0,0,1.225
93.375,5.8717760994666,1,1,32.1715123513473,115.81744446485,5.72913517919551,0,5344.03770548148,0,0,0,1.225
93.625,5.879541579953,1,1,32.216005700481,115.977620521732,5.73013010292561,0,5346.93928446116,0,0,0,1.225
93.875,5.88729634943029,1,1,32.2604453946985,116.137603420915,5.73112498068394,0,5349.84119228943,0,0,0,1.225
94.125,5.89504045024984,1,1,32.3048316550732,116.297393958264,5.73211981249369,0,5352.74342896798,0,0,0,1.225
94.375,5.90277392448271,1,1,32.3491647011996,116.456992924319,5.73311459837851,0,5355.64599449883,0,0,0,1.225
94.625,5.91049681392231,1,1,32.3934447512074,116.616401104346,5.73410933836021,0,5358.54888888257,0,0,0,1.225
94.875,5.91820916008692,1,1,32.4376720217748,116.775619278389,5.73510403246337,0,5361.45211212198,0,0,0,1.225
95.125,5.92591100422221,1,1,32.4818467281422,116.934648221312,5.73609868071026,0,5364.35566421804,0,0,0,1.225
95.375,5.9336023873038,1,1,32.5259690841254,117.093488702851,5.73709328312452,0,5367.25954517281,0,0,0,1.225
95.625,5.94128335003968,1,1,32.5700393021285,117.252141487663,5.738087839728,0,5370.16375498691,0,0,0,1.225
95.875,5.94895393287267,1,1,32.614057593157,117.410607335365,5.73908235054387,0,5373.06829366207,0,0,0,1.225
96.125,5.95661417598284,1,1,32.6580241668307,117.56888700059,5.74007681559488,0,5375.97316119965,0,0,0,1.225
96.375,5.96426411928991,1,1,32.7019392313961,117.726981233026,5.74107123490421,0,5378.8783576014,0,0,0,1.225
96.625,5.97190380245559,1,1,32.7458029937391,117.884890777461,5.74206560849507,0,5381.78388286906,0,0,0,1.225
96.875,5.97953326488591,1,1,32.7896156593973,118.04261637383,5.74305993638882,0,5384.68973700293,0,0,0,1.225
97.125,5.98715254573355,1,1,32.8333774325722,118.20015875726,5.7440542186082,0,5387.59592000442,0,0,0,1.225
97.375,5.99476168390009,1,1,32.8770885161413,118.357518658109,5.74504845517777,0,5390.50243187638,0,0,0,1.225
97.625,6.00236071803828,1,1,32.9207491116699,118.514696802012,5.74604264611798,0,5393.40927261842,0,0,0,1.225
97.875,6.00994968655425,1,1,32.964359419423,118.671693909923,5.74703679145205,0,5396.31644223232,0,0,0,1.225
98.125,6.01752862760974,1,1,33.0079196383772,118.828510698158,5.74803089120314,0,5399.22394071989,0,0,0,1.225
98.375,6.02509757912424,1,1,33.0514299662317,118.985147878434,5.7490249453931,0,5402.13176808183,0,0,0,1.225
98.625,6.03265657877718,1,1,33.09489059942,119.141606157912,5.75001895404421,0,5405.03992431924,0,0,0,1.225
98.875,6.04020566401002,1,1,33.1383017331212,119.297886239236,5.75101291717874,0,5407.9484094332,0,0,0,1.225
99.125,6.04774487202836,1,1,33.181663561271,119.453988820576,5.75200683481944,0,5410.85722342519,0,0,0,1.225
99.375,6.05527423980404,1,1,33.2249762765729,119.609914595663,5.75300070698859,0,5413.76636629631,0,0,0,1.225
99.625,6.06279380407716,1,1,33.2682400705088,119.765664253832,5.75399453370846,0,5416.67583804769,0,0,0,1.225
99.875,6.07030360135816,1,1,33.3114551333499,119.92123848006,5.7549883150009,0,5419.58563868009,0,0,0,1.225
100.125,6.07780366792977,1,1,33.3546216541675,120.076637955003,5.75598205088909,0,5422.49576819537,0,0,0,1.225
100.375,6.08529403984905,1,1,33.3977398208431,120.231863355035,5.75697574139394,0,5425.40622659359,0,0,0,1.225
100.625,6.09277475294931,1,1,33.4408098200793,120.386915352285,5.75796938653866,0,5428.31701387662,0,0,0,1.225
100.875,6.10024584284209,1,1,33.4838318374097,120.541794614675,5.75896298634416,0,5431.22813004454,0,0,0,1.225
101.125,6.10770734491904,1,1,33.5268060572093,120.696501805954,5.75995654083317,0,5434.13957509887,0,0,0,1.225
101.375,6.11515929435387,1,1,33.5697326627044,120.851037585736,5.76095005002708,0,5437.05134904006,0,0,0,1.225
101.625,6.12260172610418,1,1,33.6126118359826,121.005402609537,5.7619435139477,0,5439.96345186894,0,0,0,1.225
101.875,6.13003467491333,1,1,33.6554437580026,121.159597528809,5.76293693261914,0,5442.87588358815,0,0,0,1.225
102.125,6.1374581753123,1,1,33.6982286086042,121.313622990975,5.76393030606096,0,5445.78864419671,0,0,0,1.225
102.375,6.14487226162149,1,1,33.7409665665173,121.467479639462,5.76492363429588,0,5448.70173369619,0,0,0,1.225
102.625,6.1522769679525,1,1,33.7836578093721,121.62116811374,5.76591691734529,0,5451.61515208708,0,0,0,1.225
102.875,6.15967232820994,1,1,33.826302513708,121.774689049349,5.76691015523056,0,5454.52889936989,0,0,0,1.225
103.125,6.16705837609316,1,1,33.8689008549834,121.92804307794,5.76790334797442,0,5457.44297554619,0,0,0,1.225
103.375,6.17443514509801,1,1,33.9114530075841,122.081230827303,5.76889649559871,0,5460.35738061687,0,0,0,1.225
103.625,6.18180266851853,1,1,33.9539591448334,122.2342529214,5.76988959812343,0,5463.27211458137,0,0,0,1.225
103.875,6.1891609794487,1,1,33.9964194390003,122.387109980401,5.77088265557177,0,5466.18717744166,0,0,0,1.225
104.125,6.19651011078405,1,1,34.0388340613089,122.539802620712,5.7718756679642,0,5469.10256919755,0,0,0,1.225
104.375,6.20385009522341,1,1,34.0812031819469,122.692331455009,5.77286863532299,0,5472.01828985032,0,0,0,1.225
104.625,6.21118096527049,1,1,34.1235269700744,122.844697092268,5.77386155766908,0,5474.93433940015,0,0,0,1.225
104.875,6.21850275323553,1,1,34.1658055938327,122.996900137798,5.77485443502519,0,5477.85071784869,0,0,0,1.225
105.125,6.22581549123691,1,1,34.2080392203525,123.148941193269,5.77584726741043,0,5480.76742519471,0,0,0,1.225
105.375,6.23311921120276,1,1,34.2502280157628,123.300820856746,5.77684005484798,0,5483.68446144021,0,0,0,1.225
105.625,6.24041394487251,1,1,34.2923721451986,123.452539722715,5.77783279735831,0,5486.60182658507,0,0,0,1.225
105.875,6.24769972379848,1,1,34.3344717728098,123.604098382115,5.77882549496417,0,5489.51952063097,0,0,0,1.225
106.125,6.2549765793474,1,1,34.376527061769,123.755497422368,5.77981814768373,0,5492.43754357595,0,0,0,1.225
106.375,6.26224454270193,1,1,34.4185381742796,123.906737427407,5.78081075554155,0,5495.35589542318,0,0,0,1.225
106.625,6.2695036448622,1,1,34.460505271584,124.057818977702,5.78180331855719,0,5498.27457617181,0,0,0,1.225
106.875,6.27675391664731,1,1,34.5024285139712,124.208742650296,5.78279583675248,0,5501.19358582283,0,0,0,1.225
107.125,6.28399538869675,1,1,34.544308060785,124.359509018826,5.78378831014697,0,5504.11292437542,0,0,0,1.225
107.375,6.29122809147193,1,1,34.5861440704315,124.510118653554,5.7847807387634,0,5507.0325918313,0,0,0,1.225
107.625,6.2984520552576,1,1,34.6279367003868,124.660572121392,5.78577312262132,0,5509.95258818966,0,0,0,1.225
107.875,6.30566731016329,1,1,34.6696861072044,124.810869985936,5.78676546174347,0,5512.87291345226,0,0,0,1.225
108.125,6.31287388612473,1,1,34.7113924465233,124.961012807484,5.78775775614986,0,5515.79356761866,0,0,0,1.225
108.375,6.32007181290523,1,1,34.7530558730748,125.111001143069,5.78875000586049,0,5518.71455068843,0,0,0,1.225
108.625,6.3272611200971,1,1,34.7946765406901,125.260835546484,5.78974221089766,0,5521.63586266299,0,0,0,1.225
108.875,6.33444183712303,1,1,34.8362546023075,125.410516568307,5.79073437128227,0,5524.55750354266,0,0,0,1.225
109.125,6.3416139932374,1,1,34.8777902099799,125.560044755928,5.79172648703343,0,5527.4794733263,0,0,0,1.225
109.375,6.34877761752771,1,1,34.9192835148815,125.709420653573,5.79271855817387,0,5530.40177201572,0,0,0,1.225
109.625,6.35593273891582,1,1,34.960734667315,125.858644802334,5.79371058472225,0,5533.32439960942,0,0,0,1.225
109.875,6.36307938615933,1,1,35.0021438167186,126.007717740187,5.79470256670174,0,5536.24735610959,0,0,0,1.225
110.125,6.37021758785288,1,1,35.0435111116732,126.156640002024,5.79569450413101,0,5539.17064151477,0,0,0,1.225
110.375,6.37734737242943,1,1,35.0848366999086,126.305412119671,5.79668639703186,0,5542.09425582604,0,0,0,1.225
110.625,6.38446876816152,1,1,35.1261207283108,126.454034621919,5.79767824542387,0,5545.0181990427,0,0,0,1.225
110.875,6.39158180316258,1,1,35.1673633429286,126.602508034543,5.79867004932885,0,5547.94247116584,0,0,0,1.225
111.125,6.39868650538815,1,1,35.2085646889799,126.750832880328,5.79966180876636,0,5550.86707219478,0,0,0,1.225
111.375,6.40578290263715,1,1,35.2497249108587,126.899009679091,5.80065352375641,0,5553.79200212917,0,0,0,1.225
111.625,6.41287102255307,1,1,35.2908441521413,127.047038947709,5.80164519431946,0,5556.71726096906,0,0,0,1.225
111.875,6.41995089262521,1,1,35.3319225555931,127.194921200135,5.80263682047689,0,5559.64284871522,0,0,0,1.225
112.125,6.4270225401899,1,1,35.3729602631743,127.342656947428,5.80362840224916,0,5562.56876536771,0,0,0,1.225
112.375,6.43408599243165,1,1,35.4139574160469,127.490246697769,5.80461993965628,0,5565.49501092623,0,0,0,1.225
112.625,6.44114127638435,1,1,35.4549141545806,127.63769095649,5.8056114327178,0,5568.42158539012,0,0,0,1.225
112.875,6.44818841893246,1,1,35.4958306183589,127.784990226092,5.80660288145418,0,5571.34848875945,0,0,0,1.225
113.125,6.45522744681213,1,1,35.5367069461853,127.932145006267,5.8075942858859,0,5574.27572103433,0,0,0,1.225
113.375,6.46225838661236,1,1,35.5775432760897,128.079155793923,5.80858564603386,0,5577.20328221519,0,0,0,1.225
113.625,6.46928126477616,1,1,35.6183397453338,128.226023083202,5.80957696191626,0,5580.13117230032,0,0,0,1.225
113.875,6.4762961076016,1,1,35.6590964904173,128.372747365502,5.81056823355539,0,5583.05939129129,0,0,0,1.225
114.125,6.48330294124302,1,1,35.699813647084,128.519329129502,5.81155946097033,0,5585.98793918711,0,0,0,1.225
114.375,6.49030179171204,1,1,35.7404913503272,128.665768861178,5.81255064418065,0,5588.91681598718,0,0,0,1.225
114.625,6.4972926848787,1,1,35.7811297343957,128.812067043825,5.81354178320635,0,5591.84602169128,0,0,0,1.225
114.875,6.50427564647254,1,1,35.8217289327997,128.958224158079,5.8145328780688,0,5594.77555630025,0,0,0,1.225
115.125,6.51125070208363,1,1,35.8622890783158,129.104240681937,5.81552392878621,0,5597.70541981243,0,0,0,1.225
115.375,6.51821787716367,1,1,35.9028103029935,129.250117090776,5.81651493537947,0,5600.63561222834,0,0,0,1.225
115.625,6.52517719702702,1,1,35.9432927381597,129.395853857375,5.81750589786816,0,5603.5661335474,0,0,0,1.225
115.875,6.53212868685173,1,1,35.9837365144252,129.541451451931,5.81849681627182,0,5606.49698376905,0,0,0,1.225
116.125,6.53907237168059,1,1,36.0241417616895,129.686910342082,5.81948769061046,0,5609.4281628931,0,0,0,1.225
116.375,6.5460082764221,1,1,36.0645086091462,129.832230992926,5.82047852090363,0,5612.359670919,0,0,0,1.225
116.625,6.55293642585155,1,1,36.1048371852886,129.977413867039,5.82146930717136,0,5615.29150784659,0,0,0,1.225
116.875,6.55985684461194,1,1,36.1451276179148,130.122459424493,5.82246004943363,0,5618.22367367569,0,0,0,1.225
117.125,6.56676955721505,1,1,36.185380034133,130.267368122879,5.8234507477091,0,5621.15616840504,0,0,0,1.225
117.375,6.57367458804233,1,1,36.2255945603667,130.41214041732,5.82444140201778,0,5624.0889920345,0,0,0,1.225
117.625,6.58057196134594,1,1,36.2657713223594,130.556776760494,5.82543201238013,0,5627.02214456427,0,0,0,1.225
117.875,6.58746170124968,1,1,36.3059104451805,130.70127760265,5.82642257881434,0,5629.95562599277,0,0,0,1.225
118.125,6.59434383174994,1,1,36.3460120532295,130.845643391626,5.82741310133997,0,5632.8894363195,0,0,0,1.225
118.375,6.60121837671665,1,1,36.3860762702415,130.989874572869,5.82840357997748,0,5635.8235755447,0,0,0,1.225
118.625,6.60808535989421,1,1,36.426103219292,131.133971589451,5.82939401474596,0,5638.75804366751,0,0,0,1.225
118.875,6.61494480490241,1,1,36.4660930228016,131.277934882086,5.83038440566452,0,5641.69284068711,0,0,0,1.225
119.125,6.62179673523737,1,1,36.506045802541,131.421764889148,5.83137475275225,0,5644.62796660266,0,0,0,1.225
119.375,6.62864117427239,1,1,36.5459616796359,131.565462046689,5.83236505602827,0,5647.56342141333,0,0,0,1.225
119.625,6.63547814525892,1,1,36.5858407745715,131.709026788457,5.83335531551302,0,5650.4992051194,0,0,0,1.225
119.875,6.6423076713274,1,1,36.6256832071974,131.852459545911,5.8343455312247,0,5653.43531771934,0,0,0,1.225
120.125,6.64912977548815,1,1,36.6654890967322,131.995760748236,5.83533570318332,0,5656.37175921306,0,0,0,1.225
120.375,6.65594448063226,1,1,36.7052585617679,132.138930822364,5.83632583140752,0,5659.3085295994,0,0,0,1.225
120.625,6.66275180953244,1,1,36.7449917202748,132.281970192989,5.83731591591641,0,5662.24562887758,0,0,0,1.225
120.875,6.66955178484387,1,1,36.784688689606,132.424879282582,5.83830595672953,0,5665.18305704717,0,0,0,1.225
121.125,6.67634442910508,1,1,36.8243495865015,132.567658511406,5.83929595386553,0,5668.12081410705,0,0,0,1.225
121.375,6.68312976473877,1,1,36.8639745270932,132.710308297536,5.84028590734397,0,5671.0589000568,0,0,0,1.225
121.625,6.68990781405262,1,1,36.9035636269088,132.852829056872,5.84127581718303,0,5673.99731489493,0,0,0,1.225
121.875,6.69667859924018,1,1,36.9431170008766,132.995221203156,5.84226568340137,0,5676.93605862033,0,0,0,1.225
122.125,6.70344214238161,1,1,36.9826347633293,133.137485147985,5.84325550602034,0,5679.87513123406,0,0,0,1.225
122.375,6.71019846544456,1,1,37.0221170280088,133.279621300832,5.84424528505633,0,5682.81453273322,0,0,0,1.225
122.625,6.71694759028491,1,1,37.0615639080703,133.421630069053,5.84523502052934,0,5685.75426311778,0,0,0,1.225
122.875,6.72368953864764,1,1,37.1009755160861,133.56351185791,5.84622471245757,0,5688.6943223863,0,0,0,1.225
123.125,6.73042433216754,1,1,37.1403519640505,133.705267070582,5.84721436085965,0,5691.63471053768,0,0,0,1.225
123.375,6.73715199237004,1,1,37.1796933633833,133.84689610818,5.84820396575515,0,5694.57542757159,0,0,0,1.225
123.625,6.74387254067199,1,1,37.218999824934,133.988399369762,5.84919352716315,0,5697.51647348732,0,0,0,1.225
123.875,6.75058599838237,1,1,37.2582714589862,134.12977725235,5.8501830451014,0,5700.45784828308,0,0,0,1.225
124.125,6.75729238670313,1,1,37.2975083752611,134.27103015094,5.85117251958809,0,5703.39955195744,0,0,0,1.225
124.375,6.76399172672988,1,1,37.3367106829221,134.41215845852,5.85216195064368,0,5706.34158451081,0,0,0,1.225
124.625,6.77068403945267,1,1,37.3758784905782,134.553162566081,5.85315133828453,0,5709.28394594034,0,0,0,1.225
124.875,6.7773693457567,1,1,37.4150119062879,134.694042862637,5.85414068253067,0,5712.22663624607,0,0,0,1.225
125.125,6.78404766642309,1,1,37.4541110375637,134.834799735229,5.85512998340164,0,5715.16965542771,0,0,0,1.225
125.375,6.79071902212959,1,1,37.4931759913752,134.975433568951,5.8561192409129,0,5718.11300348169,0,0,0,1.225
125.625,6.79738343345129,1,1,37.5322068741532,135.115944746951,5.85710845508584,0,5721.05668040918,0,0,0,1.225
125.875,6.80404092086134,1,1,37.5712037917936,135.256333650457,5.85809762593681,0,5724.00068620734,0,0,0,1.225
126.125,6.81069150473167,1,1,37.610166849661,135.39660065878,5.85908675348537,0,5726.94502087591,0,0,0,1.225
126.375,6.81733520533367,1,1,37.6490961525924,135.536746149333,5.86007583774972,0,5729.88968441353,0,0,0,1.225
126.625,6.82397204283891,1,1,37.6879918049009,135.676770497643,5.86106487874804,0,5732.83467681884,0,0,0,1.225
126.875,6.83060203731978,1,1,37.7268539103791,135.816674077365,5.86205387649807,0,5735.77999809014,0,0,0,1.225
127.125,6.83722520875025,1,1,37.7656825723032,135.956457260292,5.8630428310189,0,5738.72564822682,0,0,0,1.225
127.375,6.84384157700646,1,1,37.8044778934361,136.09612041637,5.86403174232873,0,5741.67162722753,0,0,0,1.225
127.625,6.85045116186747,1,1,37.8432399760313,136.235663913713,5.86502061044439,0,5744.61793508988,0,0,0,1.225
127.875,6.85705398301587,1,1,37.8819689218361,136.37508811861,5.86600943538588,0,5747.56457181399,0,0,0,1.225
128.125,6.86365006003845,1,1,37.9206648320951,136.514393395542,5.86699821717048,0,5750.51153739783,0,0,0,1.225
128.375,6.87023941242686,1,1,37.959327807554,136.653580107194,5.86798695581638,0,5753.45883184009,0,0,0,1.225
128.625,6.87682205957826,1,1,37.9979579484626,136.792648614465,5.86897565134223,0,5756.40645513983,0,0,0,1.225
128.875,6.88339802079597,1,1,38.0365553545784,136.931599276482,5.86996430376485,0,5759.35440729468,0,0,0,1.225
129.125,6.88996731529007,1,1,38.07512012517,137.070432450612,5.87095291310243,0,5762.30268830334,0,0,0,1.225
129.375,6.89652996217807,1,1,38.1136523590201,137.209148492473,5.87194147937407,0,5765.25129816528,0,0,0,1.225
129.625,6.90308598048552,1,1,38.1521521544294,137.347747755946,5.87293000259706,0,5768.20023687848,0,0,0,1.225
129.875,6.9096353891466,1,1,38.1906196092192,137.486230593189,5.87391848278912,0,5771.14950444132,0,0,0,1.225
130.125,6.9161782070048,1,1,38.2290548207351,137.624597354646,5.87490691996663,0,5774.09910085108,0,0,0,1.225
130.375,6.92271445281348,1,1,38.2674578858499,137.76284838906,5.87589531415142,0,5777.04902610943,0,0,0,1.225
130.625,6.92924414523646,1,1,38.3058289009672,137.900984043482,5.87688366535713,0,5779.99928021148,0,0,0,1.225
130.875,6.93576730284869,1,1,38.3441679620241,138.039004663287,5.87787197360376,0,5782.94986315745,0,0,0,1.225
131.125,6.94228394413674,1,1,38.3824751644946,138.176910592181,5.8788602389086,0,5785.90077494537,0,0,0,1.225
131.375,6.94879408749949,1,1,38.4207506033926,138.314702172213,5.87984846128893,0,5788.85201557329,0,0,0,1.225
131.625,6.95529775124865,1,1,38.4589943732751,138.45237974379,5.88083664076339,0,5791.80358504036,0,0,0,1.225
131.875,6.96179495360936,1,1,38.4972065682451,138.589943645682,5.88182477734881,0,5794.75548334428,0,0,0,1.225
132.125,6.96828571272075,1,1,38.5353872819547,138.727394215037,5.88281287106201,0,5797.70771048274,0,0,0,1.225
132.375,6.97477004663652,1,1,38.5735366076081,138.864731787389,5.88380092192347,0,5800.66026645636,0,0,0,1.225
132.625,6.98124797332552,1,1,38.6116546379646,139.001956696672,5.88478892994772,0,5803.61315126104,0,0,0,1.225
132.875,6.98771951067226,1,1,38.6497414653414,139.139069275229,5.8857768951525,0,5806.56636489523,0,0,0,1.225
133.125,6.99418467647752,1,1,38.6877971816166,139.27606985382,5.88676481755738,0,5809.51990735884,0,0,0,1.225
133.375,7.00064348845886,1,1,38.7258218782325,139.412958761637,5.88775269717826,0,5812.47377864888,0,0,0,1.225
133.625,7.00709596425118,1,1,38.7638156461976,139.549736326311,5.88874053403242,0,5815.42797876345,0,0,0,1.225
133.875,7.01354212140726,1,1,38.8017785760902,139.686402873925,5.88972832813761,0,5818.38250770102,0,0,0,1.225
134.125,7.01998197739829,1,1,38.8397107580611,139.82295872902,5.89071607951155,0,5821.33736546008,0,0,0,1.225
134.375,7.02641554961441,1,1,38.877612281836,139.95940421461,5.89170378817153,0,5824.29255203874,0,0,0,1.225
134.625,7.03284285536522,1,1,38.9154832367188,140.095739652188,5.89269145413391,0,5827.24806743443,0,0,0,1.225
134.875,7.03926391188034,1,1,38.953323711594,140.231965361738,5.89367907741735,0,5830.20391164635,0,0,0,1.225
135.125,7.04567873630988,1,1,38.9911337949295,140.368081661746,5.89466665803775,0,5833.16008467156,0,0,0,1.225
135.375,7.05208734572497,1,1,39.0289135747795,140.504088869206,5.8956541960124,0,5836.11658650821,0,0,0,1.225
135.625,7.0584897571183,1,1,39.0666631387869,140.639987299633,5.89664169135904,0,5839.07341715482,0,0,0,1.225
135.875,7.06488598740458,1,1,39.1043825741861,140.77577726707,5.89762914409448,0,5842.0305766092,0,0,0,1.225
136.125,7.07127605342107,1,1,39.1420719678059,140.911459084101,5.89861655423692,0,5844.98806487022,0,0,0,1.225
136.375,7.07765997192807,1,1,39.1797314060715,141.047033061857,5.89960392180228,0,5847.94588193498,0,0,0,1.225
136.625,7.0840377596094,1,1,39.2173609750077,141.182499510028,5.90059124680783,0,5850.90402780165,0,0,0,1.225
136.875,7.09040943307291,1,1,39.2549607602412,141.317858736868,5.90157852927041,0,5853.86250246807,0,0,0,1.225
137.125,7.09677500885095,1,1,39.2925308470032,141.453111049211,5.90256576920638,0,5856.82130593168,0,0,0,1.225
137.375,7.10313450340086,1,1,39.3300713201318,141.588256752475,5.90355296663438,0,5859.7804381918,0,0,0,1.225
137.625,7.10948793310543,1,1,39.3675822640749,141.72329615067,5.90454012156943,0,5862.73989924479,0,0,0,1.225
137.875,7.11583531427339,1,1,39.4050637628923,141.858229546412,5.90552723403061,0,5865.69968909033,0,0,0,1.225
138.125,7.1221766631399,1,1,39.4425159002582,141.99305724093,5.9065143040325,0,5868.65980772446,0,0,0,1.225
138.375,7.12851199586693,1,1,39.479938759464,142.127779534071,5.90750133159327,0,5871.62025514612,0,0,0,1.225
138.625,7.13484132854385,1,1,39.5173324234204,142.262396724313,5.90848831672838,0,5874.58103135209,0,0,0,1.225
138.875,7.14116467718776,1,1,39.5546969746598,142.396909108775,5.90947525945694,0,5877.54213634206,0,0,0,1.225
139.125,7.14748205774403,1,1,39.5920324953389,142.53131698322,5.91046215979441,0,5880.50357011282,0,0,0,1.225
139.375,7.15379348608673,1,1,39.629339067241,142.665620642068,5.91144901775624,0,5883.46533266117,0,0,0,1.225
139.625,7.16009897801906,1,1,39.6666167717785,142.799820378403,5.91243583336018,0,5886.42742398571,0,0,0,1.225
139.875,7.16639854927378,1,1,39.7038656899946,142.933916483981,5.91342260662395,0,5889.38984408508,0,0,0,1.225
140.125,7.17269221551371,1,1,39.7410859025666,143.06790924924,5.91440933756257,0,5892.35259295572,0,0,0,1.225
140.375,7.17897999233212,1,1,39.7782774898074,143.201798963307,5.91539602619241,0,5895.31567059518,0,0,0,1.225
140.625,7.18526189525313,1,1,39.8154405316681,143.335585914005,5.91638267253256,0,5898.27907700319,0,0,0,1.225
140.875,7.19153793973224,1,1,39.8525751077403,143.469270387865,5.91736927659576,0,5901.2428121744,0,0,0,1.225
141.125,7.19780814115666,1,1,39.8896812972582,143.60285267013,5.91835583840111,0,5904.20687610856,0,0,0,1.225
141.375,7.20407251484577,1,1,39.926759179101,143.736333044763,5.91934235796498,0,5907.17126880324,0,0,0,1.225
141.625,7.21033107605154,1,1,39.9638088317948,143.869711794461,5.92032883530283,0,5910.13599025528,0,0,0,1.225
141.875,7.21658383995894,1,1,40.0008303335152,144.002989200655,5.92131527043011,0,5913.10104046154,0,0,0,1.225
142.125,7.22283082168638,1,1,40.0378237620893,144.136165543521,5.92230166336594,0,5916.06641942178,0,0,0,1.225
142.375,7.22907203628604,1,1,40.0747891949976,144.269241101991,5.92328801412532,0,5919.03212713252,0,0,0,1.225
142.625,7.23530749874439,1,1,40.1117267093765,144.402216153755,5.92427432272325,0,5921.99816359026,0,0,0,1.225
142.875,7.24153722398248,1,1,40.1486363820203,144.535090975273,5.92526058917792,0,5924.96452879407,0,0,0,1.225
143.125,7.24776122685643,1,1,40.1855182893832,144.66786584178,5.92624681350389,0,5927.93122274008,0,0,0,1.225
143.375,7.25397952215777,1,1,40.2223725075816,144.800541027294,5.92723299571981,0,5930.89824542776,0,0,0,1.225
143.625,7.26019212461385,1,1,40.259199112396,144.933116804626,5.92821913583975,0,5933.86559685289,0,0,0,1.225
143.875,7.26639904888823,1,1,40.2959981792731,145.065593445383,5.9292052338792,0,5936.83327701239,0,0,0,1.225
144.125,7.27260030958109,1,1,40.3327697833277,145.19797121998,5.93019128985679,0,5939.8012859057,0,0,0,1.225
144.375,7.27879592122956,1,1,40.3695139993451,145.330250397642,5.93117730378663,0,5942.76962352864,0,0,0,1.225
144.625,7.28498589830816,1,1,40.4062309017828,145.462431246418,5.93216327568598,0,5945.7382898796,0,0,0,1.225
144.875,7.29117025522913,1,1,40.4429205647726,145.594514033181,5.93314920556986,0,5948.70728495514,0,0,0,1.225
145.125,7.29734900634285,1,1,40.4795830621223,145.72649902364,5.9341350934551,0,5951.67660875328,0,0,0,1.225
145.375,7.30352216593817,1,1,40.5162184673183,145.858386482346,5.93512093935669,0,5954.64626127058,0,0,0,1.225
145.625,7.30968974824281,1,1,40.5528268535268,145.990176672697,5.93610674329238,0,5957.61624250582,0,0,0,1.225
145.875,7.31585176742371,1,1,40.5894082935964,146.121869856947,5.93709250527627,0,5960.58655245485,0,0,0,1.225
146.125,7.32200823758739,1,1,40.6259628600593,146.253466296214,5.93807822532472,0,5963.55719111536,0,0,0,1.225
146.375,7.32815917278035,1,1,40.662490625134,146.384966250483,5.93906390345319,0,5966.5281584843,0,0,0,1.225
146.625,7.33430458698936,1,1,40.6989916607266,146.516369978616,5.94004953967851,0,5969.49945455973,0,0,0,1.225
146.875,7.34044449414188,1,1,40.7354660384329,146.647677738358,5.9410351340166,0,5972.471079339,0,0,0,1.225
147.125,7.34657890810638,1,1,40.7719138295401,146.778889786344,5.94202068648156,0,5975.44303281798,0,0,0,1.225
147.375,7.35270784269269,1,1,40.8083351050289,146.910006378104,5.9430061970902,0,5978.41531499475,0,0,0,1.225
147.625,7.35883131165236,1,1,40.8447299355752,147.041027768071,5.94399166585981,0,5981.38792586776,0,0,0,1.225
147.875,7.364949328679,1,1,40.8810983915518,147.171954209587,5.94497709280222,0,5984.36086543108,0,0,0,1.225
148.125,7.3710619074086,1,1,40.9174405430304,147.302785954909,5.94596247793743,0,5987.33413368538,0,0,0,1.225
148.375,7.37716906141993,1,1,40.9537564597831,147.433523255219,5.94694782127772,0,5990.30773062509,0,0,0,1.225
148.625,7.38327080423479,1,1,40.9900462112847,147.564166360625,5.94793312283946,0,5993.28165624796,0,0,0,1.225
148.875,7.38936714931844,1,1,41.0263098667139,147.69471552017,5.94891838263993,0,5996.25591055247,0,0,0,1.225
149.125,7.39545811007983,1,1,41.0625474949553,147.825170981839,5.94990360069232,0,5999.23049353382,0,0,0,1.225
149.375,7.40154369987204,1,1,41.0987591646012,147.955532992564,5.95088877701346,0,6002.20540519014,0,0,0,1.225
149.625,7.40762393199249,1,1,41.134944943953,148.085801798231,5.95187391161926,0,6005.18064551881,0,0,0,1.225
149.875,7.41369881968338,1,1,41.1711049010235,148.215977643685,5.95285900452382,0,6008.1562145158,0,0,0,1.225
150.125,7.41976837613191,1,1,41.207239103538,148.346060772737,5.95384405574305,0,6011.13211217851,0,0,0,1.225
150.375,7.42583261447067,1,1,41.2433476189362,148.47605142817,5.95482906529242,0,6014.10833850399,0,0,0,1.225
150.625,7.43189154777793,1,1,41.2794305143739,148.605949851746,5.95581403318738,0,6017.08489348931,0,0,0,1.225
150.875,7.43794518907796,1,1,41.3154878567249,148.73575628421,5.9567989594434,0,6020.06177713152,0,0,0,1.225
151.125,7.44399355134132,1,1,41.3515197125821,148.865470965295,5.95778384407458,0,6023.03898942661,0,0,0,1.225
151.375,7.45003664748522,1,1,41.3875261482594,148.995094133734,5.9587686870982,0,6026.01653037311,0,0,0,1.225
151.625,7.45607449037377,1,1,41.4235072297936,149.124626027257,5.95975348852835,0,6028.994399967,0,0,0,1.225
151.875,7.46210709281834,1,1,41.4594630229456,149.254066882604,5.96073824838049,0,6031.97259820537,0,0,0,1.225
152.125,7.4681344675778,1,1,41.4953935932021,149.383416935527,5.96172296666964,0,6034.95112508496,0,0,0,1.225
152.375,7.47415662735891,1,1,41.5312990057772,149.512676420798,5.9627076434117,0,6037.92998060321,0,0,0,1.225
152.625,7.48017358481651,1,1,41.5671793256144,149.641845572212,5.96369227861942,0,6040.90916475506,0,0,0,1.225
152.875,7.48618535255393,1,1,41.6030346173872,149.770924622594,5.96467687231097,0,6043.88867753978,0,0,0,1.225
153.125,7.49219194312317,1,1,41.6388649455015,149.899913803806,5.96566142449956,0,6046.86851895269,0,0,0,1.225
153.375,7.4981933690253,1,1,41.6746703740971,150.028813346749,5.96664593520063,0,6049.84868899089,0,0,0,1.225
153.625,7.50418964271067,1,1,41.7104509670484,150.157623481374,5.96763040442966,0,6052.82918765152,0,0,0,1.225
153.875,7.51018077657924,1,1,41.7462067879671,150.286344436681,5.96861483220118,0,6055.81001493097,0,0,0,1.225
154.125,7.51616678298085,1,1,41.7819379002026,150.41497644073,5.96959921853022,0,6058.79117082602,0,0,0,1.225
154.375,7.52214767421551,1,1,41.8176443668445,150.54351972064,5.97058356343223,0,6061.77265533382,0,0,0,1.225
154.625,7.5281234625337,1,1,41.8533262507231,150.671974502603,5.97156786692085,0,6064.75446845004,0,0,0,1.225
154.875,7.53409416013658,1,1,41.8889836144117,150.800341011882,5.97255212901155,0,6067.73661017185,0,0,0,1.225
155.125,7.54005977917638,1,1,41.9246165202275,150.928619472819,5.97353634972023,0,6070.71908049677,0,0,0,1.225
155.375,7.54602033175656,1,1,41.9602250302335,151.05681010884,5.97452052905965,0,6073.70187941977,0,0,0,1.225
155.625,7.55197582993216,1,1,41.9958092062393,151.184913142462,5.97550466704615,0,6076.68500693876,0,0,0,1.225
155.875,7.55792628571006,1,1,42.0313691098035,151.312928795293,5.97648876369431,0,6079.66846305018,0,0,0,1.225
156.125,7.56387171104922,1,1,42.066904802234,151.440857288043,5.97747281901911,0,6082.65224775085,0,0,0,1.225
156.375,7.56981211786097,1,1,42.1024163445904,151.568698840525,5.97845683303422,0,6085.6363610365,0,0,0,1.225
156.625,7.57574751800928,1,1,42.1379037976847,151.696453671665,5.97944080575644,0,6088.62080290541,0,0,0,1.225
156.875,7.58167792331101,1,1,42.1733672220831,151.824121999499,5.98042473719715,0,6091.6055733515,0,0,0,1.225
157.125,7.58760334553618,1,1,42.208806678107,151.951704041185,5.98140862737364,0,6094.59067237342,0,0,0,1.225
157.375,7.59352379640822,1,1,42.244222225835,152.079200013006,5.98239247629908,0,6097.57609996658,0,0,0,1.225
157.625,7.59943928760427,1,1,42.2796139251035,152.206610130372,5.98337628398804,0,6100.56185612744,0,0,0,1.225
157.875,7.60534983075535,1,1,42.3149818355085,152.333934607831,5.98436005045596,0,6103.54794085324,0,0,0,1.225
158.125,7.61125543744672,1,1,42.350326016407,152.461173659065,5.98534377571787,0,6106.53435414082,0,0,0,1.225
158.375,7.61715611921806,1,1,42.385646526918,152.588327496905,5.98632745978739,0,6109.52109598596,0,0,0,1.225
158.625,7.62305188756372,1,1,42.4209434259241,152.715396333327,5.98731110267863,0,6112.50816638481,0,0,0,1.225
158.875,7.62894275393304,1,1,42.4562167720726,152.842380379461,5.98829470440523,0,6115.49556533315,0,0,0,1.225
159.125,7.6348287297305,1,1,42.4914666237772,152.969279845598,5.98927826498402,0,6118.4832928293,0,0,0,1.225
159.375,7.64070982631606,1,1,42.5266930392186,153.096094941187,5.99026178442818,0,6121.47134886871,0,0,0,1.225
159.625,7.64658605500532,1,1,42.5618960763465,153.222825874847,5.99124526275045,0,6124.45973344644,0,0,0,1.225
159.875,7.65245742706983,1,1,42.5970757928804,153.349472854369,5.99222869996811,0,6127.44844656122,0,0,0,1.225
160.125,7.6583239537373,1,1,42.6322322463111,153.47603608672,5.99321209609388,0,6130.43748820811,0,0,0,1.225
160.375,7.66418564619181,1,1,42.667365493902,153.602515778047,5.99419545114142,0,6133.42685838295,0,0,0,1.225
160.625,7.67004251557412,1,1,42.70247559269,153.728912133684,5.99517876512618,0,6136.416557083,0,0,0,1.225
160.875,7.67589457298184,1,1,42.7375625994872,153.855225358154,5.99616203806227,0,6139.40658430445,0,0,0,1.225
161.125,7.6817418294697,1,1,42.7726265708816,153.981455655174,5.99714526996422,0,6142.39694004386,0,0,0,1.225
161.375,7.68758429604975,1,1,42.8076675632391,154.107603227661,5.99812846084433,0,6145.38762429599,0,0,0,1.225
161.625,7.69342198369165,1,1,42.8426856327038,154.233668277734,5.99911161071805,0,6148.37863705811,0,0,0,1.225
161.875,7.69925490332283,1,1,42.8776808351998,154.359651006719,6.00009471959947,0,6151.36997832645,0,0,0,1.225
162.125,7.70508306582874,1,1,42.9126532264324,154.485551615157,6.00107778750225,0,6154.36164809685,0,0,0,1.225
162.375,7.71090648205312,1,1,42.9476028618889,154.6113703028,6.0020608144423,0,6157.353646367,0,0,0,1.225
162.625,7.71672516279816,1,1,42.98252979684,154.737107268624,6.00304380043008,0,6160.3459731302,0,0,0,1.225
162.875,7.72253911882477,1,1,43.0174340863413,154.862762710829,6.00402674548241,0,6163.33862838487,0,0,0,1.225
163.125,7.72834836085276,1,1,43.0523157852338,154.988336826842,6.00500964961293,0,6166.33161212689,0,0,0,1.225
163.375,7.7341528995611,1,1,43.0871749481456,155.113829813324,6.00599251283529,0,6169.32492435213,0,0,0,1.225
163.625,7.73995274558812,1,1,43.1220116294927,155.239241866174,6.00697533516268,0,6172.31856505611,0,0,0,1.225
163.875,7.74574790953173,1,1,43.1568258834805,155.36457318053,6.00795811660964,0,6175.31253423545,0,0,0,1.225
164.125,7.75153840194962,1,1,43.1916177641044,155.489823950776,6.00894085718983,0,6178.30683188603,0,0,0,1.225
164.375,7.75732423335949,1,1,43.2263873251516,155.614994370546,6.00992355691778,0,6181.30145800449,0,0,0,1.225
164.625,7.76310541423928,1,1,43.2611346202016,155.740084632726,6.01090621580715,0,6184.29641258672,0,0,0,1.225
164.875,7.76888195502733,1,1,43.2958597026278,155.86509492946,6.01188883387067,0,6187.29169562791,0,0,0,1.225
165.125,7.77465386612265,1,1,43.330562625598,155.990025452153,6.01287141112289,0,6190.2873071247,0,0,0,1.225
165.375,7.78042115788506,1,1,43.3652434420764,156.114876391475,6.01385394757835,0,6193.28324707374,0,0,0,1.225
165.625,7.78618384063548,1,1,43.3999022048236,156.239647937365,6.0148364432489,0,6196.27951546949,0,0,0,1.225
165.875,7.79194192465605,1,1,43.4345389663987,156.364340279035,6.01581889814861,0,6199.27611230824,0,0,0,1.225
166.125,7.7976954201904,1,1,43.4691537791595,156.488953604974,6.0168013122925,0,6202.27303758702,0,0,0,1.225
166.375,7.80344433744382,1,1,43.5037466952642,156.613488102951,6.01778368569421,0,6205.27029130177,0,0,0,1.225
166.625,7.80918868658345,1,1,43.5383177666722,156.73794396002,6.01876601836557,0,6208.26787344697,0,0,0,1.225
166.875,7.81492847773852,1,1,43.5728670451452,156.862321362523,6.01974831032203,0,6211.26578402004,0,0,0,1.225
167.125,7.82066372100051,1,1,43.607394582248,156.986620496093,6.02073056157542,0,6214.26402301546,0,0,0,1.225
167.375,7.82639442642338,1,1,43.64190042935,157.11084154566,6.02171277214029,0,6217.26259042993,0,0,0,1.225
167.625,7.83212060402372,1,1,43.6763846376259,157.234984695453,6.02269494203119,0,6220.26148626013,0,0,0,1.225
167.875,7.83784226378101,1,1,43.7108472580568,157.359050129004,6.0236770712595,0,6223.26071050022,0,0,0,1.225
168.125,7.84355941563774,1,1,43.745288341431,157.483038029152,6.0246591598393,0,6226.26026314653,0,0,0,1.225
168.375,7.84927206949966,1,1,43.7797079383457,157.606948578045,6.02564120778516,0,6229.26014419576,0,0,0,1.225
168.625,7.85498023523594,1,1,43.8141060992071,157.730781957145,6.02662321510843,0,6232.26035364208,0,0,0,1.225
168.875,7.86068392267937,1,1,43.8484828742319,157.854538347235,6.02760518182504,0,6235.26089148331,0,0,0,1.225
169.125,7.86638314162654,1,1,43.8828383134483,157.978217928414,6.02858710794635,0,6238.2617577136,0,0,0,1.225
169.375,7.87207790183805,1,1,43.917172466697,158.101820880109,6.02956899348646,0,6241.26295232933,0,0,0,1.225
169.625,7.87776821303866,1,1,43.9514853836317,158.225347381074,6.03055083845902,0,6244.2644753265,0,0,0,1.225
169.875,7.88345408491749,1,1,43.9857771137208,158.348797609395,6.03153264287585,0,6247.26632669965,0,0,0,1.225
170.125,7.88913552712822,1,1,44.0200477062478,158.472171742492,6.03251440675194,0,6250.2685064459,0,0,0,1.225
170.375,7.89481254928925,1,1,44.0542972103125,158.595469957125,6.03349613010005,0,6253.27101456053,0,0,0,1.225
170.625,7.9004851609839,1,1,44.0885256748318,158.718692429395,6.03447781293289,0,6256.27385103884,0,0,0,1.225
170.875,7.90615337176055,1,1,44.122733148541,158.841839334747,6.03545945526321,0,6259.27701587612,0,0,0,1.225
171.125,7.91181719113287,1,1,44.1569196799941,158.964910847979,6.03644105710464,0,6262.28050906841,0,0,0,1.225
171.375,7.91747662857997,1,1,44.1910853175654,159.087907143235,6.03742261847174,0,6265.28433061248,0,0,0,1.225
171.625,7.92313169354657,1,1,44.22523010945,159.21082839402,6.03840413937587,0,6268.28848050254,0,0,0,1.225
171.875,7.9287823954432,1,1,44.259354103665,159.333674773194,6.03938561983023,0,6271.29295873428,0,0,0,1.225
172.125,7.93442874364632,1,1,44.29345734805,159.45644645298,6.04036705984799,0,6274.29776530339,0,0,0,1.225
172.375,7.94007074749859,1,1,44.3275398902685,159.579143604967,6.04134845944236,0,6277.30290020555,0,0,0,1.225
172.625,7.94570841630892,1,1,44.3616017778085,159.701766400111,6.04232981862697,0,6280.30836343683,0,0,0,1.225
172.875,7.95134175935276,1,1,44.3956430579834,159.82431500874,6.04331113741318,0,6283.31415499147,0,0,0,1.225
173.125,7.95697078587216,1,1,44.4296637779331,159.946789600559,6.04429241581647,0,6286.32027486701,0,0,0,1.225
173.375,7.96259550507602,1,1,44.4636639846245,160.069190344648,6.04527365384683,0,6289.3267230566,0,0,0,1.225
173.625,7.96821592614021,1,1,44.4976437248529,160.19151740947,6.04625485151928,0,6292.33349955742,0,0,0,1.225
173.875,7.97383205820778,1,1,44.5316030452423,160.313770962872,6.04723600884608,0,6295.34060436445,0,0,0,1.225
174.125,7.97944391038906,1,1,44.5655419922467,160.435951172088,6.04821712583953,0,6298.34803747271,0,0,0,1.225
174.375,7.98505149176188,1,1,44.5994606121508,160.558058203743,6.0491982025128,0,6301.35579887791,0,0,0,1.225
174.625,7.99065481137173,1,1,44.6333589510709,160.680092223855,6.05017923887954,0,6304.36388857616,0,0,0,1.225
174.875,7.99625387823187,1,1,44.6672370549556,160.80205339784,6.05116023495157,0,6307.3723065621,0,0,0,1.225
175.125,8.00184870132356,1,1,44.7010949695868,160.923941890512,6.05214119074162,0,6310.38105283111,0,0,0,1.225
175.375,8.00743928959616,1,1,44.7349327405806,161.04575786609,6.05312210626198,0,6313.39012737822,0,0,0,1.225
175.625,8.01302565196734,1,1,44.7687504133879,161.167501488196,6.05410298152765,0,6316.39953020064,0,0,0,1.225
175.875,8.01860779732318,1,1,44.8025480332953,161.289172919863,6.05508381654772,0,6319.40926129084,0,0,0,1.225
176.125,8.02418573451838,1,1,44.8363256454262,161.410772323534,6.05606461133812,0,6322.41932064678,0,0,0,1.225
176.375,8.02975947237641,1,1,44.8700832947413,161.532299861069,6.0570453659102,0,6325.42970826277,0,0,0,1.225
176.625,8.03532901968961,1,1,44.9038210260393,161.653755693741,6.05802608027534,0,6328.44042413312,0,0,0,1.225
176.875,8.04089438521941,1,1,44.9375388839581,161.775139982249,6.059006754449,0,6331.45146825543,0,0,0,1.225
177.125,8.04645557769646,1,1,44.9712369129755,161.896452886712,6.05998738844073,0,6334.46284062257,0,0,0,1.225
177.375,8.05201260582074,1,1,45.0049151574097,162.017694566675,6.06096798226463,0,6337.47454123105,0,0,0,1.225
177.625,8.0575654782618,1,1,45.0385736614204,162.138865181114,6.06194853593252,0,6340.48657007558,0,0,0,1.225
177.875,8.06311420365882,1,1,45.0722124690096,162.259964888434,6.06292904945803,0,6343.49892715231,0,0,0,1.225
178.125,8.0686587906208,1,1,45.105831624022,162.380993846479,6.06390952285346,0,6346.51161245632,0,0,0,1.225
178.375,8.07419924772673,1,1,45.1394311701462,162.501952212526,6.06488995612972,0,6349.52462598158,0,0,0,1.225
178.625,8.07973558352568,1,1,45.1730111509154,162.622840143295,6.06587034929908,0,6352.53796772319,0,0,0,1.225
178.875,8.08526780653699,1,1,45.2065716097078,162.743657794948,6.06685070237609,0,6355.55163767805,0,0,0,1.225
179.125,8.0907959252504,1,1,45.240112589748,162.864405323093,6.06783101537258,0,6358.56563584087,0,0,0,1.225
179.375,8.09631994812622,1,1,45.2736341341072,162.985082882786,6.06881128829991,0,6361.57996220604,0,0,0,1.225
179.625,8.10183988359541,1,1,45.3071362857041,163.105690628535,6.06979152117128,0,6364.59461676938,0,0,0,1.225
179.875,8.10735574005979,1,1,45.3406190873058,163.226228714301,6.0707717139976,0,6367.6095995249,0,0,0,1.225
180.125,8.11286752589214,1,1,45.3740825815283,163.346697293502,6.0717518667916,0,6370.62491046807,0,0,0,1.225
180.375,8.11837524943636,1,1,45.4075268108377,163.467096519016,6.07273197956692,0,6373.64054959509,0,0,0,1.225
180.625,8.12387891900761,1,1,45.4409518175502,163.587426543181,6.07371205233449,0,6376.6565169,0,0,0,1.225
180.875,8.12937854289244,1,1,45.4743576438335,163.707687517801,6.07469208510702,0,6379.67281237828,0,0,0,1.225
181.125,8.13487412934893,1,1,45.5077443317072,163.827879594146,6.07567207789634,0,6382.6894360247,0,0,0,1.225
181.375,8.14036568660682,1,1,45.5411119230436,163.948002922957,6.07665203071519,0,6385.70638783474,0,0,0,1.225
181.625,8.14585322286766,1,1,45.5744604595683,164.068057654446,6.07763194357358,0,6388.72366780172,0,0,0,1.225
181.875,8.15133674630495,1,1,45.6077899828612,164.1880439383,6.07861181648786,0,6391.74127592406,0,0,0,1.225
182.125,8.15681626506426,1,1,45.6411005343567,164.307961923684,6.07959164946533,0,6394.7592121929,0,0,0,1.225
182.375,8.16229178726335,1,1,45.6743921553452,164.427811759243,6.08057144252052,0,6397.77747660521,0,0,0,1.225
182.625,8.16776332099236,1,1,45.7076648869728,164.547593593102,6.08155119566618,0,6400.7960691565,0,0,0,1.225
182.875,8.17323087431386,1,1,45.7409187702428,164.667307572874,6.08253090891321,0,6403.81498984084,0,0,0,1.225
183.125,8.17869445526306,1,1,45.774153846016,164.786953845658,6.08351058227254,0,6406.83423865231,0,0,0,1.225
183.375,8.18415407184789,1,1,45.8073701550116,164.906532558042,6.08449021575871,0,6409.85381558788,0,0,0,1.225
183.625,8.18960973204915,1,1,45.8405677378077,165.026043856108,6.0854698093799,0,6412.87372063946,0,0,0,1.225
183.875,8.19506144382063,1,1,45.8737466348419,165.145487885431,6.0864493631525,0,6415.89395380548,0,0,0,1.225
184.125,8.20050921508924,1,1,45.9069068864123,165.264864791084,6.08742887708559,0,6418.9145150786,0,0,0,1.225
184.375,8.20595305375515,1,1,45.9400485326779,165.38417471764,6.0884083511919,0,6421.93540445435,0,0,0,1.225
184.625,8.21139296769191,1,1,45.9731716136593,165.503417809173,6.08938778548236,0,6424.95662192683,0,0,0,1.225
184.875,8.21682896474655,1,1,46.0062761692394,165.622594209262,6.09036717996878,0,6427.97816749087,0,0,0,1.225
185.125,8.22226105273975,1,1,46.0393622391643,165.741704060992,6.09134653466572,0,6431.00004114348,0,0,0,1.225
185.375,8.22768923946593,1,1,46.0724298630434,165.860747506956,6.09232584958045,0,6434.02224287587,0,0,0,1.225
185.625,8.23311353269339,1,1,46.1054790803504,165.979724689261,6.09330512472934,0,6437.04477268651,0,0,0,1.225
185.875,8.23853394016443,1,1,46.1385099304241,166.098635749527,6.09428436011967,0,6440.06763056662,0,0,0,1.225
186.125,8.24395046959547,1,1,46.1715224524686,166.217480828887,6.09526355576691,0,6443.09081651395,0,0,0,1.225
186.375,8.24936312867717,1,1,46.2045166855544,166.336260067996,6.09624271168104,0,6446.1143305219,0,0,0,1.225
186.625,8.25477192507454,1,1,46.2374926686186,166.454973607027,6.097221827873,0,6449.13817258461,0,0,0,1.225
186.875,8.26017686642711,1,1,46.270450440466,166.573621585678,6.09820090435642,0,6452.16234269839,0,0,0,1.225
187.125,8.26557796034895,1,1,46.3033900397692,166.692204143169,6.0991799411413,0,6455.18684085666,0,0,0,1.225
187.375,8.27097521442892,1,1,46.3363115050695,166.81072141825,6.10015893823856,0,6458.21166705356,0,0,0,1.225
187.625,8.27636863623066,1,1,46.3692148747778,166.9291735492,6.10113789566276,0,6461.23682128614,0,0,0,1.225
187.875,8.28175823329281,1,1,46.4021001871746,167.047560673828,6.10211681342116,0,6464.26230354566,0,0,0,1.225
188.125,8.28714401312903,1,1,46.434967480411,167.165882929479,6.10309569153014,0,6467.28811383063,0,0,0,1.225
188.375,8.29252598322822,1,1,46.4678167925092,167.284140453033,6.10407452999789,0,6470.31425213303,0,0,0,1.225
188.625,8.29790415105455,1,1,46.5006481613634,167.402333380908,6.10505332883622,0,6473.34071844776,0,0,0,1.225
188.875,8.3032785240476,1,1,46.5334616247399,167.520461849063,6.10603208805696,0,6476.36751276971,0,0,0,1.225
189.125,8.30864910962251,1,1,46.5662572202777,167.638525993,6.10701080767194,0,6479.39463509378,0,0,0,1.225
189.375,8.31401591517004,1,1,46.5990349854899,167.756525947764,6.10798948769207,0,6482.42208541415,0,0,0,1.225
189.625,8.31937894805671,1,1,46.6317949577632,167.874461847947,6.10896812813007,0,6485.44986372646,0,0,0,1.225
189.875,8.3247382156249,1,1,46.6645371743591,167.992333827693,6.10994672899415,0,6488.47797002272,0,0,0,1.225
190.125,8.33009372519298,1,1,46.6972616724147,168.110142020693,6.11092529029975,0,6491.50640430075,0,0,0,1.225
190.375,8.33544548405539,1,1,46.7299684889425,168.227886560193,6.11190381205506,0,6494.53516655255,0,0,0,1.225
190.625,8.34079349948278,1,1,46.7626576608317,168.345567578994,6.11288229427191,0,6497.56425677307,0,0,0,1.225
190.875,8.34613777872211,1,1,46.7953292248484,168.463185209454,6.11386073696303,0,6500.59367495796,0,0,0,1.225
191.125,8.35147832899674,1,1,46.8279832176363,168.580739583491,6.11483914013661,0,6503.62342109924,0,0,0,1.225
191.375,8.35681515750656,1,1,46.8606196757172,168.698230832582,6.11581750380901,0,6506.65349519548,0,0,0,1.225
191.625,8.36214827142809,1,1,46.8932386354916,168.81565908777,6.11679582798661,0,6509.68389723728,0,0,0,1.225
191.875,8.36747767791458,1,1,46.9258401332392,168.933024479661,6.11777411268122,0,6512.71462721956,0,0,0,1.225
192.125,8.37280338409612,1,1,46.9584242051197,169.050327138431,6.11875235790649,0,6515.74568513875,0,0,0,1.225
192.375,8.37812539707976,1,1,46.9909908871729,169.167567193822,6.11973056367333,0,6518.77707098906,0,0,0,1.225
192.625,8.38344372394959,1,1,47.0235402153196,169.284744775151,6.12070872998993,0,6521.80878476255,0,0,0,1.225
192.875,8.38875837176685,1,1,47.0560722253621,169.401860011304,6.12168685686993,0,6524.84082645564,0,0,0,1.225
193.125,8.39406934757006,1,1,47.0885869529847,169.518913030745,6.12266494432242,0,6527.8731960611,0,0,0,1.225
193.375,8.39937665837507,1,1,47.1210844337539,169.635903961514,6.12364299236106,0,6530.90589357538,0,0,0,1.225
193.625,8.40468031117521,1,1,47.1535647031198,169.752832931231,6.12462100099492,0,6533.93891899125,0,0,0,1.225
193.875,8.40998031294139,1,1,47.1860277964157,169.869700067096,6.12559897023493,0,6536.97227230297,0,0,0,1.225
194.125,8.41527667062215,1,1,47.2184737488591,169.986505495893,6.126576900092,0,6540.0059535048,0,0,0,1.225
194.375,8.42056939114383,1,1,47.2509025955522,170.103249343988,6.12755479057978,0,6543.03996259318,0,0,0,1.225
194.625,8.42585848141062,1,1,47.2833143714824,170.219931737337,6.12853264170553,0,6546.07429955947,0,0,0,1.225
194.875,8.43114394830467,1,1,47.3157091115227,170.336552801482,6.12951045348382,0,6549.10896440084,0,0,0,1.225
195.125,8.43642579868621,1,1,47.3480868504323,170.453112661556,6.130488225921,0,6552.14395710792,0,0,0,1.225
195.375,8.44170403939362,1,1,47.3804476228573,170.569611442286,6.13146595903254,0,6555.17927767864,0,0,0,1.225
195.625,8.44697867724353,1,1,47.4127914633307,170.686049267991,6.13244365282571,0,6558.21492610436,0,0,0,1.225
195.875,8.45224971903096,1,1,47.4451184062736,170.802426262585,6.13342130731326,0,6561.25090238082,0,0,0,1.225
196.125,8.45751717152935,1,1,47.4774284859951,170.918742549582,6.13439892250608,0,6564.2872065023,0,0,0,1.225
196.375,8.46278104149071,1,1,47.5097217366931,171.034998252095,6.13537649841328,0,6567.32383846166,0,0,0,1.225
196.625,8.46804133564567,1,1,47.5419981924547,171.151193492837,6.13635403504668,0,6570.3607982539,0,0,0,1.225
196.875,8.47329806070362,1,1,47.574257887257,171.267328394125,6.1373315324181,0,6573.39808587406,0,0,0,1.225
197.125,8.47855122335278,1,1,47.606500854967,171.383403077881,6.13830899053755,0,6576.43570131572,0,0,0,1.225
197.375,8.48380083026029,1,1,47.6387271293426,171.499417665633,6.13928640941413,0,6579.47364457171,0,0,0,1.225
197.625,8.48904688807232,1,1,47.6709367440329,171.615372278518,6.14026378906146,0,6582.51191563856,0,0,0,1.225
197.875,8.49428940341414,1,1,47.7031297325786,171.731267037283,6.14124112948593,0,6585.55051450691,0,0,0,1.225
198.125,8.49952838289023,1,1,47.7353061284126,171.847102062285,6.14221843070391,0,6588.58944117548,0,0,0,1.225
198.375,8.50476383308437,1,1,47.7674659648607,171.962877473498,6.14319569272084,0,6591.6286956342,0,0,0,1.225
198.625,8.50999576055973,1,1,47.7996092751415,172.078593390509,6.14417291554946,0,6594.66827787887,0,0,0,1.225
198.875,8.51522417185894,1,1,47.8317360923674,172.194249932522,6.14515009919978,0,6597.70818790309,0,0,0,1.225
199.125,8.52044907350421,1,1,47.8638464495448,172.309847218361,6.14612724368453,0,6600.74842570264,0,0,0,1.225
199.375,8.52567047199742,1,1,47.8959403795747,172.425385366469,6.14710434901099,0,6603.78899126896,0,0,0,1.225
199.625,8.53088837382018,1,1,47.9280179152531,172.540864494911,6.14808141519188,0,6606.82988459785,0,0,0,1.225
199.875,8.53610278543394,1,1,47.9600790892715,172.656284721378,6.14905844223631,0,6609.8711056822,0,0,0,1.225
200.125,8.54131371328006,1,1,47.9921239342174,172.771646163183,6.15003543015519,0,6612.91265451635,0,0,0,1.225
200.375,8.54652116377994,1,1,48.0241524825744,172.886948937268,6.15101237895851,0,6615.95453109393,0,0,0,1.225
200.625,8.55172514333505,1,1,48.0561647667233,173.002193160204,6.15198928865993,0,6618.9967354115,0,0,0,1.225
200.875,8.55692565832706,1,1,48.0881608189421,173.117378948192,6.15296615926491,0,6622.03926745903,0,0,0,1.225
201.125,8.56212271511791,1,1,48.1201406714066,173.232506417064,6.15394299078616,0,6625.08212723236,0,0,0,1.225
201.375,8.56731632004987,1,1,48.1521043561905,173.347575682286,6.15491978323462,0,6628.12531472585,0,0,0,1.225
201.625,8.5725064794457,1,1,48.1840519052666,173.46258685896,6.15589653662028,0,6631.16882993315,0,0,0,1.225
201.875,8.57769319960863,1,1,48.2159833505065,173.577540061823,6.15687325095223,0,6634.21267284718,0,0,0,1.225
202.125,8.58287648682255,1,1,48.2478987236814,173.692435405253,6.15784992624322,0,6637.25684346378,0,0,0,1.225
202.375,8.58805634735201,1,1,48.2797980564625,173.807273003265,6.15882656250142,0,6640.30134177514,0,0,0,1.225
202.625,8.59323278744235,1,1,48.3116813804215,173.922052969517,6.15980315973593,0,6643.34616777422,0,0,0,1.225
202.875,8.59840581331976,1,1,48.3435487270306,174.03677541731,6.16077971796039,0,6646.39132145756,0,0,0,1.225
203.125,8.60357543119139,1,1,48.3754001276638,174.15144045959,6.16175623718391,0,6649.43680281813,0,0,0,1.225
203.375,8.6087416472454,1,1,48.4072356135963,174.266048208947,6.16273271741375,0,6652.48261184741,0,0,0,1.225
203.625,8.61390446765105,1,1,48.4390552160056,174.38059877762,6.16370915866446,0,6655.52874854271,0,0,0,1.225
203.875,8.6190638985588,1,1,48.4708589659719,174.495092277499,6.16468556094333,0,6658.57521289553,0,0,0,1.225
204.125,8.62421994610037,1,1,48.5026468944783,174.609528820122,6.16566192426126,0,6661.62200490028,0,0,0,1.225
204.375,8.62937261638882,1,1,48.5344190324111,174.72390851668,6.16663824862735,0,6664.66912454993,0,0,0,1.225
204.625,8.63452191551866,1,1,48.5661754105606,174.838231478018,6.16761453405343,0,6667.7165718396,0,0,0,1.225
204.875,8.63966784956587,1,1,48.5979160596212,174.952497814636,6.16859078054949,0,6670.76434676302,0,0,0,1.225
205.125,8.64481042458804,1,1,48.6296410101921,175.066707636692,6.16956698812555,0,6673.81244931386,0,0,0,1.225
205.375,8.64994964662442,1,1,48.6613502927774,175.180861053999,6.17054315678979,0,6676.86087948438,0,0,0,1.225
205.625,8.655085521696,1,1,48.6930439377866,175.294958176032,6.17151928655312,0,6679.909637269,0,0,0,1.225
205.875,8.66021805580557,1,1,48.7247219755353,175.408999111927,6.17249537742555,0,6682.95872266145,0,0,0,1.225
206.125,8.66534725493784,1,1,48.7563844362451,175.522983970482,6.17347142941799,0,6686.00813565616,0,0,0,1.225
206.375,8.67047312505947,1,1,48.7880313500444,175.63691286016,6.17444744253862,0,6689.05787624539,0,0,0,1.225
206.625,8.67559567211919,1,1,48.8196627469686,175.750785889087,6.17542341679928,0,6692.10794442432,0,0,0,1.225
206.875,8.68071490204783,1,1,48.8512786569605,175.864603165058,6.17639935220814,0,6695.15834018521,0,0,0,1.225
207.125,8.68583082075845,1,1,48.8828791098708,175.978364795535,6.17737524877793,0,6698.20906352398,0,0,0,1.225
207.375,8.69094343414634,1,1,48.9144641354587,176.092070887651,6.17835110651504,0,6701.26011443145,0,0,0,1.225
207.625,8.69605274808919,1,1,48.9460337633915,176.205721548209,6.17932692542945,0,6704.31149290135,0,0,0,1.225
207.875,8.70115876844707,1,1,48.9775880232459,176.319316883685,6.1803027055339,0,6707.3631989296,0,0,0,1.225
208.125,8.70626150106257,1,1,49.0091269445079,176.432857000228,6.18127844683659,0,6710.41523250849,0,0,0,1.225
208.375,8.71136095176084,1,1,49.0406505565733,176.546342003664,6.18225414934659,0,6713.46759363105,0,0,0,1.225
208.625,8.71645712634968,1,1,49.0721588887481,176.659771999493,6.18322981307392,0,6716.52028229101,0,0,0,1.225
208.875,8.7215500306196,1,1,49.1036519702488,176.773147092896,6.18420543802949,0,6719.57329848285,0,0,0,1.225
209.125,8.72663967034389,1,1,49.1351298302028,176.88646738873,6.18518102422149,0,6722.62664219889,0,0,0,1.225
209.375,8.73172605127873,1,1,49.1665924976488,176.999732991536,6.18615657166083,0,6725.68031343361,0,0,0,1.225
209.625,8.73680917916319,1,1,49.1980400015372,177.112944005534,6.1871320803557,0,6728.73431217931,0,0,0,1.225
209.875,8.74188905971937,1,1,49.2294723707306,177.22610053463,6.18810755031882,0,6731.78863843194,0,0,0,1.225
210.125,8.74696569865243,1,1,49.2608896340037,177.339202682413,6.18908298155475,0,6734.84329218091,0,0,0,1.225
210.375,8.75203910165069,1,1,49.2922918200442,177.452250552159,6.19005837407894,0,6737.89827342437,0,0,0,1.225
210.625,8.75710927438565,1,1,49.323678957453,177.565244246831,6.19103372789687,0,6740.95358215245,0,0,0,1.225
210.875,8.76217622251213,1,1,49.3550510747444,177.67818386908,6.19200904301852,0,6744.00921835892,0,0,0,1.225
211.125,8.76723995166828,1,1,49.3864082003464,177.791069521247,6.19298431945572,0,6747.06518203904,0,0,0,1.225
211.375,8.77230046747567,1,1,49.4177503626016,177.903901305366,6.19395955721575,0,6750.1214731844,0,0,0,1.225
211.625,8.77735777553936,1,1,49.4490775897669,178.016679323161,6.19493475630861,0,6753.1780917888,0,0,0,1.225
211.875,8.78241188144798,1,1,49.4803899100144,178.129403676052,6.19590991674522,0,6756.23503784676,0,0,0,1.225
212.125,8.78746279077378,1,1,49.5116873514312,178.242074465152,6.19688503853376,0,6759.29231135063,0,0,0,1.225
212.375,8.79251050907267,1,1,49.5429699420203,178.354691791273,6.19786012168242,0,6762.34991229275,0,0,0,1.225
212.625,8.79755504188437,1,1,49.5742377097006,178.467255754922,6.19883516620212,0,6765.40784066765,0,0,0,1.225
212.875,8.80259639473239,1,1,49.6054906823073,178.579766456306,6.19981017210466,0,6768.4660964706,0,0,0,1.225
213.125,8.80763457312415,1,1,49.6367288875924,178.692223995333,6.20078513939461,0,6771.52467969105,0,0,0,1.225
213.375,8.81266958255101,1,1,49.6679523532249,178.80462847161,6.20176006808379,0,6774.58359032426,0,0,0,1.225
213.625,8.81770142848837,1,1,49.6991611067912,178.916979984448,6.2027349581831,0,6777.64282836479,0,0,0,1.225
213.875,8.82273011639571,1,1,49.7303551757954,179.029278632863,6.20370980969892,0,6780.70239380354,0,0,0,1.225
214.125,8.82775565171667,1,1,49.7615345876596,179.141524515575,6.20468462264125,0,6783.76228663435,0,0,0,1.225
214.375,8.83277803987909,1,1,49.7926993697245,179.253717731008,6.20565939702192,0,6786.8225068525,0,0,0,1.225
214.625,8.83779728629512,1,1,49.8238495492493,179.365858377297,6.20663413284728,0,6789.8830544489,0,0,0,1.225
214.875,8.84281339636125,1,1,49.8549851534124,179.477946552285,6.20760883012736,0,6792.94392941741,0,0,0,1.225
215.125,8.84782637545834,1,1,49.8861062093116,179.589982353522,6.20858348887214,0,6796.00513175185,0,0,0,1.225
215.375,8.85283622895179,1,1,49.9172127439645,179.701965878272,6.20955810908981,0,6799.06666144461,0,0,0,1.225
215.625,8.85784296219148,1,1,49.9483047843085,179.813897223511,6.21053269079039,0,6802.12851848955,0,0,0,1.225
215.875,8.86284658051191,1,1,49.9793823572018,179.925776485926,6.21150723398296,0,6805.19070287979,0,0,0,1.225
216.125,8.86784708923224,1,1,50.0104454894229,180.037603761922,6.21248173867571,0,6808.25321460771,0,0,0,1.225
216.375,8.87284449365637,1,1,50.0414942076716,180.149379147618,6.21345620487864,0,6811.31605366719,0,0,0,1.225
216.625,8.87783879907294,1,1,50.0725285385689,180.261102738848,6.21443063260085,0,6814.37922005134,0,0,0,1.225
216.875,8.88283001075547,1,1,50.1035485086576,180.372774631168,6.21540502185235,0,6817.44271375404,0,0,0,1.225
217.125,8.88781813396239,1,1,50.1345541444026,180.484394919849,6.2163793726404,0,6820.50653476698,0,0,0,1.225
217.375,8.89280317393707,1,1,50.1655454721907,180.595963699887,6.21735368497411,0,6823.57068308328,0,0,0,1.225
217.625,8.89778513590792,1,1,50.1965225183318,180.707481065995,6.21832795886348,0,6826.63515869683,0,0,0,1.225
217.875,8.90276402508846,1,1,50.2274853090585,180.818947112611,6.21930219431943,0,6829.69996160223,0,0,0,1.225
218.125,8.90773984667732,1,1,50.2584338705267,180.930361933896,6.2202763913474,0,6832.76509178973,0,0,0,1.225
218.375,8.91271260585835,1,1,50.2893682288159,181.041725623737,6.2212505499574,0,6835.8305492532,0,0,0,1.225
218.625,8.91768230780068,1,1,50.3202884099293,181.153038275745,6.22222467015945,0,6838.89633398653,0,0,0,1.225
218.875,8.92264895765875,1,1,50.3511944397945,181.26429998326,6.22319875196081,0,6841.96244598143,0,0,0,1.225
219.125,8.92761256057238,1,1,50.3820863442635,181.375510839349,6.2241727953724,0,6845.02888523253,0,0,0,1.225
219.375,8.93257312166684,1,1,50.4129641491132,181.486670936807,6.22514680040149,0,6848.09565173152,0,0,0,1.225
219.625,8.9375306460529,1,1,50.4438278800453,181.597780368163,6.226120767059,0,6851.16274547305,0,0,0,1.225
219.875,8.94248513882688,1,1,50.4746775626872,181.708839225674,6.2270946953513,0,6854.23016644811,0,0,0,1.225
220.125,8.94743660507072,1,1,50.5055132225918,181.819847601331,6.22806858528838,0,6857.29791465059,0,0,0,1.225
220.375,8.95238504985201,1,1,50.5363348852382,181.930805586857,6.22904243687935,0,6860.36599007369,0,0,0,1.225
220.625,8.9573304782241,1,1,50.5671425760315,182.041713273713,6.2300162501333,0,6863.43439271059,0,0,0,1.225
220.875,8.96227289522611,1,1,50.5979363203035,182.152570753093,6.23099002505751,0,6866.50312255302,0,0,0,1.225
221.125,8.96721230588299,1,1,50.6287161433131,182.263378115927,6.23196376166288,0,6869.57217959563,0,0,0,1.225
221.375,8.9721487152056,1,1,50.659482070246,182.374135452886,6.2329374599567,0,6872.64156383016,0,0,0,1.225
221.625,8.97708212819075,1,1,50.6902341262156,182.484842854376,6.23391111994624,0,6875.71127524835,0,0,0,1.225
221.875,8.98201254982124,1,1,50.7209723362629,182.595500410547,6.23488474164424,0,6878.78131384631,0,0,0,1.225
222.125,8.98693998506596,1,1,50.7516967253571,182.706108211286,6.23585832505705,0,6881.85167961507,0,0,0,1.225
222.375,8.99186443887989,1,1,50.7824073183956,182.816666346224,6.23683187019287,0,6884.92237254711,0,0,0,1.225
222.625,8.99678591620419,1,1,50.8131041402043,182.927174904736,6.23780537706079,0,6887.99339263563,0,0,0,1.225
222.875,9.00170442196627,1,1,50.8437872155383,183.037633975938,6.23877884566809,0,6891.06473987239,0,0,0,1.225
223.125,9.00661996107977,1,1,50.8744565690815,183.148043648693,6.23975227602659,0,6894.1364142528,0,0,0,1.225
223.375,9.0115325384447,1,1,50.9051122254474,183.258404011611,6.24072566814266,0,6897.2084157679,0,0,0,1.225
223.625,9.01644215894746,1,1,50.9357542091794,183.368715153046,6.24169902202721,0,6900.28074441235,0,0,0,1.225
223.875,9.02134882746085,1,1,50.9663825447507,183.478977161103,6.24267233768569,0,6903.35340017649,0,0,0,1.225
224.125,9.02625254884421,1,1,50.9969972565648,183.589190123633,6.24364561512721,0,6906.42638305353,0,0,0,1.225
224.375,9.03115332794339,1,1,51.0275983689557,183.69935412824,6.24461885436176,0,6909.49969303744,0,0,0,1.225
224.625,9.03605116959085,1,1,51.0581859061883,183.809469262278,6.24559205539754,0,6912.57333012073,0,0,0,1.225
224.875,9.0409460786057,1,1,51.0887598924587,183.919535612851,6.24656521824272,0,6915.64729429591,0,0,0,1.225
225.125,9.04583805979375,1,1,51.1193203518942,184.029553266819,6.2475383429055,0,6918.72158555549,0,0,0,1.225
225.375,9.05072711794756,1,1,51.1498673085538,184.139522310794,6.24851142939406,0,6921.796203892,0,0,0,1.225
225.625,9.0556132578465,1,1,51.1804007864283,184.249442831142,6.24948447771749,0,6924.87114929867,0,0,0,1.225
225.875,9.06049648425678,1,1,51.210920809441,184.359314913988,6.25045748788489,0,6927.94642176877,0,0,0,1.225
226.125,9.06537680193153,1,1,51.2414274014472,184.46913864521,6.25143045990262,0,6931.02202129337,0,0,0,1.225
226.375,9.07025421561083,1,1,51.2719205862351,184.578914110447,6.2524033937807,0,6934.09794786644,0,0,0,1.225
226.625,9.07512873002177,1,1,51.302400387526,184.688641395094,6.25337628952639,0,6937.1742014798,0,0,0,1.225
226.875,9.0800003498785,1,1,51.3328668289742,184.798320584307,6.25434914715061,0,6940.25078212817,0,0,0,1.225
227.125,9.08486907988225,1,1,51.3633199341675,184.907951763003,6.2553219666579,0,6943.32768980117,0,0,0,1.225
227.375,9.08973492472145,1,1,51.3937597266276,185.017535015859,6.25629474805919,0,6946.40492449352,0,0,0,1.225
227.625,9.09459788907169,1,1,51.4241862298101,185.127070427316,6.25726749136265,0,6949.48248619779,0,0,0,1.225
227.875,9.09945797759583,1,1,51.4545994671047,185.236558081577,6.25824019657466,0,6952.56037490506,0,0,0,1.225
228.125,9.10431519494406,1,1,51.4849994618359,185.345998062609,6.25921286370613,0,6955.63859061005,0,0,0,1.225
228.375,9.10916954575388,1,1,51.5153862372627,185.455390454146,6.26018549276341,0,6958.71713330388,0,0,0,1.225
228.625,9.1140210346502,1,1,51.5457598165794,185.564735339686,6.26115808375562,0,6961.79600297983,0,0,0,1.225
228.875,9.11886966624541,1,1,51.5761202229152,185.674032802495,6.26213063669002,0,6964.87519962973,0,0,0,1.225
229.125,9.12371544513934,1,1,51.606467479335,185.783282925606,6.26310315157571,0,6967.95472324688,0,0,0,1.225
229.375,9.12855837591941,1,1,51.6368016088396,185.892485791823,6.26407562841996,0,6971.03457382311,0,0,0,1.225
229.625,9.13339846316061,1,1,51.6671226343656,186.001641483716,6.26504806723187,0,6974.11475135171,0,0,0,1.225
229.875,9.13823571142556,1,1,51.6974305787859,186.110750083629,6.26602046801872,0,6977.19525582455,0,0,0,1.225
230.125,9.14307012526459,1,1,51.7277254649099,186.219811673676,6.26699283078869,0,6980.27608723418,0,0,0,1.225
230.375,9.14790170921574,1,1,51.7580073154838,186.328826335742,6.26796515555088,0,6983.35724557392,0,0,0,1.225
230.625,9.15273046780483,1,1,51.7882761531907,186.437794151487,6.26893744231347,0,6986.43873083635,0,0,0,1.225
230.875,9.15755640554551,1,1,51.818532000651,186.546715202344,6.26990969108192,0,6989.52054301187,0,0,0,1.225
231.125,9.16237952693929,1,1,51.8487748804225,186.655589569521,6.27088190186714,0,6992.60268209525,0,0,0,1.225
231.375,9.16719983647561,1,1,51.8790048150007,186.764417334003,6.27185407467641,0,6995.68514807836,0,0,0,1.225
231.625,9.17201733863186,1,1,51.9092218268191,186.873198576549,6.27282620951792,0,6998.76794095378,0,0,0,1.225
231.875,9.17683203787344,1,1,51.9394259382494,186.981933377698,6.27379830639893,0,7001.85106071339,0,0,0,1.225
232.125,9.1816439386538,1,1,51.9696171716016,187.090621817766,6.27477036532673,0,7004.93450734906,0,0,0,1.225
232.375,9.18645304541449,1,1,51.9997955491244,187.199263976848,6.27574238631041,0,7008.01828085412,0,0,0,1.225
232.625,9.19125936258519,1,1,52.0299610930053,187.307859934819,6.27671436935725,0,7011.10238122044,0,0,0,1.225
232.875,9.19606289458379,1,1,52.0601138253712,187.416409771336,6.27768631447634,0,7014.18680844137,0,0,0,1.225
233.125,9.20086364581638,1,1,52.090253768288,187.524913565837,6.27865822167587,0,7017.27156250951,0,0,0,1.225
233.375,9.20566162067734,1,1,52.1203809437614,187.633371397541,6.27963009096129,0,7020.3566434153,0,0,0,1.225
233.625,9.21045682354937,1,1,52.1504953737367,187.741783345452,6.2806019223417,0,7023.44205115207,0,0,0,1.225
233.875,9.21524925880352,1,1,52.1805970800994,187.850149488358,6.28157371582711,0,7026.52778571391,0,0,0,1.225
234.125,9.22003893079926,1,1,52.2106860846751,187.95846990483,6.28254547142024,0,7029.61384708907,0,0,0,1.225
234.375,9.22482584388449,1,1,52.2407624092301,188.066744673228,6.28351718913473,0,7032.70023527454,0,0,0,1.225
234.625,9.22961000239561,1,1,52.2708260754711,188.174973871696,6.28448886897513,0,7035.78695026004,0,0,0,1.225
234.875,9.23439141065756,1,1,52.3008771050461,188.283157578166,6.28546051094781,0,7038.87399203674,0,0,0,1.225
235.125,9.23917007298384,1,1,52.3309155195439,188.391295870358,6.28643211506369,0,7041.96136059947,0,0,0,1.225
235.375,9.24394599367659,1,1,52.3609413404948,188.499388825781,6.28740368133094,0,7045.04905594086,0,0,0,1.225
235.625,9.24871917702659,1,1,52.3909545893707,188.607436521735,6.28837520975412,0,7048.13707805064,0,0,0,1.225
235.875,9.25348962731334,1,1,52.4209552875854,188.715439035307,6.28934670034141,0,7051.22542692146,0,0,0,1.225
236.125,9.25825734880507,1,1,52.4509434564946,188.82339644338,6.29031815310373,0,7054.31410254813,0,0,0,1.225
236.375,9.2630223457588,1,1,52.4809191173962,188.931308822626,6.2912895680447,0,7057.40310491967,0,0,0,1.225
236.625,9.26778462242039,1,1,52.5108822915306,189.03917624951,6.29226094517435,0,7060.49243403019,0,0,0,1.225
236.875,9.27254418302454,1,1,52.540833000081,189.146998800292,6.29323228449994,0,7063.58208987161,0,0,0,1.225
237.125,9.2773010317949,1,1,52.5707712641733,189.254776551024,6.29420358602874,0,7066.67207243587,0,0,0,1.225
237.375,9.28205517294404,1,1,52.6006971048767,189.362509577556,6.29517484976896,0,7069.76238171562,0,0,0,1.225
237.625,9.28680661067352,1,1,52.6306105432034,189.470197955532,6.29614607572785,0,7072.85301770279,0,0,0,1.225
237.875,9.29155534917394,1,1,52.6605116001095,189.577841760394,6.2971172639127,0,7075.94398038933,0,0,0,1.225
238.125,9.29630139262499,1,1,52.6904002964945,189.68544106738,6.29808841433078,0,7079.03526976717,0,0,0,1.225
238.375,9.30104474519544,1,1,52.720276653202,189.792995951527,6.29905952699028,0,7082.12688582899,0,0,0,1.225
238.625,9.30578541104323,1,1,52.7501406910198,189.900506487671,6.30003060189938,0,7085.21882856745,0,0,0,1.225
238.875,9.31052339431549,1,1,52.7799924306798,190.007972750447,6.30100163906354,0,7088.31109797306,0,0,0,1.225
239.125,9.31525869914857,1,1,52.8098318928588,190.115394814292,6.30197263849095,0,7091.40369403849,0,0,0,1.225
239.375,9.3199913296681,1,1,52.8396590981781,190.222772753441,6.30294360019161,0,7094.49661675788,0,0,0,1.225
239.625,9.32472128998901,1,1,52.8694740672041,190.330106641935,6.30391452417007,0,7097.58986612099,0,0,0,1.225
239.875,9.32944858421559,1,1,52.8992768204483,190.437396553614,6.3048854104336,0,7100.6834421198,0,0,0,1.225
240.125,9.33417321644152,1,1,52.9290673783676,190.544642562123,6.3058562589913,0,7103.77734474772,0,0,0,1.225
240.375,9.33889519074988,1,1,52.9588457613644,190.651844740912,6.30682706985044,0,7106.87157399671,0,0,0,1.225
240.625,9.34361451121323,1,1,52.9886119897871,190.759003163233,6.3077978430174,0,7109.96612985801,0,0,0,1.225
240.875,9.34833118189364,1,1,53.0183660839297,190.866117902147,6.30876857849853,0,7113.06101232287,0,0,0,1.225
241.125,9.3530452068427,1,1,53.0481080640326,190.973189030518,6.30973927630384,0,7116.15622138544,0,0,0,1.225
241.375,9.3577565901016,1,1,53.0778379502827,191.080216621018,6.31070993644062,0,7119.2517570377,0,0,0,1.225
241.625,9.36246533570112,1,1,53.1075557628132,191.187200746127,6.3116805589143,0,7122.34761927017,0,0,0,1.225
241.875,9.36717144766172,1,1,53.1372615217041,191.294141478135,6.31265114373218,0,7125.44380807484,0,0,0,1.225
242.125,9.37187492999352,1,1,53.1669552469824,191.401038889137,6.31362169090335,0,7128.54032344513,0,0,0,1.225
242.375,9.3765757866964,1,1,53.1966369586223,191.50789305104,6.31459220043234,0,7131.63716537086,0,0,0,1.225
242.625,9.38127402175997,1,1,53.2263066765453,191.614704035563,6.31556267232918,0,7134.7343338462,0,0,0,1.225
242.875,9.38596963916367,1,1,53.2559644206204,191.721471914233,6.31653310660022,0,7137.83182886241,0,0,0,1.225
243.125,9.39066264287676,1,1,53.2856102106643,191.828196758391,6.31750350325183,0,7140.92965041076,0,0,0,1.225
243.375,9.39535303685838,1,1,53.3152440664416,191.93487863919,6.31847386229128,0,7144.02779848324,0,0,0,1.225
243.625,9.40004082505758,1,1,53.3448660076651,192.041517627594,6.31944418372677,0,7147.12627307259,0,0,0,1.225
243.875,9.40472601141335,1,1,53.3744760539957,192.148113794385,6.32041446756466,0,7150.22507417007,0,0,0,1.225
244.125,9.40940859985468,1,1,53.4040742250431,192.254667210155,6.32138471381313,0,7153.32420176843,0,0,0,1.225
244.375,9.41408859430056,1,1,53.4336605403652,192.361177945315,6.32235492247764,0,7156.42365585821,0,0,0,1.225
244.625,9.41876599866004,1,1,53.4632350194691,192.467646070089,6.32332509356729,0,7159.52343643287,0,0,0,1.225
244.875,9.42344081683226,1,1,53.4927976818109,192.574071654519,6.32429522708571,0,7162.62354348153,0,0,0,1.225
245.125,9.42811305270648,1,1,53.5223485467957,192.680454768465,6.32526532304473,0,7165.72397699983,0,0,0,1.225
245.375,9.43278271016213,1,1,53.5518876337782,192.786795481602,6.3262353814489,0,7168.82473697761,0,0,0,1.225
245.625,9.43744979306882,1,1,53.5814149620626,192.893093863425,6.32720540230366,0,7171.92582340544,0,0,0,1.225
245.875,9.4421143052864,1,1,53.6109305509029,192.99934998325,6.32817538561994,0,7175.02723627825,0,0,0,1.225
246.125,9.44677625066497,1,1,53.6404344195028,193.10556391021,6.32914533140138,0,7178.12897558515,0,0,0,1.225
246.375,9.45143563304497,1,1,53.6699265870166,193.21173571326,6.33011523965615,0,7181.2310413189,0,0,0,1.225
246.625,9.45609245625711,1,1,53.6994070725484,193.317865461174,6.33108511039063,0,7184.3334334708,0,0,0,1.225
246.875,9.46074672412251,1,1,53.7288758951531,193.423953222551,6.33205494361391,0,7187.43615203435,0,0,0,1.225
247.125,9.46539844045269,1,1,53.7583330738361,193.52999906581,6.33302473933054,0,7190.53919699939,0,0,0,1.225
247.375,9.47004760904959,1,1,53.7877786275537,193.636003059193,6.33399449754961,0,7193.64256835943,0,0,0,1.225
247.625,9.47469423370561,1,1,53.8172125752131,193.741965270767,6.33496421827567,0,7196.74626610431,0,0,0,1.225
247.875,9.47933831820369,1,1,53.8466349356728,193.847885768422,6.33593390151691,0,7199.85029022681,0,0,0,1.225
248.125,9.48397986631726,1,1,53.8760457277427,193.953764619874,6.33690354727878,0,7202.95464071752,0,0,0,1.225
248.375,9.48861888181036,1,1,53.905444970184,194.059601892662,6.3378731555722,0,7206.05931757141,0,0,0,1.225
248.625,9.4932553684376,1,1,53.9348326817098,194.165397654155,6.33884272639989,0,7209.16432077687,0,0,0,1.225
248.875,9.49788932994424,1,1,53.9642088809849,194.271151971546,6.33981225976913,0,7212.26965032598,0,0,0,1.225
249.125,9.50252077006621,1,1,53.9935735866263,194.376864911855,6.3407817556872,0,7215.37530621077,0,0,0,1.225
249.375,9.50714969253012,1,1,54.0229268172032,194.482536541932,6.34175121416411,0,7218.4812884255,0,0,0,1.225
249.625,9.51177610105335,1,1,54.0522685912371,194.588166928454,6.34272063520075,0,7221.58759695714,0,0,0,1.225
249.875,9.51639999934402,1,1,54.081598927202,194.693756137927,6.34369001880987,0,7224.69423180211,0,0,0,1.225
250.125,9.52102139110104,1,1,54.1109178435248,194.799304236689,6.34465936499328,0,7227.80119294811,0,0,0,1.225
250.375,9.52564028001417,1,1,54.1402253585851,194.904811290906,6.34562867376007,0,7230.90848038867,0,0,0,1.225
250.625,9.53025666976402,1,1,54.1695214907156,195.010277366576,6.34659794511663,0,7234.01609411513,0,0,0,1.225
250.875,9.5348705640221,1,1,54.1988062582023,195.115702529528,6.34756717907112,0,7237.12403412029,0,0,0,1.225
251.125,9.53948196645083,1,1,54.2280796792844,195.221086845424,6.3485363756281,0,7240.23230039405,0,0,0,1.225
251.375,9.54409088070362,1,1,54.2573417721549,195.326430379758,6.34950553479393,0,7243.34089292776,0,0,0,1.225
251.625,9.54869731042482,1,1,54.2865925549603,195.431733197857,6.35047465657772,0,7246.44981171495,0,0,0,1.225
251.875,9.55330125924984,1,1,54.315832045801,195.536995364883,6.35144374098309,0,7249.5590567448,0,0,0,1.225
252.125,9.55790273080513,1,1,54.3450602627314,195.642216945833,6.35241278802005,0,7252.66862801157,0,0,0,1.225
252.375,9.5625017287082,1,1,54.3742772237603,195.747398005537,6.35338179769224,0,7255.77852550445,0,0,0,1.225
252.625,9.5670982565677,1,1,54.4034829468506,195.852538608662,6.35435077000784,0,7258.88874921625,0,0,0,1.225
252.875,9.57169231798341,1,1,54.4326774499198,195.957638819711,6.35531970497323,0,7261.99929913833,0,0,0,1.225
253.125,9.57628391654628,1,1,54.4618607508401,196.062698703024,6.35628860259385,0,7265.11017526135,0,0,0,1.225
253.375,9.58087305583846,1,1,54.4910328674385,196.167718322779,6.3572574628779,0,7268.22137757811,0,0,0,1.225
253.625,9.58545973943336,1,1,54.5201938174971,196.272697742989,6.35822628583264,0,7271.33290608074,0,0,0,1.225
253.875,9.59004397089562,1,1,54.5493436187528,196.37763702751,6.35919507146082,0,7274.44476075768,0,0,0,1.225
254.125,9.59462575378121,1,1,54.5784822888982,196.482536240034,6.36016381977242,0,7277.55694160323,0,0,0,1.225
254.375,9.59920509163737,1,1,54.6076098455812,196.587395444092,6.36113253077201,0,7280.66944860731,0,0,0,1.225
254.625,9.60378198800276,1,1,54.6367263064051,196.692214703059,6.36210120446776,0,7283.78228176276,0,0,0,1.225
254.875,9.60835644640737,1,1,54.6658316889294,196.796994080146,6.36306984086514,0,7286.89544106024,0,0,0,1.225
255.125,9.61292847037263,1,1,54.6949260106691,196.901733638409,6.3640384399705,0,7290.00892649114,0,0,0,1.225
255.375,9.61749806341141,1,1,54.7240092890955,197.006433440744,6.36500700178931,0,7293.12273804611,0,0,0,1.225
255.625,9.62206522902804,1,1,54.753081541636,197.111093549889,6.36597552632975,0,7296.236875718,0,0,0,1.225
255.875,9.62662997071836,1,1,54.7821427856744,197.215714028428,6.36694401359819,0,7299.35133949821,0,0,0,1.225
256.125,9.63119229196973,1,1,54.8111930385511,197.320294938784,6.36791246359826,0,7302.46612937595,0,0,0,1.225
256.375,9.63575219626108,1,1,54.8402323175632,197.424836343227,6.36888087633997,0,7305.58124534554,0,0,0,1.225
256.625,9.64030968706292,1,1,54.8692606399644,197.529338303872,6.36984925182787,0,7308.69668739691,0,0,0,1.225
256.875,9.64486476783737,1,1,54.8982780229655,197.633800882676,6.37081759006924,0,7311.8124555222,0,0,0,1.225
257.125,9.64941744203822,1,1,54.9272844837345,197.738224141444,6.37178589106952,0,7314.92854971209,0,0,0,1.225
257.375,9.65396771311089,1,1,54.9562800393966,197.842608141828,6.37275415483418,0,7318.04496995725,0,0,0,1.225
257.625,9.65851558449254,1,1,54.9852647070343,197.946952945323,6.3737223813705,0,7321.16171624983,0,0,0,1.225
257.875,9.66306105961204,1,1,55.0142385036878,198.051258613276,6.37469057068483,0,7324.27878858124,0,0,0,1.225
258.125,9.66760414189,1,1,55.0432014463549,198.155525206878,6.37565872278446,0,7327.39618694362,0,0,0,1.225
258.375,9.67214483473886,1,1,55.0721535519914,198.259752787169,6.37662683767212,0,7330.51391132548,0,0,0,1.225
258.625,9.67668314156283,1,1,55.101094837511,198.36394141504,6.3775949153578,0,7333.63196172114,0,0,0,1.225
258.875,9.68121906575797,1,1,55.1300253197854,198.468091151228,6.37856295584606,0,7336.75033812059,0,0,0,1.225
259.125,9.68575261071222,1,1,55.1589450156448,198.572202056321,6.37953095914418,0,7339.86904051596,0,0,0,1.225
259.375,9.69028377980541,1,1,55.1878539418777,198.67627419076,6.38049892525669,0,7342.98806889722,0,0,0,1.225
259.625,9.69481257640928,1,1,55.2167521152312,198.780307614832,6.38146685419088,0,7346.10742325655,0,0,0,1.225
259.875,9.69933900388753,1,1,55.2456395524111,198.88430238868,6.3824347459522,0,7349.22710358463,0,0,0,1.225
260.125,9.70386306559583,1,1,55.2745162700819,198.988258572295,6.38340260054611,0,7352.34710987218,0,0,0,1.225
260.375,9.70838476488187,1,1,55.3033822848674,199.092176225523,6.3843704179817,0,7355.46744211281,0,0,0,1.225
260.625,9.71290410508533,1,1,55.3322376133502,199.196055408061,6.3853381982608,0,7358.58810029432,0,0,0,1.225
260.875,9.717421089538,1,1,55.3610822720723,199.29989617946,6.3863059413934,0,7361.70908441106,0,0,0,1.225
261.125,9.7219357215637,1,1,55.3899162775351,199.403698599127,6.38727364738497,0,7364.83039445376,0,0,0,1.225
261.375,9.7264480044784,1,1,55.4187396461996,199.507462726319,6.38824131623915,0,7367.95203041166,0,0,0,1.225
261.625,9.73095794159019,1,1,55.4475523944864,199.611188620151,6.38920894796229,0,7371.07399227622,0,0,0,1.225
261.875,9.73546553619931,1,1,55.4763545387757,199.714876339593,6.39017654256349,0,7374.19628004107,0,0,0,1.225
262.125,9.7399707915982,1,1,55.5051460954081,199.818525943469,6.3911441000464,0,7377.31889369548,0,0,0,1.225
262.375,9.74447371107153,1,1,55.5339270806838,199.922137490462,6.39211162041647,0,7380.44183323017,0,0,0,1.225
262.625,9.74897429789617,1,1,55.5626975108637,200.025711039109,6.39307910368098,0,7383.56509863732,0,0,0,1.225
262.875,9.75347255534129,1,1,55.5914574021685,200.129246647807,6.39404654984537,0,7386.68868990768,0,0,0,1.225
263.125,9.75796848666835,1,1,55.6202067707799,200.232744374808,6.39501395891511,0,7389.81260703196,0,0,0,1.225
263.375,9.76246209513109,1,1,55.6489456328398,200.336204278223,6.39598133089839,0,7392.93685000308,0,0,0,1.225
263.625,9.76695338397564,1,1,55.6776740044511,200.439626416024,6.39694866579885,0,7396.06141881034,0,0,0,1.225
263.875,9.77144235644047,1,1,55.7063919016776,200.543010846039,6.39791596362193,0,7399.18631344446,0,0,0,1.225
264.125,9.77592901575644,1,1,55.7350993405438,200.646357625958,6.39888322437582,0,7402.31153389837,0,0,0,1.225
264.375,9.78041336514684,1,1,55.7637963370357,200.749666813329,6.39985044806417,0,7405.43708016136,0,0,0,1.225
264.625,9.78489540782741,1,1,55.7924829071004,200.852938465561,6.40081763469516,0,7408.56295222636,0,0,0,1.225
264.875,9.78937514700633,1,1,55.8211590666463,200.956172639927,6.40178478427333,0,7411.68915008338,0,0,0,1.225
265.125,9.7938525858843,1,1,55.8498248315436,201.059369393557,6.40275189680324,0,7414.81567372245,0,0,0,1.225
265.375,9.79832772765453,1,1,55.8784802176238,201.162528783446,6.40371897229306,0,7417.94252313651,0,0,0,1.225
265.625,9.80280057550275,1,1,55.9071252406805,201.26565086645,6.40468601074554,0,7421.06969831412,0,0,0,1.225
265.875,9.8072711326073,1,1,55.935759916469,201.368735699288,6.40565301217066,0,7424.19719924968,0,0,0,1.225
266.125,9.81173940213906,1,1,55.9643842607068,201.471783338545,6.40661997657207,0,7427.32502593249,0,0,0,1.225
266.375,9.81620538726155,1,1,55.9929982890734,201.574793840664,6.40758690395432,0,7430.45317835259,0,0,0,1.225
266.625,9.82066909113095,1,1,56.0216020172107,201.677767261959,6.40855379432469,0,7433.58165650219,0,0,0,1.225
266.875,9.82513051689607,1,1,56.050195460723,201.780703658603,6.40952064768771,0,7436.71046037133,0,0,0,1.225
267.125,9.82958966769842,1,1,56.078778635177,201.883603086637,6.41048746404977,0,7439.83958995151,0,0,0,1.225
267.375,9.83404654667221,1,1,56.1073515561023,201.986465601968,6.41145424341721,0,7442.96904523421,0,0,0,1.225
267.625,9.83850115694441,1,1,56.135914238991,202.089291260368,6.41242098579551,0,7446.09882621021,0,0,0,1.225
267.875,9.84295350163473,1,1,56.1644666992984,202.192080117474,6.4133876911892,0,7449.22893286956,0,0,0,1.225
268.125,9.84740358385565,1,1,56.1930089524427,202.294832228794,6.41435435960648,0,7452.35936520522,0,0,0,1.225
268.375,9.85185140671249,1,1,56.2215410138051,202.397547649698,6.41532099104916,0,7455.49012320505,0,0,0,1.225
268.625,9.85629697330336,1,1,56.2500628987302,202.500226435429,6.41628758552633,0,7458.62120686273,0,0,0,1.225
268.875,9.86074028671926,1,1,56.2785746225262,202.602868641094,6.41725414304074,0,7461.75261616688,0,0,0,1.225
269.125,9.86518135004403,1,1,56.3070762004645,202.705474321672,6.41822066359964,0,7464.88435110972,0,0,0,1.225
269.375,9.86962016635444,1,1,56.3355676477802,202.808043532009,6.41918714720941,0,7468.01641168278,0,0,0,1.225
269.625,9.87405673872015,1,1,56.3640489796722,202.91057632682,6.4201535938746,0,7471.1487978761,0,0,0,1.225
269.875,9.87849107020379,1,1,56.3925202113033,203.013072760692,6.42112000360066,0,7474.28150968049,0,0,0,1.225
270.125,9.88292316386094,1,1,56.4209813578003,203.115532888081,6.42208637639214,0,7477.414547086,0,0,0,1.225
270.375,9.88735302274019,1,1,56.4494324342541,203.217956763315,6.42305271225632,0,7480.54791008488,0,0,0,1.225
270.625,9.89178064988311,1,1,56.4778734557196,203.320344440591,6.42401901119865,0,7483.68159866793,0,0,0,1.225
270.875,9.89620604832434,1,1,56.5063044372164,203.422695973979,6.42498527322368,0,7486.81561282521,0,0,0,1.225
271.125,9.90062922109155,1,1,56.5347253937284,203.525011417422,6.42595149833596,0,7489.94995254681,0,0,0,1.225
271.375,9.90505017120551,1,1,56.5631363402039,203.627290824734,6.42691768654458,0,7493.08461782643,0,0,0,1.225
271.625,9.90946890168007,1,1,56.5915372915562,203.729534249602,6.42788383785137,0,7496.21960865197,0,0,0,1.225
271.875,9.91388541552223,1,1,56.6199282626631,203.831741745587,6.42884995226359,0,7499.35492501568,0,0,0,1.225
272.125,9.91829971573211,1,1,56.6483092683677,203.933913366124,6.42981602978489,0,7502.49056690692,0,0,0,1.225
272.375,9.92271180530302,1,1,56.6766803234777,204.03604916452,6.43078207042254,0,7505.62653431795,0,0,0,1.225
272.625,9.92712168722144,1,1,56.7050414427662,204.138149193958,6.43174807418109,0,7508.76282723886,0,0,0,1.225
272.875,9.93152936446708,1,1,56.7333926409716,204.240213507498,6.4327140410669,0,7511.89944566119,0,0,0,1.225
273.125,9.93593484001287,1,1,56.7617339327974,204.342242158071,6.43367997108453,0,7515.03638957502,0,0,0,1.225
273.375,9.94033811682499,1,1,56.7900653329129,204.444235198486,6.43464586423761,0,7518.17365896973,0,0,0,1.225
273.625,9.94473919786292,1,1,56.8183868559528,204.54619268143,6.43561172053523,0,7521.31125383903,0,0,0,1.225
273.875,9.94913808607942,1,1,56.8466985165175,204.648114659463,6.43657753998014,0,7524.44917417157,0,0,0,1.225
274.125,9.95353478442057,1,1,56.8750003291734,204.750001185024,6.43754332257868,0,7527.5874199589,0,0,0,1.225
274.375,9.95792929582579,1,1,56.9032923084526,204.85185231043,6.43850906833359,0,7530.72599118966,0,0,0,1.225
274.625,9.96232162322787,1,1,56.9315744688534,204.953668087872,6.43947477725487,0,7533.86488785831,0,0,0,1.225
274.875,9.96671176955297,1,1,56.9598468248401,205.055448569425,6.44044044934435,0,7537.00410995278,0,0,0,1.225
275.125,9.97109973772066,1,1,56.9881093908435,205.157193807036,6.44140608460748,0,7540.1436574639,0,0,0,1.225
275.375,9.97548553064394,1,1,57.0163621812603,205.258903852537,6.44237168305062,0,7543.28353038322,0,0,0,1.225
275.625,9.97986915122925,1,1,57.0446052104543,205.360578757635,6.44333724467833,0,7546.42372870086,0,0,0,1.225
275.875,9.98425060237649,1,1,57.0728384927553,205.462218573919,6.44430276949515,0,7549.56425240692,0,0,0,1.225
276.125,9.98862988697906,1,1,57.1010620424601,205.563823352857,6.44526825750927,0,7552.70510149442,0,0,0,1.225
276.375,9.99300700792385,1,1,57.1292758738323,205.665393145796,6.4462337087225,0,7555.84627595131,0,0,0,1.225
276.625,9.9973819680913,1,1,57.1574800011023,205.766928003968,6.44719912314031,0,7558.9877757684,0,0,0,1.225
276.875,10.0017547703554,1,1,57.1856744384674,205.868427978483,6.44816450076996,0,7562.12960093802,0,0,0,1.225
277.125,10.0061254175836,1,1,57.2138592000922,205.969893120332,6.44912984161601,0,7565.27175145028,0,0,0,1.225
277.375,10.0104939126372,1,1,57.2420343001085,206.071323480391,6.45009514568119,0,7568.41422729383,0,0,0,1.225
277.625,10.0148602583708,1,1,57.2701997526154,206.172719109415,6.45106041297277,0,7571.557028461,0,0,0,1.225
277.875,10.0192244576328,1,1,57.2983555716792,206.274080058045,6.4520256434962,0,7574.70015494262,0,0,0,1.225
278.125,10.0235865132652,1,1,57.3265017713341,206.375406376803,6.45299083725604,0,7577.84360672883,0,0,0,1.225
278.375,10.0279464281038,1,1,57.3546383655817,206.476698116094,6.45395599425774,0,7580.98738381048,0,0,0,1.225
278.625,10.0323042049779,1,1,57.3827653683912,206.577955326208,6.45492111450494,0,7584.13148617698,0,0,0,1.225
278.875,10.0366598467105,1,1,57.4108827937001,206.67917805732,6.45588619800401,0,7587.27591381991,0,0,0,1.225
279.125,10.0410133561185,1,1,57.4389906554133,206.780366359488,6.45685124475767,0,7590.42066672794,0,0,0,1.225
279.375,10.0453647360125,1,1,57.4670889674041,206.881520282655,6.45781625477412,0,7593.56574489414,0,0,0,1.225
279.625,10.0497139891968,1,1,57.4951777435138,206.98263987665,6.45878122805789,0,7596.71114830862,0,0,0,1.225
279.875,10.0540611184695,1,1,57.523256997552,207.083725191187,6.45974616461262,0,7599.85687696082,0,0,0,1.225
280.125,10.0584061266224,1,1,57.5513267432966,207.184776275868,6.46071106444379,0,7603.00293084159,0,0,0,1.225
280.375,10.0627490164415,1,1,57.5793869944938,207.285793180178,6.46167592755592,0,7606.14930994107,0,0,0,1.225
280.625,10.0670897907061,1,1,57.6074377648586,207.386775953491,6.46264075395538,0,7609.29601425087,0,0,0,1.225
280.875,10.0714284521899,1,1,57.6354790680746,207.487724645068,6.46360554364492,0,7612.44304375968,0,0,0,1.225
281.125,10.0757650036601,1,1,57.6635109177938,207.588639304058,6.46457029662997,0,7615.59039845838,0,0,0,1.225
281.375,10.080099447878,1,1,57.6915333276376,207.689519979495,6.46553501291783,0,7618.73807833929,0,0,0,1.225
281.625,10.0844317875987,1,1,57.7195463111958,207.790366720305,6.46649969251212,0,7621.88608339184,0,0,0,1.225
281.875,10.0887620255713,1,1,57.7475498820275,207.891179575299,6.46746433541557,0,7625.03441360474,0,0,0,1.225
282.125,10.0930901645388,1,1,57.775544053661,207.991958593179,6.46842894163547,0,7628.18306897031,0,0,0,1.225
282.375,10.0974162072384,1,1,57.8035288395935,208.092703822537,6.46939351117544,0,7631.332049478,0,0,0,1.225
282.625,10.101740156401,1,1,57.831504253292,208.193415311851,6.47035804404186,0,7634.4813551194,0,0,0,1.225
282.875,10.1060620147517,1,1,57.8594703081924,208.294093109493,6.47132254023836,0,7637.63098588397,0,0,0,1.225
283.125,10.1103817850094,1,1,57.8874270177005,208.394737263722,6.47228699976949,0,7640.78094176185,0,0,0,1.225
283.375,10.1146994698875,1,1,57.9153743951915,208.495347822689,6.47325142264162,0,7643.93122274467,0,0,0,1.225
283.625,10.119015072093,1,1,57.9433124540104,208.595924834437,6.47421580885839,0,7647.08182882187,0,0,0,1.225
283.875,10.1233285943272,1,1,57.971241207472,208.696468346899,6.47518015842252,0,7650.23275998216,0,0,0,1.225
284.125,10.1276400392854,1,1,57.9991606688609,208.796978407899,6.47614447134401,0,7653.38401622008,0,0,0,1.225
284.375,10.1319494096573,1,1,58.0270708514317,208.897455065154,6.47710874762288,0,7656.53559752216,0,0,0,1.225
284.625,10.1362567081265,1,1,58.0549717684093,208.997898366273,6.47807298726366,0,7659.68750387857,0,0,0,1.225
284.875,10.1405619373707,1,1,58.0828634329884,209.098308358758,6.47903719027636,0,7662.83973528385,0,0,0,1.225
285.125,10.1448651000619,1,1,58.1107458583343,209.198685090004,6.48000135665916,0,7665.99229172309,0,0,0,1.225
285.375,10.1491661988664,1,1,58.1386190575825,209.299028607297,6.48096548642206,0,7669.14517319083,0,0,0,1.225
285.625,10.1534652364445,1,1,58.1664830438388,209.39933895782,6.48192957956599,0,7672.29837967434,0,0,0,1.225
285.875,10.1577622154508,1,1,58.1943378301799,209.499616188647,6.4828936360982,0,7675.45191116599,0,0,0,1.225
286.125,10.1620571385341,1,1,58.2221834296528,209.59986034675,6.48385765602052,0,7678.60576765377,0,0,0,1.225
286.375,10.1663500083377,1,1,58.2500198552753,209.700071478991,6.48482163934113,0,7681.75994913079,0,0,0,1.225
286.625,10.170640827499,1,1,58.2778471200363,209.800249632131,6.48578558606187,0,7684.91445558504,0,0,0,1.225
286.875,10.1749295986496,1,1,58.3056652368952,209.900394852823,6.48674949618908,0,7688.06928700817,0,0,0,1.225
287.125,10.1792163244156,1,1,58.3334742187825,210.000507187617,6.48771336972641,0,7691.22444338965,0,0,0,1.225
287.375,10.1835010074173,1,1,58.3612740786,210.10058668296,6.4886772066784,0,7694.37992471966,0,0,0,1.225
287.625,10.1877836502696,1,1,58.3890648292204,210.200633385193,6.48964100705052,0,7697.53573098913,0,0,0,1.225
287.875,10.1920642555814,1,1,58.4168464834877,210.300647340556,6.4906047708464,0,7700.69186218752,0,0,0,1.225
288.125,10.1963428259562,1,1,58.4446190542175,210.400628595183,6.49156849807059,0,7703.84831830504,0,0,0,1.225
288.375,10.200619363992,1,1,58.4723825541965,210.500577195107,6.49253218872855,0,7707.0050993326,0,0,0,1.225
288.625,10.204893872281,1,1,58.5001369961831,210.600493186259,6.49349584282299,0,7710.16220525896,0,0,0,1.225
288.875,10.2091663534099,1,1,58.5278823929073,210.700376614466,6.49445946036121,0,7713.31963607649,0,0,0,1.225
289.125,10.21343680996,1,1,58.5556187570707,210.800227525455,6.49542304134502,0,7716.47739177322,0,0,0,1.225
289.375,10.2177052445069,1,1,58.5833461013469,210.900045964849,6.49638658577987,0,7719.63547234009,0,0,0,1.225
289.625,10.2219716596207,1,1,58.611064438381,210.999831978172,6.49735009367032,0,7722.7938777673,0,0,0,1.225
289.875,10.2262360578662,1,1,58.6387737807905,211.099585610846,6.49831356502091,0,7725.95260804505,0,0,0,1.225
290.125,10.2304984418024,1,1,58.6664741411647,211.199306908193,6.49927699983709,0,7729.11166316429,0,0,0,1.225
290.375,10.2347588139831,1,1,58.6941655320649,211.298995915434,6.50024039812251,0,7732.27104311451,0,0,0,1.225
290.625,10.2390171769565,1,1,58.7218479660248,211.398652677689,6.50120375987899,0,7735.43074788372,0,0,0,1.225
290.875,10.2432735332655,1,1,58.7495214555504,211.498277239982,6.50216708511562,0,7738.59077746579,0,0,0,1.225
291.125,10.2475278854475,1,1,58.7771860131201,211.597869647232,6.50313037383421,0,7741.75113184874,0,0,0,1.225
291.375,10.2517802360344,1,1,58.8048416511845,211.697429944264,6.50409362603841,0,7744.91181102208,0,0,0,1.225
291.625,10.256030587553,1,1,58.8324883821671,211.796958175802,6.50505684173368,0,7748.07281497675,0,0,0,1.225
291.875,10.2602789425245,1,1,58.8601262184638,211.89645438647,6.50602002092364,0,7751.23414370223,0,0,0,1.225
292.125,10.2645253034648,1,1,58.8877551724434,211.995918620796,6.50698316361559,0,7754.39579719095,0,0,0,1.225
292.375,10.2687696728845,1,1,58.9153752564472,212.09535092321,6.5079462698086,0,7757.55777542875,0,0,0,1.225
292.625,10.2730120532889,1,1,58.9429864827896,212.194751338043,6.50890933951268,0,7760.72007841023,0,0,0,1.225
292.875,10.2772524471779,1,1,58.970588863758,212.294119909529,6.50987237272784,0,7763.88270612198,0,0,0,1.225
293.125,10.2814908570462,1,1,58.9981824116127,212.393456681806,6.51083536946044,0,7767.04565855568,0,0,0,1.225
293.375,10.2857272853832,1,1,59.0257671385872,212.492761698914,6.5117983297132,0,7770.20893570012,0,0,0,1.225
293.625,10.2899617346731,1,1,59.0533430568881,212.592035004797,6.5127612534925,0,7773.37253754697,0,0,0,1.225
293.875,10.2941942073947,1,1,59.0809101786955,212.691276643304,6.51372414080106,0,7776.53646408502,0,0,0,1.225
294.125,10.2984247060218,1,1,59.1084685161627,212.790486658186,6.51468699164343,0,7779.7007153045,0,0,0,1.225
294.375,10.3026532330229,1,1,59.1360180814165,212.889665093099,6.51564980602416,0,7782.86529119566,0,0,0,1.225
294.625,10.3068797908612,1,1,59.1635588865571,212.988811991606,6.51661258394688,0,7786.03019174799,0,0,0,1.225
294.875,10.3111043819948,1,1,59.1910909436585,213.087927397171,6.51757532541797,0,7789.19541695321,0,0,0,1.225
295.125,10.3153270088767,1,1,59.2186142647683,213.187011353166,6.51853803043741,0,7792.3609667979,0,0,0,1.225
295.375,10.3195476739547,1,1,59.2461288619078,213.286063902868,6.51950069901432,0,7795.52684127596,0,0,0,1.225
295.625,10.3237663796714,1,1,59.2736347470722,213.38508508946,6.52046333114868,0,7798.69304037399,0,0,0,1.225
295.875,10.3279831284644,1,1,59.3011319322306,213.48407495603,6.52142592684686,0,7801.8595640837,0,0,0,1.225
296.125,10.3321979227662,1,1,59.3286204293262,213.583033545574,6.52238848611159,0,7805.02641239387,0,0,0,1.225
296.375,10.3364107650041,1,1,59.3561002502761,213.681960900994,6.52335100894834,0,7808.19358529548,0,0,0,1.225
296.625,10.3406216576004,1,1,59.3835714069717,213.780857065098,6.52431349536073,0,7811.36108277806,0,0,0,1.225
296.875,10.3448306029723,1,1,59.4110339112785,213.879722080603,6.52527594535422,0,7814.52890483258,0,0,0,1.225
297.125,10.349037603532,1,1,59.4384877750364,213.978555990131,6.52623835893064,0,7817.69705144713,0,0,0,1.225
297.375,10.3532426616867,1,1,59.4659330100597,214.077358836215,6.52720073609453,0,7820.86552261195,0,0,0,1.225
297.625,10.3574457798386,1,1,59.4933696281371,214.176130661294,6.52816307685043,0,7824.0343183173,0,0,0,1.225
297.875,10.3616469603847,1,1,59.5207976410318,214.274871507714,6.52912538120199,0,7827.20343855272,0,0,0,1.225
298.125,10.3658462057173,1,1,59.5482170604817,214.373581417734,6.53008764915467,0,7830.37288330918,0,0,0,1.225
298.375,10.3700435182236,1,1,59.5756278981994,214.472260433518,6.53104988071209,0,7833.54265257624,0,0,0,1.225
298.625,10.3742389002857,1,1,59.6030301658721,214.57090859714,6.53201207587608,0,7836.71274634195,0,0,0,1.225
298.875,10.3784323542811,1,1,59.630423875162,214.669525950583,6.53297423465301,0,7839.88316459806,0,0,0,1.225
299.125,10.3826238825821,1,1,59.6578090377062,214.768112535742,6.53393635704651,0,7843.05390733408,0,0,0,1.225
299.375,10.3868134875561,1,1,59.6851856651166,214.86666839442,6.53489844305932,0,7846.22497453885,0,0,0,1.225
299.625,10.3910011715658,1,1,59.7125537689805,214.96519356833,6.53586049269597,0,7849.39636620262,0,0,0,1.225
299.875,10.3951869369687,1,1,59.7399133608599,215.063688099096,6.53682250596103,0,7852.56808231566,0,0,0,1.225
300.125,10.3993707861179,1,1,59.7672644522924,215.162152028253,6.53778448285993,0,7855.74012286898,0,0,0,1.225
300.375,10.4035527213611,1,1,59.7946070547906,215.260585397246,6.53874642339179,0,7858.91248784849,0,0,0,1.225
300.625,10.4077327450417,1,1,59.8219411798427,215.358988247434,6.53970832756477,0,7862.08517724736,0,0,0,1.225
300.875,10.4119108594977,1,1,59.849266838912,215.457360620083,6.54067019538161,0,7865.25819105443,0,0,0,1.225
301.125,10.4160870670628,1,1,59.8765840434376,215.555702556375,6.54163202684595,0,7868.43152925923,0,0,0,1.225
301.375,10.4202613700657,1,1,59.9038928048341,215.654014097403,6.54259382196233,0,7871.60519185205,0,0,0,1.225
301.625,10.4244337708302,1,1,59.9311931344915,215.752295284169,6.54355558073348,0,7874.77917882172,0,0,0,1.225
301.875,10.4286042716754,1,1,59.9584850437759,215.850546157593,6.54451730316487,0,7877.95349015925,0,0,0,1.225
302.125,10.4327728749159,1,1,59.9857685440289,215.948766758504,6.54547898925739,0,7881.128125852,0,0,0,1.225
302.375,10.4369395828611,1,1,60.013043646568,216.046957127645,6.54644063901924,0,7884.30308589317,0,0,0,1.225
302.625,10.4411043978161,1,1,60.0403103626867,216.145117305672,6.5474022524495,0,7887.47837026869,0,0,0,1.225
302.875,10.4452673220809,1,1,60.0675687036544,216.243247333156,6.54836382955637,0,7890.65397897175,0,0,0,1.225
303.125,10.4494283579512,1,1,60.0948186807167,216.34134725058,6.54932537034074,0,7893.82991198973,0,0,0,1.225
303.375,10.4535875077176,1,1,60.1220603050952,216.439417098343,6.55028687480717,0,7897.00616931292,0,0,0,1.225
303.625,10.4577447736664,1,1,60.1492935879878,216.537456916756,6.55124834296021,0,7900.18275093162,0,0,0,1.225
303.875,10.461900158079,1,1,60.1765185405685,216.635466746047,6.55220977480076,0,7903.35965683319,0,0,0,1.225
304.125,10.4660536632322,1,1,60.2037351739879,216.733446626357,6.55317117033701,0,7906.53688701087,0,0,0,1.225
304.375,10.4702052913982,1,1,60.2309434993729,216.831396597742,6.55413252956896,0,7909.71444145128,0,0,0,1.225
304.625,10.4743550448445,1,1,60.2581435278267,216.929316700176,6.55509385250207,0,7912.89232014548,0,0,0,1.225
304.875,10.4785029258342,1,1,60.2853352704294,217.027206973546,6.55605513914088,0,7916.07052308374,0,0,0,1.225
305.125,10.4826489366255,1,1,60.3125187382374,217.125067457654,6.55701638948722,0,7919.24905025419,0,0,0,1.225
305.375,10.4867930794723,1,1,60.3396939422839,217.222898192222,6.55797760354653,0,7922.42790164787,0,0,0,1.225
305.625,10.4909353566237,1,1,60.3668608935789,217.320699216884,6.55893878132065,0,7925.60707725288,0,0,0,1.225
305.875,10.4950757703244,1,1,60.3940196031092,217.418470571193,6.55989992281229,0,7928.78657705808,0,0,0,1.225
306.125,10.4992143228146,1,1,60.4211700818385,217.516212294618,6.56086102802874,0,7931.96640105595,0,0,0,1.225
306.375,10.5033510163297,1,1,60.4483123407072,217.613924426546,6.56182209697272,0,7935.14654923535,0,0,0,1.225
306.625,10.5074858531008,1,1,60.4754463906332,217.71160700628,6.56278312964514,0,7938.32702158368,0,0,0,1.225
306.875,10.5116188353546,1,1,60.5025722425111,217.80926007304,6.56374412605328,0,7941.50781809343,0,0,0,1.225
307.125,10.515749965313,1,1,60.5296899072128,217.906883665966,6.56470508619714,0,7944.68893875127,0,0,0,1.225
307.375,10.5198792451936,1,1,60.5567993955874,218.004477824115,6.56566601008308,0,7947.87038354896,0,0,0,1.225
307.625,10.5240066772096,1,1,60.5839007184612,218.10204258646,6.56662689771292,0,7951.05215247464,0,0,0,1.225
307.875,10.5281322635696,1,1,60.6109938866379,218.199577991897,6.56758774909213,0,7954.23424551936,0,0,0,1.225
308.125,10.5322560064779,1,1,60.6380789108988,218.297084079236,6.5685485642216,0,7957.41666267051,0,0,0,1.225
308.375,10.5363779081343,1,1,60.6651558020024,218.394560887209,6.56950934310771,0,7960.59940391987,0,0,0,1.225
308.625,10.540497970734,1,1,60.6922245706848,218.492008454465,6.57047008575137,0,7963.78246925485,0,0,0,1.225
308.875,10.5446161964682,1,1,60.7192852276599,218.589426819576,6.57143079215984,0,7966.96585866794,0,0,0,1.225
309.125,10.5487325875233,1,1,60.746337783619,218.686816021028,6.57239146233223,0,7970.14957214512,0,0,0,1.225
309.375,10.5528471460816,1,1,60.7733822492314,218.784176097233,6.57335209627399,0,7973.33360967742,0,0,0,1.225
309.625,10.556959874321,1,1,60.8004186351439,218.881507086518,6.57431269398876,0,7976.51797125444,0,0,0,1.225
309.875,10.5610707744148,1,1,60.8274469519815,218.978809027133,6.57527325548108,0,7979.70265686651,0,0,0,1.225
310.125,10.5651798485323,1,1,60.8544672103469,219.076081957249,6.57623378075186,0,7982.88766650105,0,0,0,1.225
310.375,10.5692870988383,1,1,60.8814794208208,219.173325914955,6.57719426980657,0,7986.0730001491,0,0,0,1.225
310.625,10.5733925274933,1,1,60.908483593962,219.270540938263,6.57815472264701,0,7989.25865779882,0,0,0,1.225
310.875,10.5774961366534,1,1,60.9354797403074,219.367727065107,6.57911513927775,0,7992.44463944054,0,0,0,1.225
311.125,10.5815979284706,1,1,60.9624678703722,219.46488433334,6.58007551970331,0,7995.63094506458,0,0,0,1.225
311.375,10.5856979050924,1,1,60.9894479946496,219.562012780739,6.58103586392554,0,7998.8175746591,0,0,0,1.225
311.625,10.5897960686623,1,1,61.0164201236113,219.659112445001,6.58199617194805,0,8002.0045282137,0,0,0,1.225
311.875,10.5938924213193,1,1,61.0433842677072,219.756183363746,6.58295644377358,0,8005.19180571727,0,0,0,1.225
312.125,10.5979869651982,1,1,61.0703404373659,219.853225574517,6.58391667940759,0,8008.37940716086,0,0,0,1.225
312.375,10.6020797024297,1,1,61.097288642994,219.950239114779,6.58487687885099,0,8011.56733253191,0,0,0,1.225
312.625,10.6061706351401,1,1,61.1242288949772,220.047224021918,6.58583704210832,0,8014.75558182075,0,0,0,1.225
312.875,10.6102597654517,1,1,61.1511612036794,220.144180333246,6.58679716918323,0,8017.944155017,0,0,0,1.225
313.125,10.6143470954824,1,1,61.1780855794434,220.241108085996,6.58775726007843,0,8021.13305210954,0,0,0,1.225
313.375,10.618432627346,1,1,61.2050020325906,220.338007317326,6.58871731479758,0,8024.32227308799,0,0,0,1.225
313.625,10.6225163631522,1,1,61.2319105734213,220.434878064317,6.58967733334339,0,8027.51181794123,0,0,0,1.225
313.875,10.6265983050063,1,1,61.2588112122144,220.531720363972,6.5906373157195,0,8030.70168665889,0,0,0,1.225
314.125,10.6306784550097,1,1,61.285703959228,220.628534253221,6.59159726192956,0,8033.89187923058,0,0,0,1.225
314.375,10.6347568152596,1,1,61.3125888246991,220.725319768917,6.59255717197721,0,8037.08239564593,0,0,0,1.225
314.625,10.6388333878489,1,1,61.3394658188435,220.822076947837,6.59351704586516,0,8040.27323589381,0,0,0,1.225
314.875,10.6429081748667,1,1,61.3663349518565,220.918805826683,6.59447688359614,0,8043.46439996314,0,0,0,1.225
315.125,10.6469811783977,1,1,61.3931962339121,221.015506442083,6.5954366851729,0,8046.65588784281,0,0,0,1.225
315.375,10.6510524005226,1,1,61.4200496751637,221.112178830589,6.59639645059997,0,8049.84769952316,0,0,0,1.225
315.625,10.6551218433181,1,1,61.4468952857441,221.208823028679,6.59735617988099,0,8053.03983499383,0,0,0,1.225
315.875,10.6591895088567,1,1,61.4737330757651,221.305439072754,6.59831587301778,0,8056.23229424299,0,0,0,1.225
316.125,10.6632553992069,1,1,61.5005630553183,221.402026999146,6.59927553001398,0,8059.42507726025,0,0,0,1.225
316.375,10.6673195164332,1,1,61.5273852344743,221.498586844107,6.60023515087414,0,8062.61818403599,0,0,0,1.225
316.625,10.671381862596,1,1,61.5541996232834,221.59511864382,6.60119473559917,0,8065.81161455765,0,0,0,1.225
316.875,10.6754424397517,1,1,61.5810062317754,221.691622434392,6.60215428419269,0,8069.00536881486,0,0,0,1.225
317.125,10.6795012499526,1,1,61.6078050699599,221.788098251856,6.60311379665836,0,8072.19944679725,0,0,0,1.225
317.375,10.6835582952472,1,1,61.6345961478259,221.884546132173,6.60407327300072,0,8075.39384849519,0,0,0,1.225
317.625,10.6876135776797,1,1,61.6613794753422,221.980966111232,6.60503271322068,0,8078.58857389613,0,0,0,1.225
317.875,10.6916670992906,1,1,61.6881550624574,222.077358224847,6.60599211732188,0,8081.78362298969,0,0,0,1.225
318.125,10.6957188621162,1,1,61.7149229190999,222.17372250876,6.60695148530795,0,8084.97899576553,0,0,0,1.225
318.375,10.6997688681891,1,1,61.7416830551781,222.270058998641,6.60791081718344,0,8088.17469221401,0,0,0,1.225
318.625,10.7038171195377,1,1,61.7684354805802,222.366367730089,6.60887011294835,0,8091.37071232185,0,0,0,1.225
318.875,10.7078636181866,1,1,61.7951802051745,222.462648738628,6.60982937260724,0,8094.56705607943,0,0,0,1.225
319.125,10.7119083661565,1,1,61.8219172388092,222.558902059713,6.61078859616191,0,8097.76372347493,0,0,0,1.225
319.375,10.7159513654639,1,1,61.8486465913129,222.655127728727,6.61174778361692,0,8100.96071449872,0,0,0,1.225
319.625,10.7199926181219,1,1,61.8753682724941,222.751325780979,6.6127069349759,0,8104.15802914045,0,0,0,1.225
319.875,10.7240321261391,1,1,61.9020822921416,222.84749625171,6.61366605024159,0,8107.35566738903,0,0,0,1.225
320.125,10.7280698915208,1,1,61.9287886600246,222.943639176089,6.61462512941489,0,8110.55362923194,0,0,0,1.225
320.375,10.7321059162679,1,1,61.9554873858924,223.039754589213,6.61558417250126,0,8113.75191466026,0,0,0,1.225
320.625,10.7361402023779,1,1,61.9821784794748,223.135842526109,6.6165431795007,0,8116.95052366074,0,0,0,1.225
320.875,10.7401727518441,1,1,62.0088619504821,223.231903021736,6.61750215041957,0,8120.14945622521,0,0,0,1.225
321.125,10.7442035666561,1,1,62.0355378086051,223.327936110978,6.6184610852597,0,8123.34871234187,0,0,0,1.225
321.375,10.7482326487996,1,1,62.0622060635149,223.423941828654,6.6194199840229,0,8126.54829199891,0,0,0,1.225
321.625,10.7522600002567,1,1,62.0888667248636,223.519920209509,6.62037884671463,0,8129.74819518744,0,0,0,1.225
321.875,10.7562856230053,1,1,62.1155198022836,223.615871288221,6.62133767333489,0,8132.94842189421,0,0,0,1.225
322.125,10.7603095190199,1,1,62.1421653053882,223.711795099398,6.62229646388823,0,8136.1489721096,0,0,0,1.225
322.375,10.7643316902708,1,1,62.1688032437714,223.807691677577,6.62325521837647,0,8139.34984582181,0,0,0,1.225
322.625,10.768352138725,1,1,62.195433627008,223.903561057229,6.62421393680415,0,8142.55104302122,0,0,0,1.225
322.875,10.7723708663452,1,1,62.2220564646537,223.999403272753,6.6251726191731,0,8145.75256369603,0,0,0,1.225
323.125,10.7763878750907,1,1,62.2486717662451,224.095218358482,6.62613126548695,0,8148.95440783592,0,0,0,1.225
323.375,10.780403166917,1,1,62.2752795412997,224.191006348679,6.62708987574661,0,8152.15657542835,0,0,0,1.225
323.625,10.7844167437758,1,1,62.3018797993162,224.286767277538,6.62804844995753,0,8155.35906646444,0,0,0,1.225
323.875,10.788428607615,1,1,62.3284725497743,224.382501179187,6.62900698811973,0,8158.56188093094,0,0,0,1.225
324.125,10.7924387603789,1,1,62.3550578021347,224.478208087685,6.62996549023956,0,8161.7650188197,0,0,0,1.225
324.375,10.796447204008,1,1,62.3816355658394,224.573888037022,6.63092395631793,0,8164.9684801182,0,0,0,1.225
324.625,10.8004539404392,1,1,62.4082058503116,224.669541061122,6.63188238635666,0,8168.17226481466,0,0,0,1.225
324.875,10.8044589716057,1,1,62.4347686649558,224.765167193841,6.6328407803594,0,8171.37637289873,0,0,0,1.225
325.125,10.8084622994368,1,1,62.4613240191578,224.860766468968,6.63379913832887,0,8174.58080435936,0,0,0,1.225
325.375,10.8124639258584,1,1,62.4878719222848,224.956338920225,6.63475746026961,0,8177.78555918695,0,0,0,1.225
325.625,10.8164638527926,1,1,62.5144123836854,225.051884581267,6.63571574618254,0,8180.99063736898,0,0,0,1.225
325.875,10.8204620821579,1,1,62.5409454126898,225.147403485683,6.63667399606948,0,8184.19603889367,0,0,0,1.225
326.125,10.8244586158691,1,1,62.5674710186095,225.242895666994,6.63763220993587,0,8187.40176375214,0,0,0,1.225
326.375,10.8284534558375,1,1,62.5939892107379,225.338361158656,6.63859038778264,0,8190.60781193188,0,0,0,1.225
326.625,10.8324466039705,1,1,62.6204999983498,225.433799994059,6.63954852961342,0,8193.81418342258,0,0,0,1.225
326.875,10.8364380621723,1,1,62.6470033907016,225.529212206526,6.64050663543003,0,8197.02087821244,0,0,0,1.225
327.125,10.8404278323431,1,1,62.6734993970318,225.624597829315,6.64146470523428,0,8200.22789628969,0,0,0,1.225
327.375,10.8444159163797,1,1,62.6999880265604,225.719956895617,6.64242273903074,0,8203.43523764474,0,0,0,1.225
327.625,10.8484023161754,1,1,62.7264692884892,225.815289438561,6.64338073682211,0,8206.64290226653,0,0,0,1.225
327.875,10.8523870336196,1,1,62.7529431920021,225.910595491207,6.64433869861023,0,8209.85089014328,0,0,0,1.225
328.125,10.8563700705985,1,1,62.7794097462647,226.005875086553,6.64529662439963,0,8213.05920126541,0,0,0,1.225
328.375,10.8603514289945,1,1,62.8058689604247,226.101128257529,6.64625451418942,0,8216.26783561896,0,0,0,1.225
328.625,10.8643311106866,1,1,62.8323208436119,226.196355037003,6.64721236798505,0,8219.47679319506,0,0,0,1.225
328.875,10.8683091175502,1,1,62.8587654049379,226.291555457777,6.64817018578833,0,8222.68607398194,0,0,0,1.225
329.125,10.8722854514571,1,1,62.8852026534969,226.386729552589,6.64912796760109,0,8225.89567796783,0,0,0,1.225
329.375,10.8762601142758,1,1,62.9116325983647,226.481877354113,6.65008571342696,0,8229.10560514242,0,0,0,1.225
329.625,10.8802331078711,1,1,62.9380552485998,226.576998894959,6.65104342326777,0,8232.31585549393,0,0,0,1.225
329.875,10.8842044341042,1,1,62.9644706132427,226.672094207674,6.65200109712805,0,8235.52642901278,0,0,0,1.225
330.125,10.8881740948331,1,1,62.9908787013162,226.767163324738,6.65295873500781,0,8238.73732568574,0,0,0,1.225
330.375,10.8921420919122,1,1,63.0172795218257,226.862206278573,6.6539163369107,0,8241.94854550252,0,0,0,1.225
330.625,10.8961084271924,1,1,63.0436730837588,226.957223101532,6.65487390283943,0,8245.16008845205,0,0,0,1.225
330.875,10.900073102521,1,1,63.0700593960856,227.052213825908,6.65583143279673,0,8248.37195452332,0,0,0,1.225
331.125,10.9040361197421,1,1,63.0964384677587,227.147178483931,6.65678892678534,0,8251.58414370528,0,0,0,1.225
331.375,10.9079974806962,1,1,63.1228103077133,227.242117107768,6.65774638480525,0,8254.79665598471,0,0,0,1.225
331.625,10.9119571872204,1,1,63.1491749248672,227.337029729522,6.65870380686374,0,8258.00949135423,0,0,0,1.225
331.875,10.9159152411484,1,1,63.1755323281207,227.431916381235,6.65966119295899,0,8261.22264979914,0,0,0,1.225
332.125,10.9198716443105,1,1,63.2018825263571,227.526777094885,6.66061854309555,0,8264.43613130989,0,0,0,1.225
332.375,10.9238263985335,1,1,63.2282255284421,227.621611902391,6.66157585727615,0,8267.64993587544,0,0,0,1.225
332.625,10.9277795056409,1,1,63.2545613432243,227.716420835608,6.66253313550078,0,8270.86406348256,0,0,0,1.225
332.875,10.9317309674526,1,1,63.2808899795353,227.811203926327,6.66349037777582,0,8274.07851412316,0,0,0,1.225
333.125,10.9356807857855,1,1,63.3072114461893,227.905961206281,6.66444758410034,0,8277.29328778328,0,0,0,1.225
333.375,10.9396289624527,1,1,63.3335257519835,228.000692707141,6.665404754478,0,8280.50838445262,0,0,0,1.225
333.625,10.9435754992643,1,1,63.3598329056983,228.095398460514,6.66636188891152,0,8283.72380412016,0,0,0,1.225
333.875,10.9475203980268,1,1,63.3861329160968,228.190078497948,6.66731898740363,0,8286.93954677487,0,0,0,1.225
334.125,10.9514636605435,1,1,63.4124257919253,228.284732850931,6.66827604995524,0,8290.15561240427,0,0,0,1.225
334.375,10.9554052886142,1,1,63.4387115419131,228.379361550887,6.66923307656998,0,8293.37200099806,0,0,0,1.225
334.625,10.9593452840356,1,1,63.4649901747728,228.473964629182,6.6701900672515,0,8296.58871254595,0,0,0,1.225
334.875,10.9632836486008,1,1,63.4912616992002,228.568542117121,6.67114702199888,0,8299.805747034,0,0,0,1.225
335.125,10.9672203840998,1,1,63.5175261238741,228.663094045947,6.67210394081758,0,8303.02310445338,0,0,0,1.225
335.375,10.9711554923192,1,1,63.5437834574568,228.757620446845,6.6730608237076,0,8306.24078479088,0,0,0,1.225
335.625,10.9750889750424,1,1,63.5700337085938,228.852121350938,6.67401767067349,0,8309.45878803694,0,0,0,1.225
335.875,10.9790208340494,1,1,63.5962768859141,228.946596789291,6.67497448171616,0,8312.67711417907,0,0,0,1.225
336.125,10.9829510711169,1,1,63.62251299803,229.041046792908,6.67593125683652,0,8315.89576320482,0,0,0,1.225
336.375,10.9868796880186,1,1,63.6487420535372,229.135471392734,6.67688799604093,0,8319.11473510606,0,0,0,1.225
336.625,10.9908066865246,1,1,63.674964061015,229.229870619654,6.67784469932849,0,8322.33402986888,0,0,0,1.225
336.875,10.9947320684019,1,1,63.7011790290263,229.324244504495,6.67880136670283,0,8325.55364748299,0,0,0,1.225
337.125,10.9986558354142,1,1,63.7273869661175,229.418593078023,6.67975799816577,0,8328.77358793664,0,0,0,1.225
337.375,11.0025779893221,1,1,63.7535878808185,229.512916370947,6.68071459371913,0,8331.99385121808,0,0,0,1.225
337.625,11.0064985318829,1,1,63.7797817816432,229.607214413915,6.68167115336655,0,8335.21443731705,0,0,0,1.225
337.875,11.0104174648505,1,1,63.8059686770888,229.70148723752,6.68262767710894,0,8338.43534622106,0,0,0,1.225
338.125,11.0143347899759,1,1,63.8321485756367,229.795734872292,6.68358416494812,0,8341.65657791838,0,0,0,1.225
338.375,11.0182505090066,1,1,63.8583214857517,229.889957348706,6.68454061688772,0,8344.87813239872,0,0,0,1.225
338.625,11.0221646236872,1,1,63.8844874158826,229.984154697178,6.68549703293138,0,8348.1000096518,0,0,0,1.225
338.875,11.0260771357589,1,1,63.9106463744623,230.078326948064,6.68645341307729,0,8351.32220966299,0,0,0,1.225
339.125,11.0299880469598,1,1,63.9367983699072,230.172474131666,6.6874097573309,0,8354.54473242344,0,0,0,1.225
339.375,11.0338973590249,1,1,63.9629434106181,230.266596278225,6.68836606569403,0,8357.76757792142,0,0,0,1.225
339.625,11.0378050736857,1,1,63.9890815049794,230.360693417926,6.68932233816668,0,8360.99074614375,0,0,0,1.225
339.875,11.0417111926711,1,1,64.0152126613598,230.454765580895,6.69027857475339,0,8364.21423708087,0,0,0,1.225
340.125,11.0456157177063,1,1,64.0413368881122,230.548812797204,6.69123477545327,0,8367.43805071887,0,0,0,1.225
340.375,11.0495186505138,1,1,64.0674541935733,230.642835096864,6.69219094027358,0,8370.66218705038,0,0,0,1.225
340.625,11.0534199928127,1,1,64.0935645860642,230.736832509831,6.6931470692125,0,8373.88664606076,0,0,0,1.225
340.875,11.0573197463192,1,1,64.1196680738902,230.830805066005,6.69410316227368,0,8377.11142773974,0,0,0,1.225
341.125,11.061217912746,1,1,64.1457646653408,230.924752795227,6.69505921945711,0,8380.33653207413,0,0,0,1.225
341.375,11.0651144938032,1,1,64.1718543686898,231.018675727283,6.69601524076825,0,8383.56195905511,0,0,0,1.225
341.625,11.0690094911974,1,1,64.1979371921956,231.112573891904,6.69697122621074,0,8386.78770867241,0,0,0,1.225
341.875,11.0729029066323,1,1,64.2240131441004,231.206447318761,6.69792717577911,0,8390.01378090847,0,0,0,1.225
342.125,11.0767947418085,1,1,64.2500822326314,231.300296037473,6.69888308948248,0,8393.24017575741,0,0,0,1.225
342.375,11.0806849984236,1,1,64.276144466,231.3941200776,6.69983896731719,0,8396.46689320312,0,0,0,1.225
342.625,11.0845736781718,1,1,64.302199852402,231.487919468647,6.70079480929053,0,8399.69393323824,0,0,0,1.225
342.875,11.0884607827447,1,1,64.328248400018,231.581694240065,6.70175061540249,0,8402.92129584959,0,0,0,1.225
343.125,11.0923463138305,1,1,64.3542901170131,231.675444421247,6.70270638565489,0,8406.14898102546,0,0,0,1.225
343.375,11.0962302731145,1,1,64.3803250115368,231.769170041533,6.70366212004956,0,8409.37698875411,0,0,0,1.225
343.625,11.100112662279,1,1,64.4063530917236,231.862871130205,6.70461781859012,0,8412.60531902529,0,0,0,1.225
343.875,11.1039934830032,1,1,64.4323743656924,231.956547716493,6.70557348127659,0,8415.83397182581,0,0,0,1.225
344.125,11.1078727369633,1,1,64.4583888415471,232.05019982957,6.70652910811259,0,8419.06294714542,0,0,0,1.225
344.375,11.1117504258326,1,1,64.4843965273762,232.143827498554,6.70748469909631,0,8422.29224496947,0,0,0,1.225
344.625,11.1156265512811,1,1,64.5103974312531,232.237430752511,6.70844025423685,0,8425.52186529207,0,0,0,1.225
344.875,11.1195011149761,1,1,64.5363915612359,232.331009620449,6.70939577353056,0,8428.75180809714,0,0,0,1.225
345.125,11.1233741185817,1,1,64.5623789253679,232.424564131325,6.71035125698108,0,8431.98207337442,0,0,0,1.225
345.375,11.1272455637593,1,1,64.5883595316771,232.518094314038,6.71130670459206,0,8435.21266111364,0,0,0,1.225
345.625,11.131115452167,1,1,64.6143333881765,232.611600197435,6.71226211635985,0,8438.44357129872,0,0,0,1.225
345.875,11.1349837854602,1,1,64.6403005028642,232.705081810311,6.71321749229537,0,8441.67480392523,0,0,0,1.225
346.125,11.1388505652911,1,1,64.6662608837233,232.798539181404,6.71417283239134,0,8444.90635897417,0,0,0,1.225
346.375,11.1427157933091,1,1,64.6922145387219,232.891972339399,6.71512813665504,0,8448.13823643819,0,0,0,1.225
346.625,11.1465794711606,1,1,64.7181614758134,232.985381312928,6.71608340508647,0,8451.37043630412,0,0,0,1.225
346.875,11.1504416004891,1,1,64.7441017029362,233.07876613057,6.71703863769108,0,8454.60295856317,0,0,0,1.225
347.125,11.1543021829353,1,1,64.7700352280141,233.172126820851,6.71799383446341,0,8457.8358031978,0,0,0,1.225
347.375,11.1581612201366,1,1,64.7959620589559,233.265463412241,6.71894899541439,0,8461.06897020357,0,0,0,1.225
347.625,11.1620187137278,1,1,64.8218822036559,233.358775933161,6.71990412053856,0,8464.30245956296,0,0,0,1.225
347.875,11.1658746653408,1,1,64.8477956699936,233.452064411977,6.72085920983955,0,8467.53627126571,0,0,0,1.225
348.125,11.1697290766044,1,1,64.8737024658338,233.545328877002,6.72181426332099,0,8470.77040530156,0,0,0,1.225
348.375,11.1735819491447,1,1,64.8996025990268,233.638569356497,6.72276928098654,0,8474.00486166026,0,0,0,1.225
348.625,11.1774332845847,1,1,64.9254960774083,233.73178587867,6.72372426283437,0,8477.2396403272,0,0,0,1.225
348.875,11.1812830845448,1,1,64.9513829087995,233.824978471678,6.72467920886447,0,8480.47474128921,0,0,0,1.225
349.125,11.1851313506423,1,1,64.9772631010069,233.918147163625,6.72563411908413,0,8483.71016453895,0,0,0,1.225
349.375,11.1889780844918,1,1,65.0031366618229,234.011291982562,6.72658899349335,0,8486.94591006326,0,0,0,1.225
349.625,11.1928232877048,1,1,65.0290035990251,234.10441295649,6.72754383209394,0,8490.18197785044,0,0,0,1.225
349.875,11.1966669618903,1,1,65.0548639203769,234.197510113357,6.72849863488591,0,8493.41836788732,0,0,0,1.225
350.125,11.2005091086541,1,1,65.0807176336275,234.290583481059,6.72945340187107,0,8496.6550801622,0,0,0,1.225
350.375,11.2043497295994,1,1,65.1065647465114,234.383633087441,6.73040813305124,0,8499.89211466338,0,0,0,1.225
350.625,11.2081888263265,1,1,65.1324052667491,234.476658960297,6.73136282843006,0,8503.12947138061,0,0,0,1.225
350.875,11.2120264004328,1,1,65.1582392020469,234.569661127369,6.73231748801118,0,8506.36715030365,0,0,0,1.225
351.125,11.2158624535131,1,1,65.1840665600967,234.662639616348,6.73327211179094,0,8509.60515141642,0,0,0,1.225
351.375,11.2196969871592,1,1,65.2098873485762,234.755594454874,6.73422669977481,0,8512.84347471014,0,0,0,1.225
351.625,11.2235300029601,1,1,65.2357015751493,234.848525670537,6.73518125196279,0,8516.08212017165,0,0,0,1.225
351.875,11.2273615025022,1,1,65.2615092474654,234.941433290876,6.73613576835669,0,8519.32108778926,0,0,0,1.225
352.125,11.2311914873688,1,1,65.2873103731602,235.034317343377,6.73709024896198,0,8522.56037755417,0,0,0,1.225
352.375,11.2350199591406,1,1,65.313104959855,235.127177855478,6.73804469377319,0,8525.79998944887,0,0,0,1.225
352.625,11.2388469193957,1,1,65.3388930151573,235.220014854566,6.73899910279761,0,8529.03992346603,0,0,0,1.225
352.875,11.2426723697091,1,1,65.3646745466608,235.312828367979,6.73995347603341,0,8532.28017959102,0,0,0,1.225
353.125,11.2464963116532,1,1,65.3904495619449,235.405618423002,6.74090781348787,0,8535.52075781654,0,0,0,1.225
353.375,11.2503187467977,1,1,65.4162180685755,235.498385046872,6.74186211515735,0,8538.76165812651,0,0,0,1.225
353.625,11.2541396767095,1,1,65.4419800741044,235.591128266776,6.74281638104367,0,8542.00288050925,0,0,0,1.225
353.875,11.2579591029527,1,1,65.4677355860696,235.68384810985,6.74377061114865,0,8545.24442495305,0,0,0,1.225
354.125,11.2617770270887,1,1,65.4934846119954,235.776544603183,6.74472480547956,0,8548.48629145058,0,0,0,1.225
354.375,11.2655934506763,1,1,65.5192271593924,235.869217773812,6.74567896403096,0,8551.72847998435,0,0,0,1.225
354.625,11.2694083752713,1,1,65.5449632357572,235.961867648726,6.74663308680647,0,8554.9709905441,0,0,0,1.225
354.875,11.2732218024272,1,1,65.5706928485731,236.054494254863,6.74758717380791,0,8558.21382311814,0,0,0,1.225
355.125,11.2770337336944,1,1,65.5964160053095,236.147097619114,6.74854122503893,0,8561.45697769625,0,0,0,1.225
355.375,11.2808441706207,1,1,65.6221327134223,236.23967776832,6.74949524049953,0,8564.70045426526,0,0,0,1.225
355.625,11.2846531147515,1,1,65.6478429803538,236.332234729274,6.75044922019333,0,8567.94425281496,0,0,0,1.225
355.875,11.288460567629,1,1,65.6735468135327,236.424768528718,6.75140316411671,0,8571.18837332928,0,0,0,1.225
356.125,11.2922665307932,1,1,65.6992442203741,236.517279193347,6.7523570722733,0,8574.43281579799,0,0,0,1.225
356.375,11.2960710057812,1,1,65.72493520828,236.609766749808,6.75331094466856,0,8577.6775802123,0,0,0,1.225
356.625,11.2998739941274,1,1,65.7506197846385,236.702231224698,6.75426478130066,0,8580.92266655764,0,0,0,1.225
356.875,11.3036754973636,1,1,65.7762979568245,236.794672644568,6.75521858217144,0,8584.1680748223,0,0,0,1.225
357.125,11.3074755170191,1,1,65.8019697321997,236.887091035919,6.75617234727906,0,8587.41380499168,0,0,0,1.225
357.375,11.3112740546201,1,1,65.8276351181121,236.979486425203,6.75712607663263,0,8590.65985705993,0,0,0,1.225
357.625,11.3150711116908,1,1,65.8532941218966,237.071858838828,6.75807977023032,0,8593.90623101245,0,0,0,1.225
357.875,11.3188666897522,1,1,65.8789467508747,237.164208303149,6.75903342806851,0,8597.15292683318,0,0,0,1.225
358.125,11.3226607903229,1,1,65.904593012355,237.256534844478,6.75998705015809,0,8600.39994451772,0,0,0,1.225
358.375,11.326453414919,1,1,65.9302329136323,237.348838489076,6.7609406364918,0,8603.64728404711,0,0,0,1.225
358.625,11.3302445650538,1,1,65.9558664619888,237.44111926316,6.7618941870769,0,8606.89494541402,0,0,0,1.225
358.875,11.3340342422381,1,1,65.9814936646932,237.533377192896,6.7628477019116,0,8610.14292860388,0,0,0,1.225
359.125,11.3378224479799,1,1,66.0071145290012,237.625612304404,6.76380118099769,0,8613.39123360499,0,0,0,1.225
359.375,11.341609183785,1,1,66.0327290621553,237.717824623759,6.76475462433882,0,8616.63986040713,0,0,0,1.225
359.625,11.3453944511562,1,1,66.0583372713852,237.810014176987,6.76570803193681,0,8619.88880899861,0,0,0,1.225
359.875,11.3491782515938,1,1,66.0839391639074,237.902180990067,6.76666140378802,0,8623.13807936339,0,0,0,1.225
360.125,11.3529605865958,1,1,66.1095347469254,237.994325088931,6.76761473989791,0,8626.3876714927,0,0,0,1.225
360.375,11.3567414576574,1,1,66.1351240276298,238.086446499467,6.76856804027011,0,8629.63758537632,0,0,0,1.225
360.625,11.3605208662712,1,1,66.1607070131983,238.178545247514,6.76952130490099,0,8632.8878209982,0,0,0,1.225
360.875,11.3642988139273,1,1,66.1862837107957,238.270621358865,6.77047453379237,0,8636.13837834666,0,0,0,1.225
361.125,11.3680753021134,1,1,66.2118541275739,238.362674859266,6.7714277269497,0,8639.38925741293,0,0,0,1.225
361.375,11.3718503323143,1,1,66.237418270672,238.454705774419,6.77238088436934,0,8642.64045818098,0,0,0,1.225
361.625,11.3756239060126,1,1,66.2629761472163,238.546714129979,6.77333400605676,0,8645.89198064203,0,0,0,1.225
361.875,11.3793960246883,1,1,66.2885277643204,238.638699951554,6.77428709201376,0,8649.14382478441,0,0,0,1.225
362.125,11.3831666898187,1,1,66.3140731290851,238.730663264706,6.77524014223854,0,8652.39599059352,0,0,0,1.225
362.375,11.3869359028787,1,1,66.3396122485984,238.822604094954,6.7761931567311,0,8655.64847805625,0,0,0,1.225
362.625,11.3907036653407,1,1,66.3651451299358,238.914522467769,6.77714613549688,0,8658.90128716382,0,0,0,1.225
362.875,11.3944699786746,1,1,66.3906717801601,239.006418408576,6.77809907853771,0,8662.15441790456,0,0,0,1.225
363.125,11.3982348443477,1,1,66.4161922063216,239.098291942758,6.77905198584995,0,8665.40787026244,0,0,0,1.225
363.375,11.4019982638249,1,1,66.4417064154577,239.190143095648,6.78000485743905,0,8668.66164422868,0,0,0,1.225
363.625,11.4057602385686,1,1,66.4672144145936,239.281971892537,6.78095769330321,0,8671.9157397887,0,0,0,1.225
363.875,11.4095207700386,1,1,66.4927162107418,239.37377835867,6.78191049344787,0,8675.17015693374,0,0,0,1.225
364.125,11.4132798596924,1,1,66.5182118109024,239.465562519249,6.78286325786939,0,8678.42489564777,0,0,0,1.225
364.375,11.4170375089848,1,1,66.5437012220629,239.557324399427,6.78381598657143,0,8681.67995592056,0,0,0,1.225
364.625,11.4207937193685,1,1,66.5691844511987,239.649064024315,6.78476867955942,0,8684.93533774336,0,0,0,1.225
364.875,11.4245484922933,1,1,66.5946615052724,239.740781418981,6.7857213368261,0,8688.19104109721,0,0,0,1.225
365.125,11.4283018292067,1,1,66.6201323912345,239.832476608444,6.78667395837874,0,8691.44706597482,0,0,0,1.225
365.375,11.432053731554,1,1,66.6455971160231,239.924149617683,6.78762654421735,0,8694.70341236305,0,0,0,1.225
365.625,11.4358042007778,1,1,66.6710556865639,240.01580047163,6.78857909434373,0,8697.96008025025,0,0,0,1.225
365.875,11.4395532383182,1,1,66.6965081097705,240.107429195174,6.78953160875608,0,8701.21706962182,0,0,0,1.225
366.125,11.4433008456131,1,1,66.7219543925441,240.199035813159,6.79048408745803,0,8704.47438046756,0,0,0,1.225
366.375,11.4470470240978,1,1,66.7473945417737,240.290620350385,6.79143653045139,0,8707.73201277579,0,0,0,1.225
366.625,11.4507917752052,1,1,66.7728285643364,240.382182831611,6.79238893773618,0,8710.9899665334,0,0,0,1.225
366.875,11.4545351003658,1,1,66.7982564670966,240.473723281548,6.79334130931238,0,8714.24824172726,0,0,0,1.225
367.125,11.4582770010079,1,1,66.8236782569071,240.565241724866,6.79429364518364,0,8717.50683834716,0,0,0,1.225
367.375,11.462017478557,1,1,66.8490939406083,240.65673818619,6.79524594534996,0,8720.76575637997,0,0,0,1.225
367.625,11.4657565344365,1,1,66.8745035250286,240.748212690103,6.79619820981316,0,8724.02499581404,0,0,0,1.225
367.875,11.4694941700672,1,1,66.8999070169844,240.839665261144,6.79715043857323,0,8727.28455663624,0,0,0,1.225
368.125,11.4732303868678,1,1,66.9253044232801,240.931095923808,6.79810263163199,0,8730.5444388349,0,0,0,1.225
368.375,11.4769651862543,1,1,66.950695750708,241.022504702549,6.79905478898945,0,8733.80464239691,0,0,0,1.225
368.625,11.4806985696406,1,1,66.9760810060486,241.113891621775,6.80000691064924,0,8737.06516731205,0,0,0,1.225
368.875,11.4844305384379,1,1,67.0014601960703,241.205256705853,6.80095899660955,0,8740.32601356575,0,0,0,1.225
369.125,11.4881610940555,1,1,67.0268333275298,241.296599979107,6.80191104687219,0,8743.58718114635,0,0,0,1.225
369.375,11.4918902378998,1,1,67.0522004071719,241.387921465819,6.80286306144262,0,8746.8486700451,0,0,0,1.225
369.625,11.4956179713753,1,1,67.0775614417294,241.479221190226,6.80381504031357,0,8750.11048024305,0,0,0,1.225
369.875,11.499344295884,1,1,67.1029164379234,241.570499176524,6.80476698349412,0,8753.37261173437,0,0,0,1.225
370.125,11.5030692128254,1,1,67.1282654024633,241.661755448868,6.80571889097882,0,8756.63506450157,0,0,0,1.225
370.375,11.5067927235969,1,1,67.1536083420466,241.752990031368,6.80667076277496,0,8759.89783853735,0,0,0,1.225
370.625,11.5105148295933,1,1,67.1789452633591,241.844202948093,6.80762259887888,0,8763.16093382569,0,0,0,1.225
370.875,11.5142355322075,1,1,67.2042761730751,241.93539422307,6.80857439929241,0,8766.42435035493,0,0,0,1.225
371.125,11.5179548328296,1,1,67.2296010778569,242.026563880285,6.80952616401919,0,8769.68808811487,0,0,0,1.225
371.375,11.5216727328476,1,1,67.2549199843554,242.117711943679,6.8104778930574,0,8772.95214709092,0,0,0,1.225
371.625,11.5253892336474,1,1,67.2802328992098,242.208838437155,6.81142958640885,0,8776.21652727143,0,0,0,1.225
371.875,11.5291043366122,1,1,67.3055398290477,242.299943384572,6.81238124406991,0,8779.48122864038,0,0,0,1.225
372.125,11.5328180431232,1,1,67.3308407804853,242.391026809747,6.81333286605332,0,8782.74625119484,0,0,0,1.225
372.375,11.5365303545591,1,1,67.356135760127,242.482088736457,6.8142844523536,0,8786.01159491733,0,0,0,1.225
372.625,11.5402412722964,1,1,67.381424774566,242.573129188437,6.81523600296714,0,8789.27725979182,0,0,0,1.225
372.875,11.5439507977094,1,1,67.4067078303837,242.664148189381,6.81618751790302,0,8792.54324581249,0,0,0,1.225
373.125,11.5476589321701,1,1,67.4319849341503,242.755145762941,6.81713899715578,0,8795.80955296184,0,0,0,1.225
373.375,11.5513656770481,1,1,67.4572560924245,242.846121932728,6.81809044072907,0,8799.07618122968,0,0,0,1.225
373.625,11.5550710337108,1,1,67.4825213117536,242.937076722313,6.81904184862287,0,8802.34313060289,0,0,0,1.225
373.875,11.5587750035233,1,1,67.5077805986736,243.028010155225,6.81999322084084,0,8805.61040107128,0,0,0,1.225
374.125,11.5624775878486,1,1,67.533033959709,243.118922254952,6.82094455738115,0,8808.87799262028,0,0,0,1.225
374.375,11.5661787880473,1,1,67.5582814013731,243.209813044943,6.82189585824563,0,8812.14590523823,0,0,0,1.225
374.625,11.5698786054778,1,1,67.5835229301679,243.300682548604,6.82284712343244,0,8815.41413891056,0,0,0,1.225
374.875,11.5735770414963,1,1,67.6087585525842,243.391530789303,6.82379835294705,0,8818.68269362854,0,0,0,1.225
375.125,11.5772740974566,1,1,67.6339882751014,243.482357790365,6.82474954678946,0,8821.95156937904,0,0,0,1.225
375.375,11.5809697747105,1,1,67.659212104188,243.573163575077,6.82570070495967,0,8825.22076614897,0,0,0,1.225
375.625,11.5846640746074,1,1,67.6844300463009,243.663948166683,6.82665182745768,0,8828.49028392521,0,0,0,1.225
375.875,11.5883569984946,1,1,67.7096421078862,243.75471158839,6.82760291428531,0,8831.76012269611,0,0,0,1.225
376.125,11.5920485477171,1,1,67.7348482953787,243.845453863363,6.82855396544255,0,8835.03028244855,0,0,0,1.225
376.375,11.5957387236177,1,1,67.7600486152022,243.936175014728,6.82950498092941,0,8838.30076316943,0,0,0,1.225
376.625,11.5994275275371,1,1,67.7852430737693,244.026875065569,6.83045596074953,0,8841.57156484856,0,0,0,1.225
376.875,11.6031149608137,1,1,67.8104316774816,244.117554038934,6.83140690490472,0,8844.84268747428,0,0,0,1.225
377.125,11.6068010247836,1,1,67.8356144327297,244.208211957827,6.83235781339135,0,8848.11413103057,0,0,0,1.225
377.375,11.6104857207809,1,1,67.8607913458933,244.298848845216,6.83330868621124,0,8851.38589550578,0,0,0,1.225
377.625,11.6141690501376,1,1,67.885962423341,244.389464724028,6.83425952336802,0,8854.65798088971,0,0,0,1.225
377.875,11.6178510141831,1,1,67.9111276714304,244.48005961715,6.83521032485987,0,8857.93038716781,0,0,0,1.225
378.125,11.6215316142452,1,1,67.9362870965084,244.57063354743,6.83616109069044,0,8861.20311432987,0,0,0,1.225
378.375,11.6252108516489,1,1,67.9614407049107,244.661186537679,6.8371118208579,0,8864.47616236134,0,0,0,1.225
378.625,11.6288887277177,1,1,67.9865885029625,244.751718610665,6.83806251536225,0,8867.7495312491,0,0,0,1.225
378.875,11.6325652437724,1,1,68.0117304969778,244.84222978912,6.83901317420532,0,8871.02322098151,0,0,0,1.225
379.125,11.6362404011318,1,1,68.0368666932601,244.932720095736,6.83996379739074,0,8874.29723154837,0,0,0,1.225
379.375,11.6399142011128,1,1,68.0619970981018,245.023189553167,6.84091438491487,0,8877.57156293368,0,0,0,1.225
379.625,11.6435866450298,1,1,68.0871217177848,245.113638184025,6.84186493678317,0,8880.84621512868,0,0,0,1.225
379.875,11.6472577341954,1,1,68.1122405585801,245.204066010888,6.842815452992,0,8884.12118811737,0,0,0,1.225
380.125,11.6509274699196,1,1,68.1373536267481,245.294473056293,6.84376593354136,0,8887.39648188663,0,0,0,1.225
380.375,11.6545958535108,1,1,68.1624609285384,245.384859342738,6.84471637843853,0,8890.6720964292,0,0,0,1.225
380.625,11.658262886275,1,1,68.1875624701899,245.475224892684,6.84566678767624,0,8893.94803172613,0,0,0,1.225
380.875,11.661928569516,1,1,68.212658257931,245.565569728551,6.84661716125993,0,8897.2242877687,0,0,0,1.225
381.125,11.6655929045356,1,1,68.2377482979794,245.655893872726,6.84756749919143,0,8900.50086454526,0,0,0,1.225
381.375,11.6692558926336,1,1,68.2628325965423,245.746197347552,6.8485178014671,0,8903.77776203979,0,0,0,1.225
381.625,11.6729175351076,1,1,68.2879111598162,245.836480175338,6.84946806809239,0,8907.05498024356,0,0,0,1.225
381.875,11.6765778332529,1,1,68.3129839939871,245.926742378353,6.85041829906186,0,8910.3325191391,0,0,0,1.225
382.125,11.680236788363,1,1,68.3380511052305,246.01698397883,6.85136849438095,0,8913.61037871767,0,0,0,1.225
382.375,11.6838944017292,1,1,68.3631124997114,246.107204998961,6.85231865404967,0,8916.88855896617,0,0,0,1.225
382.625,11.6875506746408,1,1,68.3881681835845,246.197405460904,6.85326877806983,0,8920.16705987295,0,0,0,1.225
382.875,11.6912056083847,1,1,68.4132181629936,246.287585386777,6.85421886643962,0,8923.44588142346,0,0,0,1.225
383.125,11.6948592042461,1,1,68.4382624440726,246.377744798661,6.85516891915722,0,8926.72502360314,0,0,0,1.225
383.375,11.6985114635079,1,1,68.4633010329447,246.467883718601,6.85611893623172,0,8930.00448640617,0,0,0,1.225
383.625,11.7021623874511,1,1,68.4883339357228,246.558002168602,6.85706891765403,0,8933.28426981217,0,0,0,1.225
383.875,11.7058119773545,1,1,68.5133611585094,246.648100170634,6.85801886342961,0,8936.5643738124,0,0,0,1.225
384.125,11.7094602344948,1,1,68.5383827073969,246.738177746629,6.85896877356208,0,8939.84479839668,0,0,0,1.225
384.375,11.713107160147,1,1,68.563398588467,246.828234918481,6.859918648046,0,8943.12554354754,0,0,0,1.225
384.625,11.7167527555835,1,1,68.5884088077915,246.918271708049,6.86086848688501,0,8946.40660925479,0,0,0,1.225
384.875,11.7203970220751,1,1,68.6134133714318,247.008288137154,6.86181829007728,0,8949.68799550387,0,0,0,1.225
385.125,11.7240399608903,1,1,68.638412285439,247.09828422758,6.86276805762827,0,8952.96970228605,0,0,0,1.225
385.375,11.7276815732959,1,1,68.6634055558541,247.188260001075,6.86371778953435,0,8956.25172958533,0,0,0,1.225
385.625,11.7313218605561,1,1,68.6883931887078,247.278215479348,6.86466748579733,0,8959.53407739006,0,0,0,1.225
385.875,11.7349608239337,1,1,68.7133751900209,247.368150684075,6.86561714641903,0,8962.81674568859,0,0,0,1.225
386.125,11.7385991411342,1,1,68.6872410394801,247.274067742128,-21.2290107021745,0,0,13515.5248067521,0,0,1.225
386.375,11.7422409637752,1,1,68.6033727834981,246.972142020593,-24.8282866739391,0,0,16403.4086125567,0,0,1.225
386.625,11.745887504751,1,1,68.5129057867189,246.646460832188,-24.7897050532192,0,0,16381.6606219606,0,0,1.225
386.875,11.749538863371,1,1,68.4224600422198,246.320856151991,-24.7511793893937,0,0,16359.9432284165,0,0,1.225
387.125,11.7531950512487,1,1,68.3320354298033,245.995327547292,-24.7127096076729,0,0,16338.2563926431,0,0,1.225
387.375,11.7568560800455,1,1,68.2416318288891,245.669874584001,-24.674295633351,0,0,16316.6000753986,0,0,1.225
387.625,11.7605219614713,1,1,68.151249118511,245.34449682664,-24.635937391824,0,0,16294.9742374954,0,0,1.225
387.875,11.7641927072845,1,1,68.0608871773154,245.019193838335,-24.5976348085642,0,0,16273.3788397794,0,0,1.225
388.125,11.7678683292928,1,1,67.9705458835577,244.693965180808,-24.5593878091477,0,0,16251.8138431521,0,0,1.225
388.375,11.771548839353,1,1,67.8802251151006,244.368810414362,-24.5211963192396,0,0,16230.2792085593,0,0,1.225
388.625,11.7752342493713,1,1,67.7899247494107,244.043729097879,-24.4830602645889,0,0,16208.774896986,0,0,1.225
388.875,11.7789245713039,1,1,67.6996446635569,243.718720788805,-24.4449795710407,0,0,16187.3008694672,0,0,1.225
389.125,11.7826198171573,1,1,67.6093847342066,243.393785043144,-24.4069541645331,0,0,16165.8570870851,0,0,1.225
389.375,11.7863199989883,1,1,67.5191448376241,243.068921415447,-24.3689839710969,0,0,16144.4435109685,0,0,1.225
389.625,11.7900251289044,1,1,67.4289248496673,242.744129458802,-24.3310689168393,0,0,16123.0601022806,0,0,1.225
389.875,11.7937352190644,1,1,67.3387246457852,242.419408724827,-24.2932089279766,0,0,16101.7068222444,0,0,1.225
390.125,11.7974502816784,1,1,67.2485441010151,242.094758763655,-24.255403930807,0,0,16080.3836321216,0,0,1.225
390.375,11.8011703290082,1,1,67.1583830899803,241.770179123929,-24.2176538517106,0,0,16059.0904932119,0,0,1.225
390.625,11.8048953733677,1,1,67.0682414868865,241.445669352792,-24.1799586171765,0,0,16037.8273668758,0,0,1.225
390.875,11.8086254271229,1,1,66.97811916552,241.121228995872,-24.1423181537666,0,0,16016.5942145046,0,0,1.225
391.125,11.8123605026928,1,1,66.8880159992439,240.796857597278,-24.104732388143,0,0,15995.3909975428,0,0,1.225
391.375,11.8161006125491,1,1,66.7979318609964,240.472554699587,-24.067201247055,0,0,15974.2176774778,0,0,1.225
391.625,11.8198457692172,1,1,66.7078666232868,240.148319843832,-24.0297246573391,0,0,15953.0742158401,0,0,1.225
391.875,11.8235959852757,1,1,66.6178201581934,239.824152569496,-23.9923025459266,0,0,15931.9605742087,0,0,1.225
392.125,11.8273512733574,1,1,66.5277923373605,239.500052414498,-23.9549348398341,0,0,15910.8767142043,0,0,1.225
392.375,11.8311116461495,1,1,66.4377830319951,239.176018915182,-23.9176214661711,0,0,15889.8225974951,0,0,1.225
392.625,11.8348771163938,1,1,66.3477921128645,238.852051606312,-23.8803623521289,0,0,15868.798185788,0,0,1.225
392.875,11.8386476968869,1,1,66.2578194502928,238.528150021054,-23.8431574250026,0,0,15847.803440846,0,0,1.225
393.125,11.842423400481,1,1,66.1678649141584,238.20431369097,-23.8060066121598,0,0,15826.8383244636,0,0,1.225
393.375,11.8462042400838,1,1,66.0779283738905,237.880542146006,-23.7689098410719,0,0,15805.9027984916,0,0,1.225
393.625,11.8499902286592,1,1,65.9880096984665,237.55683491448,-23.7318670392888,0,0,15784.9968248168,0,0,1.225
393.875,11.8537813792273,1,1,65.8981087564088,237.233191523072,-23.6948781344563,0,0,15764.1203653765,0,0,1.225
394.125,11.8575777048651,1,1,65.8082254157813,236.909611496813,-23.6579430543025,0,0,15743.2733821469,0,0,1.225
394.375,11.8613792187066,1,1,65.7183595441871,236.586094359074,-23.6210617266497,0,0,15722.4558371532,0,0,1.225
394.625,11.8651859339432,1,1,65.6285110087646,236.262639631552,-23.5842340794079,0,0,15701.6676924641,0,0,1.225
394.875,11.8689978638243,1,1,65.5386796761846,235.939246834265,-23.5474600405742,0,0,15680.9089101916,0,0,1.225
395.125,11.8728150216573,1,1,65.4488654126474,235.615915485531,-23.5107395382329,0,0,15660.1794524912,0,0,1.225
395.375,11.8766374208082,1,1,65.3590680838791,235.292645101965,-23.4740725005595,0,0,15639.4792815646,0,0,1.225
395.625,11.8804650747021,1,1,65.2692875551284,234.969435198462,-23.4374588558185,0,0,15618.8083596586,0,0,1.225
395.875,11.884297996823,1,1,65.1795236911639,234.64628528819,-23.4008985323562,0,0,15598.1666490588,0,0,1.225
396.125,11.8881362007151,1,1,65.0897763562701,234.323194882572,-23.3643914586173,0,0,15577.5541121036,0,0,1.225
396.375,11.8919796999821,1,1,65.0000454142443,234.000163491279,-23.3279375631228,0,0,15556.9707111656,0,0,1.225
396.625,11.8958285082887,1,1,64.9103307283934,233.677190622216,-23.2915367744899,0,0,15536.4164086689,0,0,1.225
396.875,11.89968263936,1,1,64.8206321615305,233.35427578151,-23.2551890214181,0,0,15515.8911670765,0,0,1.225
397.125,11.9035421069824,1,1,64.7309495759711,233.031418473496,-23.218894232703,0,0,15495.3949489023,0,0,1.225
397.375,11.9074069250042,1,1,64.6412828335301,232.708618200708,-23.1826523372165,0,0,15474.9277166953,0,0,1.225
397.625,11.9112771073354,1,1,64.5516317955181,232.385874463865,-23.146463263929,0,0,15454.4894330571,0,0,1.225
397.875,11.9151526679485,1,1,64.461996322738,232.063186761857,-23.1103269418873,0,0,15434.080060624,0,0,1.225
398.125,11.9190336208789,1,1,64.3723762754814,231.740554591733,-23.0742433002342,0,0,15413.6995620835,0,0,1.225
398.375,11.9229199802252,1,1,64.2827715135249,231.41797744869,-23.0382122681931,0,0,15393.3479001613,0,0,1.225
398.625,11.9268117601495,1,1,64.1931818961269,231.095454826057,-23.0022337750815,0,0,15373.0250376326,0,0,1.225
398.875,11.930708974878,1,1,64.1036072820234,230.772986215284,-22.9663077502992,0,0,15352.7309373119,0,0,1.225
399.125,11.9346116387016,1,1,64.014047529425,230.45057110593,-22.9304341233328,0,0,15332.4655620581,0,0,1.225
399.375,11.9385197659758,1,1,63.9245024960125,230.128208985645,-22.8946128237567,0,0,15312.2288747738,0,0,1.225
399.625,11.9424333711216,1,1,63.8349720389338,229.805899340162,-22.8588437812314,0,0,15292.0208384047,0,0,1.225
399.875,11.9463524686256,1,1,63.7454560147998,229.483641653279,-22.8231269255057,0,0,15271.8414159415,0,0,1.225
400.125,11.9502770730407,1,1,63.6559542796807,229.161435406851,-22.7874621864121,0,0,15251.6905704159,0,0,1.225
400.375,11.9542071989864,1,1,63.5664666891021,228.839280080768,-22.7518494938695,0,0,15231.5682649031,0,0,1.225
400.625,11.9581428611491,1,1,63.4769930980413,228.517175152949,-22.7162887778895,0,0,15211.4744625266,0,0,1.225
400.875,11.9620840742829,1,1,63.3875333609234,228.195120099324,-22.6807799685594,0,0,15191.4091264446,0,0,1.225
401.125,11.9660308532097,1,1,63.2980873316171,227.873114393821,-22.6453229960616,0,0,15171.3722198661,0,0,1.225
401.375,11.9699832128199,1,1,63.208654863431,227.551157508352,-22.6099177906599,0,0,15151.3637060393,0,0,1.225
401.625,11.9739411680726,1,1,63.1192358091097,227.229248912795,-22.5745642827042,0,0,15131.3835482557,0,0,1.225
401.875,11.9779047339965,1,1,63.0298300208295,226.907388074986,-22.5392624026326,0,0,15111.4317098519,0,0,1.225
402.125,11.9818739256896,1,1,62.9404373501946,226.5855744607,-22.5040120809654,0,0,15091.5081542045,0,0,1.225
402.375,11.9858487583207,1,1,62.8510576482325,226.263807533637,-22.4688132483116,0,0,15071.6128447357,0,0,1.225
402.625,11.9898292471288,1,1,62.7616907653907,225.942086755407,-22.4336658353632,0,0,15051.7457449086,0,0,1.225
402.875,11.9938154074245,1,1,62.6723365515317,225.620411585514,-22.3985697728995,0,0,15031.9068182307,0,0,1.225
403.125,11.9978072545897,1,1,62.5829948559294,225.298781481346,-22.3635249917861,0,0,15012.096028253,0,0,1.225
403.375,12.0018048040787,1,1,62.4936655272645,224.977195898152,-22.3285314229688,0,0,14992.3133385653,0,0,1.225
403.625,12.0058080714184,1,1,62.4043484136201,224.655654289032,-22.2935889974851,0,0,14972.5587128057,0,0,1.225
403.875,12.0098170722087,1,1,62.3150433624779,224.334156104921,-22.2586976464509,0,0,14952.8321146491,0,0,1.225
404.125,12.0138318221232,1,1,62.2257502207135,224.012700794569,-22.2238573010745,0,0,14933.1335078196,0,0,1.225
404.375,12.0178523369097,1,1,62.1364688345918,223.69128780453,-22.1890678926411,0,0,14913.4628560772,0,0,1.225
404.625,12.0218786323904,1,1,62.0471990497629,223.369916579147,-22.1543293525265,0,0,14893.8201232293,0,0,1.225
404.875,12.025910724463,1,1,61.9579407112577,223.048586560528,-22.1196416121893,0,0,14874.2052731243,0,0,1.225
405.125,12.0299486291005,1,1,61.8686936634829,222.727297188538,-22.0850046031692,0,0,14854.6182696503,0,0,1.225
405.375,12.0339923623522,1,1,61.7794577502168,222.40604790078,-22.0504182570976,0,0,14835.0590767436,0,0,1.225
405.625,12.0380419403442,1,1,61.6902328146046,222.084838132577,-22.0158825056842,0,0,14815.5276583781,0,0,1.225
405.875,12.0420973792796,1,1,61.601018699154,221.763667316954,-21.9813972807251,0,0,14796.0239785715,0,0,1.225
406.125,12.0461586954396,1,1,61.5118152457299,221.442534884628,-21.9469625141001,0,0,14776.5480013838,0,0,1.225
406.375,12.0502259051832,1,1,61.4226222955504,221.121440263981,-21.9125781377734,0,0,14757.0996909172,0,0,1.225
406.625,12.0542990249487,1,1,61.3334396891814,220.800382881053,-21.8782440837922,0,0,14737.6790113155,0,0,1.225
406.875,12.0583780712535,1,1,61.2442672665322,220.479362159516,-21.84396028429,0,0,14718.2859267664,0,0,1.225
407.125,12.062463060695,1,1,61.1551048668506,220.158377520662,-21.8097266714831,0,0,14698.920401499,0,0,1.225
407.375,12.0665540099512,1,1,61.0659523287175,219.837428383383,-21.7755431776677,0,0,14679.5823997815,0,0,1.225
407.625,12.070650935781,1,1,60.9768094900428,219.516514164154,-21.7414097352303,0,0,14660.2718859293,0,0,1.225
407.875,12.0747538550249,1,1,60.8876761880597,219.195634277015,-21.7073262766344,0,0,14640.9888242947,0,0,1.225
408.125,12.0788627846057,1,1,60.7985522593198,218.874788133551,-21.6732927344301,0,0,14621.7331792746,0,0,1.225
408.375,12.0829777415291,1,1,60.7094375396884,218.553975142878,-21.6393090412539,0,0,14602.5049153099,0,0,1.225
408.625,12.0870987428837,1,1,60.6203318643387,218.233194711619,-21.6053751298186,0,0,14583.3039968781,0,0,1.225
408.875,12.0912258058425,1,1,60.5312350677472,217.91244624389,-21.5714909329245,0,0,14564.1303885018,0,0,1.225
409.125,12.0953589476628,1,1,60.4421469836883,217.591729141278,-21.5376563834543,0,0,14544.9840547451,0,0,1.225
409.375,12.099498185687,1,1,60.3530674452286,217.271042802823,-21.5038714143748,0,0,14525.8649602143,0,0,1.225
409.625,12.1036435373434,1,1,60.2639962847225,216.950386625001,-21.4701359587316,0,0,14506.7730695546,0,0,1.225
409.875,12.1077950201466,1,1,60.1749333338056,216.6297600017,-21.436449949656,0,0,14487.7083474547,0,0,1.225
410.125,12.111952651698,1,1,60.0858784233903,216.309162324205,-21.4028133203628,0,0,14468.6707586461,0,0,1.225
410.375,12.1161164496868,1,1,59.9968313836599,215.988592981175,-21.369226004148,0,0,14449.6602679001,0,0,1.225
410.625,12.1202864318901,1,1,59.9077920440628,215.668051358626,-21.3356879343901,0,0,14430.67684003,0,0,1.225
410.875,12.1244626161743,1,1,59.8187602333076,215.347536839907,-21.3021990445486,0,0,14411.7204398892,0,0,1.225
411.125,12.1286450204948,1,1,59.7297357793567,215.027048805684,-21.2687592681687,0,0,14392.7910323752,0,0,1.225
411.375,12.1328336628975,1,1,59.6407185094211,214.706586633916,-21.2353685388744,0,0,14373.8885824243,0,0,1.225
411.625,12.1370285615188,1,1,59.5517082499544,214.386149699836,-21.2020267903745,0,0,14355.0130550161,0,0,1.225
411.875,12.1412297345866,1,1,59.4627048266473,214.06573737593,-21.168733956456,0,0,14336.1644151686,0,0,1.225
412.125,12.1454372004211,1,1,59.3737080644213,213.745349031917,-21.1354899709931,0,0,14317.342627945,0,0,1.225
412.375,12.1496509774349,1,1,59.284717787423,213.424984034723,-21.1022947679376,0,0,14298.5476584463,0,0,1.225
412.625,12.1538710841343,1,1,59.1957338190184,213.104641748466,-21.0691482813227,0,0,14279.7794718147,0,0,1.225
412.875,12.1580975391198,1,1,59.1067559817863,212.784321534431,-21.0360504452683,0,0,14261.0380332372,0,0,1.225
413.125,12.1623303610863,1,1,59.0177840975126,212.464022751046,-21.0030011939689,0,0,14242.3233079364,0,0,1.225
413.375,12.1665695688246,1,1,58.9288179871843,212.143744753864,-20.9700004617071,0,0,14223.6352611811,0,0,1.225
413.625,12.1708151812215,1,1,58.8398574709827,211.823486895538,-20.937048182841,0,0,14204.9738582767,0,0,1.225
413.875,12.1750672172608,1,1,58.7509023682777,211.5032485258,-20.9041442918142,0,0,14186.3390645725,0,0,1.225
414.125,12.1793256960238,1,1,58.6619524976211,211.183028991436,-20.8712887231486,0,0,14167.7308454565,0,0,1.225
414.375,12.1835906366904,1,1,58.5730076767405,210.862827636266,-20.8384814114479,0,0,14149.1491663582,0,0,1.225
414.625,12.1878620585392,1,1,58.4840677225327,210.542643801118,-20.8057222914013,0,0,14130.5939927513,0,0,1.225
414.875,12.192139980949,1,1,58.3951324510571,210.222476823806,-20.7730112977688,0,0,14112.0652901423,0,0,1.225
415.125,12.1964244233989,1,1,58.3062016775292,209.902326039105,-20.7403483654025,0,0,14093.5630240874,0,0,1.225
415.375,12.2007154054692,1,1,58.217275216314,209.582190778731,-20.707733429228,0,0,14075.0871601776,0,0,1.225
415.625,12.2050129468427,1,1,58.1283528809193,209.26207037131,-20.6751664242511,0,0,14056.6376640441,0,0,1.225
415.875,12.2093170673046,1,1,58.0394344839888,208.94196414236,-20.6426472855637,0,0,14038.2145013634,0,0,1.225
416.125,12.2136277867438,1,1,57.9505198372953,208.621871414263,-20.6101759483354,0,0,14019.8176378499,0,0,1.225
416.375,12.2179451251537,1,1,57.8616087517338,208.301791506242,-20.5777523478109,0,0,14001.4470392548,0,0,1.225
416.625,12.2222691026327,1,1,57.7727010373146,207.981723734333,-20.5453764193244,0,0,13983.1026713765,0,0,1.225
416.875,12.2265997393853,1,1,57.6837965031562,207.661667411362,-20.5130480982853,0,0,13964.7845000503,0,0,1.225
417.125,12.2309370557227,1,1,57.5948949574779,207.34162184692,-20.4807673201794,0,0,13946.4924911488,0,0,1.225
417.375,12.2352810720635,1,1,57.5059962075932,207.021586347336,-20.4485340205811,0,0,13928.2266105915,0,0,1.225
417.625,12.2396318089349,1,1,57.417100059902,206.701560215647,-20.4163481351379,0,0,13909.9868243331,0,0,1.225
417.875,12.2439892869733,1,1,57.3282063198834,206.38154275158,-20.3842095995806,0,0,13891.7730983709,0,0,1.225
418.125,12.248353526925,1,1,57.2393147920884,206.061533251518,-20.3521183497151,0,0,13873.5853987392,0,0,1.225
418.375,12.2527245496474,1,1,57.1504252801325,205.741531008477,-20.3200743214338,0,0,13855.4236915176,0,0,1.225
418.625,12.2571023761093,1,1,57.0615375866877,205.421535312076,-20.2880774507039,0,0,13837.2879428217,0,0,1.225
418.875,12.2614870273925,1,1,56.9726515134753,205.101545448511,-20.2561276735714,0,0,13819.1781188074,0,0,1.225
419.125,12.2658785246919,1,1,56.8837668612581,204.781560700529,-20.2242249261662,0,0,13801.0941856734,0,0,1.225
419.375,12.2702768893169,1,1,56.7948834298324,204.461580347397,-20.1923691446918,0,0,13783.0361096544,0,0,1.225
419.625,12.2746821426923,1,1,56.7060010180203,204.141603664873,-20.1605602654354,0,0,13765.0038570283,0,0,1.225
419.875,12.2790943063588,1,1,56.6171194236617,203.821629925182,-20.1287982247595,0,0,13746.9973941102,0,0,1.225
420.125,12.283513401974,1,1,56.5282384436062,203.501658396982,-20.0970829591106,0,0,13729.0166872586,0,0,1.225
420.375,12.2879394513138,1,1,56.4393578737052,203.181688345339,-20.0654144050068,0,0,13711.0617028662,0,0,1.225
420.625,12.2923724762726,1,1,56.3504775088034,202.861719031692,-20.0337924990536,0,0,13693.1324073723,0,0,1.225
420.875,12.2968124988649,1,1,56.2615971427306,202.54174971383,-20.0022171779292,0,0,13675.2287672509,0,0,1.225
421.125,12.3012595412257,1,1,56.1727165682935,202.221779645857,-19.9706883783902,0,0,13657.3507490157,0,0,1.225
421.375,12.3057136256118,1,1,56.083835577267,201.901808078161,-19.9392060372766,0,0,13639.4983192237,0,0,1.225
421.625,12.3101747744025,1,1,55.9949539603858,201.581834257389,-19.9077700915004,0,0,13621.6714444664,0,0,1.225
421.875,12.3146430101008,1,1,55.9060715073357,201.261857426409,-19.8763804780574,0,0,13603.8700913792,0,0,1.225
422.125,12.3191183553343,1,1,55.817188006745,200.941876824282,-19.8450371340205,0,0,13586.0942266358,0,0,1.225
422.375,12.3236008328562,1,1,55.7283032461753,200.621891686231,-19.8137399965362,0,0,13568.3438169462,0,0,1.225
422.625,12.3280904655462,1,1,55.6394170121132,200.301901243607,-19.7824890028378,0,0,13550.6188290661,0,0,1.225
422.875,12.3325872764116,1,1,55.5505290899607,199.981904723858,-19.7512840902264,0,0,13532.9192297828,0,0,1.225
423.125,12.3370912885882,1,1,55.4616392640263,199.661901350495,-19.7201251960896,0,0,13515.2449859297,0,0,1.225
423.375,12.3416025253417,1,1,55.3727473175161,199.341890343058,-19.6890122578889,0,0,13497.5960643763,0,0,1.225
423.625,12.3461210100682,1,1,55.2838530325241,199.021870917087,-19.6579452131609,0,0,13479.9724320293,0,0,1.225
423.875,12.3506467662958,1,1,55.194956190023,198.701842284083,-19.6269239995272,0,0,13462.3740558401,0,0,1.225
424.125,12.355179817685,1,1,55.1060565698545,198.381803651476,-19.59594855468,0,0,13444.8009027942,0,0,1.225
424.375,12.3597201880305,1,1,55.0171539507201,198.061754222592,-19.5650188163909,0,0,13427.2529399173,0,0,1.225
424.625,12.3642679012619,1,1,54.9282481101711,197.741693196616,-19.5341347225121,0,0,13409.7301342771,0,0,1.225
424.875,12.3688229814448,1,1,54.8393388245987,197.421619768555,-19.5032962109699,0,0,13392.2324529773,0,0,1.225
425.125,12.3733854527818,1,1,54.7504258692246,197.101533129209,-19.4725032197657,0,0,13374.7598631594,0,0,1.225
425.375,12.3779553396141,1,1,54.6615090180903,196.781432465125,-19.4417556869848,0,0,13357.3123320088,0,0,1.225
425.625,12.3825326664219,1,1,54.5725880440476,196.461316958571,-19.4110535507816,0,0,13339.8898267437,0,0,1.225
425.875,12.3871174578264,1,1,54.4836627187479,196.141185787493,-19.3803967493941,0,0,13322.4923146263,0,0,1.225
426.125,12.3917097385902,1,1,54.3947328126323,195.821038125476,-19.3497852211322,0,0,13305.1197629538,0,0,1.225
426.375,12.3963095336189,1,1,54.3057980949205,195.500873141714,-19.3192189043866,0,0,13287.7721390655,0,0,1.225
426.625,12.400916867962,1,1,54.2168583336011,195.180690000964,-19.288697737622,0,0,13270.4494103367,0,0,1.225
426.875,12.4055317668145,1,1,54.1279132954201,194.860487863513,-19.2582216593801,0,0,13253.1515441824,0,0,1.225
427.125,12.4101542555177,1,1,54.0389627458707,194.540265885135,-19.2277906082782,0,0,13235.8785080551,0,0,1.225
427.375,12.4147843595606,1,1,53.950006449182,194.220023217055,-19.1974045230136,0,0,13218.6302694488,0,0,1.225
427.625,12.419422104581,1,1,53.8610441683081,193.899759005909,-19.1670633423564,0,0,13201.4067958933,0,0,1.225
427.875,12.4240675163671,1,1,53.772075664917,193.579472393701,-19.1367670051532,0,0,13184.2080549571,0,0,1.225
428.125,12.4287206208583,1,1,53.6831006993792,193.259162517765,-19.1065154503294,0,0,13167.0340142493,0,0,1.225
428.375,12.4333814441469,1,1,53.5941190307564,192.938828510723,-19.0763086168818,0,0,13149.8846414135,0,0,1.225
428.625,12.4380500124788,1,1,53.5051304167899,192.618469500444,-19.0461464438904,0,0,13132.7599041378,0,0,1.225
428.875,12.4427263522557,1,1,53.4161346138889,192.29808461,-19.0160288705019,0,0,13115.6597701411,0,0,1.225
429.125,12.4474104900354,1,1,53.3271313771188,191.977672957628,-18.9859558359476,0,0,13098.5842071874,0,0,1.225
429.375,12.4521024525339,1,1,53.2381204601892,191.657233656681,-18.9559272795295,0,0,13081.5331830754,0,0,1.225
429.625,12.4568022666264,1,1,53.149101615442,191.336765815591,-18.9259431406235,0,0,13064.5066656403,0,0,1.225
429.875,12.4615099593488,1,1,53.0600745938389,191.01626853782,-18.8960033586873,0,0,13047.5046227606,0,0,1.225
430.125,12.4662255578987,1,1,52.9710391449494,190.695740921818,-18.8661078732484,0,0,13030.5270223484,0,0,1.225
430.375,12.4709490896375,1,1,52.8819950169382,190.375182060978,-18.836256623913,0,0,13013.5738323563,0,0,1.225
430.625,12.4756805820911,1,1,52.7929419565524,190.054591043589,-18.8064495503595,0,0,12996.6450207731,0,0,1.225
430.875,12.4804200629517,1,1,52.703879709109,189.733966952792,-18.7766865923459,0,0,12979.7405556284,0,0,1.225
431.125,12.4851675600791,1,1,52.614808018482,189.413308866535,-18.7469676896999,0,0,12962.8604049859,0,0,1.225
431.375,12.4899231015024,1,1,52.5257266270892,189.092615857521,-18.7172927823303,0,0,12946.004536952,0,0,1.225
431.625,12.4946867154211,1,1,52.4366352758792,188.771886993165,-18.687661810216,0,0,12929.172919667,0,0,1.225
431.875,12.4994584302067,1,1,52.3475337043176,188.451121335543,-18.6580747134112,0,0,12912.3655213093,0,0,1.225
432.125,12.5042382744044,1,1,52.2584216503743,188.130317941347,-18.6285314320476,0,0,12895.5823100976,0,0,1.225
432.375,12.5090262767343,1,1,52.1692988505089,187.809475861832,-18.5990319063303,0,0,12878.8232542873,0,0,1.225
432.625,12.5138224660934,1,1,52.0801650396578,187.488594142768,-18.5695760765384,0,0,12862.0883221706,0,0,1.225
432.875,12.5186268715565,1,1,51.9910199512195,187.16767182439,-18.5401638830253,0,0,12845.3774820777,0,0,1.225
433.125,12.5234395223784,1,1,51.9018633170409,186.846707941347,-18.5107952662183,0,0,12828.6907023758,0,0,1.225
433.375,12.5282604479953,1,1,51.8126948674027,186.52570152265,-18.4814701666237,0,0,12812.0279514734,0,0,1.225
433.625,12.5330896780259,1,1,51.7235143310054,186.204651591619,-18.4521885248141,0,0,12795.3891978102,0,0,1.225
433.875,12.537927242274,1,1,51.6343214349541,185.883557165835,-18.4229502814433,0,0,12778.7744098692,0,0,1.225
434.125,12.5427731707292,1,1,51.5451159047439,185.562417257078,-18.3937553772357,0,0,12762.183556168,0,0,1.225
434.375,12.5476274935692,1,1,51.4558974642453,185.241230871283,-18.3646037529907,0,0,12745.6166052621,0,0,1.225
434.625,12.552490241161,1,1,51.3666658356885,184.919997008479,-18.3354953495809,0,0,12729.0735257444,0,0,1.225
434.875,12.5573614440632,1,1,51.2774207396482,184.598714662734,-18.3064301079557,0,0,12712.5542862471,0,0,1.225
435.125,12.5622411330271,1,1,51.1881618950283,184.277382822102,-18.2774079691317,0,0,12696.0588554345,0,0,1.225
435.375,12.5671293389989,1,1,51.0988890190462,183.956000468566,-18.2484288742053,0,0,12679.5872020133,0,0,1.225
435.625,12.5720260931211,1,1,51.0096018272164,183.634566577979,-18.219492764345,0,0,12663.1392947262,0,0,1.225
435.875,12.5769314267345,1,1,50.9203000333352,183.313080120007,-18.190599580792,0,0,12646.7151023522,0,0,1.225
436.125,12.5818453713801,1,1,50.8309833494638,182.99154005807,-18.1617492648602,0,0,12630.3145937072,0,0,1.225
436.375,12.5867679588006,1,1,50.7416514859121,182.669945349283,-18.1329417579391,0,0,12613.9377376457,0,0,1.225
436.625,12.5916992209427,1,1,50.652304151222,182.348294944399,-18.1041770014881,0,0,12597.584503057,0,0,1.225
436.875,12.5966391899585,1,1,50.5629410521508,182.026587787743,-18.075454937044,0,0,12581.2548588704,0,0,1.225
437.125,12.6015878982076,1,1,50.4735618936534,181.704822817152,-18.0467755062127,0,0,12564.9487740493,0,0,1.225
437.375,12.6065453782591,1,1,50.3841663788659,181.382998963917,-18.0181386506765,0,0,12548.6662175967,0,0,1.225
437.625,12.6115116628934,1,1,50.2947542090875,181.061115152715,-17.9895443121877,0,0,12532.4071585501,0,0,1.225
437.875,12.6164867851042,1,1,50.2053250837631,180.739170301547,-17.9609924325714,0,0,12516.1715659839,0,0,1.225
438.125,12.6214707781005,1,1,50.1158787004653,180.417163321675,-17.9324829537309,0,0,12499.9594090137,0,0,1.225
438.375,12.6264636753087,1,1,50.0264147548764,180.095093117555,-17.9040158176331,0,0,12483.7706567847,0,0,1.225
438.625,12.6314655103744,1,1,49.9369329407696,179.772958586771,-17.8755909663259,0,0,12467.6052784855,0,0,1.225
438.875,12.6364763171645,1,1,49.8474329499911,179.450758619968,-17.8472083419247,0,0,12451.4632433374,0,0,1.225
439.125,12.6414961297697,1,1,49.7579144724407,179.128492100787,-17.8188678866172,0,0,12435.3445205984,0,0,1.225
439.375,12.646524982506,1,1,49.6683771960531,178.806157905791,-17.790569542668,0,0,12419.2490795667,0,0,1.225
439.625,12.6515629099171,1,1,49.5788208067783,178.483754904402,-17.7623132524086,0,0,12403.1768895728,0,0,1.225
439.875,12.6566099467766,1,1,49.4892449885626,178.161281958825,-17.7340989582462,0,0,12387.1279199866,0,0,1.225
440.125,12.6616661280903,1,1,49.3996494233284,177.838737923982,-17.7059266026581,0,0,12371.1021402129,0,0,1.225
440.375,12.666731489098,1,1,49.3100337909541,177.516121647435,-17.6777961281941,0,0,12355.0995196935,0,0,1.225
440.625,12.6718060652763,1,1,49.2203977692543,177.193431969316,-17.6497074774779,0,0,12339.1200279081,0,0,1.225
440.875,12.6768898923403,1,1,49.130741033959,176.870667722252,-17.6216605932013,0,0,12323.1636343698,0,0,1.225
441.125,12.6819830062462,1,1,49.0410632586928,176.547827731294,-17.5936554181299,0,0,12307.2303086297,0,0,1.225
441.375,12.6870854431937,1,1,48.951364114954,176.224910813834,-17.5656918951026,0,0,12291.3200202767,0,0,1.225
441.625,12.6921972396281,1,1,48.861643272093,175.901915779535,-17.5377699670253,0,0,12275.432738932,0,0,1.225
441.875,12.697318432243,1,1,48.7719003972912,175.578841430248,-17.5098895768815,0,0,12259.5684342582,0,0,1.225
442.125,12.7024490579823,1,1,48.6821351555388,175.25568655994,-17.4820506677206,0,0,12243.7270759494,0,0,1.225
442.375,12.7075891540429,1,1,48.5923472096126,174.932449954605,-17.4542531826664,0,0,12227.9086337386,0,0,1.225
442.625,12.7127387578773,1,1,48.502536220054,174.609130392195,-17.4264970649128,0,0,12212.1130773937,0,0,1.225
442.875,12.7178979071959,1,1,48.4127018451459,174.285726642525,-17.3987822577265,0,0,12196.3403767201,0,0,1.225
443.125,12.7230666399693,1,1,48.3228437408898,173.962237467203,-17.3711087044421,0,0,12180.590501557,0,0,1.225
443.375,12.7282449944316,1,1,48.2329615609826,173.638661619537,-17.3434763484693,0,0,12164.8634217821,0,0,1.225
443.625,12.7334330090822,1,1,48.1430549567929,173.314997844455,-17.3158851332837,0,0,12149.159107306,0,0,1.225
443.875,12.7386307226888,1,1,48.0531235773373,172.991244878414,-17.2883350024376,0,0,12133.477528079,0,0,1.225
444.125,12.7438381742903,1,1,47.963167069256,172.667401449321,-17.2608258995479,0,0,12117.818654083,0,0,1.225
444.375,12.749055403199,1,1,47.873185076788,172.343466276437,-17.2333577683094,0,0,12102.1824553411,0,0,1.225
444.625,12.7542824490036,1,1,47.7831772417469,172.019438070289,-17.205930552479,0,0,12086.5689019058,0,0,1.225
444.875,12.7595193515721,1,1,47.6931432034952,171.695315532583,-17.1785441958928,0,0,12070.9779638718,0,0,1.225
445.125,12.7647661510543,1,1,47.6030825989191,171.371097356109,-17.1511986424503,0,0,12055.4096113644,0,0,1.225
445.375,12.7700228878849,1,1,47.5129950624024,171.046782224649,-17.1238938361257,0,0,12039.8638145477,0,0,1.225
445.625,12.7752896027864,1,1,47.4228802258003,170.722368812881,-17.0966297209607,0,0,12024.3405436192,0,0,1.225
445.875,12.7805663367717,1,1,47.3327377184132,170.397855786288,-17.0694062410685,0,0,12008.8397688135,0,0,1.225
446.125,12.7858531311473,1,1,47.2425671669594,170.073241801054,-17.0422233406334,0,0,11993.3614604011,0,0,1.225
446.375,12.7911500275164,1,1,47.1523681955481,169.748525503973,-17.015080963909,0,0,11977.9055886875,0,0,1.225
446.625,12.7964570677818,1,1,47.0621404256516,169.423705532346,-16.9879790552168,0,0,11962.4721240123,0,0,1.225
446.875,12.8017742941487,1,1,46.9718834760776,169.098780513879,-16.9609175589512,0,0,11947.0610367527,0,0,1.225
447.125,12.8071017491284,1,1,46.8815969629404,168.773749066585,-16.9338964195758,0,0,11931.6722973209,0,0,1.225
447.375,12.812439475541,1,1,46.7912804996324,168.448609798677,-16.9069155816214,0,0,11916.3058761626,0,0,1.225
447.625,12.8177875165189,1,1,46.7009336967951,168.123361308462,-16.8799749896916,0,0,11900.9617437612,0,0,1.225
447.875,12.8231459155097,1,1,46.6105561622892,167.798002184241,-16.8530745884582,0,0,11885.6398706345,0,0,1.225
448.125,12.8285147162799,1,1,46.5201475011648,167.472531004193,-16.8262143226621,0,0,11870.340227335,0,0,1.225
448.375,12.8338939629178,1,1,46.4297073156313,167.146946336273,-16.7993941371142,0,0,11855.0627844512,0,0,1.225
448.625,12.8392836998373,1,1,46.3392352050262,166.821246738094,-16.7726139766946,0,0,11839.8075126065,0,0,1.225
448.875,12.844683971781,1,1,46.248730765784,166.495430756822,-16.7458737863535,0,0,11824.57438246,0,0,1.225
449.125,12.8500948238238,1,1,46.1581935914049,166.169496929058,-16.7191735111064,0,0,11809.3633647033,0,0,1.225
449.375,12.8555163013765,1,1,46.0676232724223,165.84344378072,-16.6925130960453,0,0,11794.1744300684,0,0,1.225
449.625,12.8609484501891,1,1,45.9770193963705,165.517269826934,-16.6658924863232,0,0,11779.0075493165,0,0,1.225
449.875,12.8663913163548,1,1,45.8863815477518,165.190973571907,-16.6393116271665,0,0,11763.862693247,0,0,1.225
450.125,12.8718449463133,1,1,45.7957093080029,164.86455350881,-16.6127704638702,0,0,11748.7398326942,0,0,1.225
450.375,12.8773093868547,1,1,45.7050022554609,164.538008119659,-16.5862689417963,0,0,11733.6389385259,0,0,1.225
450.625,12.8827846851232,1,1,45.6142599653293,164.211335875185,-16.559807006377,0,0,11718.5599816459,0,0,1.225
450.875,12.8882708886212,1,1,45.5234820096427,163.884535234714,-16.5333846031126,0,0,11703.5029329926,0,0,1.225
451.125,12.8937680452125,1,1,45.432667957232,163.557604646035,-16.5070016775726,0,0,11688.4677635397,0,0,1.225
451.375,12.8992762031271,1,1,45.3418173736878,163.230542545276,-16.4806581753928,0,0,11673.4544442938,0,0,1.225
451.625,12.9047954109643,1,1,45.2509298213245,162.903347356768,-16.4543540422787,0,0,11658.4629462976,0,0,1.225
451.875,12.9103257176976,1,1,45.1600048591435,162.576017492917,-16.4280892240081,0,0,11643.4932406312,0,0,1.225
452.125,12.915867172678,1,1,45.0690420427954,162.248551354063,-16.4018636664182,0,0,11628.5452984029,0,0,1.225
452.375,12.9214198256387,1,1,44.9780409245422,161.920947328352,-16.3756773154223,0,0,11613.6190907616,0,0,1.225
452.625,12.9269837266992,1,1,44.8870010532191,161.593203791589,-16.3495301169969,0,0,11598.714588887,0,0,1.225
452.875,12.9325589263693,1,1,44.7959219741948,161.265319107101,-16.3234220171903,0,0,11583.8317639964,0,0,1.225
453.125,12.9381454755539,1,1,44.7048032293323,160.937291625596,-16.2973529621154,0,0,11568.9705873389,0,0,1.225
453.375,12.9437434255568,1,1,44.6136443569487,160.609119685015,-16.2713228979551,0,0,11554.1310302,0,0,1.225
453.625,12.9493528280858,1,1,44.5224448917742,160.280801610387,-16.2453317709578,0,0,11539.3130638976,0,0,1.225
453.875,12.9549737352567,1,1,44.4312043649109,159.952335713679,-16.2193795274416,0,0,11524.5166597856,0,0,1.225
454.125,12.9606061995983,1,1,44.3399223037904,159.623720293645,-16.1934661137911,0,0,11509.7417892519,0,0,1.225
454.375,12.9662502740566,1,1,44.2485982321316,159.294953635674,-16.167591476461,0,0,11494.98842372,0,0,1.225
454.625,12.9719060120002,1,1,44.1572316698975,158.966034011631,-16.1417555619678,0,0,11480.2565346437,0,0,1.225
454.875,12.9775734672242,1,1,44.0658221332506,158.636959679702,-16.1159583169024,0,0,11465.5460935166,0,0,1.225
455.125,12.9832526939557,1,1,43.9743691345092,158.307728884233,-16.0901996879161,0,0,11450.857071861,0,0,1.225
455.375,12.9889437468589,1,1,43.8828721821015,157.978339855566,-16.0644796217325,0,0,11436.1894412373,0,0,1.225
455.625,12.9946466810393,1,1,43.7913307805203,157.648790809873,-16.0387980651403,0,0,11421.5431732385,0,0,1.225
455.875,13.0003615520495,1,1,43.6997444302757,157.319079948992,-16.0131549649946,0,0,11406.9182394912,0,0,1.225
456.125,13.0060884158941,1,1,43.6081126278483,156.989205460254,-15.9875502682194,0,0,11392.3146116576,0,0,1.225
456.375,13.011827329035,1,1,43.5164348656413,156.659165516309,-15.9619839218044,0,0,11377.7322614331,0,0,1.225
456.625,13.0175783483967,1,1,43.4247106319311,156.328958274952,-15.9364558728057,0,0,11363.1711605464,0,0,1.225
456.875,13.0233415313714,1,1,43.3329394108184,155.998581878946,-15.9109660683462,0,0,11348.6312807604,0,0,1.225
457.125,13.0291169358251,1,1,43.2411206821779,155.66803445584,-15.885514455616,0,0,11334.1125938725,0,0,1.225
457.375,13.0349046201026,1,1,43.1492539216068,155.337314117784,-15.8601009818722,0,0,11319.6150717141,0,0,1.225
457.625,13.0407046430334,1,1,43.0573386003736,155.006418961345,-15.8347255944377,0,0,11305.13868615,0,0,1.225
457.875,13.0465170639372,1,1,42.9653741853651,154.675347067314,-15.8093882407015,0,0,11290.6834090782,0,0,1.225
458.125,13.0523419426302,1,1,42.8733601390331,154.344096500519,-15.7840888681194,0,0,11276.2492124313,0,0,1.225
458.375,13.0581793394304,1,1,42.7812959193401,154.012665309624,-15.7588274242148,0,0,11261.8360681763,0,0,1.225
458.625,13.064029315164,1,1,42.6891809797043,153.681051526936,-15.7336038565741,0,0,11247.4439483116,0,0,1.225
458.875,13.0698919311714,1,1,42.5970147689435,153.349253168197,-15.7084181128525,0,0,11233.0728248712,0,0,1.225
459.125,13.0757672493134,1,1,42.5047967312183,153.017268232386,-15.6832701407716,0,0,11218.7226699231,0,0,1.225
459.375,13.0816553319773,1,1,42.4125263059743,152.685094701508,-15.6581598881162,0,0,11204.3934555666,0,0,1.225
459.625,13.0875562420835,1,1,42.3202029278836,152.352730540381,-15.6330873027382,0,0,11190.0851539355,0,0,1.225
459.875,13.0934700430919,1,1,42.2278260267851,152.020173696426,-15.6080523325581,0,0,11175.7977371994,0,0,1.225
460.125,13.0993967990084,1,1,42.1353950276237,151.687422099445,-15.583054925557,0,0,11161.5311775572,0,0,1.225
460.375,13.1053365743917,1,1,42.0429093503894,151.354473661402,-15.5580950297863,0,0,11147.2854472449,0,0,1.225
460.625,13.11128943436,1,1,41.9503684100542,151.021326276195,-15.5331725933597,0,0,11133.0605185294,0,0,1.225
460.875,13.1172554445981,1,1,41.8577716165089,150.687977819432,-15.5082875644594,0,0,11118.8563637131,0,0,1.225
461.125,13.1232346713641,1,1,41.7651183744985,150.354426148195,-15.4834398913304,0,0,11104.6729551299,0,0,1.225
461.375,13.1292271814967,1,1,41.6724080835566,150.020669100804,-15.4586295222834,0,0,11090.5102651471,0,0,1.225
461.625,13.1352330424223,1,1,41.5796401379386,149.686704496579,-15.433856405697,0,0,11076.3682661673,0,0,1.225
461.875,13.1412523221627,1,1,41.4868139265544,149.352530135596,-15.4091204900114,0,0,11062.2469306234,0,0,1.225
462.125,13.1472850893421,1,1,41.393928832899,149.018143798437,-15.3844217237342,0,0,11048.1462309834,0,0,1.225
462.375,13.153331413195,1,1,41.300984234983,148.683543245939,-15.3597600554376,0,0,11034.066139748,0,0,1.225
462.625,13.1593913635738,1,1,41.2079795052611,148.34872621894,-15.3351354337592,0,0,11020.0066294514,0,0,1.225
462.875,13.1654650109567,1,1,41.1149140105598,148.013690438015,-15.310547807399,0,0,11005.9676726588,0,0,1.225
463.125,13.1715524264556,1,1,41.0217871120043,147.678433603215,-15.2859971251255,0,0,10991.9492419714,0,0,1.225
463.375,13.1776536818242,1,1,40.928598164943,147.342953393795,-15.2614833357707,0,0,10977.9513100222,0,0,1.225
463.625,13.1837688494664,1,1,40.8353465188723,147.00724746794,-15.2370063882286,0,0,10963.9738494753,0,0,1.225
463.875,13.1898980024445,1,1,40.7420315173587,146.671313462491,-15.212566231462,0,0,10950.0168330309,0,0,1.225
464.125,13.1960412144876,1,1,40.6486524979606,146.335148992658,-15.1881628144956,0,0,10936.08023342,0,0,1.225
464.375,13.2021985600006,1,1,40.5552087921482,145.998751651733,-15.1637960864191,0,0,10922.1640234068,0,0,1.225
464.625,13.2083701140727,1,1,40.461699725222,145.662119010799,-15.1394659963876,0,0,10908.2681757893,0,0,1.225
464.875,13.2145559524866,1,1,40.3681246162307,145.32524861843,-15.115172493618,0,0,10894.3926633963,0,0,1.225
465.125,13.2207561517272,1,1,40.2744827778865,144.988138000391,-15.0909155273944,0,0,10880.5374590912,0,0,1.225
465.375,13.2269707889913,1,1,40.18077351648,144.650784659328,-15.0666950470631,0,0,10866.7025357693,0,0,1.225
465.625,13.2331999421967,1,1,40.086996131793,144.313186074455,-15.0425110020351,0,0,10852.8878663583,0,0,1.225
465.875,13.2394436899921,1,1,39.99314991701,143.975339701236,-15.0183633417851,0,0,10839.093423819,0,0,1.225
466.125,13.2457021117664,1,1,39.899234158628,143.637242971061,-14.9942520158534,0,0,10825.3191811456,0,0,1.225
466.375,13.2519752876588,1,1,39.8052481363651,143.298893290914,-14.9701769738413,0,0,10811.5651113628,0,0,1.225
466.625,13.2582632985692,1,1,39.7111911230674,142.960288043043,-14.946138165416,0,0,10797.8311875294,0,0,1.225
466.875,13.2645662261679,1,1,39.6170623846135,142.621424584608,-14.9221355403088,0,0,10784.117382737,0,0,1.225
467.125,13.2708841529063,1,1,39.5228611798184,142.282300247346,-14.898169048311,0,0,10770.423670107,0,0,1.225
467.375,13.2772171620276,1,1,39.4285867603355,141.942912337208,-14.8742386392823,0,0,10756.7500227967,0,0,1.225
467.625,13.2835653375774,1,1,39.3342383705557,141.603258134,-14.8503442631445,0,0,10743.0964139947,0,0,1.225
467.875,13.2899287644149,1,1,39.2398152475064,141.263334891023,-14.8264858698794,0,0,10729.4628169196,0,0,1.225
468.125,13.2963075282239,1,1,39.1453166207477,140.923139834692,-14.8026634095368,0,0,10715.8492048256,0,0,1.225
468.375,13.3027017155243,1,1,39.0507417122664,140.582670164159,-14.7788768322271,0,0,10702.2555509972,0,0,1.225
468.625,13.3091114136836,1,1,38.9560897363693,140.241923050929,-14.7551260881237,0,0,10688.6818287511,0,0,1.225
468.875,13.3155367109286,1,1,38.8613598995732,139.900895638464,-14.7314111274663,0,0,10675.1280114386,0,0,1.225
469.125,13.3219776963579,1,1,38.7665514004941,139.559585041779,-14.7077319005521,0,0,10661.5940724386,0,0,1.225
469.375,13.3284344599535,1,1,38.6716634297334,139.21798834704,-14.6840883577484,0,0,10648.0799851681,0,0,1.225
469.625,13.3349070925936,1,1,38.5766951697624,138.876102611145,-14.6604804494777,0,0,10634.5857230699,0,0,1.225
469.875,13.3413956860651,1,1,38.4816457948052,138.533924861299,-14.6369081262314,0,0,10621.1112596237,0,0,1.225
470.125,13.3479003330768,1,1,38.3865144707181,138.191452094585,-14.6133713385616,0,0,10607.6565683394,0,0,1.225
470.375,13.3544211272721,1,1,38.2913003548683,137.848681277526,-14.5898700370822,0,0,10594.2216227587,0,0,1.225
470.625,13.3609581632428,1,1,38.1960025960093,137.505609345633,-14.5664041724699,0,0,10580.8063964549,0,0,1.225
470.875,13.3675115365424,1,1,38.1006203341542,137.162233202955,-14.5429736954666,0,0,10567.4108630354,0,0,1.225
471.125,13.3740813437004,1,1,38.0051527004468,136.818549721609,-14.5195785568712,0,0,10554.0349961355,0,0,1.225
471.375,13.380667682236,1,1,37.9095988170301,136.474555741309,-14.4962187075512,0,0,10540.6787694268,0,0,1.225
471.625,13.3872706506726,1,1,37.8139577969125,136.130248068885,-14.4728940984328,0,0,10527.3421566102,0,0,1.225
471.875,13.3938903485529,1,1,37.7182287438308,135.785623477791,-14.4496046805052,0,0,10514.0251314188,0,0,1.225
472.125,13.4005268764534,1,1,37.6224107521117,135.440678707602,-14.4263504048185,0,0,10500.7276676164,0,0,1.225
472.375,13.4071803359996,1,1,37.5265029065297,135.095410463507,-14.4031312224893,0,0,10487.449739002,0,0,1.225
472.625,13.413850829882,1,1,37.4305042821626,134.749815415785,-14.3799470846907,0,0,10474.1913194021,0,0,1.225
472.875,13.4205384618716,1,1,37.3344139442439,134.403890199278,-14.3567979426603,0,0,10460.9523826765,0,0,1.225
473.125,13.4272433368361,1,1,37.2382309480131,134.057631412847,-14.3336837476982,0,0,10447.7329027174,0,0,1.225
473.375,13.4339655607564,1,1,37.1419543385623,133.711035618824,-14.3106044511651,0,0,10434.5328534475,0,0,1.225
473.625,13.4407052407433,1,1,37.0455831506798,133.364099342447,-14.2875600044863,0,0,10421.3522088232,0,0,1.225
473.875,13.4474624850545,1,1,36.9491164086914,133.016819071289,-14.2645503591439,0,0,10408.1909428286,0,0,1.225
474.125,13.4542374031123,1,1,36.8525531262974,132.66919125467,-14.2415754666845,0,0,10395.0490294816,0,0,1.225
474.375,13.4610301055214,1,1,36.7558923064074,132.321212303067,-14.2186352787157,0,0,10381.926442831,0,0,1.225
474.625,13.4678407040866,1,1,36.6591329409714,131.972878587497,-14.1957297469094,0,0,10368.8231569594,0,0,1.225
474.875,13.4746693118317,1,1,36.5622740108071,131.624186438905,-14.1728588229935,0,0,10355.7391459764,0,0,1.225
475.125,13.4815160430182,1,1,36.4653144854243,131.275132147528,-14.1500224587612,0,0,10342.6743840261,0,0,1.225
475.375,13.4883810131644,1,1,36.3682533228459,130.925711962245,-14.1272206060648,0,0,10329.6288452822,0,0,1.225
475.625,13.4952643390655,1,1,36.2710894694241,130.575922089927,-14.1044532168207,0,0,10316.6025039518,0,0,1.225
475.875,13.5021661388131,1,1,36.1738218596545,130.225758694756,-14.0817202430035,0,0,10303.5953342713,0,0,1.225
476.125,13.5090865318156,1,1,36.0764494159847,129.875217897545,-14.0590216366486,0,0,10290.6073105078,0,0,1.225
476.375,13.5160256388197,1,1,35.9789710486206,129.524295775034,-14.0363573498539,0,0,10277.6384069608,0,0,1.225
476.625,13.5229835819309,1,1,35.8813856553272,129.172988359178,-14.0137273347796,0,0,10264.6885979621,0,0,1.225
476.875,13.5299604846356,1,1,35.7836921212263,128.821291636415,-13.9911315436443,0,0,10251.7578578728,0,0,1.225
477.125,13.5369564718233,1,1,35.6858893185895,128.469201546922,-13.9685699287265,0,0,10238.8461610841,0,0,1.225
477.375,13.543971669809,1,1,35.5879761066269,128.116713983857,-13.9460424423687,0,0,10225.9534820211,0,0,1.225
477.625,13.5510062063563,1,1,35.4899513312714,127.763824792577,-13.9235490369715,0,0,10213.0797951376,0,0,1.225
477.875,13.5580602107013,1,1,35.3918138249584,127.41052976985,-13.901089664997,0,0,10200.2250749195,0,0,1.225
478.125,13.5651338135761,1,1,35.2935624064011,127.056824663044,-13.8786642789669,0,0,10187.3892958826,0,0,1.225
478.375,13.572227147234,1,1,35.1951958803601,126.702705169297,-13.8562728314655,0,0,10174.5724325756,0,0,1.225
478.625,13.5793403454741,1,1,35.0967130374095,126.348166934674,-13.8339152751337,0,0,10161.7744595747,0,0,1.225
478.875,13.5864735436673,1,1,34.9981126536963,125.993205553307,-13.8115915626772,0,0,10148.995351491,0,0,1.225
479.125,13.5936268787822,1,1,34.899393490696,125.637816566506,-13.7893016468579,0,0,10136.2350829628,0,0,1.225
479.375,13.6008004894119,1,1,34.8005542949619,125.281995461863,-13.7670454805002,0,0,10123.4936286613,0,0,1.225
479.625,13.6079945158017,1,1,34.7015937978697,124.925737672331,-13.7448230164878,0,0,10110.7709632876,0,0,1.225
479.875,13.6152090998764,1,1,34.6025107153554,124.569038575279,-13.7226342077638,0,0,10098.0670615734,0,0,1.225
480.125,13.6224443852694,1,1,34.5033037476487,124.211893491535,-13.7004790073324,0,0,10085.3818982816,0,0,1.225
480.375,13.6297005173514,1,1,34.4039715789996,123.854297684399,-13.6783573682569,0,0,10072.7154482052,0,0,1.225
480.625,13.6369776432607,1,1,34.304512877399,123.496246358636,-13.6562692436605,0,0,10060.067686168,0,0,1.225
480.875,13.6442759119333,1,1,34.2049262942933,123.137734659456,-13.6342145867261,0,0,10047.4385870243,0,0,1.225
481.125,13.6515954741342,1,1,34.1052104642924,122.778757671453,-13.6121933506965,0,0,10034.8281256592,0,0,1.225
481.375,13.658936482489,1,1,34.0053640048712,122.419310417536,-13.5902054888738,0,0,10022.2362769878,0,0,1.225
481.625,13.6662990915171,1,1,33.9053855160639,122.05938785783,-13.56825095462,0,0,10009.6630159562,0,0,1.225
481.875,13.6736834576643,1,1,33.805273580152,121.698984888547,-13.5463297013548,0,0,9997.10831753959,0,0,1.225
482.125,13.6810897393373,1,1,33.7050267613444,121.33809634084,-13.5244416825603,0,0,9984.57215674581,0,0,1.225
482.375,13.6885180969383,1,1,33.6046436054507,120.976716979622,-13.502586851775,0,0,9972.05450861076,0,0,1.225
482.625,13.6959686929009,1,1,33.5041226395464,120.614841502367,-13.4807651625988,0,0,9959.5553482024,0,0,1.225
482.875,13.7034416917263,1,1,33.4034623716306,120.25246453787,-13.4589765686887,0,0,9947.07465061748,0,0,1.225
483.125,13.7109372600209,1,1,33.3026612902757,119.889580644993,-13.4372210237625,0,0,9934.6123909841,0,0,1.225
483.375,13.7184555665343,1,1,33.2017178642686,119.526184311367,-13.4154984815964,0,0,9922.16854446032,0,0,1.225
483.625,13.7259967821984,1,1,33.1006305422432,119.162269952076,-13.3938088960258,0,0,9909.74308623449,0,0,1.225
483.875,13.7335610801676,1,1,32.9993977523051,118.797831908299,-13.3721522209435,0,0,9897.33599152386,0,0,1.225
484.125,13.7411486358594,1,1,32.8980179016461,118.432864445926,-13.3505284103035,0,0,9884.94723557786,0,0,1.225
484.375,13.748759626997,1,1,32.7964893761501,118.06736175414,-13.3289374181168,0,0,9872.57679367447,0,0,1.225
484.625,13.7563942336513,1,1,32.6948105399891,117.701317943961,-13.307379198453,0,0,9860.22464112172,0,0,1.225
484.875,13.7640526382859,1,1,32.59297973521,117.334727046756,-13.2858537054422,0,0,9847.89075325916,0,0,1.225
485.125,13.7717350258013,1,1,32.4909952813103,116.967583012717,-13.2643608932713,0,0,9835.57510545496,0,0,1.225
485.375,13.7794415835817,1,1,32.3888554748044,116.599879709296,-13.2429007161859,0,0,9823.2776731074,0,0,1.225
485.625,13.7871725015419,1,1,32.286558588778,116.231610919601,-13.2214731284903,0,0,9810.99843164488,0,0,1.225
485.875,13.7949279721758,1,1,32.1841028724328,115.862770340758,-13.2000780845469,0,0,9798.73735652559,0,0,1.225
486.125,13.8027081906064,1,1,32.0814865506184,115.493351582226,-13.1787155387765,0,0,9786.49442323752,0,0,1.225
486.375,13.810513354636,1,1,31.9787078233533,115.123348164072,-13.1573854456578,0,0,9774.26960729849,0,0,1.225
486.625,13.8183436647992,1,1,31.8757648653339,114.752753515202,-13.1360877597283,0,0,9762.06288425635,0,0,1.225
486.875,13.8261993244158,1,1,31.7726558254299,114.381560971548,-13.1148224355834,0,0,9749.87422968881,0,0,1.225
487.125,13.8340805396457,1,1,31.6693788261683,114.009763774206,-13.0935894278755,0,0,9737.7036192024,0,0,1.225
487.375,13.8419875195455,1,1,31.565931963203,113.637355067531,-13.0723886913161,0,0,9725.55102843426,0,0,1.225
487.625,13.8499204761258,1,1,31.4623133047709,113.264327897175,-13.0512201806739,0,0,9713.41643305077,0,0,1.225
487.875,13.8578796244105,1,1,31.3585208911342,112.890675208083,-13.030083850776,0,0,9701.29980874823,0,0,1.225
488.125,13.8658651824977,1,1,31.2545527340079,112.516389842428,-13.0089796565069,0,0,9689.20113125239,0,0,1.225
488.375,13.8738773716216,1,1,31.150406815972,112.141464537499,-12.9879075528079,0,0,9677.1203763179,0,0,1.225
488.625,13.8819164162167,1,1,31.0460810898683,111.765891923526,-12.9668674946793,0,0,9665.05751972998,0,0,1.225
488.875,13.8899825439834,1,1,30.9415734781817,111.389664521454,-12.9458594371783,0,0,9653.01253730297,0,0,1.225
489.125,13.8980759859555,1,1,30.8368818724035,111.012774740653,-12.9248833354191,0,0,9640.98540488001,0,0,1.225
489.375,13.9061969765689,1,1,30.7320041323791,110.635214876565,-12.9039391445738,0,0,9628.97609833448,0,0,1.225
489.625,13.9143457537329,1,1,30.6269380856372,110.256977108294,-12.8830268198724,0,0,9616.98459356934,0,0,1.225
489.875,13.9225225589035,1,1,30.5216815267006,109.878053496122,-12.8621463166005,0,0,9605.01086651566,0,0,1.225
490.125,13.9307276371575,1,1,30.4162322163785,109.498435978963,-12.8412975901024,0,0,9593.05489313502,0,0,1.225
490.375,13.9389612372704,1,1,30.3105878810391,109.118116371741,-12.8204805957785,0,0,9581.11664941754,0,0,1.225
490.625,13.9472236117947,1,1,30.2047462118617,108.737086362702,-12.7996952890876,0,0,9569.19611138369,0,0,1.225
490.875,13.9555150171416,1,1,30.0987048640688,108.355337510648,-12.7789416255437,0,0,9557.29325508161,0,0,1.225
491.125,13.9638357136647,1,1,29.9924614561352,107.972861242087,-12.758219560719,0,0,9545.40805658985,0,0,1.225
491.375,13.9721859657454,1,1,29.8860135689759,107.589648848313,-12.7375290502423,0,0,9533.54049201576,0,0,1.225
491.625,13.9805660418818,1,1,29.7793587451107,107.205691482399,-12.7168700497987,0,0,9521.69053749549,0,0,1.225
491.875,13.988976214779,1,1,29.6724944878042,106.820980156095,-12.6962425151303,0,0,9509.85816919458,0,0,1.225
492.125,13.9974167614431,1,1,29.5654182601816,106.435505736654,-12.6756464020366,0,0,9498.04336330816,0,0,1.225
492.375,14.0058879632767,1,1,29.4581274843188,106.049258943548,-12.6550816663723,0,0,9486.24609605931,0,0,1.225
492.625,14.0143901061784,1,1,29.3506195403056,105.6622303451,-12.6345482640493,0,0,9474.46634370059,0,0,1.225
492.875,14.0229234806441,1,1,29.242891765282,105.274410355015,-12.6140461510363,0,0,9462.70408251397,0,0,1.225
493.125,14.0314883818723,1,1,29.134941452445,104.885789228802,-12.5935752833579,0,0,9450.95928880987,0,0,1.225
493.375,14.0400851098714,1,1,29.0267658500269,104.496357060097,-12.5731356170957,0,0,9439.231938928,0,0,1.225
493.625,14.0487139695712,1,1,28.918362160242,104.106103776871,-12.5527271083859,0,0,9427.52200923596,0,0,1.225
493.875,14.0573752709373,1,1,28.8097275382025,103.715019137529,-12.5323497134227,0,0,9415.82947613146,0,0,1.225
494.125,14.0660693290888,1,1,28.7008590908007,103.323092726882,-12.5120033884557,0,0,9404.15431604031,0,0,1.225
494.375,14.0747964644197,1,1,28.5917538755571,102.930313952006,-12.4916880897902,0,0,9392.49650541701,0,0,1.225
494.625,14.0835570027242,1,1,28.4824088994337,102.536672037961,-12.4714037737886,0,0,9380.85602074566,0,0,1.225
494.875,14.0923512753258,1,1,28.3728211176096,102.142156023395,-12.4511503968679,0,0,9369.23283853798,0,0,1.225
495.125,14.1011796192099,1,1,28.2629874322192,101.746754755989,-12.4309279155016,0,0,9357.62693533483,0,0,1.225
495.375,14.1100423771614,1,1,28.1529046910501,101.35045688778,-12.4107362862192,0,0,9346.03828770597,0,0,1.225
495.625,14.1189398979057,1,1,28.0425696862002,100.953250870321,-12.3905754656053,0,0,9334.46687224924,0,0,1.225
495.875,14.1278725362552,1,1,27.931979152692,100.555124949691,-12.3704454103006,0,0,9322.91266559145,0,0,1.225
496.125,14.1368406532593,1,1,27.8211297670421,100.156067161351,-12.3503460770021,0,0,9311.37564438844,0,0,1.225
496.375,14.14584461636,1,1,27.7100181457849,99.7560653248257,-12.3302774224603,0,0,9299.85578532305,0,0,1.225
496.625,14.1548847995526,1,1,27.5986408439481,99.3551070382133,-12.3102394034836,0,0,9288.35306510844,0,0,1.225
496.875,14.1639615835508,1,1,27.4869943534781,98.9531796725212,-12.2902319769339,0,0,9276.86746048485,0,0,1.225
497.125,14.1730753559584,1,1,27.3750751016134,98.5502703658081,-12.2702550997294,0,0,9265.39894822158,0,0,1.225
497.375,14.1822265114456,1,1,27.262879449204,98.1463660171344,-12.2503087288435,0,0,9253.94750511635,0,0,1.225
497.625,14.1914154519316,1,1,27.1504036889747,97.741453280309,-12.2303928213043,0,0,9242.51310799488,0,0,1.225
497.875,14.2006425867738,1,1,27.0376440437294,97.3355185574259,-12.2105073341963,0,0,9231.09573371204,0,0,1.225
498.125,14.2099083329622,1,1,26.9245966644944,96.9285479921799,-12.190652224657,0,0,9219.69535914952,0,0,1.225
498.375,14.2192131153217,1,1,26.8112576285983,96.5205274629538,-12.1708274498806,0,0,9208.31196121855,0,0,1.225
498.625,14.2285573667207,1,1,26.6976229376853,96.1114425756671,-12.151032967116,0,0,9196.94551685849,0,0,1.225
498.875,14.2379415282866,1,1,26.5836885156598,95.7012786563754,-12.1312687336663,0,0,9185.59600303627,0,0,1.225
499.125,14.2473660496296,1,1,26.4694502065586,95.290020743611,-12.1115347068901,0,0,9174.26339674753,0,0,1.225
499.375,14.2568313890738,1,1,26.3549037723478,94.8776535804521,-12.0918308442006,0,0,9162.94767501591,0,0,1.225
499.625,14.2663380138965,1,1,26.2400448906418,94.4641616063104,-12.0721571030656,0,0,9151.64881489325,0,0,1.225
499.875,14.2758864005762,1,1,26.1248691523398,94.0495289484235,-12.0525134410072,0,0,9140.36679345904,0,0,1.225
500.124997055183,14.2854718782913,1,2,26.0641437972566,93.8309176701238,-0.624286637502672,11.3223265314012,0,0.114709967345505,0,0,1.225
500.374991165548,14.295064398063,1,2,26.058996752393,93.8123883086148,-0.448859215612695,11.3178551956872,140.030041639648,0,0,0,1.225
500.624985275913,14.3046585563458,1,2,26.054952600224,93.7978293608066,-0.394187610568343,11.314342583332,183.612419470268,0,0,0,1.225
500.874979386278,14.3142541143283,1,2,26.0513574463615,93.7848868069013,-0.355150850064602,11.3112204133016,214.704140174917,0,0,0,1.225
501.124973496643,14.3238509313064,1,2,26.0480972650185,93.7731501540667,-0.324279837240905,11.3083895187978,239.276107986257,0,0,0,1.225
501.374967607009,14.3334488972876,1,2,26.0451079539655,93.7623886342759,-0.298626014099305,11.3057941388953,259.684710245839,0,0,0,1.225
501.624961717374,14.3430479212474,1,2,26.0423468470563,93.7524486494027,-0.276663664228686,11.3033971550397,277.148883154303,0,0,0,1.225
501.874955827739,14.3526479254069,1,2,26.0397829490411,93.7432186165479,-0.257481996310131,11.3011716005528,292.396070536275,0,0,0,1.225
502.124949938104,14.3622488418988,1,2,26.0373924767005,93.7346129161218,-0.240485924807341,11.2990967830957,305.901428288647,0,0,0,1.225
502.37494404847,14.3718506106168,1,2,26.0351564788341,93.7265633238028,-0.225261480975704,11.297156214623,317.995404284309,0,0,0,1.225
502.624938158835,14.3814531777313,1,2,26.0330594305362,93.7190139499303,-0.211507062840548,11.2953363885638,328.918684463227,0,0,0,1.225
502.8749322692,14.3910564946127,1,2,26.0310883410796,93.7119180278866,-0.198994978944555,11.2936260036848,338.852923606858,0,0,0,1.225
503.124926379565,14.4006605170217,1,2,26.0292321563594,93.705235762894,-0.187548413192846,11.2920154441609,347.939150533221,0,0,0,1.225
503.37492048993,14.4102652044826,1,2,26.0274813413998,93.6989328290394,-0.177026866628497,11.2904964162819,356.289398655236,0,0,0,1.225
503.624914600296,14.4198705197848,1,2,26.025827578596,93.6929792829455,-0.167316550034724,11.2890616858468,363.994380318064,0,0,0,1.225
503.874908710661,14.4294764285815,1,2,26.024263543428,93.6873487563408,-0.158323813621976,11.2877048829633,371.128734441099,0,0,0,1.225
504.124902821026,14.439082899058,1,2,26.0227827338051,93.6820178416984,-0.149970517224761,11.2864203535137,377.754723810148,0,0,0,1.225
504.374896931391,14.4486899016562,1,2,26.0213793376009,93.6769656153634,-0.14219068366565,11.2852030438554,383.924907301504,0,0,0,1.225
504.624891041756,14.4582974088418,1,2,26.0200481280506,93.6721732609821,-0.134928025874153,11.2840484097678,389.684114171438,0,0,0,1.225
504.874885152122,14.4679053949058,1,2,26.0187843799027,93.6676237676496,-0.12813408428841,11.2829523434645,395.070930916055,0,0,0,1.225
505.124879262487,14.4775138357937,1,2,26.0175838013179,93.6633016847444,-0.12176680008496,11.28191111431,400.118840073102,0,0,0,1.225
505.374873372852,14.4871227089572,1,2,26.0164424779071,93.6591929204656,-0.115789405791444,11.2809213201042,404.857105583438,0,0,0,1.225
505.624867483217,14.4967319932247,1,2,26.015356826264,93.6552845745504,-0.110169551105402,11.2799798466307,409.311470352091,0,0,0,1.225
505.874861593582,14.5063416686871,1,2,26.0143235550184,93.6515647980662,-0.104878605737203,11.2790838337531,413.504712478749,0,0,0,1.225
506.124855703948,14.5159517165974,1,2,26.0133396319163,93.6480226748986,-0.0998910973722743,11.2782306467571,417.457093624169,0,0,0,1.225
506.374849814313,14.5255621192802,1,2,26.0124022557795,93.6446481208062,-0.095184254094909,11.2774178519414,421.186723994687,0,0,0,1.225
506.624843924678,14.5351728600521,1,2,26.0115088324543,93.6414317968355,-0.0907376284893365,11.2766431956808,424.709862138054,0,0,0,1.225
506.874838035043,14.5447839231494,1,2,26.0106569540488,93.6383650345758,-0.0865327863005311,11.2759045863535,428.041163217763,0,0,0,1.225
507.124832145408,14.5543952936631,1,2,26.0098443809039,93.635439771254,-0.0825530466022787,11.2752000786473,431.193886186522,0,0,0,1.225
507.374826255774,14.5640069574802,1,2,26.0090690258521,93.6326484930675,-0.07878326344191,11.274527859859,434.180067866252,0,0,0,1.225
507.624820366139,14.5736189012302,1,2,26.0083289404058,93.6299841854611,-0.0752096411466784,11.2738862378725,437.010670172836,0,0,0,1.225
507.874814476504,14.5832311122364,1,2,26.0076223025813,93.6274402892926,-0.0718195771655126,11.273273630562,439.695705375376,0,0,0,1.225
508.124808586869,14.5928435784717,1,2,26.0069474061175,93.625010662023,-0.0686015275968297,11.2726885564094,442.244343260189,0,0,0,1.225
508.374802697234,14.6024562885176,1,2,26.0063026508932,93.6226895432156,-0.0655448915192297,11.2721296261643,444.66500329846,0,0,0,1.225
508.6247968076,14.612069231527,1,2,26.0056865343752,93.6204715237506,-0.0626399110206659,11.271595535403,446.965434294741,0,0,0,1.225
508.874790917965,14.6216823971896,1,2,26.0050976439604,93.6183515182573,-0.0598775843887687,11.2710850578652,449.152783540841,0,0,0,1.225
509.12478502833,14.6312957757003,1,2,26.0045346500961,93.616324740346,-0.0572495904134095,11.2705970394675,451.233657109788,0,0,0,1.225
509.374779138695,14.6409093577299,1,2,26.0039963000794,93.6143866802859,-0.0547482221129896,11.2701303929091,453.214172636898,0,0,0,1.225
509.624773249061,14.6505231343973,1,2,26.0034814124525,93.6125330848289,-0.052366328479704,11.269684092796,455.100005708541,0,0,0,1.225
509.874767359426,14.6601370972452,1,2,26.0029888719228,93.6107599389219,-0.0500972631023402,11.2692571712223,456.896430769032,0,0,0,1.225
510.124761469791,14.6697512382157,1,2,26.0025176247467,93.6090634490882,-0.0479348386881975,11.2688487137544,458.608357326011,0,0,0,1.225
510.374755580156,14.6793655496289,1,2,26.0020666745245,93.6074400282881,-0.04587328668762,11.2684578557736,460.24036208952,0,0,0,1.225
510.624749690521,14.6889800241627,1,2,26.0016350783597,93.605886282095,-0.0439072213276359,11.2680837791364,461.796717597808,0,0,0,1.225
510.874743800887,14.6985946548332,1,2,26.0012219433459,93.6043989960451,-0.0420316074880753,11.2677257091188,463.281417781681,0,0,0,1.225
511.124737911252,14.7082094349775,1,2,26.0008264233435,93.6029751240365,-0.0402417319285724,11.2673829116139,464.698200859317,0,0,0,1.225
511.374732021617,14.7178243582365,1,2,26.0004477160192,93.6016117776692,-0.0385331774426188,11.2670546905575,466.05056989949,0,0,0,1.225
511.624726131982,14.7274394185395,1,2,26.00008506012,93.600306216432,-0.0369017995935047,11.2667403855579,467.3418113283,0,0,0,1.225
511.874720242347,14.73705461009,1,2,25.9997377329589,93.5990558386521,-0.0353437057131372,11.2664393697108,468.575011633736,0,0,0,1.225
512.124714352713,14.7466699273508,1,2,25.9994050480929,93.5978581731345,-0.0338552359067956,11.26615104758,469.753072472841,0,0,0,1.225
512.374708463078,14.7562853650324,1,2,25.9990863531736,93.596710871425,-0.0324329458309888,11.2658748533296,470.878724367046,0,0,0,1.225
512.624702573443,14.7659009180798,1,2,25.9987810279557,93.5956117006405,-0.0310735910475042,11.2656102489931,471.954539142594,0,0,0,1.225
512.874696683808,14.7755165816613,1,2,25.9984884824484,93.5945585368142,-0.0297741127822043,11.2653567228667,472.982941252658,0,0,0,1.225
513.124690794174,14.7851323511578,1,2,25.9982081551974,93.5935493587107,-0.0285316249328157,11.2651137880162,473.966218105262,0,0,0,1.225
513.374684904539,14.7947482221528,1,2,25.9979395116858,93.5925822420688,-0.0273434021992894,11.2648809808879,474.906529497724,0,0,0,1.225
513.624679014904,14.8043641904219,1,2,25.997682042844,93.5916553542382,-0.0262068692155375,11.2646578600135,475.805916254166,0,0,0,1.225
513.874673125269,14.8139802519247,1,2,25.9974352636593,93.5907669491734,-0.0251195905877305,11.2644440048026,476.666308141609,0,0,0,1.225
514.124667235635,14.8235964027955,1,2,25.9971987118773,93.5899153627583,-0.0240792617400175,11.2642390144139,477.48953114364,0,0,0,1.225
514.374661346,14.8332126393354,1,2,25.9969719467874,93.5890990084345,-0.0230837004960449,11.2640425067008,478.27731414867,0,0,0,1.225
514.624655456365,14.8428289580043,1,2,25.9967545480853,93.588316373107,-0.0221308393210111,11.2638541172232,479.031295112734,0,0,0,1.225
514.87464956673,14.852445355414,1,2,25.9965461148079,93.5875660133084,-0.0212187181642296,11.2636734983222,479.753026744627,0,0,0,1.225
515.124643677096,14.862061828321,1,2,25.9963462643336,93.5868465516008,-0.0203454778446724,11.2635003182522,480.443981759182,0,0,0,1.225
515.374637787461,14.8716783736197,1,2,25.9961546314434,93.5861566731962,-0.0195093539337928,11.2633342603653,481.105557735074,0,0,0,1.225
515.624631897826,14.8812949883368,1,2,25.9959708674393,93.5854951227814,-0.0187086710824176,11.2631750223459,481.739081619518,0,0,0,1.225
515.874626008192,14.8909116696244,1,2,25.9957946393142,93.5848607015312,-0.0179418377644265,11.26302231549,482.345813901566,0,0,0,1.225
516.124620118557,14.9005284147553,1,2,25.9956256289712,93.5842522642964,-0.0172073413903767,11.2628758640271,482.926952491293,0,0,0,1.225
516.374614228922,14.910145221117,1,2,25.9954635324874,93.5836687169546,-0.0165037437656067,11.2627354044814,483.483636325143,0,0,0,1.225
516.624608339287,14.9197620862068,1,2,25.9953080594202,93.5831090139128,-0.0158296768600766,11.2626006850693,484.016948723495,0,0,0,1.225
516.874602449653,14.9293790076271,1,2,25.9951589321528,93.5825721557501,-0.0151838388706183,11.2624714651314,484.5279205158,0,0,0,1.225
517.124596560018,14.9389959830805,1,2,25.9950158852758,93.5820571869928,-0.0145649905408057,11.2623475145957,485.017532961025,0,0,0,1.225
517.374590670383,14.9486130103657,1,2,25.9948786650033,93.5815631940119,-0.013971951729805,11.2622286134707,485.486720470216,0,0,0,1.225
517.624584780748,14.9582300873729,1,2,25.9947470286209,93.5810893030352,-0.0134035982006462,11.2621145513666,485.936373154749,0,0,0,1.225
517.874578891114,14.9678472120803,1,2,25.9946207439629,93.5806346782664,-0.012858858617228,11.2620051270411,486.36733920873,0,0,0,1.225
518.124573001479,14.9774643825498,1,2,25.9944995889183,93.5801985201057,-0.0123367117323211,11.2619001479712,486.780427139672,0,0,0,1.225
518.374567111844,14.987081596924,1,2,25.994383350962,93.5797800634632,-0.0118361837483804,11.2617994299462,487.176407861922,0,0,0,1.225
518.624561222209,14.9966988534219,1,2,25.9942718267115,93.5793785761614,-0.0113563458447973,11.2617027966828,487.556016657873,0,0,0,1.225
518.874555332575,15.0063161503364,1,2,25.9941648215057,93.5789933574204,-0.0108963118552233,11.26161007946,487.919955020009,0,0,0,1.225
519.12454944294,15.0159334860308,1,2,25.9940621490057,93.5786237364206,-0.0104552360822303,11.2615211167729,488.268892383899,0,0,0,1.225
519.374543553305,15.0255508589356,1,2,25.9939636308163,93.5782690709389,-0.0100323112465784,11.2614357540034,488.603467754287,0,0,0,1.225
519.62453766367,15.0351682675461,1,2,25.9938690961261,93.5779287460539,-0.00962676655222114,11.261353843109,488.924291239329,0,0,0,1.225
519.874531774036,15.0447857104192,1,2,25.9937783813654,93.5776021729154,-0.00923786586795495,11.2612752423257,489.231945492197,0,0,0,1.225
520.124525884401,15.0544031861712,1,2,25.9936913298821,93.5772887875756,-0.00886490601093486,11.2611998158865,489.526987071845,0,0,0,1.225
520.374519994766,15.0640206934749,1,2,25.9936077916325,93.576988049877,-0.00850721512910014,11.2611274337536,489.809947725256,0,0,0,1.225
520.624514105132,15.0736382310575,1,2,25.9935276228878,93.5766994423961,-0.00816415117250508,11.2610579713639,490.081335599142,0,0,0,1.225
520.874508215497,15.0832557976983,1,2,25.9934506859546,93.5764224694366,-0.00783510045423702,11.2609913093859,490.341636380529,0,0,0,1.225
521.124502325862,15.0928733922264,1,2,25.9933768489091,93.5761566560727,-0.00751947628477794,11.26092733349,490.591314379089,0,0,0,1.225
521.374496436227,15.1024910135185,1,2,25.9933059853436,93.5759015472371,-0.00721671768458439,11.2608659341283,490.830813547393,0,0,0,1.225
521.624490546593,15.1121086604972,1,2,25.9932379741258,93.5756567068529,-0.00692628816601795,11.2608070063256,491.060558446144,0,0,0,1.225
521.874484656958,15.121726332129,1,2,25.9931726991684,93.5754217170063,-0.00664767457803244,11.2607504494799,491.280955159638,0,0,0,1.225
522.124478767323,15.1313440274225,1,2,25.9931100492107,93.5751961771585,-0.00638038601498189,11.260696167173,491.492392160342,0,0,0,1.225
522.374472877688,15.1409617454262,1,2,25.9930499176092,93.5749797033932,-0.0061239527797722,11.2606440669887,491.695241130386,0,0,0,1.225
522.624466988054,15.1505794852278,1,2,25.9929922021391,93.5747719277009,-0.00587792540385746,11.2605940603411,491.889857737956,0,0,0,1.225
522.874461098419,15.1601972459515,1,2,25.992936804804,93.5745724972943,-0.00564187371521335,11.2605460623089,492.076582375651,0,0,0,1.225
523.124455208784,15.1698150267573,1,2,25.9928836316546,93.5743810739566,-0.0054153859554243,11.260499991479,492.255740859883,0,0,0,1.225
523.374449319149,15.1794328268392,1,2,25.9928325926162,93.5741973334185,-0.00519806794201921,11.2604557697962,492.427645094398,0,0,0,1.225
523.624443429515,15.1890506454236,1,2,25.9927836013233,93.5740209647639,-0.00498954227014359,11.2604133224204,492.592593702623,0,0,0,1.225
523.87443753988,15.1986684817684,1,2,25.9927365749618,93.5738516698627,-0.00478944755811599,11.2603725775893,492.750872625197,0,0,0,1.225
524.124431650245,15.2082863351616,1,2,25.992691434119,93.5736891628284,-0.00459743772618167,11.2603334664887,492.902755691208,0,0,0,1.225
524.374425760611,15.2179042049196,1,2,25.9926481026392,93.5735331695011,-0.00441318131528505,11.2602959231272,493.048505157682,0,0,0,1.225
524.624419870976,15.2275220903867,1,2,25.9926065074867,93.573383426952,-0.00423636083449187,11.2602598842173,493.188372226389,0,0,0,1.225
524.874413981341,15.2371399909336,1,2,25.9925665786143,93.5732396830114,-0.0040666721427456,11.2602252890616,493.32259753342,0,0,0,1.225
525.124408091706,15.2467579059563,1,2,25.9925282488379,93.5731016958166,-0.00390382386041053,11.260192079444,493.451411615151,0,0,0,1.225
525.374402202072,15.2563758348752,1,2,25.9924914537167,93.57296923338,-0.00374753680764553,11.2601601995256,493.575035352962,0,0,0,1.225
525.624396312437,15.2659937771339,1,2,25.9924561314379,93.5728420731765,-0.00359754347074546,11.2601295957454,493.693680395776,0,0,0,1.225
525.874390422802,15.2756117321987,1,2,25.9924222227078,93.572720001748,-0.00345358749213003,11.2601002167252,493.807549563878,0,0,0,1.225
526.124384533167,15.2852296995572,1,2,25.9923896706461,93.5726028143259,-0.0033154231876181,11.2600720131785,493.916837231077,0,0,0,1.225
526.374378643533,15.2948476787175,1,2,25.9923584206862,93.5724903144702,-0.00318281508098278,11.2600449378236,494.021729693234,0,0,0,1.225
526.624372753898,15.3044656692077,1,2,25.9923284204786,93.572382313723,-0.00305553746442782,11.2600189453003,494.122405516203,0,0,0,1.225
526.874366864263,15.3140836705747,1,2,25.9922996197995,93.5722786312784,-0.00293337397930059,11.2599939920905,494.219035867752,0,0,0,1.225
527.124360974628,15.3237016823838,1,2,25.9922719704626,93.5721790936654,-0.00281611721249437,11.2599700364416,494.311784837079,0,0,0,1.225
527.374355084994,15.3333197042174,1,2,25.9922454262348,93.5720835344453,-0.00270356831399679,11.2599470382937,494.400809737556,0,0,0,1.225
527.624349195359,15.3429377356751,1,2,25.9922199427559,93.5719917939212,-0.00259553663308338,11.2599249592099,494.486261394692,0,0,0,1.225
527.874343305724,15.3525557763722,1,2,25.9921954774613,93.5719037188607,-0.0024918393674717,11.2599037623093,494.568284423864,0,0,0,1.225
528.124337416089,15.3621738259397,1,2,25.9921719895082,93.5718191622296,-0.00239230123089324,11.2598834122029,494.647017493434,0,0,0,1.225
528.374331526455,15.3717918840233,1,2,25.9921494397049,93.5717379829376,-0.002296754134308,11.2598638749325,494.722593577078,0,0,0,1.225
528.62432563682,15.3814099502828,1,2,25.9921277904428,93.5716600455942,-0.00220503688212609,11.2598451179118,494.795140194212,0,0,0,1.225
528.874319747185,15.3910280243917,1,2,25.992107005632,93.5715852202753,-0.00211699488207208,11.2598271098704,494.864779639628,0,0,0,1.225
529.124313857551,15.4006461060368,1,2,25.9920870506386,93.5715133822991,-0.00203247986619097,11.2598098207996,494.93162920431,0,0,0,1.225
529.374307967916,15.4102641949171,1,2,25.9920678922256,93.5714444120123,-0.00195134962686107,11.2597932219011,494.99580138435,0,0,0,1.225
529.624302078281,15.4198822907438,1,2,25.9920494984956,93.5713781945842,-0.00187346776144741,11.2597772855374,495.057404083043,0,0,0,1.225
529.874296188646,15.4295003932397,1,2,25.9920318388362,93.5713146198104,-0.00179870343127992,11.2597619851846,495.116540801617,0,0,0,1.225
530.124290299012,15.4391185021387,1,2,25.9920148838677,93.5712535819238,-0.00172693112858994,11.2597472953867,495.173310823681,0,0,0,1.225
530.374284409377,15.4487366171853,1,2,25.9919986053928,93.5711949794141,-0.00165803045345139,11.2597331917124,495.227809391754,0,0,0,1.225
530.624278519742,15.4583547381343,1,2,25.9919829763485,93.5711387148548,-0.00159188590459208,11.2597196507132,495.280127872779,0,0,0,1.225
530.874272630107,15.4679728647501,1,2,25.9919679707602,93.5710846947368,-0.00152838667270611,11.2597066498838,495.330353921709,0,0,0,1.225
531.124266740473,15.4775909968067,1,2,25.9919535636972,93.5710328293098,-0.00146742644786389,11.2596941676232,495.37857163389,0,0,0,1.225
531.374260850838,15.4872091340872,1,2,25.9919397312303,93.5709830324292,-0.00140890323283394,11.2596821831985,495.424861692787,0,0,0,1.225
531.624254961203,15.4968272763832,1,2,25.9919264503918,93.5709352214104,-0.00135271916527247,11.2596706767096,495.469301510675,0,0,0,1.225
531.874249071568,15.5064454234946,1,2,25.9919136991356,93.5708893168882,-0.00129878034696174,11.2596596290552,495.511965363766,0,0,0,1.225
532.124243181934,15.5160635752296,1,2,25.9919014563008,93.5708452426828,-0.0012469966805519,11.2596490219008,495.552924521386,0,0,0,1.225
532.374237292299,15.5256817314038,1,2,25.9918897015751,93.5708029256705,-0.00119728171335162,11.2596388376475,495.592247369572,0,0,0,1.225
532.624231402664,15.5352998918401,1,2,25.9918784154612,93.5707622956605,-0.00114955248748529,11.259629059402,495.62999952964,0,0,0,1.225
532.87422551303,15.5449180563687,1,2,25.9918675792433,93.5707232852759,-0.0011037293959621,11.2596196709487,495.666243972067,0,0,0,1.225
533.124219623395,15.5545362248264,1,2,25.9918571749558,93.5706858298409,-0.00105973604715813,11.2596106567217,495.7010411237,0,0,0,1.225
533.37421373376,15.5641543970568,1,2,25.991847185353,93.5706498672707,-0.00101749913111749,11.259602001779,495.734448973561,0,0,0,1.225
533.624207844125,15.5737725729093,1,2,25.9918375938799,93.5706153379678,-0.000976948294721202,11.2595936917772,495.766523171597,0,0,0,1.225
533.874201954491,15.5833907522396,1,2,25.9918283846449,93.5705821847215,-0.000938016020494226,11.2595857129472,495.797317124575,0,0,0,1.225
534.124196064856,15.5930089349092,1,2,25.9918195423921,93.5705503526116,-0.000900637511096869,11.2595780520713,495.826882087466,0,0,0,1.225
534.374190175221,15.602627120785,1,2,25.9918110524767,93.5705197889162,-0.000864750578818593,11.2595706964609,495.855267250869,0,0,0,1.225
534.624184285586,15.6122453097393,1,2,25.9918029008398,93.5704904430234,-0.000830295537800351,11.2595636339351,495.882519826297,0,0,0,1.225
534.874178395952,15.6218635016493,1,2,25.991795073985,93.570462266346,-0.000797215104442571,11.2595568528005,495.908685124948,0,0,0,1.225
535.124172506317,15.6314816963974,1,2,25.9917875589557,93.5704352122405,-0.000765454298722656,11.2595503418314,495.933806635786,0,0,0,1.225
535.374166616682,15.6410998938704,1,2,25.9917803433135,93.5704092359286,-0.000734960349605305,11.259544090251,495.957926100383,0,0,0,1.225
535.624160727047,15.6507180939598,1,2,25.9917734151174,93.5703842944227,-0.00070568260704683,11.2595380877134,495.981083582523,0,0,0,1.225
535.874154837413,15.6603362965614,1,2,25.9917667629037,93.5703603464533,-0.000677572455136365,11.2595323242864,496.003317536922,0,0,0,1.225
536.124148947778,15.6699545015751,1,2,25.9917603756669,93.5703373524007,-0.000650583230239413,11.2595267904348,496.024664873982,0,0,0,1.225
536.374143058143,15.6795727089049,1,2,25.9917542428412,93.5703152742284,-0.00062467014096043,11.2595214770042,496.045161023118,0,0,0,1.225
536.624137168508,15.6891909184584,1,2,25.9917483542832,93.5702940754194,-0.000599790193562498,11.2595163752064,496.064839991751,0,0,0,1.225
536.874131278874,15.6988091301471,1,2,25.9917427002544,93.5702737209159,-0.000575902118069142,11.2595114766038,496.083734423773,0,0,0,1.225
537.124125389239,15.7084273438861,1,2,25.9917372714056,93.57025417706,-0.000552966299141107,11.2595067730962,496.10187565423,0,0,0,1.225
537.374119499604,15.7180455595935,1,2,25.9917320587606,93.5702354115382,-0.00053094471036381,11.2595022569067,496.119293761296,0,0,0,1.225
537.62411360997,15.7276637771911,1,2,25.991727053702,93.5702173933272,-0.000509800848080049,11.2594979205691,496.136017618632,0,0,0,1.225
537.874107720335,15.7372819966036,1,2,25.9917222479562,93.5702000926422,-0.000489499671589317,11.259493756915,496.15207494268,0,0,0,1.225
538.1241018307,15.7469002177587,1,2,25.9917176335799,93.5701834808876,-0.000470007543119731,11.2594897590625,496.167492340159,0,0,0,1.225
538.374095941065,15.7565184405869,1,2,25.9917132029469,93.5701675306089,-0.000451292172120176,11.2594859204041,496.182295352124,0,0,0,1.225
538.624090051431,15.7661366650218,1,2,25.9917089487354,93.5701522154474,-0.000433322560234578,11.2594822345962,496.196508497505,0,0,0,1.225
538.874084161796,15.7757548909992,1,2,25.9917048639157,93.5701375100964,-0.000416068949914238,11.2594786955483,496.210155313748,0,0,0,1.225
539.124078272161,15.7853731184579,1,2,25.9917009417385,93.5701233902586,-0.000399502773712315,11.2594752974128,496.223258396936,0,0,0,1.225
539.374072382526,15.7949913473387,1,2,25.9916971757239,93.5701098326062,-0.000383596607898497,11.2594720345756,496.235839438465,0,0,0,1.225
539.624066492892,15.8046095775851,1,2,25.9916935596506,93.5700968147421,-0.000368324124254651,11.2594689016464,496.247919263201,0,0,0,1.225
539.874060603257,15.8142278091428,1,2,25.9916900875451,93.5700843151624,-0.000353660048691836,11.2594658934498,496.259517862185,0,0,0,1.225
540.124054713622,15.8238460419595,1,2,25.9916867536725,93.5700723132208,-0.000339580116456634,11.2594630050172,496.270654428093,0,0,0,1.225
540.374048823987,15.8334642759851,1,2,25.9916835525263,93.5700607890946,-0.00032606103279458,11.2594602315778,496.281347386343,0,0,0,1.225
540.624042934353,15.8430825111714,1,2,25.9916804788198,93.5700497237513,-0.000313080434295724,11.259457568551,496.291614425665,0,0,0,1.225
540.874037044718,15.8527007474723,1,2,25.9916775274771,93.5700390989174,-0.000300616850694953,11.2594550115393,496.301472528326,0,0,0,1.225
541.124031155083,15.8623189848434,1,2,25.9916746936244,93.5700288970479,-0.000288649669855624,11.2594525563199,496.310937997825,0,0,0,1.225
541.374025265448,15.8719372232421,1,2,25.9916719725826,93.5700191012974,-0.000277159102525809,11.2594501988389,496.320026486776,0,0,0,1.225
541.624019375814,15.8815554626274,1,2,25.9916693598588,93.5700096954917,-0.000266126150277856,11.2594479352037,496.328753022261,0,0,0,1.225
541.874013486179,15.8911737029602,1,2,25.9916668511393,93.5700006641015,-0.000255532572538424,11.2594457616769,496.337132031921,0,0,0,1.225
542.124007596544,15.9007919442026,1,2,25.9916644422824,93.5699919922166,-0.000245360857938732,11.2594436746701,496.345177366601,0,0,0,1.225
542.37400170691,15.9104101863185,1,2,25.9916621293113,93.5699836655208,-0.000235594192936246,11.2594416707379,496.352902325194,0,0,0,1.225
542.623995817275,15.9200284292731,1,2,25.9916599084079,93.5699756702685,-0.00022621643680299,11.2594397465723,496.360319674397,0,0,0,1.225
542.87398992764,15.9296466730331,1,2,25.9916577759061,93.5699679932619,-0.000217212091156751,11.259437898997,496.367441672841,0,0,0,1.225
543.123984038005,15.9392649175663,1,2,25.9916557282858,93.569960621829,-0.000208566277223182,11.2594361249622,496.374280089056,0,0,0,1.225
543.373978148371,15.948883162842,1,2,25.9916537621675,93.569953543803,-0.000200264709914588,11.2594344215399,496.380846221979,0,0,0,1.225
543.623972258736,15.9585014088307,1,2,25.9916518743059,93.5699467475014,-0.000192293673272989,11.2594327859185,496.387150920388,0,0,0,1.225
543.873966369101,15.9681196555039,1,2,25.9916500615854,93.5699402217075,-0.000184639999551255,11.2594312153986,496.393204599435,0,0,0,1.225
544.123960479466,15.9777379028344,1,2,25.9916483210143,93.5699339556514,-0.000177291045110923,11.2594297073881,496.399017259725,0,0,0,1.225
544.373954589832,15.9873561507961,1,2,25.99164664972,93.569927938992,-0.000170234671777119,11.2594282593984,496.404598502046,0,0,0,1.225
544.623948700197,15.9969743993638,1,2,25.9916450449446,93.5699221618005,-0.000163459224100655,11.2594268690399,496.409957545378,0,0,0,1.225
544.873942810562,16.0065926485134,1,2,25.9916435040398,93.5699166145434,-0.000156953512759359,11.2594255340183,496.415103239998,0,0,0,1.225
545.123936920927,16.0162108982218,1,2,25.991642024463,93.5699112880668,-0.000150706793411823,11.2594242521305,496.420044084226,0,0,0,1.225
545.373931031293,16.0258291484667,1,2,25.9916406037727,93.5699061735817,-0.000144708750780874,11.2594230212614,496.424788237004,0,0,0,1.225
545.623925141658,16.0354473992267,1,2,25.9916392396247,93.5699012626489,-0.000138949480918009,11.25942183938,496.429343531922,0,0,0,1.225
545.873919252023,16.0450656504815,1,2,25.9916379297682,93.5698965471654,-0.000133419473922586,11.2594207045361,496.433717490902,0,0,0,1.225
546.123913362389,16.0546839022111,1,2,25.9916366720419,93.5698920193509,-0.000128109600299086,11.2594196148572,496.437917334965,0,0,0,1.225
546.373907472754,16.0643021543969,1,2,25.9916354643709,93.5698876717351,-0.000123011092994165,11.2594185685457,496.441949998469,0,0,0,1.225
546.623901583119,16.0739204070205,1,2,25.9916343047624,93.5698834971448,-0.000118115535345568,11.2594175638751,496.445822138614,0,0,0,1.225
546.873895693484,16.0835386600647,1,2,25.9916331913035,93.5698794886927,-0.000113414845620356,11.2594165991879,496.449540147688,0,0,0,1.225
547.12388980385,16.0931569135126,1,2,25.9916321221572,93.5698756397659,-0.000108901264054298,11.2594156728926,496.453110163319,0,0,0,1.225
547.373883914215,16.1027751673482,1,2,25.9916310955596,93.5698719440145,-0.000104567340573405,11.259414783461,496.456538078171,0,0,0,1.225
547.62387802458,16.1123934215561,1,2,25.9916301098171,93.5698683953416,-0.000100405921378568,11.2594139294259,496.459829550578,0,0,0,1.225
547.873872134945,16.1220116761214,1,2,25.9916291633036,93.5698649878931,-9.64101389408781e-05,11.2594131093783,496.462990012429,0,0,0,1.225
548.123866245311,16.1316299310299,1,2,25.9916282544577,93.5698617160478,-9.2573396994612e-05,11.2594123219654,496.466024681079,0,0,0,1.225
548.373860355676,16.141248186268,1,2,25.9916273817801,93.5698585744085,-8.88893648527565e-05,11.2594115658884,496.468938563796,0,0,0,1.225
548.623854466041,16.1508664418225,1,2,25.9916265438313,93.5698555577928,-8.53519617178546e-05,11.2594108399,496.471736470214,0,0,0,1.225
548.873848576406,16.1604846976809,1,2,25.9916257392291,93.5698526612246,-8.19553505427717e-05,11.2594101428026,496.47442301716,0,0,0,1.225
549.123842686772,16.170102953831,1,2,25.9916249666461,93.569849879926,-7.86939259796069e-05,11.2594094734464,496.477002638201,0,0,0,1.225
549.373836797137,16.1797212102613,1,2,25.9916242248081,93.5698472093092,-7.5562306421427e-05,11.2594088307272,496.479479589933,0,0,0,1.225
549.623830907502,16.1893394669606,1,2,25.9916235124914,93.5698446449691,-7.25553242249682e-05,11.259408213585,496.481857959716,0,0,0,1.225
549.873825017867,16.1989577239182,1,2,25.9916228285211,93.569842182676,-6.96680172976115e-05,11.2594076210017,496.484141672335,0,0,0,1.225
550.123819128233,16.2085759811238,1,2,25.991622171769,93.5698398183684,-6.68956222760122e-05,11.2594070519999,496.486334495375,0,0,0,1.225
550.373813238598,16.2181942385675,1,2,25.9916215411519,93.5698375481467,-6.42335642940432e-05,11.2594065056412,496.48844004734,0,0,0,1.225
550.623807348963,16.2278124962399,1,2,25.9916209356296,93.5698353682664,-6.16774515256984e-05,11.2594059810243,496.490461801951,0,0,0,1.225
550.873801459329,16.2374307541319,1,2,25.9916203542034,93.5698332751322,-5.92230667720683e-05,11.259405477284,496.492403094807,0,0,0,1.225
551.123795569694,16.2470490122348,1,2,25.9916197959143,93.5698312652917,-5.6866360185211e-05,11.2594049935894,496.494267129146,0,0,0,1.225
551.373789680059,16.25666727054,1,2,25.9916192598417,93.56982933543,-5.46034444931927e-05,11.2594045291429,496.496056979606,0,0,0,1.225
551.623783790424,16.2662855290397,1,2,25.9916187451012,93.5698274823642,-5.24305859049263e-05,11.2594040831782,496.497775599437,0,0,0,1.225
551.87377790079,16.275903787726,1,2,25.9916182508439,93.5698257030382,-5.03441997899698e-05,11.2594036549601,496.499425823907,0,0,0,1.225
552.123772011155,16.2855220465915,1,2,25.9916177762548,93.5698239945172,-4.83408440845343e-05,11.2594032437821,496.501010375522,0,0,0,1.225
552.37376612152,16.2951403056291,1,2,25.991617320551,93.5698223539836,-4.64172145165245e-05,11.2594028489661,496.502531867793,0,0,0,1.225
552.623760231885,16.304758564832,1,2,25.991616882981,93.5698207787317,-4.45701377841675e-05,11.2594024698611,496.503992810647,0,0,0,1.225
552.873754342251,16.3143768241936,1,2,25.9916164628232,93.5698192661636,-4.27965665536742e-05,11.2594021058417,496.505395614377,0,0,0,1.225
553.123748452616,16.3239950837075,1,2,25.9916160593847,93.5698178137847,-4.10935755937961e-05,11.2594017563077,496.506742592695,0,0,0,1.225
553.373742562981,16.3336133433676,1,2,25.991615672,93.5698164191998,-3.94583556365906e-05,11.2594014206826,496.508035967592,0,0,0,1.225
553.623736673346,16.3432316031683,1,2,25.9916153000303,93.569815080109,-3.78882092845993e-05,11.2594010984128,496.509277872577,0,0,0,1.225
553.873730783712,16.3528498631038,1,2,25.9916149428622,93.5698137943038,-3.63805466906458e-05,11.2594007889669,496.51047035609,0,0,0,1.225
554.123724894077,16.3624681231689,1,2,25.9916145999066,93.5698125596639,-3.49328810102555e-05,11.2594004918347,496.5116153851,0,0,0,1.225
554.373719004442,16.3720863833583,1,2,25.9916142705981,93.569811374153,-3.35428240814535e-05,11.2594002065259,496.512714848529,0,0,0,1.225
554.623713114808,16.3817046436672,1,2,25.9916139543934,93.5698102358162,-3.22080839235956e-05,11.2593999325703,496.513770559211,0,0,0,1.225
554.873707225173,16.3913229040907,1,2,25.9916136507711,93.5698091427761,-3.09264585981344e-05,11.2593996695159,496.514784258772,0,0,0,1.225
555.123701335538,16.4009411646242,1,2,25.9916133592306,93.5698080932303,-2.96958339348288e-05,11.2593994169289,496.515757619419,0,0,0,1.225
555.373695445903,16.4105594252635,1,2,25.9916130792911,93.5698070854479,-2.85141808031959e-05,11.2593991743929,496.516692246086,0,0,0,1.225
555.623689556269,16.4201776860044,1,2,25.9916128104909,93.5698061177671,-2.7379549882793e-05,11.2593989415079,496.517589680591,0,0,0,1.225
555.873683666634,16.4297959468427,1,2,25.9916125523867,93.569805188592,-2.62900696168063e-05,11.2593987178897,496.518451403244,0,0,0,1.225
556.123677776999,16.4394142077745,1,2,25.9916123045529,93.5698042963903,-2.52439439382607e-05,11.2593985031697,496.519278834635,0,0,0,1.225
556.373671887364,16.4490324687963,1,2,25.9916120665808,93.5698034396908,-2.42394465855442e-05,11.2593982969938,496.520073340158,0,0,0,1.225
556.62366599773,16.4586507299043,1,2,25.991611838078,93.5698026170807,-2.32749217845444e-05,11.2593980990219,496.520836229439,0,0,0,1.225
556.873660108095,16.4682689910952,1,2,25.9916116186677,93.5698018272036,-2.23487776546574e-05,11.2593979089277,496.521568761586,0,0,0,1.225
557.12365421846,16.4778872523657,1,2,25.991611407988,93.5698010687567,-2.14594880278191e-05,11.2593977263975,496.522272143708,0,0,0,1.225
557.373648328825,16.4875055137125,1,2,25.9916112056915,93.5698003404896,-2.0605585399756e-05,11.2593975511305,496.522947536536,0,0,0,1.225
557.623642439191,16.4971237751328,1,2,25.9916110114448,93.5697996412011,-1.9785661839501e-05,11.2593973828376,496.523596053667,0,0,0,1.225
557.873636549556,16.5067420366234,1,2,25.9916108249273,93.5697989697383,-1.89983655787079e-05,11.2593972212413,496.524218764278,0,0,0,1.225
558.123630659921,16.5163602981817,1,2,25.9916106458316,93.5697983249938,-1.82423971462079e-05,11.2593970660751,496.524816696195,0,0,0,1.225
558.373624770286,16.5259785598049,1,2,25.9916104738623,93.5697977059044,-1.75165107322838e-05,11.2593969170832,496.525390834782,0,0,0,1.225
558.623618880652,16.5355968214905,1,2,25.9916103087359,93.5697971114493,-1.68195091863312e-05,11.2593967740198,496.525942126924,0,0,0,1.225
558.873612991017,16.545215083236,1,2,25.9916101501801,93.5697965406483,-1.61502426525845e-05,11.2593966366491,496.526471482102,0,0,0,1.225
559.123607101382,16.5548333450389,1,2,25.9916099979333,93.56979599256,-1.55076074332216e-05,11.2593965047445,496.526979773284,0,0,0,1.225
559.373601211748,16.5644516068971,1,2,25.9916098517446,93.5697954662807,-1.48905441693317e-05,11.2593963780885,496.527467838366,0,0,0,1.225
559.623595322113,16.5740698688083,1,2,25.9916097113729,93.5697949609426,-1.42980351123668e-05,11.2593962564723,496.527936482337,0,0,0,1.225
559.873589432478,16.5836881307703,1,2,25.9916095765868,93.5697944757123,-1.37291029872466e-05,11.2593961396953,496.528386478172,0,0,0,1.225
560.123583542843,16.5933063927813,1,2,25.9916094471638,93.5697940097898,-1.31828098554636e-05,11.2593960275649,496.52881856773,0,0,0,1.225
560.373577653209,16.6029246548392,1,2,25.9916093228908,93.5697935624068,-1.26582543865342e-05,11.2593959198964,496.529233463921,0,0,0,1.225
560.623571763574,16.6125429169421,1,2,25.9916092035626,93.5697931328255,-1.21545718579991e-05,11.259395816512,496.529631850695,0,0,0,1.225
560.873565873939,16.6221611790883,1,2,25.9916090889827,93.5697927203376,-1.16709318816329e-05,11.2593957172414,496.530014384842,0,0,0,1.225
561.123559984304,16.6317794412761,1,2,25.9916089789619,93.5697923242629,-1.12065365844117e-05,11.2593956219209,496.530381697445,0,0,0,1.225
561.37355409467,16.6413977035038,1,2,25.991608873319,93.5697919439484,-1.07606203811343e-05,11.2593955303932,496.530734394037,0,0,0,1.225
561.623548205035,16.6510159657697,1,2,25.9916087718797,93.5697915787668,-1.03324474732524e-05,11.2593954425075,496.531073056604,0,0,0,1.225
561.8735423154,16.6606342280725,1,2,25.9916086744767,93.569791228116,-9.92131230362949e-06,11.2593953581189,496.531398243199,0,0,0,1.225
562.123536425765,16.6702524904105,1,2,25.9916085809494,93.5697908914179,-9.52653682799149e-06,11.2593952770881,496.531710490121,0,0,0,1.225
562.373530536131,16.6798707527825,1,2,25.9916084911437,93.5697905681172,-9.14746983279034e-06,11.2593951992815,496.532010312449,0,0,0,1.225
562.623524646496,16.6894890151871,1,2,25.9916084049114,93.5697902576809,-8.78348670782468e-06,11.259395124571,496.532298204214,0,0,0,1.225
562.873518756861,16.6991072776229,1,2,25.9916083221103,93.5697899595969,-8.43398626293349e-06,11.2593950528332,496.532574640933,0,0,0,1.225
563.123512867227,16.7087255400887,1,2,25.9916082426039,93.569789673374,-8.09839345654443e-06,11.2593949839499,496.532840077425,0,0,0,1.225
563.373506977592,16.7183438025834,1,2,25.9916081662611,93.5697893985399,-7.77615393857709e-06,11.2593949178075,496.53309495216,0,0,0,1.225
563.623501087957,16.7279620651058,1,2,25.991608092956,93.5697891346417,-7.46673655161234e-06,11.259394854297,496.533339685255,0,0,0,1.225
563.873495198322,16.7375803276547,1,2,25.9916080225678,93.5697888812442,-7.16963128448105e-06,11.2593947933135,496.533574680099,0,0,0,1.225
564.123489308688,16.7471985902292,1,2,25.9916079549804,93.5697886379294,-6.88434836274794e-06,11.2593947347567,496.533800324079,0,0,0,1.225
564.373483419053,16.7568168528281,1,2,25.9916078900823,93.5697884042962,-6.61041711181644e-06,11.2593946785298,496.534016989475,0,0,0,1.225
564.623477529418,16.7664351154507,1,2,25.9916078277665,93.5697881799595,-6.34738527479158e-06,11.2593946245402,496.534225034004,0,0,0,1.225
564.873471639783,16.7760533780958,1,2,25.9916077679303,93.5697879645491,-6.09482014937515e-06,11.2593945726989,496.534424799903,0,0,0,1.225
565.123465750149,16.7856716407626,1,2,25.991607710475,93.5697877577101,-5.85230472242218e-06,11.2593945229204,496.534616617012,0,0,0,1.225
565.373459860514,16.7952899034502,1,2,25.9916076553059,93.5697875591012,-5.6194390342151e-06,11.2593944751226,496.53480080168,0,0,0,1.225
565.623453970879,16.8049081661578,1,2,25.991607602332,93.5697873683951,-5.39583972370567e-06,11.2593944292267,496.534977657118,0,0,0,1.225
565.873448081244,16.8145264288847,1,2,25.9916075514659,93.5697871852773,-5.1811370725876e-06,11.259394385157,496.535147475765,0,0,0,1.225
566.12344219161,16.82414469163,1,2,25.9916075026238,93.5697870094457,-4.97497773384493e-06,11.2593943428408,496.535310537094,0,0,0,1.225
566.373436301975,16.833762954393,1,2,25.9916074557252,93.5697868406106,-4.77702177582455e-06,11.2593943022085,496.535467109973,0,0,0,1.225
566.62343041234,16.843381217173,1,2,25.9916074106926,93.5697866784935,-4.58694222747824e-06,11.2593942631929,496.535617453024,0,0,0,1.225
566.873424522705,16.8529994799693,1,2,25.991607367452,93.5697865228271,-4.40442644263677e-06,11.2593942257297,496.535761813527,0,0,0,1.225
567.123418633071,16.8626177427813,1,2,25.9916073259318,93.5697863733547,-4.22917268932445e-06,11.2593941897572,496.535900430143,0,0,0,1.225
567.373412743436,16.8722360056084,1,2,25.9916072860638,93.5697862298298,-4.06089287830755e-06,11.2593941552161,496.536033530728,0,0,0,1.225
567.623406853801,16.8818542684499,1,2,25.9916072477822,93.5697860920158,-3.89930869765069e-06,11.2593941220494,496.53616133542,0,0,0,1.225
567.873400964167,16.8914725313053,1,2,25.9916072110238,93.5697859596855,-3.74415434126528e-06,11.2593940902024,496.536284054452,0,0,0,1.225
568.123395074532,16.9010907941741,1,2,25.991607175728,93.5697858326207,-3.59517332560304e-06,11.2593940596226,496.536401890695,0,0,0,1.225
568.373389184897,16.9107090570556,1,2,25.9916071418366,93.5697857106118,-3.45212053606731e-06,11.2593940302595,496.536515038017,0,0,0,1.225
568.623383295262,16.9203273199495,1,2,25.9916071092938,93.5697855934577,-3.31475972584366e-06,11.2593940020649,496.53662368328,0,0,0,1.225
568.873377405628,16.9299455828551,1,2,25.9916070780459,93.5697854809651,-3.18286442541607e-06,11.2593939749921,496.53672800561,0,0,0,1.225
569.123371515993,16.939563845772,1,2,25.9916070480413,93.5697853729487,-3.05621748780882e-06,11.2593939489965,496.536828176756,0,0,0,1.225
569.373365626358,16.9491821086999,1,2,25.9916070192306,93.5697852692302,-2.93460995169135e-06,11.2593939240353,496.536924361996,0,0,0,1.225
569.623359736723,16.9588003716382,1,2,25.9916069915663,93.5697851696388,-2.81784104137828e-06,11.2593939000673,496.537016720136,0,0,0,1.225
569.873353847089,16.9684186345865,1,2,25.9916069650028,93.5697850740101,-2.70571862158741e-06,11.259393877053,496.537105403142,0,0,0,1.225
570.123347957454,16.9780368975444,1,2,25.9916069394962,93.5697849821865,-2.59805737840754e-06,11.2593938549545,496.53719055759,0,0,0,1.225
570.373342067819,16.9876551605116,1,2,25.9916069150046,93.5697848940166,-2.49468041095165e-06,11.2593938337353,496.537272323396,0,0,0,1.225
570.623336178184,16.9972734234877,1,2,25.9916068914875,93.5697848093549,-2.39541650280852e-06,11.2593938133603,496.537350835988,0,0,0,1.225
570.87333028855,17.0068916864723,1,2,25.9916068689061,93.569784728062,-2.30010239583307e-06,11.2593937937961,496.537426224493,0,0,0,1.225
571.123324398915,17.0165099494651,1,2,25.9916068472233,93.5697846500038,-2.20858097111405e-06,11.2593937750104,496.537498613181,0,0,0,1.225
571.37331850928,17.0261282124658,1,2,25.9916068264032,93.5697845750514,-2.12070124897413e-06,11.2593937569721,496.537568121472,0,0,0,1.225
571.623312619646,17.035746475474,1,2,25.9916068064115,93.5697845030815,-2.03631816159078e-06,11.2593937396516,496.537634864108,0,0,0,1.225
571.873306730011,17.0453647384895,1,2,25.9916067872153,93.5697844339752,-1.95529255299632e-06,11.2593937230203,496.537698951153,0,0,0,1.225
572.123300840376,17.0549830015119,1,2,25.991606768783,93.5697843676187,-1.87749117907791e-06,11.2593937070508,496.537760487995,0,0,0,1.225
572.373294950741,17.064601264541,1,2,25.991606751084,93.5697843039026,-1.80278534330333e-06,11.2593936917166,496.537819576429,0,0,0,1.225
572.623289061107,17.0742195275765,1,2,25.9916067340894,93.5697842427217,-1.73105248837427e-06,11.2593936769927,496.537876313385,0,0,0,1.225
572.873283171472,17.0838377906182,1,2,25.9916067177709,93.5697841839752,-1.66217346767785e-06,11.2593936628545,496.537930793111,0,0,0,1.225
573.123277281837,17.0934560536658,1,2,25.9916067021017,93.5697841275662,-1.5960352738351e-06,11.259393649279,496.537983104985,0,0,0,1.225
573.373271392202,17.1030743167191,1,2,25.9916066870561,93.5697840734018,-1.53252921966865e-06,11.2593936362436,496.538033334968,0,0,0,1.225
573.623265502568,17.1126925797778,1,2,25.991606672609,93.5697840213926,-1.47154934654951e-06,11.2593936237269,496.53808156688,0,0,0,1.225
573.873259612933,17.1223108428418,1,2,25.9916066587369,93.5697839714528,-1.41299651721966e-06,11.2593936117083,496.538127879121,0,0,0,1.225
574.123253723298,17.1319291059108,1,2,25.9916066454167,93.5697839235001,-1.35677295869526e-06,11.2593936001678,496.538172349034,0,0,0,1.225
574.373247833663,17.1415473689847,1,2,25.9916066326265,93.5697838774555,-1.30278680984733e-06,11.2593935890866,496.538215049271,0,0,0,1.225
574.623241944029,17.1511656320631,1,2,25.9916066203453,93.569783833243,-1.25094871071622e-06,11.2593935784463,496.538256050512,0,0,0,1.225
574.873236054394,17.1607838951461,1,2,25.9916066085527,93.5697837907897,-1.20117339416488e-06,11.2593935682293,496.538295420198,0,0,0,1.225
575.123230164759,17.1704021582333,1,2,25.9916065972293,93.5697837500256,-1.15337877636269e-06,11.2593935584189,496.538333223254,0,0,0,1.225
575.373224275124,17.1800204213246,1,2,25.9916065863566,93.5697837108836,-1.10748550202744e-06,11.2593935489989,496.538369522449,0,0,0,1.225
575.62321838549,17.1896386844198,1,2,25.9916065759164,93.569783673299,-1.06341876345753e-06,11.2593935399537,496.538404376946,0,0,0,1.225
575.873212495855,17.1992569475189,1,2,25.9916065658916,93.5697836372099,-1.02110511722559e-06,11.2593935312684,496.538437844841,0,0,0,1.225
576.12320660622,17.2088752106216,1,2,25.9916065562658,93.5697836025568,-9.80475212726794e-07,11.2593935229286,496.538469980983,0,0,0,1.225
576.373200716586,17.2184934737277,1,2,25.9916065470229,93.5697835692825,-9.41461745767634e-07,11.2593935149208,496.538500838609,0,0,0,1.225
576.623194826951,17.2281117368372,1,2,25.9916065381479,93.5697835373323,-9.04000822840071e-07,11.2593935072315,496.538530468251,0,0,0,1.225
576.873188937316,17.23772999995,1,2,25.9916065296259,93.5697835066533,-8.68030824226387e-07,11.2593934998482,496.538558918647,0,0,0,1.225
577.123183047681,17.2473482630658,1,2,25.9916065214431,93.5697834771951,-8.33491949241124e-07,11.2593934927587,496.5385862371,0,0,0,1.225
577.373177158047,17.2569665261846,1,2,25.9916065135858,93.569783448909,-8.00327125747211e-07,11.2593934859513,496.538612468751,0,0,0,1.225
577.623171268412,17.2665847893063,1,2,25.9916065060412,93.5697834217484,-7.68481782776929e-07,11.2593934794147,496.538637656764,0,0,0,1.225
577.873165378777,17.2762030524306,1,2,25.9916064987968,93.5697833956685,-7.37904077910944e-07,11.2593934731383,496.538661842136,0,0,0,1.225
578.123159489142,17.2858213155576,1,2,25.9916064918407,93.5697833706264,-7.08542623487988e-07,11.2593934671116,496.538685065521,0,0,0,1.225
578.373153599508,17.2954395786872,1,2,25.9916064851613,93.5697833465806,-6.80349897290341e-07,11.2593934613246,496.538707364499,0,0,0,1.225
578.623147709873,17.3050578418191,1,2,25.9916064787477,93.5697833234917,-6.53278377100279e-07,11.259393455768,496.538728776667,0,0,0,1.225
578.873141820238,17.3146761049534,1,2,25.9916064725893,93.5697833013215,-6.27284633522661e-07,11.2593934504324,496.538749336363,0,0,0,1.225
579.123135930603,17.3242943680899,1,2,25.9916064666759,93.5697832800334,-6.02324782404279e-07,11.2593934453092,496.538769078309,0,0,0,1.225
579.373130040969,17.3339126312286,1,2,25.9916064609979,93.5697832595924,-5.78358122898377e-07,11.2593934403898,496.538788034691,0,0,0,1.225
579.623124151334,17.3435308943693,1,2,25.9916064555458,93.5697832399647,-5.5534531843239e-07,11.2593934356661,496.538806236622,0,0,0,1.225
579.873118261699,17.353149157512,1,2,25.9916064503106,93.5697832211181,-5.33248169328915e-07,11.2593934311304,496.538823714317,0,0,0,1.225
580.123112372064,17.3627674206565,1,2,25.9916064452837,93.5697832030213,-5.12030067563776e-07,11.2593934267752,496.538840496733,0,0,0,1.225
580.37310648243,17.3723856838029,1,2,25.9916064404568,93.5697831856446,-4.91656451524082e-07,11.2593934225933,496.538856611203,0,0,0,1.225
580.623100592795,17.3820039469511,1,2,25.991606435822,93.5697831689593,-4.7209321435501e-07,11.2593934185778,496.538872084707,0,0,0,1.225
580.87309470316,17.391622210101,1,2,25.9916064313717,93.5697831529379,-4.5330875037109e-07,11.259393414722,496.53888694224,0,0,0,1.225
581.123088813526,17.4012404732524,1,2,25.9916064270984,93.5697831375541,-4.35271681265883e-07,11.2593934110197,496.538901208623,0,0,0,1.225
581.373082923891,17.4108587364054,1,2,25.9916064229951,93.5697831227823,-4.17952220386176e-07,11.2593934074647,496.538914907415,0,0,0,1.225
581.623077034256,17.4204769995599,1,2,25.9916064190551,93.5697831085983,-4.01321717973918e-07,11.2593934040511,496.538928061279,0,0,0,1.225
581.873071144621,17.4300952627158,1,2,25.9916064152719,93.5697830949787,-3.85353343303312e-07,11.2593934007734,496.538940691431,0,0,0,1.225
582.123065254987,17.4397135258731,1,2,25.9916064116392,93.569783081901,-3.700198108905e-07,11.259393397626,496.53895281946,0,0,0,1.225
582.373059365352,17.4493317890317,1,2,25.991606408151,93.5697830693437,-3.5529679117904e-07,11.259393394604,496.538964464602,0,0,0,1.225
582.623053475717,17.4589500521916,1,2,25.9916064048017,93.569783057286,-3.41159499854428e-07,11.2593933917021,496.538975646464,0,0,0,1.225
582.873047586082,17.4685683153527,1,2,25.9916064015856,93.5697830457082,-3.27584971634413e-07,11.2593933889158,496.538986383208,0,0,0,1.225
583.123041696448,17.478186578515,1,2,25.9916063984975,93.569783034591,-3.1455024123675e-07,11.2593933862403,496.538996693003,0,0,0,1.225
583.373035806813,17.4878048416783,1,2,25.9916063955323,93.5697830239161,-3.02034162411445e-07,11.2593933836712,496.539006592571,0,0,0,1.225
583.623029917178,17.4974231048428,1,2,25.991606392685,93.569783013666,-2.90016043666573e-07,11.2593933812044,496.539016098279,0,0,0,1.225
583.873024027543,17.5070413680083,1,2,25.9916063899511,93.5697830038238,-2.78476330405368e-07,11.2593933788357,496.539025225592,0,0,0,1.225
584.123018137909,17.5166596311747,1,2,25.9916063873259,93.5697829943732,-2.67395922789128e-07,11.2593933765613,496.539033989616,0,0,0,1.225
584.373012248274,17.5262778943422,1,2,25.9916063848052,93.5697829852986,-2.56756175737217e-07,11.2593933743774,496.539042405103,0,0,0,1.225
584.623006358639,17.5358961575105,1,2,25.9916063823847,93.5697829765851,-2.46540035822221e-07,11.2593933722804,496.539050485537,0,0,0,1.225
584.873000469005,17.5455144206797,1,2,25.9916063800606,93.5697829682183,-2.36729994858665e-07,11.2593933702668,496.539058244771,0,0,0,1.225
585.12299457937,17.5551326838498,1,2,25.991606377829,93.5697829601844,-2.27310591072362e-07,11.2593933683334,496.539065695028,0,0,0,1.225
585.372988689735,17.5647509470207,1,2,25.9916063756862,93.5697829524702,-2.18265680552028e-07,11.2593933664768,496.539072849084,0,0,0,1.225
585.6229828001,17.5743692101923,1,2,25.9916063736286,93.5697829450629,-2.09581165797669e-07,11.2593933646942,496.539079718081,0,0,0,1.225
585.872976910466,17.5839874733647,1,2,25.9916063716529,93.5697829379504,-2.0124181241413e-07,11.2593933629825,496.539086314076,0,0,0,1.225
586.122971020831,17.5936057365378,1,2,25.9916063697558,93.5697829311209,-1.93234432417547e-07,11.2593933613388,496.539092647497,0,0,0,1.225
586.372965131196,17.6032239997116,1,2,25.9916063679342,93.5697829245631,-1.85545383065989e-07,11.2593933597606,496.539098729138,0,0,0,1.225
586.622959241561,17.6128422628861,1,2,25.9916063661851,93.5697829182663,-1.78162613270752e-07,11.2593933582452,496.539104568523,0,0,0,1.225
586.872953351927,17.6224605260612,1,2,25.9916063645056,93.56978291222,-1.71073389806035e-07,11.2593933567901,496.539110175732,0,0,0,1.225
587.122947462292,17.6320787892369,1,2,25.9916063628929,93.5697829064143,-1.6426634372023e-07,11.2593933553929,496.539115559751,0,0,0,1.225
587.372941572657,17.6416970524132,1,2,25.9916063613443,93.5697829008396,-1.57730560819793e-07,11.2593933540513,496.539120729212,0,0,0,1.225
587.622935683022,17.65131531559,1,2,25.9916063598574,93.5697828954868,-1.51454217395052e-07,11.259393352763,496.539125693476,0,0,0,1.225
587.872929793388,17.6609335787674,1,2,25.9916063584297,93.5697828903469,-1.45427763526656e-07,11.259393351526,496.539130460088,0,0,0,1.225
588.122923903753,17.6705518419453,1,2,25.9916063570588,93.5697828854115,-1.39641421916222e-07,11.2593933503383,496.539135036781,0,0,0,1.225
588.372918014118,17.6801701051237,1,2,25.9916063557424,93.5697828806725,-1.34085187886334e-07,11.2593933491978,496.539139431472,0,0,0,1.225
588.622912124483,17.6897883683026,1,2,25.9916063544784,93.5697828761221,-1.28749738896676e-07,11.2593933481027,496.539143651536,0,0,0,1.225
588.872906234849,17.6994066314819,1,2,25.9916063532646,93.5697828717527,-1.23626661923055e-07,11.2593933470511,496.539147703625,0,0,0,1.225
589.122900345214,17.7090248946617,1,2,25.9916063520992,93.5697828675572,-1.18707543941283e-07,11.2593933460414,496.539151594391,0,0,0,1.225
589.372894455579,17.7186431578419,1,2,25.9916063509802,93.5697828635287,-1.13984199306202e-07,11.2593933450719,496.539155330311,0,0,0,1.225
589.622888565945,17.7282614210225,1,2,25.9916063499057,93.5697828596604,-1.09448897130718e-07,11.2593933441409,496.539158917498,0,0,0,1.225
589.87288267631,17.7378796842035,1,2,25.9916063488739,93.5697828559461,-1.05093906527737e-07,11.259393343247,496.539162362069,0,0,0,1.225
590.122876786675,17.7474979473849,1,2,25.9916063478832,93.5697828523795,-1.00912406126296e-07,11.2593933423887,496.539165669417,0,0,0,1.225
590.37287089704,17.7571162105666,1,2,25.9916063469319,93.5697828489548,-9.68968924183316e-08,11.2593933415645,496.539168845481,0,0,0,1.225
590.622865007406,17.7667344737487,1,2,25.9916063460185,93.5697828456665,-9.30412261699769e-08,11.2593933407731,496.539171895114,0,0,0,1.225
590.872859117771,17.7763527369311,1,2,25.9916063451414,93.5697828425089,-8.93392681473629e-08,11.2593933400132,496.539174823169,0,0,0,1.225
591.122853228136,17.7859710001138,1,2,25.9916063442992,93.569782839477,-8.57844243585572e-08,11.2593933392836,496.539177634865,0,0,0,1.225
591.372847338501,17.7955892632968,1,2,25.9916063434905,93.5697828365658,-8.23710103277556e-08,11.2593933385829,496.539180334699,0,0,0,1.225
591.622841448867,17.8052075264802,1,2,25.991606342714,93.5697828337704,-7.90933415791542e-08,11.2593933379102,496.539182927165,0,0,0,1.225
591.872835559232,17.8148257896638,1,2,25.9916063419684,93.5697828310862,-7.59461883950132e-08,11.2593933372642,496.5391854164,0,0,0,1.225
592.122829669597,17.8244440528476,1,2,25.9916063412524,93.5697828285088,-7.2924321057593e-08,11.2593933366439,496.53918780654,0,0,0,1.225
592.372823779962,17.8340623160318,1,2,25.991606340565,93.569782826034,-7.00229646072181e-08,11.2593933360483,496.539190101359,0,0,0,1.225
592.622817890328,17.8436805792162,1,2,25.9916063399049,93.5697828236576,-6.72366619471167e-08,11.2593933354764,496.53919230518,0,0,0,1.225
592.872812000693,17.8532988424008,1,2,25.9916063392711,93.5697828213758,-6.45610928756777e-08,11.2593933349273,496.539194421418,0,0,0,1.225
593.122806111058,17.8629171055856,1,2,25.9916063386625,93.5697828191848,-6.19923919493544e-08,11.2593933344,496.539196453125,0,0,0,1.225
593.372800221424,17.8725353687707,1,2,25.9916063380781,93.569782817081,-5.95255568294392e-08,11.2593933338937,496.539198404265,0,0,0,1.225
593.622794331789,17.882153631956,1,2,25.9916063375169,93.5697828150609,-5.71569494514177e-08,11.2593933334075,496.539200277711,0,0,0,1.225
593.872788442154,17.8917718951415,1,2,25.9916063369781,93.5697828131212,-5.48827043717429e-08,11.2593933329407,496.53920207652,0,0,0,1.225
594.122782552519,17.9013901583272,1,2,25.9916063364607,93.5697828112586,-5.26989561468683e-08,11.2593933324924,496.539203803751,0,0,0,1.225
594.372779607702,17.9110060444477,1,3,26.018538672095,93.6667392195421,5.6030187797362,0,4979.98382444297,0,0,0,1.225
594.622779607702,17.9206046571577,1,3,26.0723246806823,93.8603688504563,5.60401971470515,0,4982.84386574148,0,0,0,1.225
594.872779607702,17.9301835073347,1,3,26.1260095371202,94.0536343336328,5.60502060041881,0,4985.70423547032,0,0,0,1.225
595.122779607702,17.939742713048,1,3,26.1795938632177,94.2465379075839,5.60602143690608,0,4988.56493363449,0,0,0,1.225
595.372779607702,17.9492823911903,1,3,26.2330782745431,94.439081788355,5.60702222419604,0,4991.42596023919,0,0,0,1.225
595.622779607702,17.9588026574934,1,3,26.2864633805107,94.6312681698386,5.60802296231736,0,4994.28731528927,0,0,0,1.225
595.872779607702,17.968303626545,1,3,26.3397497844671,94.8230992240816,5.60902365129914,0,4997.14899878994,0,0,0,1.225
596.122779607702,17.9777854118039,1,3,26.3929380837745,95.0145771015881,5.61002429117025,0,5000.01101074625,0,0,0,1.225
596.372779607702,17.9872481256158,1,3,26.4460288698934,95.2057039316163,5.61102488195911,0,5002.87335116291,0,0,0,1.225
596.622779607702,17.9966918792285,1,3,26.4990227284639,95.3964818224702,5.61202542369438,0,5005.73602004478,0,0,0,1.225
596.872779607702,18.006116782807,1,3,26.5519202393852,95.5869128617867,5.61302591640515,0,5008.59901739714,0,0,0,1.225
597.122779607702,18.0155229454478,1,3,26.6047219768936,95.7769991168169,5.61402636011962,0,5011.46234322454,0,0,0,1.225
597.372779607702,18.0249104751941,1,3,26.6574285096397,95.9667426347029,5.61502675486622,0,5014.32599753169,0,0,0,1.225
597.622779607702,18.034279479049,1,3,26.7100404007638,96.1561454427498,5.61602710067359,0,5017.18998032354,0,0,0,1.225
597.872779607702,18.0436300629906,1,3,26.7625582079703,96.345209548693,5.61702739756993,0,5020.05429160467,0,0,0,1.225
598.122779607702,18.0529623319847,1,3,26.8149824836002,96.5339369409607,5.61802764558433,0,5022.91893138037,0,0,0,1.225
598.372779607702,18.0622763899991,1,3,26.8673137747034,96.7223295889323,5.6190278447441,0,5025.78389965453,0,0,0,1.225
598.622779607702,18.0715723400161,1,3,26.9195526231088,96.9103894431917,5.62002799507832,0,5028.64919643247,0,0,0,1.225
598.872779607702,18.0808502840463,1,3,26.9716995654936,97.0981184357769,5.62102809661451,0,5031.51482171827,0,0,0,1.225
599.122779607702,18.0901103231408,1,3,27.0237551334515,97.2855184804253,5.62202814938132,0,5034.38077551693,0,0,0,1.225
599.372779607702,18.0993525574042,1,3,27.0757198535596,97.4725914728146,5.62302815340672,0,5037.24705783288,0,0,0,1.225
599.622779607702,18.1085770860066,1,3,27.1275942474443,97.6593392907996,5.62402810871913,0,5040.11366867098,0,0,0,1.225
599.872779607702,18.1177840071963,1,3,27.1793788318458,97.8457637946451,5.62502801534583,0,5042.98060803513,0,0,0,1.225
600.122779607702,18.1269734183111,1,3,27.2310741186821,98.0318668272554,5.62602787331571,0,5045.84787593057,0,0,0,1.225
600.372779607702,18.1361454157908,1,3,27.2826806151109,98.2176502143993,5.62702768265581,0,5048.71547236107,0,0,0,1.225
600.622779607702,18.1453000951882,1,3,27.3341988235921,98.4031157649314,5.62802744339456,0,5051.58339733148,0,0,0,1.225
600.872779607702,18.1544375511807,1,3,27.3856292419473,98.5882652710103,5.62902715555947,0,5054.45165084596,0,0,0,1.225
601.122779607702,18.1635578775816,1,3,27.4369723634202,98.7731005083128,5.63002681917874,0,5057.32023290924,0,0,0,1.225
601.372779607702,18.172661167351,1,3,27.4882286767345,98.9576232362442,5.63102643427965,0,5060.18914352529,0,0,0,1.225
601.622779607702,18.1817475126066,1,3,27.5393986661518,99.1418351981463,5.63202600089016,0,5063.05838269866,0,0,0,1.225
601.872779607702,18.1908170046344,1,3,27.590482811528,99.3257381215009,5.63302551903757,0,5065.92795043338,0,0,0,1.225
602.122779607702,18.1998697338992,1,3,27.6414815883695,99.5093337181302,5.63402498874984,0,5068.797846734,0,0,0,1.225
602.372779607702,18.208905790055,1,3,27.6923954678874,99.6926236843947,5.63502441005426,0,5071.66807160456,0,0,0,1.225
602.622779607702,18.2179252619551,1,3,27.7432249170519,99.8756097013868,5.63602378297833,0,5074.53862504929,0,0,0,1.225
602.872779607702,18.2269282376619,1,3,27.7939703986451,100.058293435122,5.63702310754957,0,5077.40950707241,0,0,0,1.225
603.122779607702,18.2359148044569,1,3,27.8446323713135,100.240676536728,5.63802238379526,0,5080.280717678,0,0,0,1.225
603.372779607702,18.2448850488505,1,3,27.8952112896189,100.422760642628,5.63902161174269,0,5083.15225687013,0,0,0,1.225
603.622779607702,18.2538390565913,1,3,27.9457076040896,100.604547374723,5.64002079141937,0,5086.02412465305,0,0,0,1.225
603.872779607702,18.2627769126755,1,3,27.9961217612697,100.786038340571,5.64101992285237,0,5088.89632103069,0,0,0,1.225
604.122779607702,18.2716987013562,1,3,28.0464542037683,100.967235133566,5.64201900606872,0,5091.76884600697,0,0,0,1.225
604.372779607702,18.2806045061524,1,3,28.0967053703074,101.148139333107,5.64301804109573,0,5094.64169958599,0,0,0,1.225
604.622779607702,18.289494409858,1,3,28.14687569577,101.328752504772,5.64401702796067,0,5097.51488177188,0,0,0,1.225
604.872779607702,18.2983684945507,1,3,28.196965611246,101.509076200486,5.64501596669083,0,5100.38839256878,0,0,0,1.225
605.122779607702,18.3072268416002,1,3,28.2469755440789,101.689111958684,5.64601485731237,0,5103.26223197992,0,0,0,1.225
605.372779607702,18.3160695316773,1,3,28.2969059179105,101.868861304478,5.64701369985278,0,5106.13640000963,0,0,0,1.225
605.622779607702,18.324896644762,1,3,28.3467571527261,102.048325749814,5.64801249433867,0,5109.01089666153,0,0,0,1.225
605.872779607702,18.3337082601517,1,3,28.3965296648977,102.227506793632,5.64901124079688,0,5111.88572193942,0,0,0,1.225
606.122779607702,18.3425044564696,1,3,28.4462238672275,102.406405922019,5.65000993925469,0,5114.7608758475,0,0,0,1.225
606.372779607702,18.3512853116724,1,3,28.4958401689909,102.585024608367,5.65100858973892,0,5117.63635838959,0,0,0,1.225
606.622779607702,18.3600509030584,1,3,28.5453789759775,102.763364313519,5.65200719227551,0,5120.5121695688,0,0,0,1.225
606.872779607702,18.3688013072751,1,3,28.5948406905331,102.941426485919,5.65300574689127,0,5123.38830938899,0,0,0,1.225
607.122779607702,18.3775366003272,1,3,28.6442257116002,103.119212561761,5.65400425361372,0,5126.26477785454,0,0,0,1.225
607.372779607702,18.3862568575836,1,3,28.6935344347575,103.296723965127,5.65500271246856,0,5129.14157496843,0,0,0,1.225
607.622779607702,18.3949621537852,1,3,28.7427672522602,103.473962108137,5.65600112348238,0,5132.01870073435,0,0,0,1.225
607.872779607702,18.4036525630524,1,3,28.7919245530782,103.650928391081,5.65699948668203,0,5134.89615515618,0,0,0,1.225
608.122779607702,18.4123281588917,1,3,28.8410067229342,103.827624202563,5.65799780209318,0,5137.77393823691,0,0,0,1.225
608.372779607702,18.4209890142033,1,3,28.8900141443423,104.004050919632,5.65899606974335,0,5140.652049981,0,0,0,1.225
608.622779607702,18.4296352012878,1,3,28.938947196644,104.180209907918,5.65999428965824,0,5143.53049039145,0,0,0,1.225
608.872779607702,18.4382667918533,1,3,28.9878062560455,104.356102521764,5.660992461864,0,5146.40925947165,0,0,0,1.225
609.122779607702,18.4468838570221,1,3,29.0365916956535,104.531730104352,5.66199058638676,0,5149.28835722498,0,0,0,1.225
609.372779607702,18.4554864673373,1,3,29.0853038855107,104.707093987838,5.6629886632536,0,5152.16778365557,0,0,0,1.225
609.622779607702,18.4640746927695,1,3,29.1339431926308,104.882195493471,5.66398669248952,0,5155.04753876592,0,0,0,1.225
609.872779607702,18.4726486027234,1,3,29.182509981033,105.057035931719,5.66498467412157,0,5157.92762256018,0,0,0,1.225
610.122779607702,18.4812082660439,1,3,29.2310046117759,105.231616602393,5.66598260817523,0,5160.80803504122,0,0,0,1.225
610.372779607702,18.4897537510225,1,3,29.279427442991,105.405938794768,5.66698049467641,0,5163.68877621232,0,0,0,1.225
610.622779607702,18.4982851254038,1,3,29.3277788299158,105.580003787697,5.66797833365194,0,5166.56984607745,0,0,0,1.225
610.872779607702,18.5068024563913,1,3,29.3760591249261,105.753812849734,5.66897612512639,0,5169.45124463881,0,0,0,1.225
611.122779607702,18.5153058106534,1,3,29.4242686775681,105.927367239245,5.66997386912703,0,5172.33297190077,0,0,0,1.225
611.372779607702,18.5237952543298,1,3,29.4724078345903,106.100668204525,5.67097156567843,0,5175.21502786553,0,0,0,1.225
611.622779607702,18.5322708530368,1,3,29.5204769399741,106.273716983907,5.67196921480763,0,5178.09741253731,0,0,0,1.225
611.872779607702,18.5407326718734,1,3,29.5684763349649,106.446514805873,5.6729668165392,0,5180.98012591832,0,0,0,1.225
612.122779607702,18.549180775427,1,3,29.6164063581022,106.619062889168,5.67396437089928,0,5183.86316801208,0,0,0,1.225
612.372779607702,18.5576152277789,1,3,29.6642673452496,106.791362442898,5.6749618779138,0,5186.74653882191,0,0,0,1.225
612.622779607702,18.56603609251,1,3,29.7120596296238,106.963414666646,5.67595933760799,0,5189.63023835062,0,0,0,1.225
612.872779607702,18.574443432706,1,3,29.7597835418241,107.135220750567,5.67695675000755,0,5192.51426660136,0,0,0,1.225
613.122779607702,18.5828373109631,1,3,29.8074394098606,107.306781875498,5.67795411513794,0,5195.39862357714,0,0,0,1.225
613.372779607702,18.591217789393,1,3,29.8550275591826,107.478099213057,5.67895143302462,0,5198.28330928097,0,0,0,1.225
613.622779607702,18.5995849296285,1,3,29.9025483127062,107.649173925742,5.67994870369307,0,5201.16832371585,0,0,0,1.225
613.872779607702,18.6079387928284,1,3,29.9500019908421,107.820007167032,5.68094592716807,0,5204.05366688427,0,0,0,1.225
614.122779607702,18.6162794396825,1,3,29.9973889115221,107.990600081479,5.68194310347621,0,5206.93933879017,0,0,0,1.225
614.372779607702,18.624606930417,1,3,30.044709390226,108.160953804814,5.68294023264184,0,5209.82533943568,0,0,0,1.225
614.622779607702,18.6329213247991,1,3,30.0919637400082,108.33106946403,5.68393731468996,0,5212.71166882349,0,0,0,1.225
614.872779607702,18.641222682142,1,3,30.1391522715231,108.500948177483,5.68493434964648,0,5215.59832695704,0,0,0,1.225
615.122779607702,18.64951106131,1,3,30.1862752930508,108.670591054983,5.68593133753643,0,5218.48531383901,0,0,0,1.225
615.372779607702,18.6577865207225,1,3,30.2333331105227,108.839999197882,5.68692827838458,0,5221.37262947196,0,0,0,1.225
615.622779607702,18.6660491183598,1,3,30.280326027546,109.009173699166,5.68792517221618,0,5224.26027385879,0,0,0,1.225
615.872779607702,18.6742989117665,1,3,30.3272543454283,109.178115643542,5.68892201905601,0,5227.14824700205,0,0,0,1.225
616.122779607702,18.6825359580572,1,3,30.3741183632018,109.346826107527,5.6899188189293,0,5230.03654890466,0,0,0,1.225
616.372779607702,18.6907603139201,1,3,30.4209183776475,109.515306159531,5.69091557186084,0,5232.9251795692,0,0,0,1.225
616.622779607702,18.698972035622,1,3,30.4676546833183,109.683556859946,5.69191227787542,0,5235.81413899825,0,0,0,1.225
616.872779607702,18.7071711790125,1,3,30.5143275725624,109.851579261225,5.69290893699826,0,5238.70342719476,0,0,0,1.225
617.122779607702,18.7153577995282,1,3,30.5609373355466,110.019374407968,5.69390554925417,0,5241.59304416133,0,0,0,1.225
617.372779607702,18.7235319521972,1,3,30.6074842602784,110.186943337002,5.69490211466723,0,5244.48298990003,0,0,0,1.225
617.622779607702,18.7316936916432,1,3,30.6539686326285,110.354287077462,5.69589863326223,0,5247.37326441346,0,0,0,1.225
617.872779607702,18.7398430720896,1,3,30.700390736353,110.521406650871,5.69689510506487,0,5250.26386770499,0,0,0,1.225
618.122779607702,18.7479801473638,1,3,30.7467508531152,110.688303071215,5.69789153009856,0,5253.15479977615,0,0,0,1.225
618.372779607702,18.7561049709008,1,3,30.7930492625067,110.854977345024,5.69888790838854,0,5256.04606062996,0,0,0,1.225
618.622779607702,18.7642175957478,1,3,30.8392862420687,111.021430471448,5.69988423995869,0,5258.93765026834,0,0,0,1.225
618.872779607702,18.7723180745677,1,3,30.8854620673133,111.187663442328,5.70088052483447,0,5261.82956869449,0,0,0,1.225
619.122779607702,18.7804064596431,1,3,30.9315770117435,111.353677242277,5.70187676303976,0,5264.72181591037,0,0,0,1.225
619.372779607702,18.7884828028803,1,3,30.9776313468739,111.519472848746,5.70287295459843,0,5267.61439191792,0,0,0,1.225
619.622779607702,18.7965471558127,1,3,31.023625342251,111.685051232104,5.70386909953595,0,5270.50729672039,0,0,0,1.225
619.872779607702,18.8045995696051,1,3,31.0695592654726,111.850413355701,5.70486519787573,0,5273.40053031936,0,0,0,1.225
620.122779607702,18.8126400950568,1,3,31.1154333822075,112.015560175947,5.70586124964257,0,5276.29409271756,0,0,0,1.225
620.372779607702,18.8206687826057,1,3,31.1612479562151,112.180492642374,5.70685725486032,0,5279.18798391697,0,0,0,1.225
620.622779607702,18.8286856823317,1,3,31.2070032493641,112.345211697711,5.70785321355356,0,5282.08220392013,0,0,0,1.225
620.872779607702,18.8366908439603,1,3,31.2526995216517,112.509718277946,5.70884912574616,0,5284.97675272905,0,0,0,1.225
621.122779607702,18.844684316866,1,3,31.2983370312218,112.674013312398,5.70984499146198,0,5287.87163034574,0,0,0,1.225
621.372779607702,18.8526661500759,1,3,31.3439160343837,112.838097723781,5.71084081072536,0,5290.7668367726,0,0,0,1.225
621.622779607702,18.860636392273,1,3,31.3894367856301,113.001972428268,5.71183658356063,0,5293.66237201202,0,0,0,1.225
621.872779607702,18.8685950917998,1,3,31.4348995376549,113.165638335558,5.71283230999097,0,5296.55823606548,0,0,0,1.225
622.122779607702,18.8765422966614,1,3,31.480304541371,113.329096348936,5.71382799004095,0,5299.4544289356,0,0,0,1.225
622.372779607702,18.8844780545287,1,3,31.5256520459277,113.49234736534,5.71482362373422,0,5302.35095062424,0,0,0,1.225
622.622779607702,18.892402412742,1,3,31.570942298728,113.655392275421,5.71581921109464,0,5305.24780113348,0,0,0,1.225
622.872779607702,18.9003154183141,1,3,31.6161755454455,113.818231963604,5.71681475214632,0,5308.14498046557,0,0,0,1.225
623.122779607702,18.9082171179332,1,3,31.6613520300411,113.980867308148,5.71781024691222,0,5311.04248862187,0,0,0,1.225
623.372779607702,18.9161075579662,1,3,31.7064719947801,114.143299181208,5.71880569541668,0,5313.94032560483,0,0,0,1.225
623.622779607702,18.9239867844621,1,3,31.7515356802478,114.305528448892,5.71980109768333,0,5316.83849141639,0,0,0,1.225
623.872779607702,18.9318548431545,1,3,31.7965433253664,114.467555971319,5.7207964537356,0,5319.73698605828,0,0,0,1.225
624.122779607702,18.939711779465,1,3,31.8414951674106,114.629382602678,5.72179176359714,0,5322.63580953244,0,0,0,1.225
624.372779607702,18.9475576385059,1,3,31.8863914420236,114.791009191285,5.72278702729182,0,5325.53496184101,0,0,0,1.225
624.622779607702,18.9553924650837,1,3,31.9312323832324,114.952436579637,5.72378224484237,0,5328.43444298521,0,0,0,1.225
624.872779607702,18.9632163037011,1,3,31.9760182234635,115.113665604469,5.7247774162729,0,5331.33425296736,0,0,0,1.225
625.122779607702,18.9710291985607,1,3,32.0207491935579,115.274697096808,5.7257725416066,0,5334.23439178908,0,0,0,1.225
625.372779607702,18.9788311935675,1,3,32.0654255227863,115.435531882031,5.72676762086712,0,5337.13485945236,0,0,0,1.225
625.622779607702,18.9866223323317,1,3,32.110047438864,115.59617077991,5.72776265407674,0,5340.03565595807,0,0,0,1.225
625.872779607702,18.9944026581714,1,3,32.154615167965,115.756614604674,5.72875764126002,0,5342.93678130896,0,0,0,1.225
626.122779607702,19.0021722141154,1,3,32.1991289347376,115.916864165055,5.7297525824406,0,5345.83823550703,0,0,0,1.225
626.372779607702,19.0099310429061,1,3,32.2435889623173,116.076920264342,5.7307474776394,0,5348.74001855211,0,0,0,1.225
626.622779607702,19.017679187002,1,3,32.2879954723424,116.236783700433,5.73174232688234,0,5351.64213044804,0,0,0,1.225
626.872779607702,19.02541668858,1,3,32.3323486849668,116.39645526588,5.73273713019034,0,5354.54457119468,0,0,0,1.225
627.122779607702,19.0331435895387,1,3,32.3766488188743,116.555935747948,5.73373188758796,0,5357.4473407948,0,0,0,1.225
627.372779607702,19.0408599315004,1,3,32.4208960912925,116.715225928653,5.73472659909703,0,5360.35043924898,0,0,0,1.225
627.622779607702,19.048565755814,1,3,32.4650907180058,116.874326584821,5.7357212647421,0,5363.25386656001,0,0,0,1.225
627.872779607702,19.0562611035572,1,3,32.5092329133689,117.033238488128,5.73671588454454,0,5366.15762272815,0,0,0,1.225
628.122779607702,19.0639460155393,1,3,32.5533228903201,117.191962405152,5.73771045852754,0,5369.06170775509,0,0,0,1.225
628.372779607702,19.0716205323035,1,3,32.597360860394,117.350499097418,5.73870498671522,0,5371.9661216433,0,0,0,1.225
628.622779607702,19.0792846941293,1,3,32.6413470337348,117.508849321445,5.73969946912894,0,5374.87086439303,0,0,0,1.225
628.872779607702,19.0869385410348,1,3,32.6852816191086,117.667013828791,5.7406939057928,0,5377.77593600676,0,0,0,1.225
629.122779607702,19.0945821127795,1,3,32.7291648239161,117.824993366098,5.74168829672908,0,5380.6813364855,0,0,0,1.225
629.372779607702,19.102215448866,1,3,32.7729968542052,117.982788675139,5.74268264195962,0,5383.58706582991,0,0,0,1.225
629.622779607702,19.109838588543,1,3,32.8167779146827,118.140400492858,5.7436769415076,0,5386.49312404176,0,0,0,1.225
629.872779607702,19.117451570807,1,3,32.8605082087273,118.297829551418,5.74467119539622,0,5389.39951112282,0,0,0,1.225
630.122779607702,19.125054434405,1,3,32.9041879384007,118.455076578243,5.74566540364822,0,5392.30622707449,0,0,0,1.225
630.372779607702,19.1326472178363,1,3,32.9478173044601,118.612142296056,5.74665956628496,0,5395.21327189711,0,0,0,1.225
630.622779607702,19.1402299593553,1,3,32.9913965063694,118.76902742293,5.74765368332964,0,5398.12064559247,0,0,0,1.225
630.872779607702,19.147802696973,1,3,33.0349257423112,118.92573267232,5.74864775480546,0,5401.02834816238,0,0,0,1.225
631.122779607702,19.1553654684597,1,3,33.0784052091981,119.082258753113,5.74964178073378,0,5403.93637960719,0,0,0,1.225
631.372779607702,19.162918311347,1,3,33.1218351026837,119.238606369661,5.75063576113735,0,5406.84473992836,0,0,0,1.225
631.622779607702,19.1704612629297,1,3,33.1652156171743,119.394776221828,5.75162969603844,0,5409.75342912699,0,0,0,1.225
631.872779607702,19.177994360268,1,3,33.2085469458397,119.550769005023,5.75262358545888,0,5412.66244720382,0,0,0,1.225
632.122779607702,19.1855176401899,1,3,33.2518292806239,119.706585410246,5.75361742942232,0,5415.57179416106,0,0,0,1.225
632.372779607702,19.1930311392925,1,3,33.2950628122564,119.862226124123,5.75461122794968,0,5418.48146999874,0,0,0,1.225
632.622779607702,19.2005348939449,1,3,33.3382477302625,120.017691828945,5.75560498106415,0,5421.39147471872,0,0,0,1.225
632.872779607702,19.2080289402895,1,3,33.381384222974,120.172983202706,5.75659868878665,0,5424.30180832106,0,0,0,1.225
633.122779607702,19.2155133142443,1,3,33.4244724775395,120.328100919142,5.75759235114083,0,5427.21247080799,0,0,0,1.225
633.372779607702,19.2229880515047,1,3,33.4675126799352,120.483045647767,5.7585859681476,0,5430.12346217957,0,0,0,1.225
633.622779607702,19.2304531875456,1,3,33.5105050149743,120.637818053907,5.75957953982879,0,5433.03478243662,0,0,0,1.225
633.872779607702,19.2379087576232,1,3,33.5534496663178,120.792418798744,5.7605730662076,0,5435.94643158102,0,0,0,1.225
634.122779607702,19.2453547967768,1,3,33.5963468164844,120.946848539344,5.76156654730585,0,5438.8584096136,0,0,0,1.225
634.372779607702,19.252791339831,1,3,33.63919664686,121.101107928696,5.76255998314491,0,5441.77071653482,0,0,0,1.225
634.622779607702,19.260218421397,1,3,33.6819993377076,121.255197615747,5.76355337374616,0,5444.68335234515,0,0,0,1.225
634.872779607702,19.267636075875,1,3,33.7247550681774,121.409118245439,5.76454671913234,0,5447.59631704616,0,0,0,1.225
635.122779607702,19.2750443374555,1,3,33.7674640163156,121.562870458736,5.76554001932482,0,5450.50961063833,0,0,0,1.225
635.372779607702,19.2824432401216,1,3,33.8101263590746,121.716454892668,5.76653327434497,0,5453.42323312217,0,0,0,1.225
635.622779607702,19.2898328176502,1,3,33.8527422723216,121.869872180358,5.76752648421552,0,5456.33718449925,0,0,0,1.225
635.872779607702,19.2972131036142,1,3,33.8953119308485,122.023122951055,5.76851964895695,0,5459.25146476936,0,0,0,1.225
636.122779607702,19.304584131384,1,3,33.9378355083808,122.176207830171,5.76951276859245,0,5462.16607393448,0,0,0,1.225
636.372779607702,19.3119459341293,1,3,33.9803131775863,122.329127439311,5.77050584314247,0,5465.08101199441,0,0,0,1.225
636.622779607702,19.3192985448208,1,3,34.0227451100846,122.481882396305,5.77149887262931,0,5467.9962789504,0,0,0,1.225
636.872779607702,19.3266419962318,1,3,34.0651314764557,122.63447331524,5.77249185707433,0,5470.911874803,0,0,0,1.225
637.122779607702,19.3339763209397,1,3,34.1074724462486,122.786900806495,5.773484796498,0,5473.82779955203,0,0,0,1.225
637.372779607702,19.341301551328,1,3,34.1497681879901,122.939165476764,5.77447769092259,0,5476.74405319877,0,0,0,1.225
637.622779607702,19.3486177195878,1,3,34.1920188691935,123.091267929097,5.77547054036904,0,5479.66063574343,0,0,0,1.225
637.872779607702,19.3559248577192,1,3,34.2342246563668,123.24320876292,5.77646334486053,0,5482.57754718803,0,0,0,1.225
638.122779607702,19.363222997533,1,3,34.2763857150212,123.394988574076,5.77745610441661,0,5485.4947875317,0,0,0,1.225
638.372779607702,19.3705121706524,1,3,34.3185022096795,123.546607954846,5.77844881905776,0,5488.4123567743,0,0,0,1.225
638.622779607702,19.3777924085143,1,3,34.3605743038842,123.698067493983,5.77944148880806,0,5491.33025491862,0,0,0,1.225
638.872779607702,19.385063742371,1,3,34.4026021602054,123.849367776739,5.78043411368662,0,5494.24848196343,0,0,0,1.225
639.122779607702,19.3923262032918,1,3,34.4445859402493,124.000509384897,5.78142669371482,0,5497.16703790934,0,0,0,1.225
639.372779607702,19.3995798221643,1,3,34.4865258046657,124.151492896797,5.78241922891402,0,5500.08592275699,0,0,0,1.225
639.622779607702,19.406824629696,1,3,34.5284219131563,124.302318887363,5.7834117193056,0,5503.00513650699,0,0,0,1.225
639.872779607702,19.4140606564156,1,3,34.5702744244819,124.452987928135,5.78440416491139,0,5505.92467916034,0,0,0,1.225
640.122779607702,19.4212879326749,1,3,34.6120834964706,124.603500587294,5.78539656575094,0,5508.84455071624,0,0,0,1.225
640.372779607702,19.4285064886495,1,3,34.6538492860252,124.753857429691,5.78638892184517,0,5511.76475117497,0,0,0,1.225
640.622779607702,19.4357163543411,1,3,34.6955719491308,124.904059016871,5.78738123321591,0,5514.68528053755,0,0,0,1.225
640.872779607702,19.4429175595782,1,3,34.7372516408623,125.054105907104,5.78837349988498,0,5517.60613880502,0,0,0,1.225
641.122779607702,19.4501101340179,1,3,34.7788885153915,125.203998655409,5.78936572187149,0,5520.52732597622,0,0,0,1.225
641.372779607702,19.457294107147,1,3,34.8204827259947,125.353737813581,5.79035789919635,0,5523.44884205148,0,0,0,1.225
641.622779607702,19.4644695082837,1,3,34.86203442506,125.503323930216,5.79135003188139,0,5526.37068703185,0,0,0,1.225
641.872779607702,19.4716363665785,1,3,34.903543764094,125.652757550738,5.79234211994753,0,5529.29286091767,0,0,0,1.225
642.122779607702,19.4787947110161,1,3,34.9450108937294,125.802039217426,5.79333416341387,0,5532.2153637078,0,0,0,1.225
642.372779607702,19.4859445704162,1,3,34.9864359637316,125.951169469434,5.7943261623027,0,5535.13819540371,0,0,0,1.225
642.622779607702,19.4930859734352,1,3,35.027819123006,126.100148842822,5.79531811663492,0,5538.06135600574,0,0,0,1.225
642.872779607702,19.5002189485672,1,3,35.0691605196046,126.248977870577,5.79631002642918,0,5540.98484551244,0,0,0,1.225
643.122779607702,19.5073435241454,1,3,35.1104603007327,126.397657082638,5.79730189170823,0,5543.90866392564,0,0,0,1.225
643.372779607702,19.5144597283436,1,3,35.151718612756,126.546187005922,5.79829371249116,0,5546.83281124425,0,0,0,1.225
643.622779607702,19.521567589177,1,3,35.1929356012069,126.694568164345,5.79928548879798,0,5549.75728746795,0,0,0,1.225
643.872779607702,19.5286671345038,1,3,35.2341114107914,126.842801078849,5.80027722065233,0,5552.68209259929,0,0,0,1.225
644.122779607702,19.5357583920264,1,3,35.2752461853953,126.990886267423,5.80126890807014,0,5555.60722663469,0,0,0,1.225
644.372779607702,19.5428413892924,1,3,35.3163400680907,127.138824245127,5.80226055107642,0,5558.53268957783,0,0,0,1.225
644.622779607702,19.5499161536961,1,3,35.3573932011428,127.286615524114,5.80325214968843,0,5561.45848142621,0,0,0,1.225
644.872779607702,19.5569827124794,1,3,35.3984057260157,127.434260613657,5.80424370392666,0,5564.38460217989,0,0,0,1.225
645.122779607702,19.5640410927333,1,3,35.439377783379,127.581760020165,5.80523521381292,0,5567.31105184004,0,0,0,1.225
645.372779607702,19.5710913213987,1,3,35.4803095131138,127.72911424721,5.80622667936632,0,5570.23783040563,0,0,0,1.225
645.622779607702,19.5781334252679,1,3,35.5212010543189,127.876323795548,5.80721810060686,0,5573.16493787638,0,0,0,1.225
645.872779607702,19.5851674309858,1,3,35.562052545317,128.023389163141,5.80820947755592,0,5576.09237425311,0,0,0,1.225
646.122779607702,19.5921933650505,1,3,35.6028641236605,128.170310845178,5.8092008102326,0,5579.02013953484,0,0,0,1.225
646.372779607702,19.5992112538149,1,3,35.6436359261377,128.317089334096,5.81019209865735,0,5581.94823372165,0,0,0,1.225
646.622779607702,19.6062211234879,1,3,35.6843680887785,128.463725119603,5.81118334285156,0,5584.8766568144,0,0,0,1.225
646.872779607702,19.613223000135,1,3,35.7250607468603,128.610218688697,5.81217454283296,0,5587.80540881101,0,0,0,1.225
647.122779607702,19.6202169096799,1,3,35.7657140349137,128.756570525689,5.81316569862247,0,5590.73448971198,0,0,0,1.225
647.372779607702,19.6272028779054,1,3,35.8063280867284,128.902781112222,5.81415681024009,0,5593.66389951708,0,0,0,1.225
647.622779607702,19.6341809304542,1,3,35.8469030353589,129.048850927292,5.81514787770539,0,5596.59363822573,0,0,0,1.225
647.872779607702,19.6411510928305,1,3,35.8874390131298,129.194780447267,5.81613890103972,0,5599.52370583879,0,0,0,1.225
648.122779607702,19.6481133904007,1,3,35.9279361516416,129.34057014591,5.81712988026175,0,5602.45410235498,0,0,0,1.225
648.372779607702,19.6550678483943,1,3,35.9683945817762,129.486220494394,5.81812081539101,0,5605.38482777371,0,0,0,1.225
648.622779607702,19.6620144919054,1,3,36.0088144337023,129.631731961328,5.81911170644844,0,5608.31588209554,0,0,0,1.225
648.872779607702,19.6689533458933,1,3,36.0491958368808,129.777105012771,5.82010255345267,0,5611.24726531919,0,0,0,1.225
649.122779607702,19.6758844351838,1,3,36.0895389200701,129.922340112252,5.82109335642372,0,5614.17897744446,0,0,0,1.225
649.372779607702,19.6828077844698,1,3,36.1298438113314,130.067437720793,5.82208411538159,0,5617.1110184712,0,0,0,1.225
649.622779607702,19.6897234183129,1,3,36.1701106380342,130.212398296923,5.82307483034492,0,5620.04338839815,0,0,0,1.225
649.872779607702,19.6966313611439,1,3,36.210339526861,130.3572222967,5.8240655013351,0,5622.97608722624,0,0,0,1.225
650.122779607702,19.7035316372638,1,3,36.250530603813,130.501910173727,5.82505612837031,0,5625.90911495386,0,0,0,1.225
650.372779607702,19.7104242708451,1,3,36.2906839942146,130.646462379172,5.82604671147055,0,5628.84247158088,0,0,0,1.225
650.622779607702,19.7173092859324,1,3,36.3307998227189,130.790879361788,5.82703725065539,0,5631.77615710679,0,0,0,1.225
650.872779607702,19.7241867064434,1,3,36.3708782133127,130.935161567926,5.82802774594438,0,5634.71017153111,0,0,0,1.225
651.122779607702,19.7310565561702,1,3,36.410919289321,131.079309441556,5.82901819735571,0,5637.64451485225,0,0,0,1.225
651.372779607702,19.7379188587796,1,3,36.4509231734124,131.223323424285,5.8300086049112,0,5640.57918707156,0,0,0,1.225
651.622779607702,19.7447736378146,1,3,36.4908899876037,131.367203955373,5.83099896862905,0,5643.51418818748,0,0,0,1.225
651.872779607702,19.7516209166951,1,3,36.5308198532648,131.510951471753,5.83198928852653,0,5646.44951819771,0,0,0,1.225
652.122779607702,19.7584607187185,1,3,36.5707128911234,131.654566408044,5.83297956462638,0,5649.38517710437,0,0,0,1.225
652.372779607702,19.7652930670612,1,3,36.6105692212695,131.79804919657,5.83396979694498,0,5652.32116490443,0,0,0,1.225
652.622779607702,19.7721179847789,1,3,36.6503889631608,131.941400267379,5.83495998550461,0,5655.25748159966,0,0,0,1.225
652.872779607702,19.7789354948079,1,3,36.6901722356265,132.084620048255,5.83595013032118,0,5658.1941271867,0,0,0,1.225
653.122779607702,19.7857456199657,1,3,36.7299191568723,132.22770896474,5.83694023141561,0,5661.13110166621,0,0,0,1.225
653.372779607702,19.792548382952,1,3,36.7696298444848,132.370667440145,5.83793028880746,0,5664.06840503778,0,0,0,1.225
653.622779607702,19.7993438063494,1,3,36.8093044154363,132.513495895571,5.838920302514,0,5667.00603729917,0,0,0,1.225
653.872779607702,19.8061319126246,1,3,36.8489429860888,132.65619474992,5.83991027255615,0,5669.94399845106,0,0,0,1.225
654.122779607702,19.8129127241287,1,3,36.8885456721989,132.798764419916,5.84090019895211,0,5672.88228849197,0,0,0,1.225
654.372779607702,19.8196862630986,1,3,36.9281125889216,132.941205320118,5.84189008172052,0,5675.82090742077,0,0,0,1.225
654.622779607702,19.8264525516572,1,3,36.9676438508153,133.083517862935,5.84287992088093,0,5678.75985523708,0,0,0,1.225
654.872779607702,19.8332116118149,1,3,37.0071395718455,133.225702458644,5.84386971645245,0,5681.69913194015,0,0,0,1.225
655.122779607702,19.8399634654698,1,3,37.0465998653895,133.367759515402,5.8448594684528,0,5684.63873752815,0,0,0,1.225
655.372779607702,19.8467081344089,1,3,37.0860248442404,133.509689439266,5.84584917690199,0,5687.57867200109,0,0,0,1.225
655.622779607702,19.8534456403088,1,3,37.1254146206113,133.651492634201,5.84683884181777,0,5690.51893535716,0,0,0,1.225
655.872779607702,19.8601760047362,1,3,37.1647693061394,133.793169502102,5.84782846322059,0,5693.45952759672,0,0,0,1.225
656.122779607702,19.8668992491491,1,3,37.2040890118902,133.934720442805,5.84881804112729,0,5696.40044871725,0,0,0,1.225
656.372779607702,19.8736153948974,1,3,37.2433738483615,134.076145854101,5.84980757555786,0,5699.34169871877,0,0,0,1.225
656.622779607702,19.8803244632235,1,3,37.2826239254876,134.217446131755,5.85079706653005,0,5702.2832775995,0,0,0,1.225
656.872779607702,19.8870264752633,1,3,37.3218393526429,134.358621669515,5.85178651406386,0,5705.22518535949,0,0,0,1.225
657.122779607702,19.8937214520467,1,3,37.3610202386464,134.499672859127,5.85277591817612,0,5708.16742199622,0,0,0,1.225
657.372779607702,19.9004094144988,1,3,37.4001666917651,134.640600090354,5.85376527888684,0,5711.10998750976,0,0,0,1.225
657.622779607702,19.90709038344,1,3,37.4392788197181,134.781403750985,5.85475459621421,0,5714.0528818987,0,0,0,1.225
657.872779607702,19.9137643795873,1,3,37.4783567296805,134.92208422685,5.8557438701755,0,5716.99610516093,0,0,0,1.225
658.122779607702,19.9204314235545,1,3,37.5174005282872,135.062641901834,5.8567331007921,0,5719.93965729763,0,0,0,1.225
658.372779607702,19.9270915358534,1,3,37.5564103216368,135.203077157892,5.857722288079,0,5722.88353830486,0,0,0,1.225
658.622779607702,19.9337447368943,1,3,37.5953862152948,135.343390375061,5.85871143205668,0,5725.82774818307,0,0,0,1.225
658.872779607702,19.9403910469867,1,3,37.6343283142981,135.483581931473,5.85970053274286,0,5728.77228693055,0,0,0,1.225
659.122779607702,19.9470304863398,2,3,37.6732367231581,135.623652203369,5.8606895901562,0,5731.7171545463,0,0,0,1.225
659.372779607702,19.9536630750637,2,3,37.7121115458644,135.763601565112,5.86167860431533,0,5734.66235102934,0,0,0,1.225
659.622779607702,19.9602888331696,2,3,37.750952885889,135.9034303892,5.86266757523708,0,5737.60787637723,0,0,0,1.225
659.872779607702,19.9669077805707,2,3,37.7897608461889,136.04313904628,5.86365650294101,0,5740.55373058974,0,0,0,1.225
660.122779607702,19.9735199370827,2,3,37.8285355292106,136.182727905158,5.86464538744485,0,5743.49991366517,0,0,0,1.225
660.372779607702,19.9801253224249,2,3,37.867277036893,136.322197332815,5.8656342287677,0,5746.44642560293,0,0,0,1.225
660.622779607702,19.9867239562202,2,3,37.9059854706711,136.461547694416,5.86662302692639,0,5749.39326640062,0,0,0,1.225
660.872779607702,19.9933158579963,2,3,37.9446609314795,136.600779353326,5.86761178193865,0,5752.34043605655,0,0,0,1.225
661.122779607702,19.9999010471863,2,3,37.9833035197557,136.73989267112,5.86860049382403,0,5755.28793457053,0,0,0,1.225
661.372779607702,20.0064795431289,2,3,38.0219133354437,136.878888007597,5.86958916260028,0,5758.2357619409,0,0,0,1.225
661.622779607702,20.0130513650695,2,3,38.0604904779972,137.01776572079,5.87057778828512,0,5761.18391816599,0,0,0,1.225
661.872779607702,20.0196165321606,2,3,38.0990350463828,137.156526166978,5.87156637089493,0,5764.13240324309,0,0,0,1.225
662.122779607702,20.0261750634628,2,3,38.1375471390839,137.295169700702,5.87255491045153,0,5767.08121717382,0,0,0,1.225
662.372779607702,20.0327269779446,2,3,38.1760268541031,137.433696674771,5.87354340696947,0,5770.030359954,0,0,0,1.225
662.622779607702,20.039272294484,2,3,38.2144742889662,137.572107440278,5.87453186046741,0,5772.97983158274,0,0,0,1.225
662.872779607702,20.0458110318685,2,3,38.2528895407251,137.71040234661,5.87552027096353,0,5775.92963205879,0,0,0,1.225
663.122779607702,20.0523432087958,2,3,38.291272705961,137.84858174146,5.87650863847512,0,5778.87976138017,0,0,0,1.225
663.372779607702,20.0588688438744,2,3,38.3296238807877,137.986645970836,5.8774969630208,0,5781.83021954599,0,0,0,1.225
663.622779607702,20.0653879556244,2,3,38.3679431608545,138.124595379076,5.87848524461833,0,5784.78100655467,0,0,0,1.225
663.872779607702,20.0719005624779,2,3,38.4062306413495,138.262430308858,5.87947348328407,0,5787.73212240351,0,0,0,1.225
664.122779607702,20.0784066827797,2,3,38.4444864170028,138.40015110121,5.88046167903667,0,5790.68356709167,0,0,0,1.225
664.372779607702,20.0849063347876,2,3,38.4827105820893,138.537758095521,5.88144983189386,0,5793.63534061755,0,0,0,1.225
664.622779607702,20.0913995366733,2,3,38.5209032304318,138.675251629554,5.88243794187383,0,5796.58744297996,0,0,0,1.225
664.872779607702,20.0978863065229,2,3,38.5590644554041,138.812632039455,5.88342600899387,0,5799.53987417696,0,0,0,1.225
665.122779607702,20.1043666623374,2,3,38.5971943499339,138.949899659762,5.88441403326988,0,5802.49263420553,0,0,0,1.225
665.372779607702,20.1108406220332,2,3,38.635293006506,139.087054823422,5.88540201472097,0,5805.44572306522,0,0,0,1.225
665.622779607702,20.1173082034428,2,3,38.6733605171647,139.224097861793,5.88638995336396,0,5808.39914075375,0,0,0,1.225
665.872779607702,20.1237694243153,2,3,38.7113969735172,139.361029104662,5.8873778492175,0,5811.35288727031,0,0,0,1.225
666.122779607702,20.1302243023169,2,3,38.7494024667364,139.497848880251,5.88836570229751,0,5814.3069626119,0,0,0,1.225
666.372779607702,20.1366728550314,2,3,38.7873770875635,139.634557515229,5.88935351262216,0,5817.26136677737,0,0,0,1.225
666.622779607702,20.1431150999609,2,3,38.8253209263111,139.77115533472,5.8903412802083,0,5820.21609976447,0,0,0,1.225
666.872779607702,20.1495510545263,2,3,38.863234072866,139.907642662318,5.89132900507411,0,5823.17116157204,0,0,0,1.225
667.122779607702,20.1559807360677,2,3,38.9011166166918,140.04401982009,5.89231668723642,0,5826.12655219784,0,0,0,1.225
667.372779607702,20.162404161845,2,3,38.9389686468317,140.180287128594,5.89330432671204,0,5829.08227163965,0,0,0,1.225
667.622779607702,20.1688213490384,2,3,38.9767902519114,140.316444906881,5.89429192351781,0,5832.03831989525,0,0,0,1.225
667.872779607702,20.1752323147489,2,3,39.0145815201419,140.452493472511,5.89527947767328,0,5834.9946969646,0,0,0,1.225
668.122779607702,20.181637075999,2,3,39.0523425393216,140.588433141558,5.89626698919346,0,5837.95140284403,0,0,0,1.225
668.372779607702,20.1880356497328,2,3,39.0900733968399,140.724264228624,5.89725445809563,0,5840.9084375317,0,0,0,1.225
668.622779607702,20.194428052817,2,3,39.127774179679,140.859987046844,5.89824188439889,0,5843.86580102724,0,0,0,1.225
668.872779607702,20.200814302041,2,3,39.165444974417,140.995601907901,5.89922926811778,0,5846.82349332663,0,0,0,1.225
669.122779607702,20.2071944141176,2,3,39.2030858672303,141.131109122029,5.90021660926959,0,5849.78151442805,0,0,0,1.225
669.372779607702,20.2135684056834,2,3,39.2406969438964,141.266508998027,5.90120390787342,0,5852.73986433114,0,0,0,1.225
669.622779607702,20.2199362932994,2,3,39.2782782897962,141.401801843266,5.90219116394428,0,5855.69854303227,0,0,0,1.225
669.872779607702,20.2262980934512,2,3,39.3158299899167,141.5369879637,5.90317837750035,0,5858.65755053037,0,0,0,1.225
670.122779607702,20.23265382255,2,3,39.3533521288536,141.672067663873,5.90416554855756,0,5861.61688682254,0,0,0,1.225
670.372779607702,20.2390034969325,2,3,39.3908447908137,141.807041246929,5.90515267713408,0,5864.57655190774,0,0,0,1.225
670.622779607702,20.2453471328617,2,3,39.4283080596171,141.941909014622,5.90613976324494,0,5867.53654578234,0,0,0,1.225
670.872779607702,20.2516847465273,2,3,39.4657420187003,142.076671267321,5.9071268069074,0,5870.49686844457,0,0,0,1.225
671.122779607702,20.2580163540462,2,3,39.503146751118,142.211328304025,5.90811380813966,0,5873.4575198934,0,0,0,1.225
671.372779607702,20.2643419714628,2,3,39.5405223395461,142.345880422366,5.90910076695809,0,5876.41850012632,0,0,0,1.225
671.622779607702,20.2706616147497,2,3,39.5778688662834,142.48032791862,5.91008768337861,0,5879.37980914048,0,0,0,1.225
671.872779607702,20.2769752998079,2,3,39.6151864132547,142.614671087717,5.91107455741758,0,5882.3414469334,0,0,0,1.225
672.122779607702,20.2832830424675,2,3,39.6524750620129,142.748910223246,5.9120613890932,0,5885.30341350407,0,0,0,1.225
672.372779607702,20.289584858488,2,3,39.6897348937408,142.883045617467,5.91304817842092,0,5888.26570884928,0,0,0,1.225
672.622779607702,20.2958807635586,2,3,39.7269659892546,143.017077561316,5.91403492541758,0,5891.22833296694,0,0,0,1.225
672.872779607702,20.3021707732989,2,3,39.7641684290049,143.151006344418,5.91502163010045,0,5894.19128585531,0,0,0,1.225
673.122779607702,20.3084549032592,2,3,39.80134229308,143.284832255088,5.916008292485,0,5897.15456751123,0,0,0,1.225
673.372779607702,20.3147331689212,2,3,39.8384876612075,143.418555580347,5.91699491258805,0,5900.1181779326,0,0,0,1.225
673.622779607702,20.3210055856977,2,3,39.8756046127571,143.552176605926,5.91798149042643,0,5903.08211711735,0,0,0,1.225
673.872779607702,20.3272721689339,2,3,39.9126932267424,143.685695616273,5.91896802601696,0,5906.04638506342,0,0,0,1.225
674.122779607702,20.3335329339072,2,3,39.9497535818232,143.819112894564,5.91995451937555,0,5909.01098176801,0,0,0,1.225
674.372779607702,20.3397878958281,2,3,39.9867857563079,143.952428722709,5.92094097051813,0,5911.97590722835,0,0,0,1.225
674.622779607702,20.3460370698402,2,3,40.0237898281555,144.08564338136,5.92192737946107,0,5914.941161442,0,0,0,1.225
674.872779607702,20.3522804710206,2,3,40.0607658749778,144.21875714992,5.922913746223,0,5917.90674440839,0,0,0,1.225
675.122779607702,20.3585181143808,2,3,40.0977139740415,144.35177030655,5.92390007081713,0,5920.87265612257,0,0,0,1.225
675.372779607702,20.3647500148666,2,3,40.1346342022705,144.484683128174,5.92488635326117,0,5923.83889658324,0,0,0,1.225
675.622779607702,20.3709761873587,2,3,40.1715266362479,144.617495890492,5.92587259357106,0,5926.80546578762,0,0,0,1.225
675.872779607702,20.3771966466731,2,3,40.2083913522178,144.750208867984,5.92685879176452,0,5929.77236373445,0,0,0,1.225
676.122779607702,20.3834114075614,2,3,40.2452284260881,144.882822333917,5.92784494785519,0,5932.73959041914,0,0,0,1.225
676.372779607702,20.3896204847114,2,3,40.2820379334318,145.015336560355,5.92883106186082,0,5935.70714584043,0,0,0,1.225
676.622779607702,20.3958238927472,2,3,40.3188199494895,145.147751818162,5.92981713379686,0,5938.67502999521,0,0,0,1.225
676.872779607702,20.4020216462299,2,3,40.3555745491713,145.280068377017,5.93080316367923,0,5941.64324288077,0,0,0,1.225
677.122779607702,20.4082137596577,2,3,40.3923018070588,145.412286505412,5.93178915152566,0,5944.61178449584,0,0,0,1.225
677.372779607702,20.4144002474664,2,3,40.4290017974071,145.544406470665,5.93277509735071,0,5947.58065483661,0,0,0,1.225
677.622779607702,20.4205811240299,2,3,40.4656745941468,145.676428538928,5.93376100117075,0,5950.54985390074,0,0,0,1.225
677.872779607702,20.4267564036602,2,3,40.5023202708859,145.808352975189,5.93474686300078,0,5953.51938168481,0,0,0,1.225
678.122779607702,20.4329261006083,2,3,40.5389389009121,145.940180043283,5.93573268285854,0,5956.48923818757,0,0,0,1.225
678.372779607702,20.4390902290641,2,3,40.575530557194,146.071910005899,5.93671846075949,0,5959.45942340597,0,0,0,1.225
678.622779607702,20.445248803157,2,3,40.6120953123839,146.203543124582,5.93770419671773,0,5962.42993733587,0,0,0,1.225
678.872779607702,20.4514018369563,2,3,40.648633238819,146.335079659749,5.93868989075145,0,5965.40077997642,0,0,0,1.225
679.122779607702,20.4575493444713,2,3,40.6851444085237,146.466519870685,5.93967554287519,0,5968.37195132384,0,0,0,1.225
679.372779607702,20.463691339652,2,3,40.7216288932114,146.597864015561,5.94066115310579,0,5971.34345137621,0,0,0,1.225
679.622779607702,20.4698278363892,2,3,40.758086764286,146.72911235143,5.94164672145735,0,5974.3152801294,0,0,0,1.225
679.872779607702,20.4759588485149,2,3,40.7945180928445,146.86026513424,5.94263224794713,0,5977.28743758186,0,0,0,1.225
680.122779607702,20.4820843898027,2,3,40.8309229496781,146.991322618841,5.94361773259106,0,5980.25992373093,0,0,0,1.225
680.372779607702,20.4882044739683,2,3,40.8673014052745,147.122285058988,5.94460317540324,0,5983.23273857252,0,0,0,1.225
680.622779607702,20.4943191146693,2,3,40.9036535298193,147.25315270735,5.94558857639959,0,5986.20588210398,0,0,0,1.225
680.872779607702,20.5004283255064,2,3,40.9399793931983,147.383925815514,5.94657393559737,0,5989.17935432379,0,0,0,1.225
681.122779607702,20.5065321200227,2,3,40.9762790649987,147.514604633995,5.9475592530107,0,5992.15315522786,0,0,0,1.225
681.372779607702,20.5126305117051,2,3,41.0125526145114,147.645189412241,5.94854452865457,0,5995.12728481283,0,0,0,1.225
681.622779607702,20.5187235139837,2,3,41.0488001107325,147.775680398637,5.94952976254717,0,5998.10174307793,0,0,0,1.225
681.872779607702,20.5248111402329,2,3,41.0850216223648,147.906077840513,5.95051495470216,0,6001.07653001871,0,0,0,1.225
682.122779607702,20.5308934037711,2,3,41.1212172178201,148.036381984152,5.95150010513453,0,6004.05164563185,0,0,0,1.225
682.372779607702,20.5369703178615,2,3,41.1573869652203,148.166593074793,5.9524852138602,0,6007.02708991475,0,0,0,1.225
682.622779607702,20.543041895712,2,3,41.1935309323998,148.296711356639,5.953470280896,0,6010.00286286555,0,0,0,1.225
682.872779607702,20.549108150476,2,3,41.2296491869063,148.426737072863,5.9544553062542,0,6012.97896447876,0,0,0,1.225
683.122779607702,20.5551690952523,2,3,41.2657417960034,148.556670465612,5.95544028995437,0,6015.95539475469,0,0,0,1.225
683.372779607702,20.5612247430856,2,3,41.3018088266714,148.686511776017,5.95642523200786,0,6018.93215368715,0,0,0,1.225
683.622779607702,20.5672751069668,2,3,41.3378503456096,148.816261244195,5.95741013243196,0,6021.90924127464,0,0,0,1.225
683.872779607702,20.5733201998334,2,3,41.3738664192378,148.945919109256,5.95839499124259,0,6024.88665751462,0,0,0,1.225
684.122779607702,20.5793600345695,2,3,41.4098571136977,149.075485609312,5.95937980845429,0,6027.86440240342,0,0,0,1.225
684.372779607702,20.5853946240066,2,3,41.4458224948546,149.204960981477,5.96036458408116,0,6030.84247593705,0,0,0,1.225
684.622779607702,20.5914239809233,2,3,41.4817626282991,149.334345461877,5.96134931813958,0,6033.82087811332,0,0,0,1.225
684.872779607702,20.5974481180462,2,3,41.5176775793486,149.463639285655,5.96233401064364,0,6036.79960892823,0,0,0,1.225
685.122779607702,20.6034670480498,2,3,41.553567413049,149.592842686977,5.96331866161154,0,6039.77866838108,0,0,0,1.225
685.372779607702,20.6094807835568,2,3,41.5894321941762,149.721955899034,5.96430327105463,0,6042.75805646568,0,0,0,1.225
685.622779607702,20.6154893371389,2,3,41.6252719872374,149.850979154055,5.96528783898884,0,6045.73777317952,0,0,0,1.225
685.872779607702,20.6214927213162,2,3,41.6610868564731,149.979912683303,5.96627236543191,0,6048.71781852153,0,0,0,1.225
686.122779607702,20.6274909485584,2,3,41.6968768658583,150.10875671709,5.96725685039519,0,6051.69819248556,0,0,0,1.225
686.372779607702,20.6334840312846,2,3,41.7326420791043,150.237511484775,5.96824129389643,0,6054.67889507057,0,0,0,1.225
686.622779607702,20.6394719818635,2,3,41.7683825596597,150.366177214775,5.96922569594926,0,6057.65992627222,0,0,0,1.225
686.872779607702,20.645454812614,2,3,41.8040983707126,150.494754134565,5.9702100565687,0,6060.6412860873,0,0,0,1.225
687.122779607702,20.6514325358054,2,3,41.8397895751914,150.623242470689,5.97119437576885,0,6063.62297451186,0,0,0,1.225
687.372779607702,20.6574051636575,2,3,41.8754562357669,150.751642448761,5.97217865356697,0,6066.6049915445,0,0,0,1.225
687.622779607702,20.6633727083411,2,3,41.9110984148533,150.879954293472,5.97316288997672,0,6069.58733718092,0,0,0,1.225
687.872779607702,20.6693351819781,2,3,41.9467161746097,151.008178228595,5.97414708501219,0,6072.5700114172,0,0,0,1.225
688.122779607702,20.675292596642,2,3,41.9823095769419,151.136314476991,5.97513123868839,0,6075.55301425014,0,0,0,1.225
688.372779607702,20.6812449643577,2,3,42.0178786835035,151.264363260613,5.97611535102078,0,6078.53634567691,0,0,0,1.225
688.622779607702,20.6871922971024,2,3,42.0534235556973,151.39232480051,5.97709942202391,0,6081.52000569397,0,0,0,1.225
688.872779607702,20.6931346068056,2,3,42.0889442546771,151.520199316837,5.97808345171234,0,6084.50399429775,0,0,0,1.225
689.122779607702,20.6990719053491,2,3,42.1244408413485,151.647987028854,5.97906744010106,0,6087.48831148511,0,0,0,1.225
689.372779607702,20.7050042045676,2,3,42.1599133763708,151.775688154935,5.98005138720464,0,6090.47295725248,0,0,0,1.225
689.622779607702,20.7109315162488,2,3,42.1953619201584,151.90330291257,5.98103529303671,0,6093.45793159564,0,0,0,1.225
689.872779607702,20.716853852134,2,3,42.2307865328816,152.030831518374,5.98201915761319,0,6096.44323451213,0,0,0,1.225
690.122779607702,20.7227712239176,2,3,42.2661872744686,152.158274188087,5.98300298094864,0,6099.42886599845,0,0,0,1.225
690.372779607702,20.7286836432483,2,3,42.3015642046066,152.285631136584,5.98398676305578,0,6102.41482604962,0,0,0,1.225
690.622779607702,20.7345911217286,2,3,42.336917382743,152.412902577875,5.98497050395144,0,6105.40111466396,0,0,0,1.225
690.872779607702,20.7404936709155,2,3,42.372246868087,152.540088725113,5.98595420364973,0,6108.38773183761,0,0,0,1.225
691.122779607702,20.7463913023204,2,3,42.4075527196107,152.667189790599,5.98693786216472,0,6111.3746775667,0,0,0,1.225
691.372779607702,20.7522840274098,2,3,42.4428349960506,152.794205985782,5.98792147950962,0,6114.36195184665,0,0,0,1.225
691.622779607702,20.7581718576052,2,3,42.4780937559089,152.921137521272,5.9889050557008,0,6117.34955467544,0,0,0,1.225
691.872779607702,20.7640548042833,2,3,42.5133290574544,153.047984606836,5.98988859075098,0,6120.33748604812,0,0,0,1.225
692.122779607702,20.7699328787767,2,3,42.5485409587245,153.174747451408,5.99087208467608,0,6123.32574596231,0,0,0,1.225
692.372779607702,20.7758060923734,2,3,42.5837295175258,153.301426263093,5.9918555374893,0,6126.31433441346,0,0,0,1.225
692.622779607702,20.7816744563178,2,3,42.6188947914357,153.428021249169,5.99283894920563,0,6129.30325139846,0,0,0,1.225
692.872779607702,20.7875379818106,2,3,42.6540368378039,153.554532616094,5.99382231983918,0,6132.29249691348,0,0,0,1.225
693.122779607702,20.7933966800089,2,3,42.6891557137529,153.68096056951,5.99480564940359,0,6135.28207095436,0,0,0,1.225
693.372779607702,20.7992505620266,2,3,42.72425147618,153.807305314248,5.99578893791386,0,6138.27197351799,0,0,0,1.225
693.622779607702,20.8050996389348,2,3,42.7593241817582,153.93356705433,5.99677218538409,0,6141.26220460058,0,0,0,1.225
693.872779607702,20.8109439217617,2,3,42.7943738869375,154.059745992975,5.99775539182883,0,6144.25276419869,0,0,0,1.225
694.122779607702,20.8167834214929,2,3,42.8294006479459,154.185842332605,5.99873855725991,0,6147.2436523067,0,0,0,1.225
694.372779607702,20.8226181490719,2,3,42.864404520791,154.311856274848,5.99972168169552,0,6150.23486892409,0,0,0,1.225
694.622779607702,20.8284481154,2,3,42.8993855612609,154.437788020539,6.00070476514657,0,6153.22641404454,0,0,0,1.225
694.872779607702,20.8342733313369,2,3,42.9343438249254,154.563637769732,6.0016878076276,0,6156.21828766461,0,0,0,1.225
695.122779607702,20.8400938077003,2,3,42.9692793671375,154.689405721695,6.00267080915319,0,6159.21048978091,0,0,0,1.225
695.372779607702,20.845909555267,2,3,43.0041922430341,154.815092074923,6.00365376973696,0,6162.2030203893,0,0,0,1.225
695.622779607702,20.8517205847722,2,3,43.0390825075374,154.940697027135,6.00463668939392,0,6165.19587948674,0,0,0,1.225
695.872779607702,20.8575269069103,2,3,43.0739502153563,155.066220775283,6.00561956813635,0,6168.189067068,0,0,0,1.225
696.122779607702,20.8633285323352,2,3,43.1087954209872,155.191663515554,6.00660240598017,0,6171.18258313081,0,0,0,1.225
696.372779607702,20.86912547166,2,3,43.1436181787151,155.317025443374,6.00758520293766,0,6174.17642766993,0,0,0,1.225
696.622779607702,20.8749177354577,2,3,43.1784185426151,155.442306753414,6.00856795902428,0,6177.17060068274,0,0,0,1.225
696.872779607702,20.8807053342611,2,3,43.2131965665532,155.567507639591,6.00955067425139,0,6180.16510216329,0,0,0,1.225
697.122779607702,20.8864882785632,2,3,43.2479523041876,155.692628295075,6.01053334863491,0,6183.15993210931,0,0,0,1.225
697.372779607702,20.8922665788174,2,3,43.2826858089697,155.817668912291,6.01151598218848,0,6186.15509051671,0,0,0,1.225
697.622779607702,20.8980402454375,2,3,43.3173971341454,155.942629682923,6.0124985749253,0,6189.15057738103,0,0,0,1.225
697.872779607702,20.9038092887983,2,3,43.3520863327558,156.067510797921,6.01348112685901,0,6192.1463926982,0,0,0,1.225
698.122779607702,20.9095737192353,2,3,43.3867534576388,156.1923124475,6.01446363800369,0,6195.14253646449,0,0,0,1.225
698.372779607702,20.9153335470455,2,3,43.4213985614297,156.317034821147,6.01544610837345,0,6198.1390086762,0,0,0,1.225
698.622779607702,20.921088782487,2,3,43.4560216965625,156.441678107625,6.01642853798057,0,6201.13580932816,0,0,0,1.225
698.872779607702,20.9268394357796,2,3,43.4906229152713,156.566242494977,6.01741092684006,0,6204.13293841741,0,0,0,1.225
699.122779607702,20.932585517105,2,3,43.5252022695906,156.690728170526,6.01839327496509,0,6207.13039593952,0,0,0,1.225
699.372779607702,20.9383270366068,2,3,43.5597598113569,156.815135320885,6.01937558236841,0,6210.12818188971,0,0,0,1.225
699.622779607702,20.9440640043906,2,3,43.5942955922098,156.939464131955,6.02035784906639,0,6213.12629626612,0,0,0,1.225
699.872779607702,20.9497964305247,2,3,43.6288096635927,157.063714788934,6.02134007506857,0,6216.12473906142,0,0,0,1.225
700.122779607702,20.9555243250399,2,3,43.6633020767539,157.187887476314,6.02232226039087,0,6219.1235102734,0,0,0,1.225
700.372779607702,20.9612476979297,2,3,43.6977728827479,157.311982377893,6.02330440504738,0,6222.12260989839,0,0,0,1.225
700.622779607702,20.9669665591505,2,3,43.7322221324362,157.43599967677,6.02428650904994,0,6225.1220379309,0,0,0,1.225
700.872779607702,20.9726809186221,2,3,43.7666498764883,157.559939555358,6.0252685724131,0,6228.12179436764,0,0,0,1.225
701.122779607702,20.9783907862275,2,3,43.8010561653826,157.683802195377,6.02625059514958,0,6231.12187920387,0,0,0,1.225
701.372779607702,20.9840961718132,2,3,43.8354410494078,157.807587777868,6.02723257727257,0,6234.1222924352,0,0,0,1.225
701.622779607702,20.9897970851895,2,3,43.8698045786635,157.931296483189,6.02821451879663,0,6237.12303405835,0,0,0,1.225
701.872779607702,20.9954935361308,2,3,43.9041468030613,158.054928491021,6.02919641973358,0,6240.12410406786,0,0,0,1.225
702.122779607702,21.0011855343752,2,3,43.9384677723258,158.178483980373,6.03017828009706,0,6243.12550245974,0,0,0,1.225
702.372779607702,21.0068730896256,2,3,43.9727675359957,158.301963129584,6.03116009990254,0,6246.12722923144,0,0,0,1.225
702.622779607702,21.0125562115488,2,3,44.0070461434244,158.425366116328,6.03214187916046,0,6249.12928437644,0,0,0,1.225
702.872779607702,21.0182349097768,2,3,44.0413036437813,158.548693117613,6.03312361788448,0,6252.13166789074,0,0,0,1.225
703.122779607702,21.0239091939062,2,3,44.0755400860527,158.67194430979,6.03410531608961,0,6255.13437977145,0,0,0,1.225
703.372779607702,21.0295790734984,2,3,44.1097555190425,158.795119868553,6.03508697378675,0,6258.13742001243,0,0,0,1.225
703.622779607702,21.0352445580805,2,3,44.1439499913737,158.918219968945,6.03606859099091,0,6261.14078861079,0,0,0,1.225
703.872779607702,21.0409056571445,2,3,44.1781235514884,159.041244785358,6.03705016771391,0,6264.1444855611,0,0,0,1.225
704.122779607702,21.0465623801482,2,3,44.2122762476498,159.164194491539,6.03803170396986,0,6267.14851085979,0,0,0,1.225
704.372779607702,21.0522147365151,2,3,44.2464081279422,159.287069260592,6.03901319977194,0,6270.15286450251,0,0,0,1.225
704.622779607702,21.0578627356346,2,3,44.2805192402727,159.409869264982,6.03999465513198,0,6273.15754648388,0,0,0,1.225
704.872779607702,21.0635063868621,2,3,44.3146096323713,159.532594676537,6.04097607006315,0,6276.16255679957,0,0,0,1.225
705.122779607702,21.0691456995194,2,3,44.3486793517926,159.655245666453,6.04195744458048,0,6279.16789544675,0,0,0,1.225
705.372779607702,21.0747806828945,2,3,44.3827284459162,159.777822405298,6.04293877869486,0,6282.17356241928,0,0,0,1.225
705.622779607702,21.0804113462422,2,3,44.4167569619475,159.900325063011,6.0439200724195,0,6285.17955771288,0,0,0,1.225
705.872779607702,21.0860376987839,2,3,44.4507649469192,160.022753808909,6.04490132576711,0,6288.18588132289,0,0,0,1.225
706.122779607702,21.091659749708,2,3,44.4847524476915,160.145108811689,6.04588253875318,0,6291.19253324685,0,0,0,1.225
706.372779607702,21.0972775081699,2,3,44.5187195109532,160.267390239432,6.04686371138723,0,6294.19951347756,0,0,0,1.225
706.622779607702,21.1028909832925,2,3,44.5526661832229,160.389598259602,6.04784484368383,0,6297.20682201183,0,0,0,1.225
706.872779607702,21.1085001841659,2,3,44.5865925108494,160.511733039058,6.0488259356548,0,6300.21445884431,0,0,0,1.225
707.122779607702,21.1141051198477,2,3,44.6204985400126,160.633794744046,6.04980698731515,0,6303.22242397218,0,0,0,1.225
707.372779607702,21.1197057993635,2,3,44.6543843167249,160.75578354021,6.05078799867442,0,6306.23071738828,0,0,0,1.225
707.622779607702,21.1253022317067,2,3,44.6882498868313,160.877699592593,6.05176896974808,0,6309.23933909015,0,0,0,1.225
707.872779607702,21.1308944258387,2,3,44.7220952960105,160.999543065638,6.05274990054795,0,6312.24828907247,0,0,0,1.225
708.122779607702,21.1364823906891,2,3,44.7559205897762,161.121314123194,6.05373079108722,0,6315.25756733097,0,0,0,1.225
708.372779607702,21.1420661351561,2,3,44.7897258134773,161.243012928518,6.05471164137634,0,6318.26717385923,0,0,0,1.225
708.622779607702,21.1476456681062,2,3,44.8235110122988,161.364639644276,6.05569245143079,0,6321.27710865484,0,0,0,1.225
708.872779607702,21.1532209983747,2,3,44.8572762312632,161.486194432547,6.05667322126192,0,6324.2873717121,0,0,0,1.225
709.122779607702,21.1587921347657,2,3,44.8910215152305,161.60767745483,6.05765395088338,0,6327.29796302715,0,0,0,1.225
709.372779607702,21.1643590860525,2,3,44.9247469088996,161.729088872038,6.05863464030563,0,6330.30888259358,0,0,0,1.225
709.622779607702,21.1699218609772,2,3,44.9584524568089,161.850428844512,6.05961528954322,0,6333.32013040826,0,0,0,1.225
709.872779607702,21.1754804682515,2,3,44.992138203337,161.971697532013,6.06059589860661,0,6336.3317064648,0,0,0,1.225
710.122779607702,21.1810349165566,2,3,45.0258041927039,162.092895093734,6.06157646751171,0,6339.34361076116,0,0,0,1.225
710.372779607702,21.186585214543,2,3,45.0594504689711,162.214021688296,6.06255699626718,0,6342.3558432895,0,0,0,1.225
710.622779607702,21.1921313708311,2,3,45.0930770760429,162.335077473754,6.063537484888,0,6345.36840404707,0,0,0,1.225
710.872779607702,21.1976733940115,2,3,45.1266840576672,162.456062607602,6.06451793338601,0,6348.38129302859,0,0,0,1.225
711.122779607702,21.2032112926444,2,3,45.1602714574359,162.576977246769,6.06549834177349,0,6351.39451022913,0,0,0,1.225
711.372779607702,21.2087450752605,2,3,45.1938393187862,162.69782154763,6.06647871006226,0,6354.40805564342,0,0,0,1.225
711.622779607702,21.2142747503607,2,3,45.2273876850006,162.818595666002,6.0674590382655,0,6357.42192926727,0,0,0,1.225
711.872779607702,21.2198003264165,2,3,45.2609165992085,162.939299757151,6.06843932639504,0,6360.4361310954,0,0,0,1.225
712.122779607702,21.22532181187,2,3,45.2944261043864,163.059933975791,6.06941957446452,0,6363.45066112402,0,0,0,1.225
712.372779607702,21.2308392151339,2,3,45.3279162433589,163.180498476092,6.07039978248395,0,6366.4655193464,0,0,0,1.225
712.622779607702,21.2363525445922,2,3,45.3613870587992,163.300993411677,6.07137995046833,0,6369.48070575984,0,0,0,1.225
712.872779607702,21.2418618085997,2,3,45.3948385932302,163.421418935629,6.07236007842675,0,6372.49622035689,0,0,0,1.225
713.122779607702,21.2473670154824,2,3,45.4282708890249,163.541775200489,6.07334016637469,0,6375.51206313522,0,0,0,1.225
713.372779607702,21.2528681735376,2,3,45.4616839884072,163.662062358266,6.07432021432123,0,6378.52823408741,0,0,0,1.225
713.622779607702,21.2583652910343,2,3,45.4950779334528,163.78228056043,6.07530022228093,0,6381.54473321039,0,0,0,1.225
713.872779607702,21.2638583762129,2,3,45.5284527660899,163.902429957924,6.0762801902647,0,6384.56156049821,0,0,0,1.225
714.122779607702,21.2693474372857,2,3,45.5618085280997,164.022510701159,6.07726011828618,0,6387.57871594709,0,0,0,1.225
714.372779607702,21.2748324824368,2,3,45.5951452611172,164.142522940022,6.07824000635446,0,6390.59619954962,0,0,0,1.225
714.622779607702,21.2803135198224,2,3,45.6284630066321,164.262466823875,6.07921985448502,0,6393.61401130349,0,0,0,1.225
714.872779607702,21.2857905575707,2,3,45.6617618059891,164.382342501561,6.08019966268785,0,6396.63215120204,0,0,0,1.225
715.122779607702,21.2912636037823,2,3,45.6950417003891,164.502150121401,6.08117943097568,0,6399.65061924077,0,0,0,1.225
715.372779607702,21.2967326665303,2,3,45.7283027308896,164.621889831203,6.08215915936034,0,6402.66941541447,0,0,0,1.225
715.622779607702,21.3021977538602,2,3,45.7615449384053,164.741561778259,6.08313884785366,0,6405.68853971795,0,0,0,1.225
715.872779607702,21.3076588737904,2,3,45.7947683637091,164.861166109353,6.08411849646836,0,6408.70799214673,0,0,0,1.225
716.122779607702,21.3131160343118,2,3,45.8279730474324,164.980702970757,6.08509810521628,0,6411.72777269562,0,0,0,1.225
716.372779607702,21.3185692433885,2,3,45.8611590300662,165.100172508238,6.0860776741074,0,6414.74788135797,0,0,0,1.225
716.622779607702,21.3240185089576,2,3,45.8943263519614,165.219574867061,6.08705720315538,0,6417.76831813005,0,0,0,1.225
716.872779607702,21.3294638389295,2,3,45.9274750533297,165.338910191987,6.08803669237204,0,6420.78908300669,0,0,0,1.225
717.122779607702,21.3349052411877,2,3,45.9606051742441,165.458178627279,6.08901614177012,0,6423.81017598342,0,0,0,1.225
717.372779607702,21.3403427235893,2,3,45.9937167546398,165.577380316703,6.08999555135961,0,6426.83159705362,0,0,0,1.225
717.622779607702,21.3457762939649,2,3,46.0268098343147,165.696515403533,6.09097492115234,0,6429.85334621213,0,0,0,1.225
717.872779607702,21.3512059601191,2,3,46.0598844529298,165.815584030547,6.09195425116104,0,6432.87542345451,0,0,0,1.225
718.122779607702,21.3566317298299,2,3,46.0929406500104,165.934586340037,6.09293354139754,0,6435.89782877559,0,0,0,1.225
718.372779607702,21.3620536108495,2,3,46.1259784649464,166.053522473807,6.09391279187457,0,6438.92056217095,0,0,0,1.225
718.622779607702,21.3674716109041,2,3,46.1589979369929,166.172392573175,6.09489200260032,0,6441.94362363253,0,0,0,1.225
718.872779607702,21.3728857376942,2,3,46.1919991052711,166.291196778976,6.09587117359024,0,6444.9670131581,0,0,0,1.225
719.122779607702,21.3782959988944,2,3,46.2249820087686,166.409935231567,6.09685030485343,0,6447.99073074032,0,0,0,1.225
719.372779607702,21.383702402154,2,3,46.2579466863402,166.528608070825,6.09782939640354,0,6451.01477637551,0,0,0,1.225
719.622779607702,21.3891049550967,2,3,46.2908931767087,166.647215436151,6.09880844824966,0,6454.03915005635,0,0,0,1.225
719.872779607702,21.3945036653209,2,3,46.3238215184652,166.765757466475,6.09978746040633,0,6457.06385177991,0,0,0,1.225
720.122779607702,21.3998985403997,2,3,46.3567317500699,166.884234300252,6.10076643288176,0,6460.08888153814,0,0,0,1.225
720.372779607702,21.4052895878814,2,3,46.3896239098528,167.00264607547,6.10174536569139,0,6463.11423932883,0,0,0,1.225
720.622779607702,21.4106768152889,2,3,46.4224980360139,167.12099292965,6.10272425884432,0,6466.13992514469,0,0,0,1.225
720.872779607702,21.4160602301207,2,3,46.4553541666245,167.239274999848,6.10370311235147,0,6469.16593897987,0,0,0,1.225
721.122779607702,21.4214398398503,2,3,46.4881923396271,167.357492422657,6.10468192622648,0,6472.19228083071,0,0,0,1.225
721.372779607702,21.4268156519264,2,3,46.5210125928363,167.475645334211,6.10566070047935,0,6475.21895069066,0,0,0,1.225
721.622779607702,21.4321876737736,2,3,46.5538149639397,167.593733870183,6.106639435121,0,6478.2459485539,0,0,0,1.225
721.872779607702,21.4375559127919,2,3,46.5865994904979,167.711758165792,6.10761813016416,0,6481.27327441605,0,0,0,1.225
722.122779607702,21.4429203763569,2,3,46.6193662099455,167.829718355804,6.10859678561974,0,6484.30092827129,0,0,0,1.225
722.372779607702,21.4482810718202,2,3,46.6521151595915,167.947614574529,6.10957540149957,0,6487.32891011454,0,0,0,1.225
722.622779607702,21.4536380065092,2,3,46.68484637662,168.065446955832,6.11055397781456,0,6490.35721993998,0,0,0,1.225
722.872779607702,21.4589911877275,2,3,46.7175598980909,168.183215633127,6.11153251457472,0,6493.38585774108,0,0,0,1.225
723.122779607702,21.4643406227546,2,3,46.75025576094,168.300920739384,6.11251101179369,0,6496.41482351423,0,0,0,1.225
723.372779607702,21.4696863188467,2,3,46.7829340019801,168.418562407128,6.11348946948146,0,6499.44411725288,0,0,0,1.225
723.622779607702,21.4750282832358,2,3,46.8155946579012,168.536140768444,6.11446788764988,0,6502.47373895199,0,0,0,1.225
723.872779607702,21.4803665231309,2,3,46.8482377652713,168.653655954977,6.11544626630894,0,6505.50368860502,0,0,0,1.225
724.122779607702,21.4857010457174,2,3,46.880863360537,168.771108097933,6.11642460547137,0,6508.53396620766,0,0,0,1.225
724.372779607702,21.4910318581572,2,3,46.9134714800237,168.888497328085,6.11740290514717,0,6511.56457175338,0,0,0,1.225
724.622779607702,21.4963589675892,2,3,46.9460621599365,169.005823775771,6.11838116534818,0,6514.59550523714,0,0,0,1.225
724.872779607702,21.5016823811293,2,3,46.9786354363606,169.123087570898,6.11935938608531,0,6517.62676665317,0,0,0,1.225
725.122779607702,21.5070021058701,2,3,47.011191345262,169.240288842943,6.12033756736946,0,6520.65835599569,0,0,0,1.225
725.372779607702,21.5123181488817,2,3,47.0437299224879,169.357427720957,6.12131570921247,0,6523.69027325966,0,0,0,1.225
725.622779607702,21.5176305172111,2,3,47.0762512037672,169.474504333562,6.12229381162615,0,6526.72251844006,0,0,0,1.225
725.872779607702,21.5229392178828,2,3,47.1087552247112,169.59151880896,6.12327187461779,0,6529.75509152822,0,0,0,1.225
726.122779607702,21.5282442578987,2,3,47.141242020814,169.70847127493,6.12424989820283,0,6532.78799252201,0,0,0,1.225
726.372779607702,21.5335456442381,2,3,47.1737116274532,169.825361858831,6.12522788238948,0,6535.82122141352,0,0,0,1.225
726.622779607702,21.538843383858,2,3,47.2061640798901,169.942190687604,6.12620582718955,0,6538.85477819771,0,0,0,1.225
726.872779607702,21.5441374836933,2,3,47.2385994132707,170.058957887774,6.12718373261578,0,6541.8886628703,0,0,0,1.225
727.122779607702,21.5494279506565,2,3,47.2710176626258,170.175663585453,6.12816159867543,0,6544.92287542265,0,0,0,1.225
727.372779607702,21.5547147916381,2,3,47.3034188628718,170.292307906338,6.12913942538216,0,6547.95741585121,0,0,0,1.225
727.622779607702,21.5599980135066,2,3,47.335803048811,170.40889097572,6.13011721274688,0,6550.99228415024,0,0,0,1.225
727.872779607702,21.5652776231087,2,3,47.3681702551324,170.525412918477,6.13109496077959,0,6554.02748031329,0,0,0,1.225
728.122779607702,21.5705536272693,2,3,47.4005205164118,170.641873859082,6.13207266949121,0,6557.06300433465,0,0,0,1.225
728.372779607702,21.5758260327915,2,3,47.4328538671127,170.758273921606,6.13305033889174,0,6560.09885620786,0,0,0,1.225
728.622779607702,21.5810948464571,2,3,47.4651703415867,170.874613229712,6.134027968993,0,6563.13503592794,0,0,0,1.225
728.872779607702,21.5863600750261,2,3,47.4974699740738,170.990891906666,6.13500555980681,0,6566.17154348991,0,0,0,1.225
729.122779607702,21.5916217252372,2,3,47.5297527987031,171.107110075331,6.13598311134137,0,6569.20837888588,0,0,0,1.225
729.372779607702,21.5968798038079,2,3,47.5620188494934,171.223267858176,6.13696062361032,0,6572.24554211234,0,0,0,1.225
729.622779607702,21.6021343174345,2,3,47.5942681603533,171.339365377272,6.13793809662184,0,6575.28303316139,0,0,0,1.225
729.872779607702,21.6073852727921,2,3,47.6265007650822,171.455402754296,6.13891553038866,0,6578.32085202881,0,0,0,1.225
730.122779607702,21.6126326765347,2,3,47.6587166973703,171.571380110533,6.13989292491988,0,6581.35899870745,0,0,0,1.225
730.372779607702,21.6178765352955,2,3,47.6909159907994,171.687297566878,6.1408702802255,0,6584.39747319089,0,0,0,1.225
730.622779607702,21.6231168556871,2,3,47.7230986788434,171.803155243836,6.14184759632008,0,6587.43627547637,0,0,0,1.225
730.872779607702,21.6283536443008,2,3,47.7552647948685,171.918953261527,6.14282487320997,0,6590.47540555457,0,0,0,1.225
731.122779607702,21.6335869077078,2,3,47.787414372134,172.034691739682,6.14380211090793,0,6593.51486342126,0,0,0,1.225
731.372779607702,21.6388166524585,2,3,47.8195474437925,172.150370797653,6.14477930942394,0,6596.55464907006,0,0,0,1.225
731.622779607702,21.6440428850827,2,3,47.8516640428906,172.265990554406,6.14575646876801,0,6599.59476249456,0,0,0,1.225
731.872779607702,21.6492656120901,2,3,47.8837642023693,172.381551128529,6.14673358895197,0,6602.63520368983,0,0,0,1.225
732.122779607702,21.65448483997,2,3,47.9158479550642,172.497052638231,6.14771066998492,0,6605.67597264877,0,0,0,1.225
732.372779607702,21.6597005751914,2,3,47.9479153337066,172.612495201344,6.14868771187957,0,6608.71706936716,0,0,0,1.225
732.622779607702,21.6649128242034,2,3,47.9799663709233,172.727878935324,6.14966471464322,0,6611.75849383645,0,0,0,1.225
732.872779607702,21.6701215934349,2,3,48.0120010992373,172.843203957254,6.15064167828859,0,6614.80024605245,0,0,0,1.225
733.122779607702,21.6753268892949,2,3,48.0440195510684,172.958470383846,6.15161860282569,0,6617.84232600878,0,0,0,1.225
733.372779607702,21.6805287181725,2,3,48.0760217587335,173.073678331441,6.15259548826452,0,6620.88473369909,0,0,0,1.225
733.622779607702,21.6857270864373,2,3,48.108007754447,173.188827916009,6.15357233461418,0,6623.92746911627,0,0,0,1.225
733.872779607702,21.6909220004389,2,3,48.1399775703215,173.303919253158,6.15454914188922,0,6626.97053225761,0,0,0,1.225
734.122779607702,21.6961134665075,2,3,48.171931238368,173.418952458125,6.15552591009509,0,6630.01392311311,0,0,0,1.225
734.372779607702,21.7013014909537,2,3,48.2038687904964,173.533927645787,6.15650263924454,0,6633.0576416786,0,0,0,1.225
734.622779607702,21.7064860800687,2,3,48.2357902585159,173.648844930657,6.15747932934937,0,6636.1016879492,0,0,0,1.225
734.872779607702,21.7116672401245,2,3,48.2676956741357,173.763704426889,6.15845598041687,0,6639.14606191637,0,0,0,1.225
735.122779607702,21.7168449773736,2,3,48.2995850689651,173.878506248275,6.15943259245796,0,6642.19076357451,0,0,0,1.225
735.372779607702,21.7220192980494,2,3,48.3314584745142,173.993250508251,6.16040916548445,0,6645.23579291872,0,0,0,1.225
735.622779607702,21.7271902083664,2,3,48.3633159221939,174.107937319898,6.16138569950454,0,6648.28114994123,0,0,0,1.225
735.872779607702,21.7323577145199,2,3,48.395157443317,174.222566795941,6.16236219452912,0,6651.32683463643,0,0,0,1.225
736.122779607702,21.7375218226863,2,3,48.4269830690981,174.337139048753,6.16333865057004,0,6654.37284699945,0,0,0,1.225
736.372779607702,21.7426825390232,2,3,48.4587928306542,174.451654190355,6.16431506763456,0,6657.41918702179,0,0,0,1.225
736.622779607702,21.7478398696695,2,3,48.4905867590052,174.566112332419,6.16529144573633,0,6660.46585470003,0,0,0,1.225
736.872779607702,21.7529938207452,2,3,48.522364885074,174.680513586266,6.16626778488171,0,6663.51285002496,0,0,0,1.225
737.122779607702,21.7581443983519,2,3,48.5541272396874,174.794858062875,6.16724408508344,0,6666.56017299245,0,0,0,1.225
737.372779607702,21.7632916085726,2,3,48.5858738535761,174.909145872874,6.16822034634879,0,6669.60782359401,0,0,0,1.225
737.622779607702,21.7684354574719,2,3,48.6176047573754,175.023377126552,6.1691965686914,0,6672.65580182624,0,0,0,1.225
737.872779607702,21.7735759510959,2,3,48.6493199816254,175.137551933851,6.17017275211947,0,6675.70410768139,0,0,0,1.225
738.122779607702,21.7787130954726,2,3,48.6810195567715,175.251670404377,6.17114889664208,0,6678.75274115244,0,0,0,1.225
738.372779607702,21.7838468966116,2,3,48.7127035131648,175.365732647393,6.17212500227197,0,6681.80170223527,0,0,0,1.225
738.622779607702,21.7889773605046,2,3,48.7443718810625,175.479738771825,6.1731010690155,0,6684.8509909207,0,0,0,1.225
738.872779607702,21.7941044931249,2,3,48.7760246906284,175.593688886262,6.17407709688632,0,6687.90060720534,0,0,0,1.225
739.122779607702,21.7992283004283,2,3,48.8076619719331,175.707583098959,6.1750530858917,0,6690.95055108073,0,0,0,1.225
739.372779607702,21.8043487883521,2,3,48.8392837549546,175.821421517836,6.17602903604075,0,6694.00082253987,0,0,0,1.225
739.622779607702,21.8094659628163,2,3,48.8708900695784,175.935204250482,6.17700494734618,0,6697.05142157866,0,0,0,1.225
739.872779607702,21.8145798297229,2,3,48.9024809455983,176.048931404154,6.17798081981709,0,6700.10234819011,0,0,0,1.225
740.122779607702,21.8196903949562,2,3,48.9340564127166,176.16260308578,6.1789566534635,0,6703.15360236795,0,0,0,1.225
740.372779607702,21.824797664383,2,3,48.9656165005442,176.276219401959,6.17993244829358,0,6706.20518410447,0,0,0,1.225
740.622779607702,21.8299016438525,2,3,48.9971612386016,176.389780458966,6.18090820431735,0,6709.2570933934,0,0,0,1.225
740.872779607702,21.8350023391965,2,3,49.0286906563186,176.503286362747,6.18188392154661,0,6712.30933022994,0,0,0,1.225
741.122779607702,21.8400997562292,2,3,49.0602047830354,176.616737218927,6.18285959998866,0,6715.36189460565,0,0,0,1.225
741.372779607702,21.8451939007479,2,3,49.0917036480023,176.730133132808,6.18383523965531,0,6718.41478651576,0,0,0,1.225
741.622779607702,21.8502847785323,2,3,49.1231872803805,176.84347420937,6.18481084055475,0,6721.46800595255,0,0,0,1.225
741.872779607702,21.855372395345,2,3,49.1546557092423,176.956760553272,6.18578640269789,0,6724.52155291051,0,0,0,1.225
742.122779607702,21.8604567569316,2,3,49.1861089635717,177.069992268858,6.18676192609291,0,6727.57542738194,0,0,0,1.225
742.372779607702,21.8655378690207,2,3,49.2175470722643,177.183169460152,6.18773741075256,0,6730.62962936281,0,0,0,1.225
742.622779607702,21.8706157373239,2,3,49.2489700641284,177.296292230862,6.18871285668229,0,6733.68415884323,0,0,0,1.225
742.872779607702,21.8756903675358,2,3,49.2803779678845,177.409360684384,6.18968826389391,0,6736.73901581844,0,0,0,1.225
743.122779607702,21.8807617653343,2,3,49.3117708121665,177.522374923799,6.19066363239835,0,6739.79420028293,0,0,0,1.225
743.372779607702,21.8858299363805,2,3,49.3431486255213,177.635335051877,6.19163896220289,0,6742.84971222832,0,0,0,1.225
743.622779607702,21.890894886319,2,3,49.3745114364098,177.748241171075,6.19261425331752,0,6745.90555164837,0,0,0,1.225
743.872779607702,21.8959566207775,2,3,49.4058592732069,177.861093383545,6.19358950575315,0,6748.96171853761,0,0,0,1.225
744.122779607702,21.9010151453674,2,3,49.4371921642021,177.973891791128,6.19456471951617,0,6752.01821288691,0,0,0,1.225
744.372779607702,21.9060704656836,2,3,49.4685101375995,178.086636495358,6.19553989461929,0,6755.07503469226,0,0,0,1.225
744.622779607702,21.9111225873044,2,3,49.4998132215184,178.199327597466,6.19651503107161,0,6758.13218394672,0,0,0,1.225
744.872779607702,21.9161715157921,2,3,49.5311014439937,178.311965198377,6.19749012888133,0,6761.18966064263,0,0,0,1.225
745.122779607702,21.9212172566924,2,3,49.5623748329761,178.424549398714,6.19846518805844,0,6764.2474647738,0,0,0,1.225
745.372779607702,21.926259815535,2,3,49.5936334163327,178.537080298798,6.19944020861294,0,6767.30559633404,0,0,0,1.225
745.622779607702,21.9312991978335,2,3,49.624877221847,178.649557998649,6.20041519055394,0,6770.36405531644,0,0,0,1.225
745.872779607702,21.9363354090852,2,3,49.6561062772193,178.761982597989,6.20139013388871,0,6773.42284171262,0,0,0,1.225
746.122779607702,21.9413684547717,2,3,49.6873206100674,178.874354196243,6.20236503863089,0,6776.48195551932,0,0,0,1.225
746.372779607702,21.9463983403584,2,3,49.7185202479265,178.986672892536,6.20333990478593,0,6779.54139672671,0,0,0,1.225
746.622779607702,21.951425071295,2,3,49.74970521825,179.0989387857,6.20431473236476,0,6782.60116532935,0,0,0,1.225
746.872779607702,21.9564486530153,2,3,49.7808755484092,179.211151974273,6.20528952137465,0,6785.66126131888,0,0,0,1.225
747.122779607702,21.9614690909374,2,3,49.8120312656943,179.323312556499,6.20626427182924,0,6788.72168469205,0,0,0,1.225
747.372779607702,21.9664863904637,2,3,49.8431723973143,179.435420630332,6.2072389837349,0,6791.78243543979,0,0,0,1.225
747.622779607702,21.9715005569811,2,3,49.8742989703976,179.547476293431,6.20821365710071,0,6794.8435135552,0,0,0,1.225
747.872779607702,21.9765115958607,2,3,49.9054110119921,179.659479643172,6.2091882919367,0,6797.90491903212,0,0,0,1.225
748.122779607702,21.9815195124583,2,3,49.9365085490657,179.771430776636,6.21016288825103,0,6800.96665186295,0,0,0,1.225
748.372779607702,21.9865243121143,2,3,49.9675916085065,179.883329790623,6.21113744605464,0,6804.02871204226,0,0,0,1.225
748.622779607702,21.9915260001537,2,3,49.9986602171232,179.995176781644,6.21211196535569,0,6807.09109956245,0,0,0,1.225
748.872779607702,21.996524581886,2,3,50.0297144016455,180.106971845924,6.21308644616147,0,6810.15381441519,0,0,0,1.225
749.122779607702,22.0015200626058,2,3,50.0607541887243,180.218715079408,6.21406088848471,0,6813.21685659652,0,0,0,1.225
749.372779607702,22.0065124475924,2,3,50.091779604932,180.330406577755,6.2150352923336,0,6816.28022609885,0,0,0,1.225
749.622779607702,22.0115017421097,2,3,50.122790676763,180.442046436347,6.2160096577154,0,6819.34392291387,0,0,0,1.225
749.872779607702,22.0164879514069,2,3,50.1537874306336,180.553634750281,6.21698398464014,0,6822.40794703544,0,0,0,1.225
750.122779607702,22.0214710807182,2,3,50.1847698928831,180.665171614379,6.21795827311689,0,6825.47229845671,0,0,0,1.225
750.372779607702,22.0264511352626,2,3,50.2157380897731,180.776657123183,6.21893252315476,0,6828.53697717082,0,0,0,1.225
750.622779607702,22.0314281202445,2,3,50.2466920474888,180.88809137096,6.21990673476103,0,6831.60198316947,0,0,0,1.225
750.872779607702,22.0364020408532,2,3,50.2776317921384,180.999474451698,6.22088090794841,0,6834.66731644873,0,0,0,1.225
751.122779607702,22.0413729022635,2,3,50.3085573497543,181.110806459115,6.22185504272329,0,6837.73297699957,0,0,0,1.225
751.372779607702,22.0463407096355,2,3,50.3394687462926,181.222087486653,6.22282913909476,0,6840.79896481515,0,0,0,1.225
751.622779607702,22.0513054681144,2,3,50.370366007634,181.333317627483,6.22380319707372,0,6843.86527989009,0,0,0,1.225
751.872779607702,22.056267182831,2,3,50.4012491595838,181.444496974502,6.22477721666655,0,6846.93192221538,0,0,0,1.225
752.122779607702,22.0612258589016,2,3,50.4321182278723,181.55562562034,6.22575119788235,0,6849.99889178419,0,0,0,1.225
752.372779607702,22.0661815014281,2,3,50.4629732381549,181.666703657358,6.22672514073111,0,6853.06618859042,0,0,0,1.225
752.622779607702,22.0711341154977,2,3,50.4938142160129,181.777731177647,6.22769904522102,0,6856.13381262652,0,0,0,1.225
752.872779607702,22.0760837061836,2,3,50.5246411869533,181.888708273032,6.22867291136299,0,6859.20176388712,0,0,0,1.225
753.122779607702,22.0810302785445,2,3,50.5554541764091,181.999635035073,6.22964673916158,0,6862.27004236177,0,0,0,1.225
753.372779607702,22.0859738376248,2,3,50.5862532097402,182.110511555065,6.23062052863042,0,6865.33864804731,0,0,0,1.225
753.622779607702,22.090914388455,2,3,50.6170383122329,182.221337924038,6.23159427977316,0,6868.40758093254,0,0,0,1.225
753.872779607702,22.0958519360511,2,3,50.6478095091007,182.332114232762,6.23256799260344,0,6871.47684101431,0,0,0,1.225
754.122779607702,22.1007864854154,2,3,50.6785668254843,182.442840571744,6.2335416671267,0,6874.5464282829,0,0,0,1.225
754.372779607702,22.1057180415359,2,3,50.7093102864523,182.553517031228,6.23451530335478,0,6877.61634273369,0,0,0,1.225
754.622779607702,22.1106466093869,2,3,50.7400399170011,182.664143701204,6.23548890129223,0,6880.68658435625,0,0,0,1.225
754.872779607702,22.1155721939285,2,3,50.7707557420551,182.774720671398,6.23646246095177,0,6883.75715314669,0,0,0,1.225
755.122779607702,22.1204948001072,2,3,50.8014577864676,182.885248031283,6.23743598233887,0,6886.82804909532,0,0,0,1.225
755.372779607702,22.1254144328555,2,3,50.8321460750203,182.995725870073,6.23840946546443,0,6889.89927219681,0,0,0,1.225
755.622779607702,22.1303310970924,2,3,50.8628206324241,183.106154276727,6.23938291033573,0,6892.97082244291,0,0,0,1.225
755.872779607702,22.135244797723,2,3,50.8934814833194,183.21653333995,6.24035631696188,0,6896.04269982684,0,0,0,1.225
756.122779607702,22.1401555396389,2,3,50.9241286522759,183.326863148193,6.24132968535287,0,6899.11490434255,0,0,0,1.225
756.372779607702,22.1450633277181,2,3,50.9547621637936,183.437143789657,6.24230301551506,0,6902.18743598109,0,0,0,1.225
756.622779607702,22.1499681668248,2,3,50.9853820423022,183.547375352288,6.24327630745574,0,6905.26029473424,0,0,0,1.225
756.872779607702,22.1548700618103,2,3,51.0159883121622,183.657557923784,6.24424956118764,0,6908.33348059812,0,0,0,1.225
757.122779607702,22.1597690175118,2,3,51.0465809976647,183.767691591593,6.24522277671713,0,6911.4069935638,0,0,0,1.225
757.372779607702,22.1646650387538,2,3,51.0771601230319,183.877776442915,6.24619595405238,0,6914.48083362378,0,0,0,1.225
757.622779607702,22.1695581303469,2,3,51.107725712417,183.987812564701,6.24716909320341,0,6917.55500077203,0,0,0,1.225
757.872779607702,22.1744482970888,2,3,51.1382777899051,184.097800043658,6.24814219417476,0,6920.62949499817,0,0,0,1.225
758.122779607702,22.1793355437638,2,3,51.1688163795127,184.207738966246,6.24911525698008,0,6923.70431629907,0,0,0,1.225
758.372779607702,22.1842198751432,2,3,51.1993415051887,184.317629418679,6.25008828162481,0,6926.77946466508,0,0,0,1.225
758.622779607702,22.1891012959849,2,3,51.2298531908142,184.427471486931,6.25106126811806,0,6929.85494008945,0,0,0,1.225
758.872779607702,22.1939798110342,2,3,51.2603514602028,184.53726525673,6.25203421646711,0,6932.93074256397,0,0,0,1.225
759.122779607702,22.1988554250229,2,3,51.2908363371013,184.647010813565,6.25300712668104,0,6936.00687208192,0,0,0,1.225
759.372779607702,22.2037281426701,2,3,51.3213078451891,184.756708242681,6.25397999876895,0,6939.08332863656,0,0,0,1.225
759.622779607702,22.2085979686819,2,3,51.3517660080795,184.866357629086,6.25495283273995,0,6942.16011222114,0,0,0,1.225
759.872779607702,22.2134649077517,2,3,51.3822108493191,184.975959057549,6.25592562860038,0,6945.23722282676,0,0,0,1.225
760.122779607702,22.2183289645599,2,3,51.4126423923885,185.085512612599,6.25689838635753,0,6948.31466044523,0,0,0,1.225
760.372779607702,22.2231901437741,2,3,51.4430606607025,185.195018378529,6.25787110602414,0,6951.39242507274,0,0,0,1.225
760.622779607702,22.2280484500494,2,3,51.4734656776103,185.304476439397,6.25884378760293,0,6954.47051669747,0,0,0,1.225
760.872779607702,22.232903888028,2,3,51.5038574663957,185.413886879024,6.25981643110754,0,6957.54893531635,0,0,0,1.225
761.122779607702,22.2377564623397,2,3,51.5342360502774,185.523249780999,6.26078903654252,0,6960.62768091901,0,0,0,1.225
761.372779607702,22.2426061776016,2,3,51.5646014524095,185.632565228674,6.26176160391606,0,6963.70675349803,0,0,0,1.225
761.622779607702,22.2474530384182,2,3,51.5949536958811,185.741833305172,6.26273413323815,0,6966.78615304741,0,0,0,1.225
761.872779607702,22.2522970493818,2,3,51.6252928037174,185.851054093383,6.263706624517,0,6969.86587955972,0,0,0,1.225
762.122779607702,22.2571382150719,2,3,51.6556187988792,185.960227675965,6.26467907775987,0,6972.94593302681,0,0,0,1.225
762.372779607702,22.261976540056,2,3,51.6859317042637,186.069354135349,6.26565149297403,0,6976.02631344051,0,0,0,1.225
762.622779607702,22.266812028889,2,3,51.7162315427042,186.178433553735,6.2666238701695,0,6979.10702079486,0,0,0,1.225
762.872779607702,22.2716446861135,2,3,51.746518336971,186.287466013096,6.26759620935263,0,6982.18805508098,0,0,0,1.225
763.122779607702,22.2764745162601,2,3,51.776792109771,186.396451595176,6.26856851053344,0,6985.26941629291,0,0,0,1.225
763.372779607702,22.281301523847,2,3,51.8070528837485,186.505390381494,6.26954077371829,0,6988.35110442177,0,0,0,1.225
763.622779607702,22.2861257133803,2,3,51.8373006814848,186.614282453345,6.27051299891536,0,6991.43311946015,0,0,0,1.225
763.872779607702,22.290947089354,2,3,51.8675355254993,186.723127891797,6.27148518613376,0,6994.51546140137,0,0,0,1.225
764.122779607702,22.2957656562502,2,3,51.8977574382488,186.831926777696,6.27245733538075,0,6997.59813023729,0,0,0,1.225
764.372779607702,22.3005814185387,2,3,51.9279664421285,186.940679191662,6.27342944666361,0,7000.68112595978,0,0,0,1.225
764.622779607702,22.3053943806774,2,3,51.9581625594717,187.049385214098,6.27440151999235,0,7003.7644485629,0,0,0,1.225
764.872779607702,22.3102045471126,2,3,51.9883458125504,187.158044925181,6.27537355537333,0,7006.84809803778,0,0,0,1.225
765.122779607702,22.3150119222783,2,3,52.0185162235754,187.266658404871,6.27634555281566,0,7009.93207437777,0,0,0,1.225
765.372779607702,22.3198165105969,2,3,52.0486738146964,187.375225732907,6.27731751232568,0,7013.01637757401,0,0,0,1.225
765.622779607702,22.324618316479,2,3,52.0788186080024,187.483746988809,6.27828943391251,0,7016.10100761984,0,0,0,1.225
765.872779607702,22.3294173443234,2,3,52.108950625522,187.592222251879,6.2792613175834,0,7019.18596450715,0,0,0,1.225
766.122779607702,22.3342135985172,2,3,52.1390698892234,187.700651601204,6.28023316334657,0,7022.27124822855,0,0,0,1.225
766.372779607702,22.3390070834359,2,3,52.1691764210148,187.809035115653,6.28120497120835,0,7025.3568587752,0,0,0,1.225
766.622779607702,22.3437978034433,2,3,52.1992702427444,187.91737287388,6.28217674117968,0,7028.44279614192,0,0,0,1.225
766.872779607702,22.3485857628917,2,3,52.229351376201,188.025664954324,6.28314847326601,0,7031.52906031913,0,0,0,1.225
767.122779607702,22.353370966122,2,3,52.259419843114,188.13391143521,6.28412016747643,0,7034.6156513002,0,0,0,1.225
767.372779607702,22.3581534174633,2,3,52.2894756651535,188.242112394553,6.28509182381913,0,7037.70256907776,0,0,0,1.225
767.622779607702,22.3629331212335,2,3,52.3195188639308,188.350267910151,6.28606344229865,0,7040.78981364153,0,0,0,1.225
767.872779607702,22.3677100817391,2,3,52.3495494609984,188.458378059594,6.28703502292683,0,7043.87738498706,0,0,0,1.225
768.122779607702,22.3724843032751,2,3,52.3795674778503,188.566442920261,6.2880065657082,0,7046.96528310407,0,0,0,1.225
768.372779607702,22.3772557901253,2,3,52.4095729359224,188.67446256932,6.28897807065186,0,7050.05350798593,0,0,0,1.225
768.622779607702,22.3820245465622,2,3,52.4395658565922,188.782437083732,6.2899495377651,0,7053.14205962456,0,0,0,1.225
768.872779607702,22.3867905768471,2,3,52.4695462611797,188.890366540247,6.29092096705699,0,7056.23093801334,0,0,0,1.225
769.122779607702,22.3915538852301,2,3,52.4995141709471,188.998251015409,6.29189235853391,0,7059.32014314345,0,0,0,1.225
769.372779607702,22.3963144759501,2,3,52.5294696070992,189.106090585557,6.29286371220405,0,7062.40967500756,0,0,0,1.225
769.622779607702,22.4010723532349,2,3,52.5594125907836,189.213885326821,6.29383502807377,0,7065.49953359686,0,0,0,1.225
769.872779607702,22.4058275213014,2,3,52.5893431430911,189.321635315128,6.29480630615126,0,7068.58971890402,0,0,0,1.225
770.122779607702,22.4105799843551,2,3,52.6192612850554,189.429340626199,6.29577754644561,0,7071.68023092241,0,0,0,1.225
770.372779607702,22.415329746591,2,3,52.6491670376539,189.537001335554,6.29674874896318,0,7074.77106964325,0,0,0,1.225
770.622779607702,22.4200768121928,2,3,52.6790604218076,189.644617518507,6.29771991371126,0,7077.86223505848,0,0,0,1.225
770.872779607702,22.4248211853334,2,3,52.7089414583812,189.752189250172,6.29869104069621,0,7080.95372715932,0,0,0,1.225
771.122779607702,22.4295628701749,2,3,52.7388101681836,189.859716605461,6.29966212992986,0,7084.04554594133,0,0,0,1.225
771.372779607702,22.4343018708686,2,3,52.7686665719681,189.967199659085,6.30063318141492,0,7087.13769139285,0,0,0,1.225
771.622779607702,22.4390381915547,2,3,52.7985106904323,190.074638485556,6.30160419516142,0,7090.23016350799,0,0,0,1.225
771.872779607702,22.4437718363631,2,3,52.8283425442184,190.182033159186,6.30257517117661,0,7093.32296227871,0,0,0,1.225
772.122779607702,22.4485028094127,2,3,52.8581621539137,190.289383754089,6.30354610946779,0,7096.41608769697,0,0,0,1.225
772.372779607702,22.4532311148118,2,3,52.8879695400505,190.396690344182,6.30451701004131,0,7099.50953975399,0,0,0,1.225
772.622779607702,22.4579567566582,2,3,52.9177647231065,190.503953003183,6.30548787290627,0,7102.6033184432,0,0,0,1.225
772.872779607702,22.4626797390389,2,3,52.9475477235046,190.611171804616,6.30645869806904,0,7105.69742375583,0,0,0,1.225
773.122779607702,22.4674000660305,2,3,52.9773185616137,190.718346821809,6.3074294855378,0,7108.79185568458,0,0,0,1.225
773.372779607702,22.472117741699,2,3,53.0070772577484,190.825478127894,6.308400235318,0,7111.88661421995,0,0,0,1.225
773.622779607702,22.4768327701001,2,3,53.0368238321696,190.932565795811,6.30937094741967,0,7114.98169935611,0,0,0,1.225
773.872779607702,22.4815451552787,2,3,53.0665583050843,191.039609898303,6.31034162184733,0,7118.07711108284,0,0,0,1.225
774.122779607702,22.4862549012697,2,3,53.096280696646,191.146610507926,6.311312258611,0,7121.17284939431,0,0,0,1.225
774.372779607702,22.4909620120975,2,3,53.125991026955,191.253567697038,6.31228285771704,0,7124.26891428177,0,0,0,1.225
774.622779607702,22.495666491776,2,3,53.1556893160585,191.36048153781,6.31325341917272,0,7127.3653057372,0,0,0,1.225
774.872779607702,22.500368344309,2,3,53.1853755839504,191.467352102222,6.31422394298352,0,7130.46202375113,0,0,0,1.225
775.122779607702,22.50506757369,2,3,53.2150498505724,191.574179462061,6.31519442915942,0,7133.55906831773,0,0,0,1.225
775.372779607702,22.5097641839024,2,3,53.2447121358133,191.680963688928,6.3161648777068,0,7136.65643942827,0,0,0,1.225
775.622779607702,22.5144581789192,2,3,53.2743624595096,191.787704854235,6.31713528863293,0,7139.75413707474,0,0,0,1.225
775.872779607702,22.5191495627034,2,3,53.3040008414458,191.894403029205,6.31810566194326,0,7142.85216124768,0,0,0,1.225
776.122779607702,22.5238383392079,2,3,53.3336273013541,192.001058284875,6.31907599764691,0,7145.95051194054,0,0,0,1.225
776.372779607702,22.5285245123755,2,3,53.3632418589154,192.107670692095,6.32004629575113,0,7149.04918914533,0,0,0,1.225
776.622779607702,22.533208086139,2,3,53.3928445337585,192.21424032153,6.32101655626138,0,7152.14819285259,0,0,0,1.225
776.872779607702,22.5378890644212,2,3,53.422435345461,192.32076724366,6.32198677918677,0,7155.24752305579,0,0,0,1.225
777.122779607702,22.5425674511348,2,3,53.4520143135494,192.427251528778,6.32295696453366,0,7158.34717974621,0,0,0,1.225
777.372779607702,22.5472432501827,2,3,53.481581457499,192.533693246997,6.32392711230841,0,7161.44716291513,0,0,0,1.225
777.622779607702,22.5519164654581,2,3,53.5111367967343,192.640092468243,6.32489722251739,0,7164.54747255384,0,0,0,1.225
777.872779607702,22.556587100844,2,3,53.540680350629,192.746449262264,6.32586729517152,0,7167.64810865727,0,0,0,1.225
778.122779607702,22.5612551602137,2,3,53.5702121385065,192.852763698624,6.32683733027352,0,7170.74907121379,0,0,0,1.225
778.372779607702,22.5659206474308,2,3,53.5997321796399,192.959035846704,6.32780732783249,0,7173.85036021689,0,0,0,1.225
778.622779607702,22.5705835663492,2,3,53.6292404932518,193.065265775707,6.32877728785661,0,7176.95197565932,0,0,0,1.225
778.872779607702,22.5752439208129,2,3,53.6587370985154,193.171453554655,6.32974721035043,0,7180.05391753093,0,0,0,1.225
779.122779607702,22.5799017146562,2,3,53.6882220145537,193.277599252393,6.33071709532123,0,7183.15618582374,0,0,0,1.225
779.372779607702,22.584556951704,2,3,53.7176952604404,193.383702937585,6.33168694277629,0,7186.25878052978,0,0,0,1.225
779.622779607702,22.5892096357715,2,3,53.7471568551994,193.489764678718,6.33265675272469,0,7189.36170164255,0,0,0,1.225
779.872779607702,22.5938597706641,2,3,53.7766068178059,193.595784544101,6.33362652517098,0,7192.4649491519,0,0,0,1.225
780.122779607702,22.598507360178,2,3,53.8060451671855,193.701762601868,6.33459626012336,0,7195.5685230506,0,0,0,1.225
780.372779607702,22.6031524080995,2,3,53.8354719222153,193.807698919975,6.33556595758637,0,7198.67242332851,0,0,0,1.225
780.622779607702,22.6077949182059,2,3,53.8648871017236,193.913593566205,6.33653561757001,0,7201.77664997985,0,0,0,1.225
780.872779607702,22.6124348942646,2,3,53.8942907244899,194.019446608164,6.33750524007974,0,7204.88120299523,0,0,0,1.225
781.122779607702,22.6170723400338,2,3,53.9236828092457,194.125258113285,6.33847482512283,0,7207.98608236669,0,0,0,1.225
781.372779607702,22.6217072592624,2,3,53.9530633746741,194.231028148827,6.33944437270566,0,7211.09128808555,0,0,0,1.225
781.622779607702,22.6263396556898,2,3,53.9824324394101,194.336756781877,6.34041388283367,0,7214.19682014242,0,0,0,1.225
781.872779607702,22.6309695330462,2,3,54.0117900220412,194.442444079348,6.34138335551688,0,7217.30267853153,0,0,0,1.225
782.122779607702,22.6355968950525,2,3,54.0411361411068,194.548090107984,6.34235279075983,0,7220.40886324277,0,0,0,1.225
782.372779607702,22.6402217454202,2,3,54.070470815099,194.653694934356,6.3433221885698,0,7223.5153742682,0,0,0,1.225
782.622779607702,22.6448440878517,2,3,54.0997940624625,194.759258624865,6.34429154895315,0,7226.62221159915,0,0,0,1.225
782.872779607702,22.6494639260404,2,3,54.1291059015948,194.864781245741,6.34526087191716,0,7229.72937522769,0,0,0,1.225
783.122779607702,22.6540812636702,2,3,54.1584063508465,194.970262863048,6.3462301574682,0,7232.83686514517,0,0,0,1.225
783.372779607702,22.6586961044162,2,3,54.1876954285213,195.075703542677,6.34719940561445,0,7235.94468134438,0,0,0,1.225
783.622779607702,22.6633084519442,2,3,54.216973152876,195.181103350354,6.34816861636045,0,7239.05282381523,0,0,0,1.225
783.872779607702,22.6679183099111,2,3,54.2462395421212,195.286462351636,6.34913778971531,0,7242.16129255123,0,0,0,1.225
784.122779607702,22.6725256819645,2,3,54.275494614421,195.391780611916,6.35010692568267,0,7245.27008754157,0,0,0,1.225
784.372779607702,22.6771305717433,2,3,54.3047383878933,195.497058196416,6.3510760242707,0,7248.37920877905,0,0,0,1.225
784.622779607702,22.6817329828774,2,3,54.33397088061,195.602295170196,6.35204508548668,0,7251.48865625575,0,0,0,1.225
784.872779607702,22.6863329189877,2,3,54.363192110597,195.707491598149,6.35301410933607,0,7254.59842996231,0,0,0,1.225
785.122779607702,22.6909303836861,2,3,54.3924020958348,195.812647545005,6.35398309582615,0,7257.70852989083,0,0,0,1.225
785.372779607702,22.6955253805758,2,3,54.4216008542579,195.917763075329,6.35495204496237,0,7260.81895603192,0,0,0,1.225
785.622779607702,22.7001179132512,2,3,54.4507884037559,196.022838253521,6.35592095675383,0,7263.92970837916,0,0,0,1.225
785.872779607702,22.7047079852976,2,3,54.4799647621728,196.127873143822,6.35688983120508,0,7267.04078692244,0,0,0,1.225
786.122779607702,22.7092956002918,2,3,54.5091299473076,196.232867810307,6.35785866832157,0,7270.15219165242,0,0,0,1.225
786.372779607702,22.7138807618019,2,3,54.5382839769146,196.337822316892,6.35882746811239,0,7273.26392256265,0,0,0,1.225
786.622779607702,22.7184634733869,2,3,54.567426868703,196.442736727331,6.35979623058392,0,7276.37597964451,0,0,0,1.225
786.872779607702,22.7230437385975,2,3,54.5965586403377,196.547611105216,6.36076495574162,0,7279.48836288865,0,0,0,1.225
787.122779607702,22.7276215609756,2,3,54.625679309439,196.65244551398,6.36173364359183,0,7282.60107228645,0,0,0,1.225
787.372779607702,22.7321969440545,2,3,54.6547888935828,196.757240016898,6.36270229414004,0,7285.71410782857,0,0,0,1.225
787.622779607702,22.7367698913589,2,3,54.6838874103011,196.861994677084,6.36367090739532,0,7288.82746950858,0,0,0,1.225
787.872779607702,22.7413404064048,2,3,54.7129748770817,196.966709557494,6.36463948336132,0,7291.94115731568,0,0,0,1.225
788.122779607702,22.7459084926998,2,3,54.7420513113687,197.071384720927,6.36560802204804,0,7295.05517124417,0,0,0,1.225
788.372779607702,22.750474153743,2,3,54.7711167305625,197.176020230025,6.3665765234573,0,7298.16951128182,0,0,0,1.225
788.622779607702,22.755037393025,2,3,54.8001711520198,197.280616147271,6.36754498760001,0,7301.28417742365,0,0,0,1.225
788.872779607702,22.7595982140278,2,3,54.8292145930542,197.385172534995,6.368513414478,0,7304.39916965742,0,0,0,1.225
789.122779607702,22.7641566202253,2,3,54.8582470709357,197.489689455369,6.36948180410218,0,7307.51448797818,0,0,0,1.225
789.372779607702,22.7687126150826,2,3,54.8872686028916,197.59416697041,6.37045015647527,0,7310.63013237441,0,0,0,1.225
789.622779607702,22.7732662020568,2,3,54.916279206106,197.698605141982,6.37141847160547,0,7313.74610283897,0,0,0,1.225
789.872779607702,22.7778173845963,2,3,54.9452788977203,197.803004031793,6.37238674949822,0,7316.86239936255,0,0,0,1.225
790.122779607702,22.7823661661417,2,3,54.9742676948332,197.9073637014,6.37335499016081,0,7319.97902193729,0,0,0,1.225
790.372779607702,22.7869125501247,2,3,55.003245614501,198.011684212204,6.37432319359777,0,7323.09597055313,0,0,0,1.225
790.622779607702,22.7914565399692,2,3,55.0322126737375,198.115965625455,6.37529135981822,0,7326.21324520367,0,0,0,1.225
790.872779607702,22.7959981390907,2,3,55.0611688895145,198.220208002252,6.37625948882578,0,7329.33084587816,0,0,0,1.225
791.122779607702,22.8005373508966,2,3,55.0901142787615,198.324411403541,6.37722758062773,0,7332.44877256873,0,0,0,1.225
791.372779607702,22.8050741787859,2,3,55.1190488583663,198.428575890119,6.37819563522862,0,7335.56702526536,0,0,0,1.225
791.622779607702,22.8096086261497,2,3,55.1479726451747,198.532701522629,6.37916365263754,0,7338.68560396164,0,0,0,1.225
791.872779607702,22.814140696371,2,3,55.176885655991,198.636788361568,6.38013163285996,0,7341.80450864828,0,0,0,1.225
792.122779607702,22.8186703928245,2,3,55.2057879075781,198.740836467281,6.38109957590132,0,7344.92373931598,0,0,0,1.225
792.372779607702,22.8231977188769,2,3,55.2346794166574,198.844845899967,6.38206748176708,0,7348.04329595544,0,0,0,1.225
792.622779607702,22.827722677887,2,3,55.2635601999091,198.948816719673,6.38303535046271,0,7351.16317855736,0,0,0,1.225
792.872779607702,22.8322452732055,2,3,55.2924302739723,199.0527489863,6.3840031819982,0,7354.28338711609,0,0,0,1.225
793.122779607702,22.8367655081751,2,3,55.3212896554453,199.156642759603,6.38497097637537,0,7357.40392161943,0,0,0,1.225
793.372779607702,22.8412833861306,2,3,55.3501383608856,199.260498099188,6.38593873360242,0,7360.52478206028,0,0,0,1.225
793.622779607702,22.8457989103988,2,3,55.3789764068098,199.364315064515,6.3869064536857,0,7363.64596843007,0,0,0,1.225
793.872779607702,22.8503120842987,2,3,55.4078038096943,199.4680937149,6.38787413663067,0,7366.76748071952,0,0,0,1.225
794.122779607702,22.8548229111414,2,3,55.436620585975,199.57183410951,6.38884178244462,0,7369.8893189208,0,0,0,1.225
794.372779607702,22.85933139423,2,3,55.4654267520474,199.675536307371,6.38980939113026,0,7373.01148302246,0,0,0,1.225
794.622779607702,22.86383753686,2,3,55.4942223242672,199.779200367362,6.39077696269669,0,7376.13397301812,0,0,0,1.225
794.872779607702,22.868341342319,2,3,55.5230073189498,199.882826348219,6.39174449714847,0,7379.25678889779,0,0,0,1.225
795.122779607702,22.8728428138867,2,3,55.5517817523711,199.986414308536,6.39271199449286,0,7382.37993065364,0,0,0,1.225
795.372779607702,22.8773419548354,2,3,55.5805456407669,200.089964306761,6.39367945473441,0,7385.50339827568,0,0,0,1.225
795.622779607702,22.8818387684294,2,3,55.6092990003338,200.193476401202,6.3946468778795,0,7388.62719175536,0,0,0,1.225
795.872779607702,22.8863332579252,2,3,55.6380418472288,200.296950650024,6.39561426393448,0,7391.75131108416,0,0,0,1.225
796.122779607702,22.8908254265721,2,3,55.6667741975695,200.40038711125,6.3965816129039,0,7394.87575625207,0,0,0,1.225
796.372779607702,22.8953152776113,2,3,55.6954960674345,200.503785842764,6.39754892479687,0,7398.00052725274,0,0,0,1.225
796.622779607702,22.8998028142765,2,3,55.7242074728633,200.607146902308,6.39851619961519,0,7401.12562407401,0,0,0,1.225
796.872779607702,22.904288039794,2,3,55.7529084298565,200.710470347483,6.39948343736796,0,7404.25104670952,0,0,0,1.225
797.122779607702,22.9087709573824,2,3,55.7815989543758,200.813756235753,6.40045063805974,0,7407.3767951493,0,0,0,1.225
797.372779607702,22.9132515702526,2,3,55.8102790623444,200.91700462444,6.40141780169688,0,7410.50286938482,0,0,0,1.225
797.622779607702,22.9177298816082,2,3,55.8389487696469,201.020215570729,6.40238492828303,0,7413.62926940538,0,0,0,1.225
797.872779607702,22.9222058946454,2,3,55.8676080921296,201.123389131667,6.40335201782727,0,7416.75599520462,0,0,0,1.225
798.122779607702,22.9266796125525,2,3,55.8962570456003,201.226525364161,6.40431907033417,0,7419.88304677259,0,0,0,1.225
798.372779607702,22.9311510385108,2,3,55.924895645829,201.329624324984,6.40528608580917,0,7423.01042410003,0,0,0,1.225
798.622779607702,22.935620175694,2,3,55.9535239085473,201.43268607077,6.40625306425682,0,7426.13812717697,0,0,0,1.225
798.872779607702,22.9400870272684,2,3,55.9821418494493,201.535710658017,6.4072200056853,0,7429.26615599636,0,0,0,1.225
799.122779607702,22.944551596393,2,3,56.0107494841911,201.638698143088,6.40818691009918,0,7432.39451054823,0,0,0,1.225
799.372779607702,22.9490138862193,2,3,56.0393468283911,201.741648582208,6.4091537775048,0,7435.52319082408,0,0,0,1.225
799.622779607702,22.9534738998917,2,3,56.0679338976305,201.84456203147,6.41012060790672,0,7438.65219681394,0,0,0,1.225
799.872779607702,22.957931640547,2,3,56.0965107074528,201.94743854683,6.41108740131131,0,7441.7815285093,0,0,0,1.225
800.122779607702,22.9623871113151,2,3,56.1250772733644,202.050278184112,6.41205415772492,0,7444.91118590167,0,0,0,1.225
800.372779607702,22.9668403153184,2,3,56.1536336108345,202.153080999004,6.41302087715121,0,7448.04116898035,0,0,0,1.225
800.622779607702,22.9712912556721,2,3,56.1821797352954,202.255847047063,6.41398755959926,0,7451.17147773905,0,0,0,1.225
800.872779607702,22.9757399354842,2,3,56.2107156621422,202.358576383712,6.4149542050709,0,7454.30211216562,0,0,0,1.225
801.122779607702,22.9801863578557,2,3,56.2392414067336,202.461269064241,6.41592081357339,0,7457.43307225229,0,0,0,1.225
801.372779607702,22.9846305258801,2,3,56.2677569843915,202.563925143809,6.41688738511311,0,7460.56435799057,0,0,0,1.225
801.622779607702,22.989072442644,2,3,56.2962624104011,202.666544677444,6.41785391969461,0,7463.69596937053,0,0,0,1.225
801.872779607702,22.993512111227,2,3,56.3247577000114,202.769127720041,6.41882041732333,0,7466.82790638293,0,0,0,1.225
802.122779607702,22.9979495347013,2,3,56.353242868435,202.871674326366,6.41978687800747,0,7469.96016902076,0,0,0,1.225
802.372779607702,23.0023847161322,2,3,56.3817179308485,202.974184551055,6.42075330174885,0,7473.09275727189,0,0,0,1.225
802.622779607702,23.006817658578,2,3,56.4101829023922,203.076658448612,6.42171968855564,0,7476.2256711293,0,0,0,1.225
802.872779607702,23.0112483650899,2,3,56.4386377981705,203.179096073414,6.42268603843149,0,7479.35891058231,0,0,0,1.225
803.122779607702,23.0156768387122,2,3,56.4670826332522,203.281497479708,6.42365235138277,0,7482.49247562246,0,0,0,1.225
803.372779607702,23.0201030824822,2,3,56.4955174226702,203.383862721613,6.42461862741493,0,7485.62636624054,0,0,0,1.225
803.622779607702,23.02452709943,2,3,56.5239421814219,203.486191853119,6.42558486653434,0,7488.76058242808,0,0,0,1.225
803.872779607702,23.0289488925792,2,3,56.5523569244691,203.588484928089,6.42655106874463,0,7491.89512417442,0,0,0,1.225
804.122779607702,23.0333684649462,2,3,56.5807616667383,203.690742000258,6.42751723405308,0,7495.02999147183,0,0,0,1.225
804.372779607702,23.0377858195406,2,3,56.6091564231209,203.792963123235,6.42848336246334,0,7498.16518430964,0,0,0,1.225
804.622779607702,23.0422009593651,2,3,56.6375412084731,203.895148350503,6.42944945398267,0,7501.30070268013,0,0,0,1.225
804.872779607702,23.0466138874157,2,3,56.6659160376159,203.997297735417,6.43041550861653,0,7504.4365465741,0,0,0,1.225
805.122779607702,23.0510246066813,2,3,56.6942809253357,204.099411331208,6.43138152636857,0,7507.5727159809,0,0,0,1.225
805.372779607702,23.0554331201443,2,3,56.7226358863839,204.201489190982,6.43234750724423,0,7510.70921089136,0,0,0,1.225
805.622779607702,23.0598394307801,2,3,56.7509809354773,204.303531367718,6.4333134512508,0,7513.84603129773,0,0,0,1.225
805.872779607702,23.0642435415575,2,3,56.7793160872982,204.405537914273,6.4342793583919,0,7516.98317718939,0,0,0,1.225
806.122779607702,23.0686454554386,2,3,56.8076413564943,204.50750888338,6.43524522867301,0,7520.12064855715,0,0,0,1.225
806.372779607702,23.0730451753786,2,3,56.8359567576792,204.609444327645,6.43621106210139,0,7523.25844539329,0,0,0,1.225
806.622779607702,23.0774427043261,2,3,56.864262305432,204.711344299555,6.43717685868069,0,7526.39656768716,0,0,0,1.225
806.872779607702,23.0818380452231,2,3,56.8925580142979,204.813208851472,6.43814261841635,0,7529.53501542961,0,0,0,1.225
807.122779607702,23.0862312010049,2,3,56.9208438987879,204.915038035636,6.43910834131293,0,7532.67378861073,0,0,0,1.225
807.372779607702,23.0906221746001,2,3,56.9491199733793,205.016831904166,6.4400740273768,0,7535.81288722207,0,0,0,1.225
807.622779607702,23.0950109689309,2,3,56.9773862525156,205.118590509056,6.44103967661431,0,7538.95231125519,0,0,0,1.225
807.872779607702,23.0993975869127,2,3,57.0056427506064,205.220313902183,6.44200528902729,0,7542.09206069801,0,0,0,1.225
808.122779607702,23.1037820314545,2,3,57.0338894820279,205.3220021353,6.44297086462484,0,7545.23213554428,0,0,0,1.225
808.372779607702,23.1081643054585,2,3,57.0621264611229,205.423655260042,6.44393640340877,0,7548.37253578192,0,0,0,1.225
808.622779607702,23.1125444118208,2,3,57.0903537022007,205.525273327922,6.44490190538727,0,7551.51326140396,0,0,0,1.225
808.872779607702,23.1169223534306,2,3,57.1185712195374,205.626856390335,6.44586737056397,0,7554.65431239979,0,0,0,1.225
809.122779607702,23.1212981331708,2,3,57.146779027376,205.728404498554,6.44683279894343,0,7557.7956887595,0,0,0,1.225
809.372779607702,23.1256717539179,2,3,57.1749771399265,205.829917703735,6.44779819053201,0,7560.93739047468,0,0,0,1.225
809.622779607702,23.1300432185418,2,3,57.2031655713657,205.931396056917,6.44876354533517,0,7564.07941753617,0,0,0,1.225
809.872779607702,23.1344125299061,2,3,57.231344335838,206.032839609017,6.44972886335654,0,7567.22176993337,0,0,0,1.225
810.122779607702,23.138779690868,2,3,57.2595134474547,206.134248410837,6.45069414460249,0,7570.36444765784,0,0,0,1.225
810.372779607702,23.1431447042782,2,3,57.2876729202947,206.235622513061,6.45165938907667,0,7573.50745069899,0,0,0,1.225
810.622779607702,23.1475075729812,2,3,57.3158227684043,206.336961966255,6.45262459678634,0,7576.65077904913,0,0,0,1.225
810.872779607702,23.1518682998151,2,3,57.3439630057974,206.438266820871,6.45358976773423,0,7579.79443269692,0,0,0,1.225
811.122779607702,23.1562268876115,2,3,57.3720936464556,206.53953712724,6.45455490192762,0,7582.93841163469,0,0,0,1.225
811.372779607702,23.1605833391961,2,3,57.4002147043284,206.640772935582,6.45551999936924,0,7586.0827158511,0,0,0,1.225
811.622779607702,23.1649376573879,2,3,57.428326193333,206.741974295999,6.45648506006637,0,7589.22734533847,0,0,0,1.225
811.872779607702,23.1692907716159,2,3,57.4075172032718,206.667061931778,-16.0149567557291,0,0,10389.682476472,0,0,1.225
812.122779607702,23.1736484314842,2,3,57.3282063198834,206.38154275158,-20.3842095995806,0,0,13891.7730983709,0,0,1.225
812.372779607702,23.1780126714359,2,3,57.2393147920884,206.061533251518,-20.3521183497151,0,0,13873.5853987392,0,0,1.225
812.622779607702,23.1823836941582,2,3,57.1504252801325,205.741531008477,-20.3200743214338,0,0,13855.4236915176,0,0,1.225
812.872779607702,23.1867615206202,2,3,57.0615375866877,205.421535312076,-20.2880774507039,0,0,13837.2879428217,0,0,1.225
813.122779607702,23.1911461719033,2,3,56.9726515134753,205.101545448511,-20.2561276735714,0,0,13819.1781188074,0,0,1.225
813.372779607702,23.1955376692027,2,3,56.8837668612581,204.781560700529,-20.2242249261662,0,0,13801.0941856734,0,0,1.225
813.622779607702,23.1999360338278,2,3,56.7948834298324,204.461580347397,-20.1923691446918,0,0,13783.0361096544,0,0,1.225
813.872779607702,23.2043412872032,2,3,56.7060010180203,204.141603664873,-20.1605602654354,0,0,13765.0038570283,0,0,1.225
814.122779607702,23.2087534508696,2,3,56.6171194236617,203.821629925182,-20.1287982247595,0,0,13746.9973941102,0,0,1.225
814.372779607702,23.2131725464848,2,3,56.5282384436062,203.501658396982,-20.0970829591106,0,0,13729.0166872586,0,0,1.225
814.622779607702,23.2175985958246,2,3,56.4393578737052,203.181688345339,-20.0654144050068,0,0,13711.0617028662,0,0,1.225
814.872779607702,23.2220316207835,2,3,56.3504775088034,202.861719031692,-20.0337924990536,0,0,13693.1324073723,0,0,1.225
815.122779607702,23.2264716433758,2,3,56.2615971427306,202.54174971383,-20.0022171779292,0,0,13675.2287672509,0,0,1.225
815.372779607702,23.2309186857366,2,3,56.1727165682935,202.221779645857,-19.9706883783902,0,0,13657.3507490157,0,0,1.225
815.622779607702,23.2353727701226,2,3,56.083835577267,201.901808078161,-19.9392060372766,0,0,13639.4983192237,0,0,1.225
815.872779607702,23.2398339189133,2,3,55.9949539603858,201.581834257389,-19.9077700915004,0,0,13621.6714444664,0,0,1.225
816.122779607702,23.2443021546116,2,3,55.9060715073357,201.261857426409,-19.8763804780574,0,0,13603.8700913792,0,0,1.225
816.372779607702,23.2487774998452,2,3,55.817188006745,200.941876824282,-19.8450371340205,0,0,13586.0942266358,0,0,1.225
816.622779607702,23.2532599773671,2,3,55.7283032461753,200.621891686231,-19.8137399965362,0,0,13568.3438169462,0,0,1.225
816.872779607702,23.2577496100571,2,3,55.6394170121132,200.301901243607,-19.7824890028378,0,0,13550.6188290661,0,0,1.225
817.122779607702,23.2622464209224,2,3,55.5505290899607,199.981904723858,-19.7512840902264,0,0,13532.9192297828,0,0,1.225
817.372779607702,23.2667504330991,2,3,55.4616392640263,199.661901350495,-19.7201251960896,0,0,13515.2449859297,0,0,1.225
817.622779607702,23.2712616698526,2,3,55.3727473175161,199.341890343058,-19.6890122578889,0,0,13497.5960643763,0,0,1.225
817.872779607702,23.2757801545791,2,3,55.2838530325241,199.021870917087,-19.6579452131609,0,0,13479.9724320293,0,0,1.225
818.122779607702,23.2803059108066,2,3,55.194956190023,198.701842284083,-19.6269239995272,0,0,13462.3740558401,0,0,1.225
818.372779607702,23.2848389621958,2,3,55.1060565698545,198.381803651476,-19.59594855468,0,0,13444.8009027942,0,0,1.225
818.622779607702,23.2893793325414,2,3,55.0171539507201,198.061754222592,-19.5650188163909,0,0,13427.2529399173,0,0,1.225
818.872779607702,23.2939270457728,2,3,54.9282481101711,197.741693196616,-19.5341347225121,0,0,13409.7301342771,0,0,1.225
819.122779607702,23.2984821259556,2,3,54.8393388245987,197.421619768555,-19.5032962109699,0,0,13392.2324529773,0,0,1.225
819.372779607702,23.3030445972927,2,3,54.7504258692246,197.101533129209,-19.4725032197657,0,0,13374.7598631594,0,0,1.225
819.622779607702,23.3076144841249,2,3,54.6615090180903,196.781432465125,-19.4417556869848,0,0,13357.3123320088,0,0,1.225
819.872779607702,23.3121918109328,2,3,54.5725880440476,196.461316958571,-19.4110535507816,0,0,13339.8898267437,0,0,1.225
820.122779607702,23.3167766023373,2,3,54.4836627187479,196.141185787493,-19.3803967493941,0,0,13322.4923146263,0,0,1.225
820.372779607702,23.3213688831011,2,3,54.3947328126323,195.821038125476,-19.3497852211322,0,0,13305.1197629538,0,0,1.225
820.622779607702,23.3259686781297,2,3,54.3057980949205,195.500873141714,-19.3192189043866,0,0,13287.7721390655,0,0,1.225
820.872779607702,23.3305760124729,2,3,54.2168583336011,195.180690000964,-19.288697737622,0,0,13270.4494103367,0,0,1.225
821.122779607702,23.3351909113254,2,3,54.1279132954201,194.860487863513,-19.2582216593801,0,0,13253.1515441824,0,0,1.225
821.372779607702,23.3398134000286,2,3,54.0389627458707,194.540265885135,-19.2277906082782,0,0,13235.8785080551,0,0,1.225
821.622779607702,23.3444435040714,2,3,53.950006449182,194.220023217055,-19.1974045230136,0,0,13218.6302694488,0,0,1.225
821.872779607702,23.3490812490918,2,3,53.8610441683081,193.899759005909,-19.1670633423564,0,0,13201.4067958933,0,0,1.225
822.122779607702,23.3537266608779,2,3,53.772075664917,193.579472393701,-19.1367670051532,0,0,13184.2080549571,0,0,1.225
822.372779607702,23.3583797653692,2,3,53.6831006993792,193.259162517765,-19.1065154503294,0,0,13167.0340142493,0,0,1.225
822.622779607702,23.3630405886577,2,3,53.5941190307564,192.938828510723,-19.0763086168818,0,0,13149.8846414135,0,0,1.225
822.872779607702,23.3677091569897,2,3,53.5051304167899,192.618469500444,-19.0461464438904,0,0,13132.7599041378,0,0,1.225
823.122779607702,23.3723854967665,2,3,53.4161346138889,192.29808461,-19.0160288705019,0,0,13115.6597701411,0,0,1.225
823.372779607702,23.3770696345463,2,3,53.3271313771188,191.977672957628,-18.9859558359476,0,0,13098.5842071874,0,0,1.225
823.622779607702,23.3817615970448,2,3,53.2381204601892,191.657233656681,-18.9559272795295,0,0,13081.5331830754,0,0,1.225
823.872779607702,23.3864614111373,2,3,53.149101615442,191.336765815591,-18.9259431406235,0,0,13064.5066656403,0,0,1.225
824.122779607702,23.3911691038596,2,3,53.0600745938389,191.01626853782,-18.8960033586873,0,0,13047.5046227606,0,0,1.225
824.372779607702,23.3958847024096,2,3,52.9710391449494,190.695740921818,-18.8661078732484,0,0,13030.5270223484,0,0,1.225
824.622779607702,23.4006082341483,2,3,52.8819950169382,190.375182060978,-18.836256623913,0,0,13013.5738323563,0,0,1.225
824.872779607702,23.4053397266019,2,3,52.7929419565524,190.054591043589,-18.8064495503595,0,0,12996.6450207731,0,0,1.225
825.122779607702,23.4100792074625,2,3,52.703879709109,189.733966952792,-18.7766865923459,0,0,12979.7405556284,0,0,1.225
825.372779607702,23.41482670459,2,3,52.614808018482,189.413308866535,-18.7469676896999,0,0,12962.8604049859,0,0,1.225
825.622779607702,23.4195822460133,2,3,52.5257266270892,189.092615857521,-18.7172927823303,0,0,12946.004536952,0,0,1.225
825.872779607702,23.424345859932,2,3,52.4366352758792,188.771886993165,-18.687661810216,0,0,12929.172919667,0,0,1.225
826.122779607702,23.4291175747176,2,3,52.3475337043176,188.451121335543,-18.6580747134112,0,0,12912.3655213093,0,0,1.225
826.372779607702,23.4338974189152,2,3,52.2584216503743,188.130317941347,-18.6285314320476,0,0,12895.5823100976,0,0,1.225
826.622779607702,23.4386854212452,2,3,52.1692988505089,187.809475861832,-18.5990319063303,0,0,12878.8232542873,0,0,1.225
826.872779607702,23.4434816106042,2,3,52.0801650396578,187.488594142768,-18.5695760765384,0,0,12862.0883221706,0,0,1.225
827.122779607702,23.4482860160673,2,3,51.9910199512195,187.16767182439,-18.5401638830253,0,0,12845.3774820777,0,0,1.225
827.372779607702,23.4530986668893,2,3,51.9018633170409,186.846707941347,-18.5107952662183,0,0,12828.6907023758,0,0,1.225
827.622779607702,23.4579195925061,2,3,51.8126948674027,186.52570152265,-18.4814701666237,0,0,12812.0279514734,0,0,1.225
827.872779607702,23.4627488225368,2,3,51.7235143310054,186.204651591619,-18.4521885248141,0,0,12795.3891978102,0,0,1.225
828.122779607702,23.4675863867849,2,3,51.6343214349541,185.883557165835,-18.4229502814433,0,0,12778.7744098692,0,0,1.225
828.372779607702,23.4724323152401,2,3,51.5451159047439,185.562417257078,-18.3937553772357,0,0,12762.183556168,0,0,1.225
828.622779607702,23.47728663808,2,3,51.4558974642453,185.241230871283,-18.3646037529907,0,0,12745.6166052621,0,0,1.225
828.872779607702,23.4821493856719,2,3,51.3666658356885,184.919997008479,-18.3354953495809,0,0,12729.0735257444,0,0,1.225
829.122779607702,23.4870205885741,2,3,51.2774207396482,184.598714662734,-18.3064301079557,0,0,12712.5542862471,0,0,1.225
829.372779607702,23.491900277538,2,3,51.1881618950283,184.277382822102,-18.2774079691317,0,0,12696.0588554345,0,0,1.225
829.622779607702,23.4967884835097,2,3,51.0988890190462,183.956000468566,-18.2484288742053,0,0,12679.5872020133,0,0,1.225
829.872779607702,23.5016852376319,2,3,51.0096018272164,183.634566577979,-18.219492764345,0,0,12663.1392947262,0,0,1.225
830.122779607702,23.5065905712453,2,3,50.9203000333352,183.313080120007,-18.190599580792,0,0,12646.7151023522,0,0,1.225
830.372779607702,23.5115045158909,2,3,50.8309833494638,182.99154005807,-18.1617492648602,0,0,12630.3145937072,0,0,1.225
830.622779607702,23.5164271033115,2,3,50.7416514859121,182.669945349283,-18.1329417579391,0,0,12613.9377376457,0,0,1.225
830.872779607702,23.5213583654536,2,3,50.652304151222,182.348294944399,-18.1041770014881,0,0,12597.584503057,0,0,1.225
831.122779607702,23.5262983344693,2,3,50.5629410521508,182.026587787743,-18.075454937044,0,0,12581.2548588704,0,0,1.225
831.372779607702,23.5312470427184,2,3,50.4735618936534,181.704822817152,-18.0467755062127,0,0,12564.9487740493,0,0,1.225
831.622779607702,23.5362045227699,2,3,50.3841663788659,181.382998963917,-18.0181386506765,0,0,12548.6662175967,0,0,1.225
831.872779607702,23.5411708074042,2,3,50.2947542090875,181.061115152715,-17.9895443121877,0,0,12532.4071585501,0,0,1.225
832.122779607702,23.546145929615,2,3,50.2053250837631,180.739170301547,-17.9609924325714,0,0,12516.1715659839,0,0,1.225
832.372779607702,23.5511299226114,2,3,50.1158787004653,180.417163321675,-17.9324829537309,0,0,12499.9594090137,0,0,1.225
832.622779607702,23.5561228198195,2,3,50.0264147548764,180.095093117555,-17.9040158176331,0,0,12483.7706567847,0,0,1.225
832.872779607702,23.5611246548852,2,3,49.9369329407696,179.772958586771,-17.8755909663259,0,0,12467.6052784855,0,0,1.225
833.122779607702,23.5661354616754,2,3,49.8474329499911,179.450758619968,-17.8472083419247,0,0,12451.4632433374,0,0,1.225
833.372779607702,23.5711552742806,2,3,49.7579144724407,179.128492100787,-17.8188678866172,0,0,12435.3445205984,0,0,1.225
833.622779607702,23.5761841270168,2,3,49.6683771960531,178.806157905791,-17.790569542668,0,0,12419.2490795667,0,0,1.225
833.872779607702,23.5812220544279,2,3,49.5788208067783,178.483754904402,-17.7623132524086,0,0,12403.1768895728,0,0,1.225
834.122779607702,23.5862690912874,2,3,49.4892449885626,178.161281958825,-17.7340989582462,0,0,12387.1279199866,0,0,1.225
834.372779607702,23.5913252726011,2,3,49.3996494233284,177.838737923982,-17.7059266026581,0,0,12371.1021402129,0,0,1.225
834.622779607702,23.5963906336089,2,3,49.3100337909541,177.516121647435,-17.6777961281941,0,0,12355.0995196935,0,0,1.225
834.872779607702,23.6014652097872,2,3,49.2203977692543,177.193431969316,-17.6497074774779,0,0,12339.1200279081,0,0,1.225
835.122779607702,23.6065490368511,2,3,49.130741033959,176.870667722252,-17.6216605932013,0,0,12323.1636343698,0,0,1.225
835.372779607702,23.611642150757,2,3,49.0410632586928,176.547827731294,-17.5936554181299,0,0,12307.2303086297,0,0,1.225
835.622779607702,23.6167445877045,2,3,48.951364114954,176.224910813834,-17.5656918951026,0,0,12291.3200202767,0,0,1.225
835.872779607702,23.621856384139,2,3,48.861643272093,175.901915779535,-17.5377699670253,0,0,12275.432738932,0,0,1.225
836.122779607702,23.6269775767538,2,3,48.7719003972912,175.578841430248,-17.5098895768815,0,0,12259.5684342582,0,0,1.225
836.372779607702,23.6321082024931,2,3,48.6821351555388,175.25568655994,-17.4820506677206,0,0,12243.7270759494,0,0,1.225
836.622779607702,23.6372482985538,2,3,48.5923472096126,174.932449954605,-17.4542531826664,0,0,12227.9086337386,0,0,1.225
836.872779607702,23.6423979023882,2,3,48.502536220054,174.609130392195,-17.4264970649128,0,0,12212.1130773937,0,0,1.225
837.122779607702,23.6475570517067,2,3,48.4127018451459,174.285726642525,-17.3987822577265,0,0,12196.3403767201,0,0,1.225
837.372779607702,23.6527257844802,2,3,48.3228437408898,173.962237467203,-17.3711087044421,0,0,12180.590501557,0,0,1.225
837.622779607702,23.6579041389425,2,3,48.2329615609826,173.638661619537,-17.3434763484693,0,0,12164.8634217821,0,0,1.225
837.872779607702,23.663092153593,2,3,48.1430549567929,173.314997844455,-17.3158851332837,0,0,12149.159107306,0,0,1.225
838.122779607702,23.6682898671997,2,3,48.0531235773373,172.991244878414,-17.2883350024376,0,0,12133.477528079,0,0,1.225
838.372779607702,23.6734973188012,2,3,47.963167069256,172.667401449321,-17.2608258995479,0,0,12117.818654083,0,0,1.225
838.622779607702,23.6787145477098,2,3,47.873185076788,172.343466276437,-17.2333577683094,0,0,12102.1824553411,0,0,1.225
838.872779607702,23.6839415935144,2,3,47.7831772417469,172.019438070289,-17.205930552479,0,0,12086.5689019058,0,0,1.225
839.122779607702,23.6891784960829,2,3,47.6931432034952,171.695315532583,-17.1785441958928,0,0,12070.9779638718,0,0,1.225
839.372779607702,23.6944252955651,2,3,47.6030825989191,171.371097356109,-17.1511986424503,0,0,12055.4096113644,0,0,1.225
839.622779607702,23.6996820323958,2,3,47.5129950624024,171.046782224649,-17.1238938361257,0,0,12039.8638145477,0,0,1.225
839.872779607702,23.7049487472973,2,3,47.4228802258003,170.722368812881,-17.0966297209607,0,0,12024.3405436192,0,0,1.225
840.122779607702,23.7102254812825,2,3,47.3327377184132,170.397855786288,-17.0694062410685,0,0,12008.8397688135,0,0,1.225
840.372779607702,23.7155122756582,2,3,47.2425671669594,170.073241801054,-17.0422233406334,0,0,11993.3614604011,0,0,1.225
840.622779607702,23.7208091720273,2,3,47.1523681955481,169.748525503973,-17.015080963909,0,0,11977.9055886875,0,0,1.225
840.872779607702,23.7261162122926,2,3,47.0621404256516,169.423705532346,-16.9879790552168,0,0,11962.4721240123,0,0,1.225
841.122779607702,23.7314334386595,2,3,46.9718834760776,169.098780513879,-16.9609175589512,0,0,11947.0610367527,0,0,1.225
841.372779607702,23.7367608936392,2,3,46.8815969629404,168.773749066585,-16.9338964195758,0,0,11931.6722973209,0,0,1.225
841.622779607702,23.7420986200518,2,3,46.7912804996324,168.448609798677,-16.9069155816214,0,0,11916.3058761626,0,0,1.225
841.872779607702,23.7474466610297,2,3,46.7009336967951,168.123361308462,-16.8799749896916,0,0,11900.9617437612,0,0,1.225
842.122779607702,23.7528050600206,2,3,46.6105561622892,167.798002184241,-16.8530745884582,0,0,11885.6398706345,0,0,1.225
842.372779607702,23.7581738607907,2,3,46.5201475011648,167.472531004193,-16.8262143226621,0,0,11870.340227335,0,0,1.225
842.622779607702,23.7635531074287,2,3,46.4297073156313,167.146946336273,-16.7993941371142,0,0,11855.0627844512,0,0,1.225
842.872779607702,23.7689428443482,2,3,46.3392352050262,166.821246738094,-16.7726139766946,0,0,11839.8075126065,0,0,1.225
843.122779607702,23.7743431162918,2,3,46.248730765784,166.495430756822,-16.7458737863535,0,0,11824.57438246,0,0,1.225
843.372779607702,23.7797539683347,2,3,46.1581935914049,166.169496929058,-16.7191735111064,0,0,11809.3633647033,0,0,1.225
843.622779607702,23.7851754458873,2,3,46.0676232724223,165.84344378072,-16.6925130960453,0,0,11794.1744300684,0,0,1.225
843.872779607702,23.7906075947,2,3,45.9770193963705,165.517269826934,-16.6658924863232,0,0,11779.0075493165,0,0,1.225
844.122779607702,23.7960504608656,2,3,45.8863815477518,165.190973571907,-16.6393116271665,0,0,11763.862693247,0,0,1.225
844.372779607702,23.8015040908241,2,3,45.7957093080029,164.86455350881,-16.6127704638702,0,0,11748.7398326942,0,0,1.225
844.622779607702,23.8069685313655,2,3,45.7050022554609,164.538008119659,-16.5862689417963,0,0,11733.6389385259,0,0,1.225
844.872779607702,23.8124438296341,2,3,45.6142599653293,164.211335875185,-16.559807006377,0,0,11718.5599816459,0,0,1.225
845.122779607702,23.817930033132,2,3,45.5234820096427,163.884535234714,-16.5333846031126,0,0,11703.5029329926,0,0,1.225
845.372779607702,23.8234271897234,2,3,45.432667957232,163.557604646035,-16.5070016775726,0,0,11688.4677635397,0,0,1.225
845.622779607702,23.8289353476379,2,3,45.3418173736878,163.230542545276,-16.4806581753928,0,0,11673.4544442938,0,0,1.225
845.872779607702,23.8344545554752,2,3,45.2509298213245,162.903347356768,-16.4543540422787,0,0,11658.4629462976,0,0,1.225
846.122779607702,23.8399848622084,2,3,45.1600048591435,162.576017492917,-16.4280892240081,0,0,11643.4932406312,0,0,1.225
846.372779607702,23.8455263171888,2,3,45.0690420427954,162.248551354063,-16.4018636664182,0,0,11628.5452984029,0,0,1.225
846.622779607702,23.8510789701496,2,3,44.9780409245422,161.920947328352,-16.3756773154223,0,0,11613.6190907616,0,0,1.225
846.872779607702,23.85664287121,2,3,44.8870010532191,161.593203791589,-16.3495301169969,0,0,11598.714588887,0,0,1.225
847.122779607702,23.8622180708802,2,3,44.7959219741948,161.265319107101,-16.3234220171903,0,0,11583.8317639964,0,0,1.225
847.372779607702,23.8678046200647,2,3,44.7048032293323,160.937291625596,-16.2973529621154,0,0,11568.9705873389,0,0,1.225
847.622779607702,23.8734025700676,2,3,44.6136443569487,160.609119685015,-16.2713228979551,0,0,11554.1310302,0,0,1.225
847.872779607702,23.8790119725966,2,3,44.5224448917742,160.280801610387,-16.2453317709578,0,0,11539.3130638976,0,0,1.225
848.122779607702,23.8846328797675,2,3,44.4312043649109,159.952335713679,-16.2193795274416,0,0,11524.5166597856,0,0,1.225
848.372779607702,23.8902653441091,2,3,44.3399223037904,159.623720293645,-16.1934661137911,0,0,11509.7417892519,0,0,1.225
848.622779607702,23.8959094185675,2,3,44.2485982321316,159.294953635674,-16.167591476461,0,0,11494.98842372,0,0,1.225
848.872779607702,23.901565156511,2,3,44.1572316698975,158.966034011631,-16.1417555619678,0,0,11480.2565346437,0,0,1.225
849.122779607702,23.907232611735,2,3,44.0658221332506,158.636959679702,-16.1159583169024,0,0,11465.5460935166,0,0,1.225
849.372779607702,23.9129118384666,2,3,43.9743691345092,158.307728884233,-16.0901996879161,0,0,11450.857071861,0,0,1.225
849.622779607702,23.9186028913697,2,3,43.8828721821015,157.978339855566,-16.0644796217325,0,0,11436.1894412373,0,0,1.225
849.872779607702,23.9243058255501,2,3,43.7913307805203,157.648790809873,-16.0387980651403,0,0,11421.5431732385,0,0,1.225
850.122779607702,23.9300206965603,2,3,43.6997444302757,157.319079948992,-16.0131549649946,0,0,11406.9182394912,0,0,1.225
850.372779607702,23.935747560405,2,3,43.6081126278483,156.989205460254,-15.9875502682194,0,0,11392.3146116576,0,0,1.225
850.622779607702,23.9414864735459,2,3,43.5164348656413,156.659165516309,-15.9619839218044,0,0,11377.7322614331,0,0,1.225
850.872779607702,23.9472374929075,2,3,43.4247106319311,156.328958274952,-15.9364558728057,0,0,11363.1711605464,0,0,1.225
851.122779607702,23.9530006758823,2,3,43.3329394108184,155.998581878946,-15.9109660683462,0,0,11348.6312807604,0,0,1.225
851.372779607702,23.958776080336,2,3,43.2411206821779,155.66803445584,-15.885514455616,0,0,11334.1125938725,0,0,1.225
851.622779607702,23.9645637646135,2,3,43.1492539216068,155.337314117784,-15.8601009818722,0,0,11319.6150717141,0,0,1.225
851.872779607702,23.9703637875442,2,3,43.0573386003736,155.006418961345,-15.8347255944377,0,0,11305.13868615,0,0,1.225
852.122779607702,23.9761762084481,2,3,42.9653741853651,154.675347067314,-15.8093882407015,0,0,11290.6834090782,0,0,1.225
852.372779607702,23.982001087141,2,3,42.8733601390331,154.344096500519,-15.7840888681194,0,0,11276.2492124313,0,0,1.225
852.622779607702,23.9878384839412,2,3,42.7812959193401,154.012665309624,-15.7588274242148,0,0,11261.8360681763,0,0,1.225
852.872779607702,23.9936884596748,2,3,42.6891809797043,153.681051526936,-15.7336038565741,0,0,11247.4439483116,0,0,1.225
853.122779607702,23.9995510756823,2,3,42.5970147689435,153.349253168197,-15.7084181128525,0,0,11233.0728248712,0,0,1.225
853.372779607702,24.0054263938243,2,3,42.5047967312183,153.017268232386,-15.6832701407716,0,0,11218.7226699231,0,0,1.225
853.622779607702,24.0113144764882,2,3,42.4125263059743,152.685094701508,-15.6581598881162,0,0,11204.3934555666,0,0,1.225
853.872779607702,24.0172153865944,2,3,42.3202029278836,152.352730540381,-15.6330873027382,0,0,11190.0851539355,0,0,1.225
854.122779607702,24.0231291876027,2,3,42.2278260267851,152.020173696426,-15.6080523325581,0,0,11175.7977371994,0,0,1.225
854.372779607702,24.0290559435192,2,3,42.1353950276237,151.687422099445,-15.583054925557,0,0,11161.5311775572,0,0,1.225
854.622779607702,24.0349957189025,2,3,42.0429093503894,151.354473661402,-15.5580950297863,0,0,11147.2854472449,0,0,1.225
854.872779607702,24.0409485788709,2,3,41.9503684100542,151.021326276195,-15.5331725933597,0,0,11133.0605185294,0,0,1.225
855.122779607702,24.046914589109,2,3,41.8577716165089,150.687977819432,-15.5082875644594,0,0,11118.8563637131,0,0,1.225
855.372779607702,24.052893815875,2,3,41.7651183744985,150.354426148195,-15.4834398913304,0,0,11104.6729551299,0,0,1.225
855.622779607702,24.0588863260075,2,3,41.6724080835566,150.020669100804,-15.4586295222834,0,0,11090.5102651471,0,0,1.225
855.872779607702,24.0648921869332,2,3,41.5796401379386,149.686704496579,-15.433856405697,0,0,11076.3682661673,0,0,1.225
856.122779607702,24.0709114666736,2,3,41.4868139265544,149.352530135596,-15.4091204900114,0,0,11062.2469306234,0,0,1.225
856.372779607702,24.076944233853,2,3,41.393928832899,149.018143798437,-15.3844217237342,0,0,11048.1462309834,0,0,1.225
856.622779607702,24.0829905577059,2,3,41.300984234983,148.683543245939,-15.3597600554376,0,0,11034.066139748,0,0,1.225
856.872779607702,24.0890505080847,2,3,41.2079795052611,148.34872621894,-15.3351354337592,0,0,11020.0066294514,0,0,1.225
857.122779607702,24.0951241554675,2,3,41.1149140105598,148.013690438015,-15.310547807399,0,0,11005.9676726588,0,0,1.225
857.372779607702,24.1012115709664,2,3,41.0217871120043,147.678433603215,-15.2859971251255,0,0,10991.9492419714,0,0,1.225
857.622779607702,24.1073128263351,2,3,40.928598164943,147.342953393795,-15.2614833357707,0,0,10977.9513100222,0,0,1.225
857.872779607702,24.1134279939773,2,3,40.8353465188723,147.00724746794,-15.2370063882286,0,0,10963.9738494753,0,0,1.225
858.122779607702,24.1195571469554,2,3,40.7420315173587,146.671313462491,-15.212566231462,0,0,10950.0168330309,0,0,1.225
858.372779607702,24.1257003589985,2,3,40.6486524979606,146.335148992658,-15.1881628144956,0,0,10936.08023342,0,0,1.225
858.622779607702,24.1318577045115,2,3,40.5552087921482,145.998751651733,-15.1637960864191,0,0,10922.1640234068,0,0,1.225
858.872779607702,24.1380292585836,2,3,40.461699725222,145.662119010799,-15.1394659963876,0,0,10908.2681757893,0,0,1.225
859.122779607702,24.1442150969974,2,3,40.3681246162307,145.32524861843,-15.115172493618,0,0,10894.3926633963,0,0,1.225
859.372779607702,24.150415296238,2,3,40.2744827778865,144.988138000391,-15.0909155273944,0,0,10880.5374590912,0,0,1.225
859.622779607702,24.1566299335021,2,3,40.18077351648,144.650784659328,-15.0666950470631,0,0,10866.7025357693,0,0,1.225
859.872779607702,24.1628590867076,2,3,40.086996131793,144.313186074455,-15.0425110020351,0,0,10852.8878663583,0,0,1.225
860.122779607702,24.169102834503,2,3,39.99314991701,143.975339701236,-15.0183633417851,0,0,10839.093423819,0,0,1.225
860.372779607702,24.1753612562772,2,3,39.899234158628,143.637242971061,-14.9942520158534,0,0,10825.3191811456,0,0,1.225
860.622779607702,24.1816344321697,2,3,39.8052481363651,143.298893290914,-14.9701769738413,0,0,10811.5651113628,0,0,1.225
860.872779607702,24.1879224430801,2,3,39.7111911230674,142.960288043043,-14.946138165416,0,0,10797.8311875294,0,0,1.225
861.122779607702,24.1942253706787,2,3,39.6170623846135,142.621424584608,-14.9221355403088,0,0,10784.117382737,0,0,1.225
861.372779607702,24.2005432974171,2,3,39.5228611798184,142.282300247346,-14.898169048311,0,0,10770.423670107,0,0,1.225
861.622779607702,24.2068763065384,2,3,39.4285867603355,141.942912337208,-14.8742386392823,0,0,10756.7500227967,0,0,1.225
861.872779607702,24.2132244820883,2,3,39.3342383705557,141.603258134,-14.8503442631445,0,0,10743.0964139947,0,0,1.225
862.122779607702,24.2195879089258,2,3,39.2398152475064,141.263334891023,-14.8264858698794,0,0,10729.4628169196,0,0,1.225
862.372779607702,24.2259666727348,2,3,39.1453166207477,140.923139834692,-14.8026634095368,0,0,10715.8492048256,0,0,1.225
862.622779607702,24.2323608600352,2,3,39.0507417122664,140.582670164159,-14.7788768322271,0,0,10702.2555509972,0,0,1.225
862.872779607702,24.2387705581944,2,3,38.9560897363693,140.241923050929,-14.7551260881237,0,0,10688.6818287511,0,0,1.225
863.122779607702,24.2451958554395,2,3,38.8613598995732,139.900895638464,-14.7314111274663,0,0,10675.1280114386,0,0,1.225
863.372779607702,24.2516368408688,2,3,38.7665514004941,139.559585041779,-14.7077319005521,0,0,10661.5940724386,0,0,1.225
863.622779607702,24.2580936044644,2,3,38.6716634297334,139.21798834704,-14.6840883577484,0,0,10648.0799851681,0,0,1.225
863.872779607702,24.2645662371045,2,3,38.5766951697624,138.876102611145,-14.6604804494777,0,0,10634.5857230699,0,0,1.225
864.122779607702,24.271054830576,2,3,38.4816457948052,138.533924861299,-14.6369081262314,0,0,10621.1112596237,0,0,1.225
864.372779607702,24.2775594775876,2,3,38.3865144707181,138.191452094585,-14.6133713385616,0,0,10607.6565683394,0,0,1.225
864.622779607702,24.2840802717829,2,3,38.2913003548683,137.848681277526,-14.5898700370822,0,0,10594.2216227587,0,0,1.225
864.872779607702,24.2906173077536,2,3,38.1960025960093,137.505609345633,-14.5664041724699,0,0,10580.8063964549,0,0,1.225
865.122779607702,24.2971706810533,2,3,38.1006203341542,137.162233202955,-14.5429736954666,0,0,10567.4108630354,0,0,1.225
865.372779607702,24.3037404882113,2,3,38.0051527004468,136.818549721609,-14.5195785568712,0,0,10554.0349961355,0,0,1.225
865.622779607702,24.3103268267468,2,3,37.9095988170301,136.474555741309,-14.4962187075512,0,0,10540.6787694268,0,0,1.225
865.872779607702,24.3169297951835,2,3,37.8139577969125,136.130248068885,-14.4728940984328,0,0,10527.3421566102,0,0,1.225
866.122779607702,24.3235494930638,2,3,37.7182287438308,135.785623477791,-14.4496046805052,0,0,10514.0251314188,0,0,1.225
866.372779607702,24.3301860209642,2,3,37.6224107521117,135.440678707602,-14.4263504048185,0,0,10500.7276676164,0,0,1.225
866.622779607702,24.3368394805104,2,3,37.5265029065297,135.095410463507,-14.4031312224893,0,0,10487.449739002,0,0,1.225
866.872779607702,24.3435099743928,2,3,37.4305042821626,134.749815415785,-14.3799470846907,0,0,10474.1913194021,0,0,1.225
867.122779607702,24.3501976063825,2,3,37.3344139442439,134.403890199278,-14.3567979426603,0,0,10460.9523826765,0,0,1.225
867.372779607702,24.356902481347,2,3,37.2382309480131,134.057631412847,-14.3336837476982,0,0,10447.7329027174,0,0,1.225
867.622779607702,24.3636247052673,2,3,37.1419543385623,133.711035618824,-14.3106044511651,0,0,10434.5328534475,0,0,1.225
867.872779607702,24.3703643852541,2,3,37.0455831506798,133.364099342447,-14.2875600044863,0,0,10421.3522088232,0,0,1.225
868.122779607702,24.3771216295653,2,3,36.9491164086914,133.016819071289,-14.2645503591439,0,0,10408.1909428286,0,0,1.225
868.372779607702,24.3838965476232,2,3,36.8525531262974,132.66919125467,-14.2415754666845,0,0,10395.0490294816,0,0,1.225
868.622779607702,24.3906892500323,2,3,36.7558923064074,132.321212303067,-14.2186352787157,0,0,10381.926442831,0,0,1.225
868.872779607702,24.3974998485975,2,3,36.6591329409714,131.972878587497,-14.1957297469094,0,0,10368.8231569594,0,0,1.225
869.122779607702,24.4043284563426,2,3,36.5622740108071,131.624186438905,-14.1728588229935,0,0,10355.7391459764,0,0,1.225
869.372779607702,24.411175187529,2,3,36.4653144854243,131.275132147528,-14.1500224587612,0,0,10342.6743840261,0,0,1.225
869.622779607702,24.4180401576753,2,3,36.3682533228459,130.925711962245,-14.1272206060648,0,0,10329.6288452822,0,0,1.225
869.872779607702,24.4249234835764,2,3,36.2710894694241,130.575922089927,-14.1044532168207,0,0,10316.6025039518,0,0,1.225
870.122779607702,24.4318252833239,2,3,36.1738218596545,130.225758694756,-14.0817202430035,0,0,10303.5953342713,0,0,1.225
870.372779607702,24.4387456763265,2,3,36.0764494159847,129.875217897545,-14.0590216366486,0,0,10290.6073105078,0,0,1.225
870.622779607702,24.4456847833306,2,3,35.9789710486206,129.524295775034,-14.0363573498539,0,0,10277.6384069608,0,0,1.225
870.872779607702,24.4526427264418,2,3,35.8813856553272,129.172988359178,-14.0137273347796,0,0,10264.6885979621,0,0,1.225
871.122779607702,24.4596196291465,2,3,35.7836921212263,128.821291636415,-13.9911315436443,0,0,10251.7578578728,0,0,1.225
871.372779607702,24.4666156163342,2,3,35.6858893185895,128.469201546922,-13.9685699287265,0,0,10238.8461610841,0,0,1.225
871.622779607702,24.4736308143199,2,3,35.5879761066269,128.116713983857,-13.9460424423687,0,0,10225.9534820211,0,0,1.225
871.872779607702,24.4806653508672,2,3,35.4899513312714,127.763824792577,-13.9235490369715,0,0,10213.0797951376,0,0,1.225
872.122779607702,24.4877193552121,2,3,35.3918138249584,127.41052976985,-13.901089664997,0,0,10200.2250749195,0,0,1.225
872.372779607702,24.4947929580869,2,3,35.2935624064011,127.056824663044,-13.8786642789669,0,0,10187.3892958826,0,0,1.225
872.622779607702,24.5018862917448,2,3,35.1951958803601,126.702705169297,-13.8562728314655,0,0,10174.5724325756,0,0,1.225
872.872779607702,24.508999489985,2,3,35.0967130374095,126.348166934674,-13.8339152751337,0,0,10161.7744595747,0,0,1.225
873.122779607702,24.5161326881781,2,3,34.9981126536963,125.993205553307,-13.8115915626772,0,0,10148.995351491,0,0,1.225
873.372779607702,24.523286023293,2,3,34.899393490696,125.637816566506,-13.7893016468579,0,0,10136.2350829628,0,0,1.225
873.622779607702,24.5304596339228,2,3,34.8005542949619,125.281995461863,-13.7670454805002,0,0,10123.4936286613,0,0,1.225
873.872779607702,24.5376536603126,2,3,34.7015937978697,124.925737672331,-13.7448230164878,0,0,10110.7709632876,0,0,1.225
874.122779607702,24.5448682443873,2,3,34.6025107153554,124.569038575279,-13.7226342077638,0,0,10098.0670615734,0,0,1.225
874.372779607702,24.5521035297802,2,3,34.5033037476487,124.211893491535,-13.7004790073324,0,0,10085.3818982816,0,0,1.225
874.622779607702,24.5593596618623,2,3,34.4039715789996,123.854297684399,-13.6783573682569,0,0,10072.7154482052,0,0,1.225
874.872779607702,24.5666367877716,2,3,34.304512877399,123.496246358636,-13.6562692436605,0,0,10060.067686168,0,0,1.225
875.122779607702,24.5739350564442,2,3,34.2049262942933,123.137734659456,-13.6342145867261,0,0,10047.4385870243,0,0,1.225
875.372779607702,24.581254618645,2,3,34.1052104642924,122.778757671453,-13.6121933506965,0,0,10034.8281256592,0,0,1.225
875.622779607702,24.5885956269999,2,3,34.0053640048712,122.419310417536,-13.5902054888738,0,0,10022.2362769878,0,0,1.225
875.872779607702,24.595958236028,2,3,33.9053855160639,122.05938785783,-13.56825095462,0,0,10009.6630159562,0,0,1.225
876.122779607702,24.6033426021752,2,3,33.805273580152,121.698984888547,-13.5463297013548,0,0,9997.10831753959,0,0,1.225
876.372779607702,24.6107488838482,2,3,33.7050267613444,121.33809634084,-13.5244416825603,0,0,9984.57215674581,0,0,1.225
876.622779607702,24.6181772414492,2,3,33.6046436054507,120.976716979622,-13.502586851775,0,0,9972.05450861076,0,0,1.225
876.872779607702,24.6256278374117,2,3,33.5041226395464,120.614841502367,-13.4807651625988,0,0,9959.5553482024,0,0,1.225
877.122779607702,24.6331008362371,2,3,33.4034623716306,120.25246453787,-13.4589765686887,0,0,9947.07465061748,0,0,1.225
877.372779607702,24.6405964045317,2,3,33.3026612902757,119.889580644993,-13.4372210237625,0,0,9934.6123909841,0,0,1.225
877.622779607702,24.6481147110451,2,3,33.2017178642686,119.526184311367,-13.4154984815964,0,0,9922.16854446032,0,0,1.225
877.872779607702,24.6556559267092,2,3,33.1006305422432,119.162269952076,-13.3938088960258,0,0,9909.74308623449,0,0,1.225
878.122779607702,24.6632202246784,2,3,32.9993977523051,118.797831908299,-13.3721522209435,0,0,9897.33599152386,0,0,1.225
878.372779607702,24.6708077803703,2,3,32.8980179016461,118.432864445926,-13.3505284103035,0,0,9884.94723557786,0,0,1.225
878.622779607702,24.6784187715078,2,3,32.7964893761501,118.06736175414,-13.3289374181168,0,0,9872.57679367447,0,0,1.225
878.872779607702,24.6860533781622,2,3,32.6948105399891,117.701317943961,-13.307379198453,0,0,9860.22464112172,0,0,1.225
879.122779607702,24.6937117827968,2,3,32.59297973521,117.334727046756,-13.2858537054422,0,0,9847.89075325916,0,0,1.225
879.372779607702,24.7013941703122,2,3,32.4909952813103,116.967583012717,-13.2643608932713,0,0,9835.57510545496,0,0,1.225
879.622779607702,24.7091007280926,2,3,32.3888554748044,116.599879709296,-13.2429007161859,0,0,9823.2776731074,0,0,1.225
879.872779607702,24.7168316460528,2,3,32.286558588778,116.231610919601,-13.2214731284903,0,0,9810.99843164488,0,0,1.225
880.122779607702,24.7245871166867,2,3,32.1841028724328,115.862770340758,-13.2000780845469,0,0,9798.73735652559,0,0,1.225
880.372779607702,24.7323673351172,2,3,32.0814865506184,115.493351582226,-13.1787155387765,0,0,9786.49442323752,0,0,1.225
880.622779607702,24.7401724991469,2,3,31.9787078233533,115.123348164072,-13.1573854456578,0,0,9774.26960729849,0,0,1.225
880.872779607702,24.7480028093101,2,3,31.8757648653339,114.752753515202,-13.1360877597283,0,0,9762.06288425635,0,0,1.225
881.122779607702,24.7558584689266,2,3,31.7726558254299,114.381560971548,-13.1148224355834,0,0,9749.87422968881,0,0,1.225
881.372779607702,24.7637396841566,2,3,31.6693788261683,114.009763774206,-13.0935894278755,0,0,9737.7036192024,0,0,1.225
881.622779607702,24.7716466640564,2,3,31.565931963203,113.637355067531,-13.0723886913161,0,0,9725.55102843426,0,0,1.225
881.872779607702,24.7795796206367,2,3,31.4623133047709,113.264327897175,-13.0512201806739,0,0,9713.41643305077,0,0,1.225
882.122779607702,24.7875387689214,2,3,31.3585208911342,112.890675208083,-13.030083850776,0,0,9701.29980874823,0,0,1.225
882.372779607702,24.7955243270085,2,3,31.2545527340079,112.516389842428,-13.0089796565069,0,0,9689.20113125239,0,0,1.225
882.622779607702,24.8035365161324,2,3,31.150406815972,112.141464537499,-12.9879075528079,0,0,9677.1203763179,0,0,1.225
882.872779607702,24.8115755607275,2,3,31.0460810898683,111.765891923526,-12.9668674946793,0,0,9665.05751972998,0,0,1.225
883.122779607702,24.8196416884943,2,3,30.9415734781817,111.389664521454,-12.9458594371783,0,0,9653.01253730297,0,0,1.225
883.372779607702,24.8277351304664,2,3,30.8368818724035,111.012774740653,-12.9248833354191,0,0,9640.98540488001,0,0,1.225
883.622779607702,24.8358561210797,2,3,30.7320041323791,110.635214876565,-12.9039391445738,0,0,9628.97609833448,0,0,1.225
883.872779607702,24.8440048982438,2,3,30.6269380856372,110.256977108294,-12.8830268198724,0,0,9616.98459356934,0,0,1.225
884.122779607702,24.8521817034143,2,3,30.5216815267006,109.878053496122,-12.8621463166005,0,0,9605.01086651566,0,0,1.225
884.372779607702,24.8603867816684,2,3,30.4162322163785,109.498435978963,-12.8412975901024,0,0,9593.05489313502,0,0,1.225
884.622779607702,24.8686203817812,2,3,30.3105878810391,109.118116371741,-12.8204805957785,0,0,9581.11664941754,0,0,1.225
884.872779607702,24.8768827563055,2,3,30.2047462118617,108.737086362702,-12.7996952890876,0,0,9569.19611138369,0,0,1.225
885.122779607702,24.8851741616525,2,3,30.0987048640688,108.355337510648,-12.7789416255437,0,0,9557.29325508161,0,0,1.225
885.372779607702,24.8934948581755,2,3,29.9924614561352,107.972861242087,-12.758219560719,0,0,9545.40805658985,0,0,1.225
885.622779607702,24.9018451102563,2,3,29.8860135689759,107.589648848313,-12.7375290502423,0,0,9533.54049201576,0,0,1.225
885.872779607702,24.9102251863926,2,3,29.7793587451107,107.205691482399,-12.7168700497987,0,0,9521.69053749549,0,0,1.225
886.122779607702,24.9186353592899,2,3,29.6724944878042,106.820980156095,-12.6962425151303,0,0,9509.85816919458,0,0,1.225
886.372779607702,24.927075905954,2,3,29.5654182601816,106.435505736654,-12.6756464020366,0,0,9498.04336330816,0,0,1.225
886.622779607702,24.9355471077876,2,3,29.4581274843188,106.049258943548,-12.6550816663723,0,0,9486.24609605931,0,0,1.225
886.872779607702,24.9440492506892,2,3,29.3506195403056,105.6622303451,-12.6345482640493,0,0,9474.46634370059,0,0,1.225
887.122779607702,24.952582625155,2,3,29.242891765282,105.274410355015,-12.6140461510363,0,0,9462.70408251397,0,0,1.225
887.372779607702,24.9611475263831,2,3,29.134941452445,104.885789228802,-12.5935752833579,0,0,9450.95928880987,0,0,1.225
887.622779607702,24.9697442543822,2,3,29.0267658500269,104.496357060097,-12.5731356170957,0,0,9439.231938928,0,0,1.225
887.872779607702,24.978373114082,2,3,28.918362160242,104.106103776871,-12.5527271083859,0,0,9427.52200923596,0,0,1.225
888.122779607702,24.9870344154482,2,3,28.8097275382025,103.715019137529,-12.5323497134227,0,0,9415.82947613146,0,0,1.225
888.372779607702,24.9957284735996,2,3,28.7008590908007,103.323092726882,-12.5120033884557,0,0,9404.15431604031,0,0,1.225
888.622779607702,25.0044556089305,2,3,28.5917538755571,102.930313952006,-12.4916880897902,0,0,9392.49650541701,0,0,1.225
888.872779607702,25.013216147235,2,3,28.4824088994337,102.536672037961,-12.4714037737886,0,0,9380.85602074566,0,0,1.225
889.122779607702,25.0220104198366,2,3,28.3728211176096,102.142156023395,-12.4511503968679,0,0,9369.23283853798,0,0,1.225
889.372779607702,25.0308387637207,2,3,28.2629874322192,101.746754755989,-12.4309279155016,0,0,9357.62693533483,0,0,1.225
889.622779607702,25.0397015216722,2,3,28.1529046910501,101.35045688778,-12.4107362862192,0,0,9346.03828770597,0,0,1.225
889.872779607702,25.0485990424166,2,3,28.0425696862002,100.953250870321,-12.3905754656053,0,0,9334.46687224924,0,0,1.225
890.122779607702,25.0575316807661,2,3,27.931979152692,100.555124949691,-12.3704454103006,0,0,9322.91266559145,0,0,1.225
890.372779607702,25.0664997977702,2,3,27.8211297670421,100.156067161351,-12.3503460770021,0,0,9311.37564438844,0,0,1.225
890.622779607702,25.0755037608709,2,3,27.7100181457849,99.7560653248257,-12.3302774224603,0,0,9299.85578532305,0,0,1.225
890.872779607702,25.0845439440634,2,3,27.5986408439481,99.3551070382133,-12.3102394034836,0,0,9288.35306510844,0,0,1.225
891.122779607702,25.0936207280616,2,3,27.4869943534781,98.9531796725212,-12.2902319769339,0,0,9276.86746048485,0,0,1.225
891.372779607702,25.1027345004692,2,3,27.3750751016134,98.5502703658081,-12.2702550997294,0,0,9265.39894822158,0,0,1.225
891.622779607702,25.1118856559564,2,3,27.262879449204,98.1463660171344,-12.2503087288435,0,0,9253.94750511635,0,0,1.225
891.872779607702,25.1210745964425,2,3,27.1504036889747,97.741453280309,-12.2303928213043,0,0,9242.51310799488,0,0,1.225
892.122779607702,25.1303017312846,2,3,27.0376440437294,97.3355185574259,-12.2105073341963,0,0,9231.09573371204,0,0,1.225
892.372779607702,25.139567477473,2,3,26.9245966644944,96.9285479921799,-12.190652224657,0,0,9219.69535914952,0,0,1.225
892.622779607702,25.1488722598326,2,3,26.8112576285983,96.5205274629538,-12.1708274498806,0,0,9208.31196121855,0,0,1.225
892.872779607702,25.1582165112315,2,3,26.6976229376853,96.1114425756671,-12.151032967116,0,0,9196.94551685849,0,0,1.225
893.122779607702,25.1676006727974,2,3,26.5836885156598,95.7012786563754,-12.1312687336663,0,0,9185.59600303627,0,0,1.225
893.372779607702,25.1770251941404,2,3,26.4694502065586,95.290020743611,-12.1115347068901,0,0,9174.26339674753,0,0,1.225
893.622779607702,25.1864905335846,2,3,26.3549037723478,94.8776535804521,-12.0918308442006,0,0,9162.94767501591,0,0,1.225
893.872779607702,25.1959971584073,2,3,26.2400448906418,94.4641616063104,-12.0721571030656,0,0,9151.64881489325,0,0,1.225
894.122779607702,25.2055455450871,2,3,26.1248691523398,94.0495289484235,-12.0525134410072,0,0,9140.36679345904,0,0,1.225
894.372776662885,25.2151310228022,2,4,26.0641437972566,93.8309176701238,-0.624286637502672,11.3223265314012,0,0.114709967345505,0,0,1.225
894.62277077325,25.2247235425738,2,4,26.058996752393,93.8123883086148,-0.448859215612695,11.3178551956872,140.030041639648,0,0,0,1.225
894.872764883615,25.2343177008566,2,4,26.054952600224,93.7978293608066,-0.394187610568343,11.314342583332,183.612419470268,0,0,0,1.225
895.12275899398,25.2439132588391,2,4,26.0513574463615,93.7848868069013,-0.355150850064602,11.3112204133016,214.704140174917,0,0,0,1.225
895.372753104346,25.2535100758173,2,4,26.0480972650185,93.7731501540667,-0.324279837240905,11.3083895187978,239.276107986257,0,0,0,1.225
895.622747214711,25.2631080417985,2,4,26.0451079539655,93.7623886342759,-0.298626014099305,11.3057941388953,259.684710245839,0,0,0,1.225
895.872741325076,25.2727070657583,2,4,26.0423468470563,93.7524486494027,-0.276663664228686,11.3033971550397,277.148883154303,0,0,0,1.225
896.122735435441,25.2823070699178,2,4,26.0397829490411,93.7432186165479,-0.257481996310131,11.3011716005528,292.396070536275,0,0,0,1.225
896.372729545807,25.2919079864096,2,4,26.0373924767005,93.7346129161218,-0.240485924807341,11.2990967830957,305.901428288647,0,0,0,1.225
896.622723656172,25.3015097551277,2,4,26.0351564788341,93.7265633238028,-0.225261480975704,11.297156214623,317.995404284309,0,0,0,1.225
896.872717766537,25.3111123222422,2,4,26.0330594305362,93.7190139499303,-0.211507062840548,11.2953363885638,328.918684463227,0,0,0,1.225
897.122711876902,25.3207156391235,2,4,26.0310883410796,93.7119180278866,-0.198994978944555,11.2936260036848,338.852923606858,0,0,0,1.225
897.372705987268,25.3303196615326,2,4,26.0292321563594,93.705235762894,-0.187548413192846,11.2920154441609,347.939150533221,0,0,0,1.225
897.622700097633,25.3399243489934,2,4,26.0274813413998,93.6989328290394,-0.177026866628497,11.2904964162819,356.289398655236,0,0,0,1.225
897.872694207998,25.3495296642957,2,4,26.025827578596,93.6929792829455,-0.167316550034724,11.2890616858468,363.994380318064,0,0,0,1.225
898.122688318364,25.3591355730924,2,4,26.024263543428,93.6873487563408,-0.158323813621976,11.2877048829633,371.128734441099,0,0,0,1.225
898.372682428729,25.3687420435689,2,4,26.0227827338051,93.6820178416984,-0.149970517224761,11.2864203535137,377.754723810148,0,0,0,1.225
898.622676539094,25.3783490461671,2,4,26.0213793376009,93.6769656153634,-0.14219068366565,11.2852030438554,383.924907301504,0,0,0,1.225
898.872670649459,25.3879565533526,2,4,26.0200481280506,93.6721732609821,-0.134928025874153,11.2840484097678,389.684114171438,0,0,0,1.225
899.122664759825,25.3975645394166,2,4,26.0187843799027,93.6676237676496,-0.12813408428841,11.2829523434645,395.070930916055,0,0,0,1.225
899.37265887019,25.4071729803045,2,4,26.0175838013179,93.6633016847444,-0.12176680008496,11.28191111431,400.118840073102,0,0,0,1.225
899.622652980555,25.4167818534681,2,4,26.0164424779071,93.6591929204656,-0.115789405791444,11.2809213201042,404.857105583438,0,0,0,1.225
899.87264709092,25.4263911377355,2,4,26.015356826264,93.6552845745504,-0.110169551105402,11.2799798466307,409.311470352091,0,0,0,1.225
900.122641201286,25.436000813198,2,4,26.0143235550184,93.6515647980662,-0.104878605737203,11.2790838337531,413.504712478749,0,0,0,1.225
900.372635311651,25.4456108611082,2,4,26.0133396319163,93.6480226748986,-0.0998910973722743,11.2782306467571,417.457093624169,0,0,0,1.225
900.622629422016,25.455221263791,2,4,26.0124022557795,93.6446481208062,-0.095184254094909,11.2774178519414,421.186723994687,0,0,0,1.225
900.872623532381,25.4648320045629,2,4,26.0115088324543,93.6414317968355,-0.0907376284893365,11.2766431956808,424.709862138054,0,0,0,1.225
901.122617642747,25.4744430676602,2,4,26.0106569540488,93.6383650345758,-0.0865327863005311,11.2759045863535,428.041163217763,0,0,0,1.225
901.372611753112,25.484054438174,2,4,26.0098443809039,93.635439771254,-0.0825530466022787,11.2752000786473,431.193886186522,0,0,0,1.225
901.622605863477,25.4936661019911,2,4,26.0090690258521,93.6326484930675,-0.07878326344191,11.274527859859,434.180067866252,0,0,0,1.225
901.872599973843,25.5032780457411,2,4,26.0083289404058,93.6299841854611,-0.0752096411466784,11.2738862378725,437.010670172836,0,0,0,1.225
902.122594084208,25.5128902567473,2,4,26.0076223025813,93.6274402892926,-0.0718195771655126,11.273273630562,439.695705375376,0,0,0,1.225
902.372588194573,25.5225027229826,2,4,26.0069474061175,93.625010662023,-0.0686015275968297,11.2726885564094,442.244343260189,0,0,0,1.225
902.622582304938,25.5321154330284,2,4,26.0063026508932,93.6226895432156,-0.0655448915192297,11.2721296261643,444.66500329846,0,0,0,1.225
902.872576415304,25.5417283760378,2,4,26.0056865343752,93.6204715237506,-0.0626399110206659,11.271595535403,446.965434294741,0,0,0,1.225
903.122570525669,25.5513415417004,2,4,26.0050976439604,93.6183515182573,-0.0598775843887687,11.2710850578652,449.152783540841,0,0,0,1.225
903.372564636034,25.5609549202112,2,4,26.0045346500961,93.616324740346,-0.0572495904134095,11.2705970394675,451.233657109788,0,0,0,1.225
903.622558746399,25.5705685022407,2,4,26.0039963000794,93.6143866802859,-0.0547482221129896,11.2701303929091,453.214172636898,0,0,0,1.225
903.872552856765,25.5801822789082,2,4,26.0034814124525,93.6125330848289,-0.052366328479704,11.269684092796,455.100005708541,0,0,0,1.225
904.12254696713,25.5897962417561,2,4,26.0029888719228,93.6107599389219,-0.0500972631023402,11.2692571712223,456.896430769032,0,0,0,1.225
904.372541077495,25.5994103827265,2,4,26.0025176247467,93.6090634490882,-0.0479348386881975,11.2688487137544,458.608357326011,0,0,0,1.225
904.62253518786,25.6090246941398,2,4,26.0020666745245,93.6074400282881,-0.04587328668762,11.2684578557736,460.24036208952,0,0,0,1.225
904.872529298226,25.6186391686736,2,4,26.0016350783597,93.605886282095,-0.0439072213276359,11.2680837791364,461.796717597808,0,0,0,1.225
905.122523408591,25.6282537993441,2,4,26.0012219433459,93.6043989960451,-0.0420316074880753,11.2677257091188,463.281417781681,0,0,0,1.225
905.372517518956,25.6378685794884,2,4,26.0008264233435,93.6029751240365,-0.0402417319285724,11.2673829116139,464.698200859317,0,0,0,1.225
905.622511629321,25.6474835027473,2,4,26.0004477160192,93.6016117776692,-0.0385331774426188,11.2670546905575,466.05056989949,0,0,0,1.225
905.872505739687,25.6570985630504,2,4,26.00008506012,93.600306216432,-0.0369017995935047,11.2667403855579,467.3418113283,0,0,0,1.225
906.122499850052,25.6667137546008,2,4,25.9997377329589,93.5990558386521,-0.0353437057131372,11.2664393697108,468.575011633736,0,0,0,1.225
906.372493960417,25.6763290718617,2,4,25.9994050480929,93.5978581731345,-0.0338552359067956,11.26615104758,469.753072472841,0,0,0,1.225
906.622488070783,25.6859445095433,2,4,25.9990863531736,93.596710871425,-0.0324329458309888,11.2658748533296,470.878724367046,0,0,0,1.225
906.872482181148,25.6955600625906,2,4,25.9987810279557,93.5956117006405,-0.0310735910475042,11.2656102489931,471.954539142594,0,0,0,1.225
907.122476291513,25.7051757261721,2,4,25.9984884824484,93.5945585368142,-0.0297741127822043,11.2653567228667,472.982941252658,0,0,0,1.225
907.372470401878,25.7147914956687,2,4,25.9982081551974,93.5935493587107,-0.0285316249328157,11.2651137880162,473.966218105262,0,0,0,1.225
907.622464512244,25.7244073666636,2,4,25.9979395116858,93.5925822420688,-0.0273434021992894,11.2648809808879,474.906529497724,0,0,0,1.225
907.872458622609,25.7340233349328,2,4,25.997682042844,93.5916553542382,-0.0262068692155375,11.2646578600135,475.805916254166,0,0,0,1.225
908.122452732974,25.7436393964356,2,4,25.9974352636593,93.5907669491734,-0.0251195905877305,11.2644440048026,476.666308141609,0,0,0,1.225
908.372446843339,25.7532555473064,2,4,25.9971987118773,93.5899153627583,-0.0240792617400175,11.2642390144139,477.48953114364,0,0,0,1.225
908.622440953705,25.7628717838462,2,4,25.9969719467874,93.5890990084345,-0.0230837004960449,11.2640425067008,478.27731414867,0,0,0,1.225
908.87243506407,25.7724881025151,2,4,25.9967545480853,93.588316373107,-0.0221308393210111,11.2638541172232,479.031295112734,0,0,0,1.225
909.122429174435,25.7821044999249,2,4,25.9965461148079,93.5875660133084,-0.0212187181642296,11.2636734983222,479.753026744627,0,0,0,1.225
909.3724232848,25.7917209728318,2,4,25.9963462643336,93.5868465516008,-0.0203454778446724,11.2635003182522,480.443981759182,0,0,0,1.225
909.622417395166,25.8013375181306,2,4,25.9961546314434,93.5861566731962,-0.0195093539337928,11.2633342603653,481.105557735074,0,0,0,1.225
909.872411505531,25.8109541328476,2,4,25.9959708674393,93.5854951227814,-0.0187086710824176,11.2631750223459,481.739081619518,0,0,0,1.225
910.122405615896,25.8205708141353,2,4,25.9957946393142,93.5848607015312,-0.0179418377644265,11.26302231549,482.345813901566,0,0,0,1.225
910.372399726262,25.8301875592662,2,4,25.9956256289712,93.5842522642964,-0.0172073413903767,11.2628758640271,482.926952491293,0,0,0,1.225
910.622393836627,25.8398043656278,2,4,25.9954635324874,93.5836687169546,-0.0165037437656067,11.2627354044814,483.483636325143,0,0,0,1.225
910.872387946992,25.8494212307177,2,4,25.9953080594202,93.5831090139128,-0.0158296768600766,11.2626006850693,484.016948723495,0,0,0,1.225
911.122382057357,25.859038152138,2,4,25.9951589321528,93.5825721557501,-0.0151838388706183,11.2624714651314,484.5279205158,0,0,0,1.225
911.372376167723,25.8686551275914,2,4,25.9950158852758,93.5820571869928,-0.0145649905408057,11.2623475145957,485.017532961025,0,0,0,1.225
911.622370278088,25.8782721548766,2,4,25.9948786650033,93.5815631940119,-0.013971951729805,11.2622286134707,485.486720470216,0,0,0,1.225
911.872364388453,25.8878892318838,2,4,25.9947470286209,93.5810893030352,-0.0134035982006462,11.2621145513666,485.936373154749,0,0,0,1.225
912.122358498818,25.8975063565912,2,4,25.9946207439629,93.5806346782664,-0.012858858617228,11.2620051270411,486.36733920873,0,0,0,1.225
912.372352609184,25.9071235270607,2,4,25.9944995889183,93.5801985201057,-0.0123367117323211,11.2619001479712,486.780427139672,0,0,0,1.225
912.622346719549,25.9167407414348,2,4,25.994383350962,93.5797800634632,-0.0118361837483804,11.2617994299462,487.176407861922,0,0,0,1.225
912.872340829914,25.9263579979328,2,4,25.9942718267115,93.5793785761614,-0.0113563458447973,11.2617027966828,487.556016657873,0,0,0,1.225
913.122334940279,25.9359752948473,2,4,25.9941648215057,93.5789933574204,-0.0108963118552233,11.26161007946,487.919955020009,0,0,0,1.225
913.372329050645,25.9455926305416,2,4,25.9940621490057,93.5786237364206,-0.0104552360822303,11.2615211167729,488.268892383899,0,0,0,1.225
913.62232316101,25.9552100034464,2,4,25.9939636308163,93.5782690709389,-0.0100323112465784,11.2614357540034,488.603467754287,0,0,0,1.225
913.872317271375,25.9648274120569,2,4,25.9938690961261,93.5779287460539,-0.00962676655222114,11.261353843109,488.924291239329,0,0,0,1.225
914.12231138174,25.9744448549301,2,4,25.9937783813654,93.5776021729154,-0.00923786586795495,11.2612752423257,489.231945492197,0,0,0,1.225
914.372305492106,25.984062330682,2,4,25.9936913298821,93.5772887875756,-0.00886490601093486,11.2611998158865,489.526987071845,0,0,0,1.225
914.622299602471,25.9936798379858,2,4,25.9936077916325,93.576988049877,-0.00850721512910014,11.2611274337536,489.809947725256,0,0,0,1.225
914.872293712836,26.0032973755684,2,4,25.9935276228878,93.5766994423961,-0.00816415117250508,11.2610579713639,490.081335599142,0,0,0,1.225
915.122287823202,26.0129149422092,2,4,25.9934506859546,93.5764224694366,-0.00783510045423702,11.2609913093859,490.341636380529,0,0,0,1.225
915.372281933567,26.0225325367372,2,4,25.9933768489091,93.5761566560727,-0.00751947628477794,11.26092733349,490.591314379089,0,0,0,1.225
915.622276043932,26.0321501580293,2,4,25.9933059853436,93.5759015472371,-0.00721671768458439,11.2608659341283,490.830813547393,0,0,0,1.225
915.872270154297,26.0417678050081,2,4,25.9932379741258,93.5756567068529,-0.00692628816601795,11.2608070063256,491.060558446144,0,0,0,1.225
916.122264264663,26.0513854766399,2,4,25.9931726991684,93.5754217170063,-0.00664767457803244,11.2607504494799,491.280955159638,0,0,0,1.225
916.372258375028,26.0610031719333,2,4,25.9931100492107,93.5751961771585,-0.00638038601498189,11.260696167173,491.492392160342,0,0,0,1.225
916.622252485393,26.0706208899371,2,4,25.9930499176092,93.5749797033932,-0.0061239527797722,11.2606440669887,491.695241130386,0,0,0,1.225
916.872246595758,26.0802386297387,2,4,25.9929922021391,93.5747719277009,-0.00587792540385746,11.2605940603411,491.889857737956,0,0,0,1.225
917.122240706124,26.0898563904624,2,4,25.992936804804,93.5745724972943,-0.00564187371521335,11.2605460623089,492.076582375651,0,0,0,1.225
917.372234816489,26.0994741712682,2,4,25.9928836316546,93.5743810739566,-0.0054153859554243,11.260499991479,492.255740859883,0,0,0,1.225
917.622228926854,26.10909197135,2,4,25.9928325926162,93.5741973334185,-0.00519806794201921,11.2604557697962,492.427645094398,0,0,0,1.225
917.872223037219,26.1187097899344,2,4,25.9927836013233,93.5740209647639,-0.00498954227014359,11.2604133224204,492.592593702623,0,0,0,1.225
918.122217147585,26.1283276262793,2,4,25.9927365749618,93.5738516698627,-0.00478944755811599,11.2603725775893,492.750872625197,0,0,0,1.225
918.37221125795,26.1379454796724,2,4,25.992691434119,93.5736891628284,-0.00459743772618167,11.2603334664887,492.902755691208,0,0,0,1.225
918.622205368315,26.1475633494305,2,4,25.9926481026392,93.5735331695011,-0.00441318131528505,11.2602959231272,493.048505157682,0,0,0,1.225
918.87219947868,26.1571812348976,2,4,25.9926065074867,93.573383426952,-0.00423636083449187,11.2602598842173,493.188372226389,0,0,0,1.225
919.122193589046,26.1667991354445,2,4,25.9925665786143,93.5732396830114,-0.0040666721427456,11.2602252890616,493.32259753342,0,0,0,1.225
919.372187699411,26.1764170504672,2,4,25.9925282488379,93.5731016958166,-0.00390382386041053,11.260192079444,493.451411615151,0,0,0,1.225
919.622181809776,26.186034979386,2,4,25.9924914537167,93.57296923338,-0.00374753680764553,11.2601601995256,493.575035352962,0,0,0,1.225
919.872175920142,26.1956529216448,2,4,25.9924561314379,93.5728420731765,-0.00359754347074546,11.2601295957454,493.693680395776,0,0,0,1.225
920.122170030507,26.2052708767096,2,4,25.9924222227078,93.572720001748,-0.00345358749213003,11.2601002167252,493.807549563878,0,0,0,1.225
920.372164140872,26.2148888440681,2,4,25.9923896706461,93.5726028143259,-0.0033154231876181,11.2600720131785,493.916837231077,0,0,0,1.225
920.622158251237,26.2245068232284,2,4,25.9923584206862,93.5724903144702,-0.00318281508098278,11.2600449378236,494.021729693234,0,0,0,1.225
920.872152361603,26.2341248137186,2,4,25.9923284204786,93.572382313723,-0.00305553746442782,11.2600189453003,494.122405516203,0,0,0,1.225
921.122146471968,26.2437428150856,2,4,25.9922996197995,93.5722786312784,-0.00293337397930059,11.2599939920905,494.219035867752,0,0,0,1.225
921.372140582333,26.2533608268946,2,4,25.9922719704626,93.5721790936654,-0.00281611721249437,11.2599700364416,494.311784837079,0,0,0,1.225
921.622134692698,26.2629788487283,2,4,25.9922454262348,93.5720835344453,-0.00270356831399679,11.2599470382937,494.400809737556,0,0,0,1.225
921.872128803064,26.2725968801859,2,4,25.9922199427559,93.5719917939212,-0.00259553663308338,11.2599249592099,494.486261394692,0,0,0,1.225
922.122122913429,26.2822149208831,2,4,25.9921954774613,93.5719037188607,-0.0024918393674717,11.2599037623093,494.568284423864,0,0,0,1.225
922.372117023794,26.2918329704506,2,4,25.9921719895082,93.5718191622296,-0.00239230123089324,11.2598834122029,494.647017493434,0,0,0,1.225
922.622111134159,26.3014510285341,2,4,25.9921494397049,93.5717379829376,-0.002296754134308,11.2598638749325,494.722593577078,0,0,0,1.225
922.872105244525,26.3110690947936,2,4,25.9921277904428,93.5716600455942,-0.00220503688212609,11.2598451179118,494.795140194212,0,0,0,1.225
923.12209935489,26.3206871689026,2,4,25.992107005632,93.5715852202753,-0.00211699488207208,11.2598271098704,494.864779639628,0,0,0,1.225
923.372093465255,26.3303052505476,2,4,25.9920870506386,93.5715133822991,-0.00203247986619097,11.2598098207996,494.93162920431,0,0,0,1.225
923.622087575621,26.3399233394279,2,4,25.9920678922256,93.5714444120123,-0.00195134962686107,11.2597932219011,494.99580138435,0,0,0,1.225
923.872081685986,26.3495414352546,2,4,25.9920494984956,93.5713781945842,-0.00187346776144741,11.2597772855374,495.057404083043,0,0,0,1.225
924.122075796351,26.3591595377506,2,4,25.9920318388362,93.5713146198104,-0.00179870343127992,11.2597619851846,495.116540801617,0,0,0,1.225
924.372069906716,26.3687776466496,2,4,25.9920148838677,93.5712535819238,-0.00172693112858994,11.2597472953867,495.173310823681,0,0,0,1.225
924.622064017082,26.3783957616962,2,4,25.9919986053928,93.5711949794141,-0.00165803045345139,11.2597331917124,495.227809391754,0,0,0,1.225
924.872058127447,26.3880138826451,2,4,25.9919829763485,93.5711387148548,-0.00159188590459208,11.2597196507132,495.280127872779,0,0,0,1.225
925.122052237812,26.3976320092609,2,4,25.9919679707602,93.5710846947368,-0.00152838667270611,11.2597066498838,495.330353921709,0,0,0,1.225
925.372046348177,26.4072501413176,2,4,25.9919535636972,93.5710328293098,-0.00146742644786389,11.2596941676232,495.37857163389,0,0,0,1.225
925.622040458543,26.416868278598,2,4,25.9919397312303,93.5709830324292,-0.00140890323283394,11.2596821831985,495.424861692787,0,0,0,1.225
925.872034568908,26.426486420894,2,4,25.9919264503918,93.5709352214104,-0.00135271916527247,11.2596706767096,495.469301510675,0,0,0,1.225
926.122028679273,26.4361045680055,2,4,25.9919136991356,93.5708893168882,-0.00129878034696174,11.2596596290552,495.511965363766,0,0,0,1.225
926.372022789638,26.4457227197405,2,4,25.9919014563008,93.5708452426828,-0.0012469966805519,11.2596490219008,495.552924521386,0,0,0,1.225
926.622016900004,26.4553408759146,2,4,25.9918897015751,93.5708029256705,-0.00119728171335162,11.2596388376475,495.592247369572,0,0,0,1.225
926.872011010369,26.4649590363509,2,4,25.9918784154612,93.5707622956605,-0.00114955248748529,11.259629059402,495.62999952964,0,0,0,1.225
927.122005120734,26.4745772008795,2,4,25.9918675792433,93.5707232852759,-0.0011037293959621,11.2596196709487,495.666243972067,0,0,0,1.225
927.371999231099,26.4841953693373,2,4,25.9918571749558,93.5706858298409,-0.00105973604715813,11.2596106567217,495.7010411237,0,0,0,1.225
927.621993341465,26.4938135415676,2,4,25.991847185353,93.5706498672707,-0.00101749913111749,11.259602001779,495.734448973561,0,0,0,1.225
927.87198745183,26.5034317174201,2,4,25.9918375938799,93.5706153379678,-0.000976948294721202,11.2595936917772,495.766523171597,0,0,0,1.225
928.121981562195,26.5130498967505,2,4,25.9918283846449,93.5705821847215,-0.000938016020494226,11.2595857129472,495.797317124575,0,0,0,1.225
928.371975672561,26.5226680794201,2,4,25.9918195423921,93.5705503526116,-0.000900637511096869,11.2595780520713,495.826882087466,0,0,0,1.225
928.621969782926,26.5322862652959,2,4,25.9918110524767,93.5705197889162,-0.000864750578818593,11.2595706964609,495.855267250869,0,0,0,1.225
928.871963893291,26.5419044542502,2,4,25.9918029008398,93.5704904430234,-0.000830295537800351,11.2595636339351,495.882519826297,0,0,0,1.225
929.121958003656,26.5515226461602,2,4,25.991795073985,93.570462266346,-0.000797215104442571,11.2595568528005,495.908685124948,0,0,0,1.225
929.371952114022,26.5611408409082,2,4,25.9917875589557,93.5704352122405,-0.000765454298722656,11.2595503418314,495.933806635786,0,0,0,1.225
929.621946224387,26.5707590383812,2,4,25.9917803433135,93.5704092359286,-0.000734960349605305,11.259544090251,495.957926100383,0,0,0,1.225
929.871940334752,26.5803772384707,2,4,25.9917734151174,93.5703842944227,-0.00070568260704683,11.2595380877134,495.981083582523,0,0,0,1.225
930.121934445117,26.5899954410723,2,4,25.9917667629037,93.5703603464533,-0.000677572455136365,11.2595323242864,496.003317536922,0,0,0,1.225
930.371928555483,26.599613646086,2,4,25.9917603756669,93.5703373524007,-0.000650583230239413,11.2595267904348,496.024664873982,0,0,0,1.225
930.621922665848,26.6092318534157,2,4,25.9917542428412,93.5703152742284,-0.00062467014096043,11.2595214770042,496.045161023118,0,0,0,1.225
930.871916776213,26.6188500629693,2,4,25.9917483542832,93.5702940754194,-0.000599790193562498,11.2595163752064,496.064839991751,0,0,0,1.225
931.121910886578,26.628468274658,2,4,25.9917427002544,93.5702737209159,-0.000575902118069142,11.2595114766038,496.083734423773,0,0,0,1.225
931.371904996944,26.6380864883969,2,4,25.9917372714056,93.57025417706,-0.000552966299141107,11.2595067730962,496.10187565423,0,0,0,1.225
931.621899107309,26.6477047041044,2,4,25.9917320587606,93.5702354115382,-0.00053094471036381,11.2595022569067,496.119293761296,0,0,0,1.225
931.871893217674,26.657322921702,2,4,25.991727053702,93.5702173933272,-0.000509800848080049,11.2594979205691,496.136017618632,0,0,0,1.225
932.12188732804,26.6669411411145,2,4,25.9917222479562,93.5702000926422,-0.000489499671589317,11.259493756915,496.15207494268,0,0,0,1.225
932.371881438405,26.6765593622695,2,4,25.9917176335799,93.5701834808876,-0.000470007543119731,11.2594897590625,496.167492340159,0,0,0,1.225
932.62187554877,26.6861775850978,2,4,25.9917132029469,93.5701675306089,-0.000451292172120176,11.2594859204041,496.182295352124,0,0,0,1.225
932.871869659135,26.6957958095326,2,4,25.9917089487354,93.5701522154474,-0.000433322560234578,11.2594822345962,496.196508497505,0,0,0,1.225
933.121863769501,26.7054140355101,2,4,25.9917048639157,93.5701375100964,-0.000416068949914238,11.2594786955483,496.210155313748,0,0,0,1.225
933.371857879866,26.7150322629687,2,4,25.9917009417385,93.5701233902586,-0.000399502773712315,11.2594752974128,496.223258396936,0,0,0,1.225
933.621851990231,26.7246504918496,2,4,25.9916971757239,93.5701098326062,-0.000383596607898497,11.2594720345756,496.235839438465,0,0,0,1.225
933.871846100596,26.734268722096,2,4,25.9916935596506,93.5700968147421,-0.000368324124254651,11.2594689016464,496.247919263201,0,0,0,1.225
934.121840210962,26.7438869536537,2,4,25.9916900875451,93.5700843151624,-0.000353660048691836,11.2594658934498,496.259517862185,0,0,0,1.225
934.371834321327,26.7535051864704,2,4,25.9916867536725,93.5700723132208,-0.000339580116456634,11.2594630050172,496.270654428093,0,0,0,1.225
934.621828431692,26.7631234204959,2,4,25.9916835525263,93.5700607890946,-0.00032606103279458,11.2594602315778,496.281347386343,0,0,0,1.225
934.871822542057,26.7727416556823,2,4,25.9916804788198,93.5700497237513,-0.000313080434295724,11.259457568551,496.291614425665,0,0,0,1.225
935.121816652423,26.7823598919832,2,4,25.9916775274771,93.5700390989174,-0.000300616850694953,11.2594550115393,496.301472528326,0,0,0,1.225
935.371810762788,26.7919781293543,2,4,25.9916746936244,93.5700288970479,-0.000288649669855624,11.2594525563199,496.310937997825,0,0,0,1.225
935.621804873153,26.8015963677529,2,4,25.9916719725826,93.5700191012974,-0.000277159102525809,11.2594501988389,496.320026486776,0,0,0,1.225
935.871798983518,26.8112146071383,2,4,25.9916693598588,93.5700096954917,-0.000266126150277856,11.2594479352037,496.328753022261,0,0,0,1.225
936.121793093884,26.820832847471,2,4,25.9916668511393,93.5700006641015,-0.000255532572538424,11.2594457616769,496.337132031921,0,0,0,1.225
936.371787204249,26.8304510887135,2,4,25.9916644422824,93.5699919922166,-0.000245360857938732,11.2594436746701,496.345177366601,0,0,0,1.225
936.621781314614,26.8400693308294,2,4,25.9916621293113,93.5699836655208,-0.000235594192936246,11.2594416707379,496.352902325194,0,0,0,1.225
936.87177542498,26.849687573784,2,4,25.9916599084079,93.5699756702685,-0.00022621643680299,11.2594397465723,496.360319674397,0,0,0,1.225
937.121769535345,26.859305817544,2,4,25.9916577759061,93.5699679932619,-0.000217212091156751,11.259437898997,496.367441672841,0,0,0,1.225
937.37176364571,26.8689240620772,2,4,25.9916557282858,93.569960621829,-0.000208566277223182,11.2594361249622,496.374280089056,0,0,0,1.225
937.621757756075,26.8785423073529,2,4,25.9916537621675,93.569953543803,-0.000200264709914588,11.2594344215399,496.380846221979,0,0,0,1.225
937.871751866441,26.8881605533415,2,4,25.9916518743059,93.5699467475014,-0.000192293673272989,11.2594327859185,496.387150920388,0,0,0,1.225
938.121745976806,26.8977788000148,2,4,25.9916500615854,93.5699402217075,-0.000184639999551255,11.2594312153986,496.393204599435,0,0,0,1.225
938.371740087171,26.9073970473453,2,4,25.9916483210143,93.5699339556514,-0.000177291045110923,11.2594297073881,496.399017259725,0,0,0,1.225
938.621734197536,26.917015295307,2,4,25.99164664972,93.569927938992,-0.000170234671777119,11.2594282593984,496.404598502046,0,0,0,1.225
938.871728307902,26.9266335438747,2,4,25.9916450449446,93.5699221618005,-0.000163459224100655,11.2594268690399,496.409957545378,0,0,0,1.225
939.121722418267,26.9362517930243,2,4,25.9916435040398,93.5699166145434,-0.000156953512759359,11.2594255340183,496.415103239998,0,0,0,1.225
939.371716528632,26.9458700427327,2,4,25.991642024463,93.5699112880668,-0.000150706793411823,11.2594242521305,496.420044084226,0,0,0,1.225
939.621710638997,26.9554882929776,2,4,25.9916406037727,93.5699061735817,-0.000144708750780874,11.2594230212614,496.424788237004,0,0,0,1.225
939.871704749363,26.9651065437376,2,4,25.9916392396247,93.5699012626489,-0.000138949480918009,11.25942183938,496.429343531922,0,0,0,1.225
940.121698859728,26.9747247949923,2,4,25.9916379297682,93.5698965471654,-0.000133419473922586,11.2594207045361,496.433717490902,0,0,0,1.225
940.371692970093,26.984343046722,2,4,25.9916366720419,93.5698920193509,-0.000128109600299086,11.2594196148572,496.437917334965,0,0,0,1.225
940.621687080459,26.9939612989078,2,4,25.9916354643709,93.5698876717351,-0.000123011092994165,11.2594185685457,496.441949998469,0,0,0,1.225
940.871681190824,27.0035795515314,2,4,25.9916343047624,93.5698834971448,-0.000118115535345568,11.2594175638751,496.445822138614,0,0,0,1.225
941.121675301189,27.0131978045756,2,4,25.9916331913035,93.5698794886927,-0.000113414845620356,11.2594165991879,496.449540147688,0,0,0,1.225
941.371669411554,27.0228160580235,2,4,25.9916321221572,93.5698756397659,-0.000108901264054298,11.2594156728926,496.453110163319,0,0,0,1.225
941.62166352192,27.0324343118591,2,4,25.9916310955596,93.5698719440145,-0.000104567340573405,11.259414783461,496.456538078171,0,0,0,1.225
941.871657632285,27.0420525660669,2,4,25.9916301098171,93.5698683953416,-0.000100405921378568,11.2594139294259,496.459829550578,0,0,0,1.225
942.12165174265,27.0516708206322,2,4,25.9916291633036,93.5698649878931,-9.64101389408781e-05,11.2594131093783,496.462990012429,0,0,0,1.225
942.371645853015,27.0612890755408,2,4,25.9916282544577,93.5698617160478,-9.2573396994612e-05,11.2594123219654,496.466024681079,0,0,0,1.225
942.621639963381,27.0709073307788,2,4,25.9916273817801,93.5698585744085,-8.88893648527565e-05,11.2594115658884,496.468938563796,0,0,0,1.225
942.871634073746,27.0805255863334,2,4,25.9916265438313,93.5698555577928,-8.53519617178546e-05,11.2594108399,496.471736470214,0,0,0,1.225
943.121628184111,27.0901438421917,2,4,25.9916257392291,93.5698526612246,-8.19553505427717e-05,11.2594101428026,496.47442301716,0,0,0,1.225
943.371622294476,27.0997620983419,2,4,25.9916249666461,93.569849879926,-7.86939259796069e-05,11.2594094734464,496.477002638201,0,0,0,1.225
943.621616404842,27.1093803547722,2,4,25.9916242248081,93.5698472093092,-7.5562306421427e-05,11.2594088307272,496.479479589933,0,0,0,1.225
943.871610515207,27.1189986114715,2,4,25.9916235124914,93.5698446449691,-7.25553242249682e-05,11.259408213585,496.481857959716,0,0,0,1.225
944.121604625572,27.128616868429,2,4,25.9916228285211,93.569842182676,-6.96680172976115e-05,11.2594076210017,496.484141672335,0,0,0,1.225
944.371598735937,27.1382351256346,2,4,25.991622171769,93.5698398183684,-6.68956222760122e-05,11.2594070519999,496.486334495375,0,0,0,1.225
944.621592846303,27.1478533830784,2,4,25.9916215411519,93.5698375481467,-6.42335642940432e-05,11.2594065056412,496.48844004734,0,0,0,1.225
944.871586956668,27.1574716407508,2,4,25.9916209356296,93.5698353682664,-6.16774515256984e-05,11.2594059810243,496.490461801951,0,0,0,1.225
945.121581067033,27.1670898986428,2,4,25.9916203542034,93.5698332751322,-5.92230667720683e-05,11.259405477284,496.492403094807,0,0,0,1.225
945.371575177399,27.1767081567456,2,4,25.9916197959143,93.5698312652917,-5.6866360185211e-05,11.2594049935894,496.494267129146,0,0,0,1.225
945.621569287764,27.1863264150509,2,4,25.9916192598417,93.56982933543,-5.46034444931927e-05,11.2594045291429,496.496056979606,0,0,0,1.225
945.871563398129,27.1959446735505,2,4,25.9916187451012,93.5698274823642,-5.24305859049263e-05,11.2594040831782,496.497775599437,0,0,0,1.225
946.121557508494,27.2055629322369,2,4,25.9916182508439,93.5698257030382,-5.03441997899698e-05,11.2594036549601,496.499425823907,0,0,0,1.225
946.37155161886,27.2151811911024,2,4,25.9916177762548,93.5698239945172,-4.83408440845343e-05,11.2594032437821,496.501010375522,0,0,0,1.225
946.621545729225,27.22479945014,2,4,25.991617320551,93.5698223539836,-4.64172145165245e-05,11.2594028489661,496.502531867793,0,0,0,1.225
946.87153983959,27.2344177093429,2,4,25.991616882981,93.5698207787317,-4.45701377841675e-05,11.2594024698611,496.503992810647,0,0,0,1.225
947.121533949955,27.2440359687044,2,4,25.9916164628232,93.5698192661636,-4.27965665536742e-05,11.2594021058417,496.505395614377,0,0,0,1.225
947.371528060321,27.2536542282183,2,4,25.9916160593847,93.5698178137847,-4.10935755937961e-05,11.2594017563077,496.506742592695,0,0,0,1.225
947.621522170686,27.2632724878785,2,4,25.991615672,93.5698164191998,-3.94583556365906e-05,11.2594014206826,496.508035967592,0,0,0,1.225
947.871516281051,27.2728907476792,2,4,25.9916153000303,93.569815080109,-3.78882092845993e-05,11.2594010984128,496.509277872577,0,0,0,1.225
948.121510391416,27.2825090076147,2,4,25.9916149428622,93.5698137943038,-3.63805466906458e-05,11.2594007889669,496.51047035609,0,0,0,1.225
948.371504501782,27.2921272676798,2,4,25.9916145999066,93.5698125596639,-3.49328810102555e-05,11.2594004918347,496.5116153851,0,0,0,1.225
948.621498612147,27.3017455278692,2,4,25.9916142705981,93.569811374153,-3.35428240814535e-05,11.2594002065259,496.512714848529,0,0,0,1.225
948.871492722512,27.311363788178,2,4,25.9916139543934,93.5698102358162,-3.22080839235956e-05,11.2593999325703,496.513770559211,0,0,0,1.225
949.121486832878,27.3209820486015,2,4,25.9916136507711,93.5698091427761,-3.09264585981344e-05,11.2593996695159,496.514784258772,0,0,0,1.225
949.371480943243,27.3306003091351,2,4,25.9916133592306,93.5698080932303,-2.96958339348288e-05,11.2593994169289,496.515757619419,0,0,0,1.225
949.621475053608,27.3402185697744,2,4,25.9916130792911,93.5698070854479,-2.85141808031959e-05,11.2593991743929,496.516692246086,0,0,0,1.225
949.871469163973,27.3498368305152,2,4,25.9916128104909,93.5698061177671,-2.7379549882793e-05,11.2593989415079,496.517589680591,0,0,0,1.225
950.121463274339,27.3594550913535,2,4,25.9916125523867,93.569805188592,-2.62900696168063e-05,11.2593987178897,496.518451403244,0,0,0,1.225
950.371457384704,27.3690733522854,2,4,25.9916123045529,93.5698042963903,-2.52439439382607e-05,11.2593985031697,496.519278834635,0,0,0,1.225
950.621451495069,27.3786916133072,2,4,25.9916120665808,93.5698034396908,-2.42394465855442e-05,11.2593982969938,496.520073340158,0,0,0,1.225
950.871445605434,27.3883098744152,2,4,25.991611838078,93.5698026170807,-2.32749217845444e-05,11.2593980990219,496.520836229439,0,0,0,1.225
951.1214397158,27.3979281356061,2,4,25.9916116186677,93.5698018272036,-2.23487776546574e-05,11.2593979089277,496.521568761586,0,0,0,1.225
951.371433826165,27.4075463968766,2,4,25.991611407988,93.5698010687567,-2.14594880278191e-05,11.2593977263975,496.522272143708,0,0,0,1.225
951.62142793653,27.4171646582234,2,4,25.9916112056915,93.5698003404896,-2.0605585399756e-05,11.2593975511305,496.522947536536,0,0,0,1.225
951.871422046895,27.4267829196436,2,4,25.9916110114448,93.5697996412011,-1.9785661839501e-05,11.2593973828376,496.523596053667,0,0,0,1.225
952.121416157261,27.4364011811343,2,4,25.9916108249273,93.5697989697383,-1.89983655787079e-05,11.2593972212413,496.524218764278,0,0,0,1.225
952.371410267626,27.4460194426926,2,4,25.9916106458316,93.5697983249938,-1.82423971462079e-05,11.2593970660751,496.524816696195,0,0,0,1.225
952.621404377991,27.4556377043158,2,4,25.9916104738623,93.5697977059044,-1.75165107322838e-05,11.2593969170832,496.525390834782,0,0,0,1.225
952.871398488356,27.4652559660014,2,4,25.9916103087359,93.5697971114493,-1.68195091863312e-05,11.2593967740198,496.525942126924,0,0,0,1.225
953.121392598722,27.4748742277468,2,4,25.9916101501801,93.5697965406483,-1.61502426525845e-05,11.2593966366491,496.526471482102,0,0,0,1.225
953.371386709087,27.4844924895498,2,4,25.9916099979333,93.56979599256,-1.55076074332216e-05,11.2593965047445,496.526979773284,0,0,0,1.225
953.621380819452,27.494110751408,2,4,25.9916098517446,93.5697954662807,-1.48905441693317e-05,11.2593963780885,496.527467838366,0,0,0,1.225
953.871374929818,27.5037290133191,2,4,25.9916097113729,93.5697949609426,-1.42980351123668e-05,11.2593962564723,496.527936482337,0,0,0,1.225
954.121369040183,27.5133472752812,2,4,25.9916095765868,93.5697944757123,-1.37291029872466e-05,11.2593961396953,496.528386478172,0,0,0,1.225
954.371363150548,27.5229655372922,2,4,25.9916094471638,93.5697940097898,-1.31828098554636e-05,11.2593960275649,496.52881856773,0,0,0,1.225
954.621357260913,27.53258379935,2,4,25.9916093228908,93.5697935624068,-1.26582543865342e-05,11.2593959198964,496.529233463921,0,0,0,1.225
954.871351371279,27.542202061453,2,4,25.9916092035626,93.5697931328255,-1.21545718579991e-05,11.259395816512,496.529631850695,0,0,0,1.225
955.121345481644,27.5518203235992,2,4,25.9916090889827,93.5697927203376,-1.16709318816329e-05,11.2593957172414,496.530014384842,0,0,0,1.225
955.371339592009,27.561438585787,2,4,25.9916089789619,93.5697923242629,-1.12065365844117e-05,11.2593956219209,496.530381697445,0,0,0,1.225
955.621333702374,27.5710568480146,2,4,25.991608873319,93.5697919439484,-1.07606203811343e-05,11.2593955303932,496.530734394037,0,0,0,1.225
955.87132781274,27.5806751102806,2,4,25.9916087718797,93.5697915787668,-1.03324474732524e-05,11.2593954425075,496.531073056604,0,0,0,1.225
956.121321923105,27.5902933725833,2,4,25.9916086744767,93.569791228116,-9.92131230362949e-06,11.2593953581189,496.531398243199,0,0,0,1.225
956.37131603347,27.5999116349214,2,4,25.9916085809494,93.5697908914179,-9.52653682799149e-06,11.2593952770881,496.531710490121,0,0,0,1.225
956.621310143835,27.6095298972934,2,4,25.9916084911437,93.5697905681172,-9.14746983279034e-06,11.2593951992815,496.532010312449,0,0,0,1.225
956.871304254201,27.619148159698,2,4,25.9916084049114,93.5697902576809,-8.78348670782468e-06,11.259395124571,496.532298204214,0,0,0,1.225
957.121298364566,27.6287664221338,2,4,25.9916083221103,93.5697899595969,-8.43398626293349e-06,11.2593950528332,496.532574640933,0,0,0,1.225
957.371292474931,27.6383846845996,2,4,25.9916082426039,93.569789673374,-8.09839345654443e-06,11.2593949839499,496.532840077425,0,0,0,1.225
957.621286585297,27.6480029470943,2,4,25.9916081662611,93.5697893985399,-7.77615393857709e-06,11.2593949178075,496.53309495216,0,0,0,1.225
957.871280695662,27.6576212096167,2,4,25.991608092956,93.5697891346417,-7.46673655161234e-06,11.259394854297,496.533339685255,0,0,0,1.225
958.121274806027,27.6672394721656,2,4,25.9916080225678,93.5697888812442,-7.16963128448105e-06,11.2593947933135,496.533574680099,0,0,0,1.225
958.371268916392,27.6768577347401,2,4,25.9916079549804,93.5697886379294,-6.88434836274794e-06,11.2593947347567,496.533800324079,0,0,0,1.225
958.621263026758,27.686475997339,2,4,25.9916078900823,93.5697884042962,-6.61041711181644e-06,11.2593946785298,496.534016989475,0,0,0,1.225
958.871257137123,27.6960942599615,2,4,25.9916078277665,93.5697881799595,-6.34738527479158e-06,11.2593946245402,496.534225034004,0,0,0,1.225
959.121251247488,27.7057125226066,2,4,25.9916077679303,93.5697879645491,-6.09482014937515e-06,11.2593945726989,496.534424799903,0,0,0,1.225
959.371245357853,27.7153307852734,2,4,25.991607710475,93.5697877577101,-5.85230472242218e-06,11.2593945229204,496.534616617012,0,0,0,1.225
959.621239468219,27.7249490479611,2,4,25.9916076553059,93.5697875591012,-5.6194390342151e-06,11.2593944751226,496.53480080168,0,0,0,1.225
959.871233578584,27.7345673106687,2,4,25.991607602332,93.5697873683951,-5.39583972370567e-06,11.2593944292267,496.534977657118,0,0,0,1.225
960.121227688949,27.7441855733955,2,4,25.9916075514659,93.5697871852773,-5.1811370725876e-06,11.259394385157,496.535147475765,0,0,0,1.225
960.371221799314,27.7538038361408,2,4,25.9916075026238,93.5697870094457,-4.97497773384493e-06,11.2593943428408,496.535310537094,0,0,0,1.225
960.62121590968,27.7634220989038,2,4,25.9916074557252,93.5697868406106,-4.77702177582455e-06,11.2593943022085,496.535467109973,0,0,0,1.225
960.871210020045,27.7730403616838,2,4,25.9916074106926,93.5697866784935,-4.58694222747824e-06,11.2593942631929,496.535617453024,0,0,0,1.225
961.12120413041,27.7826586244802,2,4,25.991607367452,93.5697865228271,-4.40442644263677e-06,11.2593942257297,496.535761813527,0,0,0,1.225
961.371198240775,27.7922768872922,2,4,25.9916073259318,93.5697863733547,-4.22917268932445e-06,11.2593941897572,496.535900430143,0,0,0,1.225
961.621192351141,27.8018951501193,2,4,25.9916072860638,93.5697862298298,-4.06089287830755e-06,11.2593941552161,496.536033530728,0,0,0,1.225
961.871186461506,27.8115134129608,2,4,25.9916072477822,93.5697860920158,-3.89930869765069e-06,11.2593941220494,496.53616133542,0,0,0,1.225
962.121180571871,27.8211316758162,2,4,25.9916072110238,93.5697859596855,-3.74415434126528e-06,11.2593940902024,496.536284054452,0,0,0,1.225
962.371174682237,27.830749938685,2,4,25.991607175728,93.5697858326207,-3.59517332560304e-06,11.2593940596226,496.536401890695,0,0,0,1.225
962.621168792602,27.8403682015665,2,4,25.9916071418366,93.5697857106118,-3.45212053606731e-06,11.2593940302595,496.536515038017,0,0,0,1.225
962.871162902967,27.8499864644603,2,4,25.9916071092938,93.5697855934577,-3.31475972584366e-06,11.2593940020649,496.53662368328,0,0,0,1.225
963.121157013332,27.859604727366,2,4,25.9916070780459,93.5697854809651,-3.18286442541607e-06,11.2593939749921,496.53672800561,0,0,0,1.225
963.371151123698,27.8692229902829,2,4,25.9916070480413,93.5697853729487,-3.05621748780882e-06,11.2593939489965,496.536828176756,0,0,0,1.225
963.621145234063,27.8788412532108,2,4,25.9916070192306,93.5697852692302,-2.93460995169135e-06,11.2593939240353,496.536924361996,0,0,0,1.225
963.871139344428,27.888459516149,2,4,25.9916069915663,93.5697851696388,-2.81784104137828e-06,11.2593939000673,496.537016720136,0,0,0,1.225
964.121133454793,27.8980777790974,2,4,25.9916069650028,93.5697850740101,-2.70571862158741e-06,11.259393877053,496.537105403142,0,0,0,1.225
964.371127565159,27.9076960420553,2,4,25.9916069394962,93.5697849821865,-2.59805737840754e-06,11.2593938549545,496.53719055759,0,0,0,1.225
964.621121675524,27.9173143050225,2,4,25.9916069150046,93.5697848940166,-2.49468041095165e-06,11.2593938337353,496.537272323396,0,0,0,1.225
964.871115785889,27.9269325679986,2,4,25.9916068914875,93.5697848093549,-2.39541650280852e-06,11.2593938133603,496.537350835988,0,0,0,1.225
965.121109896254,27.9365508309832,2,4,25.9916068689061,93.569784728062,-2.30010239583307e-06,11.2593937937961,496.537426224493,0,0,0,1.225
965.37110400662,27.946169093976,2,4,25.9916068472233,93.5697846500038,-2.20858097111405e-06,11.2593937750104,496.537498613181,0,0,0,1.225
965.621098116985,27.9557873569767,2,4,25.9916068264032,93.5697845750514,-2.12070124897413e-06,11.2593937569721,496.537568121472,0,0,0,1.225
965.87109222735,27.9654056199849,2,4,25.9916068064115,93.5697845030815,-2.03631816159078e-06,11.2593937396516,496.537634864108,0,0,0,1.225
966.121086337715,27.9750238830003,2,4,25.9916067872153,93.5697844339752,-1.95529255299632e-06,11.2593937230203,496.537698951153,0,0,0,1.225
966.371080448081,27.9846421460228,2,4,25.991606768783,93.5697843676187,-1.87749117907791e-06,11.2593937070508,496.537760487995,0,0,0,1.225
966.621074558446,27.9942604090519,2,4,25.991606751084,93.5697843039026,-1.80278534330333e-06,11.2593936917166,496.537819576429,0,0,0,1.225
966.871068668811,28.0038786720874,2,4,25.9916067340894,93.5697842427217,-1.73105248837427e-06,11.2593936769927,496.537876313385,0,0,0,1.225
967.121062779177,28.0134969351291,2,4,25.9916067177709,93.5697841839752,-1.66217346767785e-06,11.2593936628545,496.537930793111,0,0,0,1.225
967.371056889542,28.0231151981767,2,4,25.9916067021017,93.5697841275662,-1.5960352738351e-06,11.259393649279,496.537983104985,0,0,0,1.225
967.621050999907,28.03273346123,2,4,25.9916066870561,93.5697840734018,-1.53252921966865e-06,11.2593936362436,496.538033334968,0,0,0,1.225
967.871045110272,28.0423517242887,2,4,25.991606672609,93.5697840213926,-1.47154934654951e-06,11.2593936237269,496.53808156688,0,0,0,1.225
968.121039220638,28.0519699873527,2,4,25.9916066587369,93.5697839714528,-1.41299651721966e-06,11.2593936117083,496.538127879121,0,0,0,1.225
968.371033331003,28.0615882504217,2,4,25.9916066454167,93.5697839235001,-1.35677295869526e-06,11.2593936001678,496.538172349034,0,0,0,1.225
968.621027441368,28.0712065134955,2,4,25.9916066326265,93.5697838774555,-1.30278680984733e-06,11.2593935890866,496.538215049271,0,0,0,1.225
968.871021551733,28.080824776574,2,4,25.9916066203453,93.569783833243,-1.25094871071622e-06,11.2593935784463,496.538256050512,0,0,0,1.225
969.121015662099,28.0904430396569,2,4,25.9916066085527,93.5697837907897,-1.20117339416488e-06,11.2593935682293,496.538295420198,0,0,0,1.225
969.371009772464,28.1000613027442,2,4,25.9916065972293,93.5697837500256,-1.15337877636269e-06,11.2593935584189,496.538333223254,0,0,0,1.225
969.621003882829,28.1096795658355,2,4,25.9916065863566,93.5697837108836,-1.10748550202744e-06,11.2593935489989,496.538369522449,0,0,0,1.225
969.870997993194,28.1192978289307,2,4,25.9916065759164,93.569783673299,-1.06341876345753e-06,11.2593935399537,496.538404376946,0,0,0,1.225
970.12099210356,28.1289160920298,2,4,25.9916065658916,93.5697836372099,-1.02110511722559e-06,11.2593935312684,496.538437844841,0,0,0,1.225
970.370986213925,28.1385343551324,2,4,25.9916065562658,93.5697836025568,-9.80475212726794e-07,11.2593935229286,496.538469980983,0,0,0,1.225
970.62098032429,28.1481526182386,2,4,25.9916065470229,93.5697835692825,-9.41461745767634e-07,11.2593935149208,496.538500838609,0,0,0,1.225
970.870974434656,28.1577708813481,2,4,25.9916065381479,93.5697835373323,-9.04000822840071e-07,11.2593935072315,496.538530468251,0,0,0,1.225
971.120968545021,28.1673891444609,2,4,25.9916065296259,93.5697835066533,-8.68030824226387e-07,11.2593934998482,496.538558918647,0,0,0,1.225
971.370962655386,28.1770074075767,2,4,25.9916065214431,93.5697834771951,-8.33491949241124e-07,11.2593934927587,496.5385862371,0,0,0,1.225
971.620956765751,28.1866256706955,2,4,25.9916065135858,93.569783448909,-8.00327125747211e-07,11.2593934859513,496.538612468751,0,0,0,1.225
971.870950876117,28.1962439338171,2,4,25.9916065060412,93.5697834217484,-7.68481782776929e-07,11.2593934794147,496.538637656764,0,0,0,1.225
972.120944986482,28.2058621969415,2,4,25.9916064987968,93.5697833956685,-7.37904077910944e-07,11.2593934731383,496.538661842136,0,0,0,1.225
972.370939096847,28.2154804600685,2,4,25.9916064918407,93.5697833706264,-7.08542623487988e-07,11.2593934671116,496.538685065521,0,0,0,1.225
972.620933207212,28.225098723198,2,4,25.9916064851613,93.5697833465806,-6.80349897290341e-07,11.2593934613246,496.538707364499,0,0,0,1.225
972.870927317578,28.23471698633,2,4,25.9916064787477,93.5697833234917,-6.53278377100279e-07,11.259393455768,496.538728776667,0,0,0,1.225
973.120921427943,28.2443352494643,2,4,25.9916064725893,93.5697833013215,-6.27284633522661e-07,11.2593934504324,496.538749336363,0,0,0,1.225
973.370915538308,28.2539535126008,2,4,25.9916064666759,93.5697832800334,-6.02324782404279e-07,11.2593934453092,496.538769078309,0,0,0,1.225
973.620909648673,28.2635717757394,2,4,25.9916064609979,93.5697832595924,-5.78358122898377e-07,11.2593934403898,496.538788034691,0,0,0,1.225
973.870903759039,28.2731900388801,2,4,25.9916064555458,93.5697832399647,-5.5534531843239e-07,11.2593934356661,496.538806236622,0,0,0,1.225
974.120897869404,28.2828083020228,2,4,25.9916064503106,93.5697832211181,-5.33248169328915e-07,11.2593934311304,496.538823714317,0,0,0,1.225
974.370891979769,28.2924265651674,2,4,25.9916064452837,93.5697832030213,-5.12030067563776e-07,11.2593934267752,496.538840496733,0,0,0,1.225
974.620886090134,28.3020448283138,2,4,25.9916064404568,93.5697831856446,-4.91656451524082e-07,11.2593934225933,496.538856611203,0,0,0,1.225
974.8708802005,28.311663091462,2,4,25.991606435822,93.5697831689593,-4.7209321435501e-07,11.2593934185778,496.538872084707,0,0,0,1.225
975.120874310865,28.3212813546118,2,4,25.9916064313717,93.5697831529379,-4.5330875037109e-07,11.259393414722,496.53888694224,0,0,0,1.225
975.37086842123,28.3308996177633,2,4,25.9916064270984,93.5697831375541,-4.35271681265883e-07,11.2593934110197,496.538901208623,0,0,0,1.225
975.620862531596,28.3405178809163,2,4,25.9916064229951,93.5697831227823,-4.17952220386176e-07,11.2593934074647,496.538914907415,0,0,0,1.225
975.870856641961,28.3501361440708,2,4,25.9916064190551,93.5697831085983,-4.01321717973918e-07,11.2593934040511,496.538928061279,0,0,0,1.225
976.120850752326,28.3597544072267,2,4,25.9916064152719,93.5697830949787,-3.85353343303312e-07,11.2593934007734,496.538940691431,0,0,0,1.225
976.370844862691,28.369372670384,2,4,25.9916064116392,93.569783081901,-3.700198108905e-07,11.259393397626,496.53895281946,0,0,0,1.225
976.620838973057,28.3789909335426,2,4,25.991606408151,93.5697830693437,-3.5529679117904e-07,11.259393394604,496.538964464602,0,0,0,1.225
976.870833083422,28.3886091967025,2,4,25.9916064048017,93.569783057286,-3.41159499854428e-07,11.2593933917021,496.538975646464,0,0,0,1.225
977.120827193787,28.3982274598636,2,4,25.9916064015856,93.5697830457082,-3.27584971634413e-07,11.2593933889158,496.538986383208,0,0,0,1.225
977.370821304152,28.4078457230258,2,4,25.9916063984975,93.569783034591,-3.1455024123675e-07,11.2593933862403,496.538996693003,0,0,0,1.225
977.620815414518,28.4174639861892,2,4,25.9916063955323,93.5697830239161,-3.02034162411445e-07,11.2593933836712,496.539006592571,0,0,0,1.225
977.870809524883,28.4270822493537,2,4,25.991606392685,93.569783013666,-2.90016043666573e-07,11.2593933812044,496.539016098279,0,0,0,1.225
978.120803635248,28.4367005125191,2,4,25.9916063899511,93.5697830038238,-2.78476330405368e-07,11.2593933788357,496.539025225592,0,0,0,1.225
978.370797745613,28.4463187756856,2,4,25.9916063873259,93.5697829943732,-2.67395922789128e-07,11.2593933765613,496.539033989616,0,0,0,1.225
978.620791855979,28.455937038853,2,4,25.9916063848052,93.5697829852986,-2.56756175737217e-07,11.2593933743774,496.539042405103,0,0,0,1.225
978.870785966344,28.4655553020214,2,4,25.9916063823847,93.5697829765851,-2.46540035822221e-07,11.2593933722804,496.539050485537,0,0,0,1.225
979.120780076709,28.4751735651906,2,4,25.9916063800606,93.5697829682183,-2.36729994858665e-07,11.2593933702668,496.539058244771,0,0,0,1.225
979.370774187075,28.4847918283607,2,4,25.991606377829,93.5697829601844,-2.27310591072362e-07,11.2593933683334,496.539065695028,0,0,0,1.225
979.62076829744,28.4944100915315,2,4,25.9916063756862,93.5697829524702,-2.18265680552028e-07,11.2593933664768,496.539072849084,0,0,0,1.225
979.870762407805,28.5040283547032,2,4,25.9916063736286,93.5697829450629,-2.09581165797669e-07,11.2593933646942,496.539079718081,0,0,0,1.225
980.12075651817,28.5136466178756,2,4,25.9916063716529,93.5697829379504,-2.0124181241413e-07,11.2593933629825,496.539086314076,0,0,0,1.225
980.370750628536,28.5232648810487,2,4,25.9916063697558,93.5697829311209,-1.93234432417547e-07,11.2593933613388,496.539092647497,0,0,0,1.225
980.620744738901,28.5328831442225,2,4,25.9916063679342,93.5697829245631,-1.85545383065989e-07,11.2593933597606,496.539098729138,0,0,0,1.225
980.870738849266,28.542501407397,2,4,25.9916063661851,93.5697829182663,-1.78162613270752e-07,11.2593933582452,496.539104568523,0,0,0,1.225
981.120732959631,28.552119670572,2,4,25.9916063645056,93.56978291222,-1.71073389806035e-07,11.2593933567901,496.539110175732,0,0,0,1.225
981.370727069997,28.5617379337477,2,4,25.9916063628929,93.5697829064143,-1.6426634372023e-07,11.2593933553929,496.539115559751,0,0,0,1.225
981.620721180362,28.571356196924,2,4,25.9916063613443,93.5697829008396,-1.57730560819793e-07,11.2593933540513,496.539120729212,0,0,0,1.225
981.870715290727,28.5809744601009,2,4,25.9916063598574,93.5697828954868,-1.51454217395052e-07,11.259393352763,496.539125693476,0,0,0,1.225
982.120709401092,28.5905927232783,2,4,25.9916063584297,93.5697828903469,-1.45427763526656e-07,11.259393351526,496.539130460088,0,0,0,1.225
982.370703511458,28.6002109864562,2,4,25.9916063570588,93.5697828854115,-1.39641421916222e-07,11.2593933503383,496.539135036781,0,0,0,1.225
982.620697621823,28.6098292496346,2,4,25.9916063557424,93.5697828806725,-1.34085187886334e-07,11.2593933491978,496.539139431472,0,0,0,1.225
982.870691732188,28.6194475128135,2,4,25.9916063544784,93.5697828761221,-1.28749738896676e-07,11.2593933481027,496.539143651536,0,0,0,1.225
983.120685842553,28.6290657759928,2,4,25.9916063532646,93.5697828717527,-1.23626661923055e-07,11.2593933470511,496.539147703625,0,0,0,1.225
983.370679952919,28.6386840391726,2,4,25.9916063520992,93.5697828675572,-1.18707543941283e-07,11.2593933460414,496.539151594391,0,0,0,1.225
983.620674063284,28.6483023023528,2,4,25.9916063509802,93.5697828635287,-1.13984199306202e-07,11.2593933450719,496.539155330311,0,0,0,1.225
983.870668173649,28.6579205655334,2,4,25.9916063499057,93.5697828596604,-1.09448897130718e-07,11.2593933441409,496.539158917498,0,0,0,1.225
984.120662284015,28.6675388287144,2,4,25.9916063488739,93.5697828559461,-1.05093906527737e-07,11.259393343247,496.539162362069,0,0,0,1.225
984.37065639438,28.6771570918958,2,4,25.9916063478832,93.5697828523795,-1.00912406126296e-07,11.2593933423887,496.539165669417,0,0,0,1.225
984.620650504745,28.6867753550775,2,4,25.9916063469319,93.5697828489548,-9.68968924183316e-08,11.2593933415645,496.539168845481,0,0,0,1.225
984.87064461511,28.6963936182596,2,4,25.9916063460185,93.5697828456665,-9.30412261699769e-08,11.2593933407731,496.539171895114,0,0,0,1.225
985.120638725476,28.706011881442,2,4,25.9916063451414,93.5697828425089,-8.93392681473629e-08,11.2593933400132,496.539174823169,0,0,0,1.225
985.370632835841,28.7156301446247,2,4,25.9916063442992,93.569782839477,-8.57844243585572e-08,11.2593933392836,496.539177634865,0,0,0,1.225
985.620626946206,28.7252484078077,2,4,25.9916063434905,93.5697828365658,-8.23710103277556e-08,11.2593933385829,496.539180334699,0,0,0,1.225
985.870621056571,28.734866670991,2,4,25.991606342714,93.5697828337704,-7.90933415791542e-08,11.2593933379102,496.539182927165,0,0,0,1.225
986.120615166937,28.7444849341746,2,4,25.9916063419684,93.5697828310862,-7.59461883950132e-08,11.2593933372642,496.5391854164,0,0,0,1.225
986.370609277302,28.7541031973585,2,4,25.9916063412524,93.5697828285088,-7.2924321057593e-08,11.2593933366439,496.53918780654,0,0,0,1.225
986.620603387667,28.7637214605427,2,4,25.991606340565,93.569782826034,-7.00229646072181e-08,11.2593933360483,496.539190101359,0,0,0,1.225
986.870597498032,28.773339723727,2,4,25.9916063399049,93.5697828236576,-6.72366619471167e-08,11.2593933354764,496.53919230518,0,0,0,1.225
987.120591608398,28.7829579869117,2,4,25.9916063392711,93.5697828213758,-6.45610928756777e-08,11.2593933349273,496.539194421418,0,0,0,1.225
987.370585718763,28.7925762500965,2,4,25.9916063386625,93.5697828191848,-6.19923919493544e-08,11.2593933344,496.539196453125,0,0,0,1.225
987.620579829128,28.8021945132816,2,4,25.9916063380781,93.569782817081,-5.95255568294392e-08,11.2593933338937,496.539198404265,0,0,0,1.225
987.870573939494,28.8118127764669,2,4,25.9916063375169,93.5697828150609,-5.71569494514177e-08,11.2593933334075,496.539200277711,0,0,0,1.225
988.120568049859,28.8214310396524,2,4,25.9916063369781,93.5697828131212,-5.48827043717429e-08,11.2593933329407,496.53920207652,0,0,0,1.225
988.370562160224,28.831049302838,2,4,25.9916063364607,93.5697828112586,-5.26989561468683e-08,11.2593933324924,496.539203803751,0,0,0,1.225
988.620559215407,28.8406651889586,2,5,26.018538672095,93.6667392195421,5.6030187797362,0,4979.98382444297,0,0,0,1.225
988.870559215407,28.8502638016686,2,5,26.0723246806823,93.8603688504563,5.60401971470515,0,4982.84386574148,0,0,0,1.225
989.120559215407,28.8598426518456,2,5,26.1260095371202,94.0536343336328,5.60502060041881,0,4985.70423547032,0,0,0,1.225
989.370559215407,28.8694018575589,2,5,26.1795938632177,94.2465379075839,5.60602143690608,0,4988.56493363449,0,0,0,1.225
989.620559215407,28.8789415357011,2,5,26.2330782745431,94.439081788355,5.60702222419604,0,4991.42596023919,0,0,0,1.225
989.870559215407,28.8884618020043,2,5,26.2864633805107,94.6312681698386,5.60802296231736,0,4994.28731528927,0,0,0,1.225
990.120559215407,28.8979627710559,2,5,26.3397497844671,94.8230992240816,5.60902365129914,0,4997.14899878994,0,0,0,1.225
990.370559215407,28.9074445563148,2,5,26.3929380837745,95.0145771015881,5.61002429117025,0,5000.01101074625,0,0,0,1.225
990.620559215407,28.9169072701267,2,5,26.4460288698934,95.2057039316163,5.61102488195911,0,5002.87335116291,0,0,0,1.225
990.870559215407,28.9263510237394,2,5,26.4990227284639,95.3964818224702,5.61202542369438,0,5005.73602004478,0,0,0,1.225
991.120559215407,28.9357759273178,2,5,26.5519202393852,95.5869128617867,5.61302591640515,0,5008.59901739714,0,0,0,1.225
991.370559215407,28.9451820899587,2,5,26.6047219768936,95.7769991168169,5.61402636011962,0,5011.46234322454,0,0,0,1.225
991.620559215407,28.9545696197049,2,5,26.6574285096397,95.9667426347029,5.61502675486622,0,5014.32599753169,0,0,0,1.225
991.870559215407,28.9639386235599,2,5,26.7100404007638,96.1561454427498,5.61602710067359,0,5017.18998032354,0,0,0,1.225
992.120559215407,28.9732892075015,2,5,26.7625582079703,96.345209548693,5.61702739756993,0,5020.05429160467,0,0,0,1.225
992.370559215407,28.9826214764956,2,5,26.8149824836002,96.5339369409607,5.61802764558433,0,5022.91893138037,0,0,0,1.225
992.620559215407,28.99193553451,2,5,26.8673137747034,96.7223295889323,5.6190278447441,0,5025.78389965453,0,0,0,1.225
992.870559215407,29.001231484527,2,5,26.9195526231088,96.9103894431917,5.62002799507832,0,5028.64919643247,0,0,0,1.225
993.120559215407,29.0105094285572,2,5,26.9716995654936,97.0981184357769,5.62102809661451,0,5031.51482171827,0,0,0,1.225
993.370559215407,29.0197694676517,2,5,27.0237551334515,97.2855184804253,5.62202814938132,0,5034.38077551693,0,0,0,1.225
993.620559215407,29.029011701915,2,5,27.0757198535596,97.4725914728146,5.62302815340672,0,5037.24705783288,0,0,0,1.225
993.870559215407,29.0382362305175,2,5,27.1275942474443,97.6593392907996,5.62402810871913,0,5040.11366867098,0,0,0,1.225
994.120559215407,29.0474431517071,2,5,27.1793788318458,97.8457637946451,5.62502801534583,0,5042.98060803513,0,0,0,1.225
994.370559215407,29.056632562822,2,5,27.2310741186821,98.0318668272554,5.62602787331571,0,5045.84787593057,0,0,0,1.225
994.620559215407,29.0658045603017,2,5,27.2826806151109,98.2176502143993,5.62702768265581,0,5048.71547236107,0,0,0,1.225
994.870559215407,29.0749592396991,2,5,27.3341988235921,98.4031157649314,5.62802744339456,0,5051.58339733148,0,0,0,1.225
995.120559215407,29.0840966956916,2,5,27.3856292419473,98.5882652710103,5.62902715555947,0,5054.45165084596,0,0,0,1.225
995.370559215407,29.0932170220925,2,5,27.4369723634202,98.7731005083128,5.63002681917874,0,5057.32023290924,0,0,0,1.225
995.620559215407,29.1023203118619,2,5,27.4882286767345,98.9576232362442,5.63102643427965,0,5060.18914352529,0,0,0,1.225
995.870559215407,29.1114066571175,2,5,27.5393986661518,99.1418351981463,5.63202600089016,0,5063.05838269866,0,0,0,1.225
996.120559215407,29.1204761491452,2,5,27.590482811528,99.3257381215009,5.63302551903757,0,5065.92795043338,0,0,0,1.225
996.370559215407,29.1295288784101,2,5,27.6414815883695,99.5093337181302,5.63402498874984,0,5068.797846734,0,0,0,1.225
996.620559215407,29.1385649345659,2,5,27.6923954678874,99.6926236843947,5.63502441005426,0,5071.66807160456,0,0,0,1.225
996.870559215407,29.147584406466,2,5,27.7432249170519,99.8756097013868,5.63602378297833,0,5074.53862504929,0,0,0,1.225
997.120559215407,29.1565873821727,2,5,27.7939703986451,100.058293435122,5.63702310754957,0,5077.40950707241,0,0,0,1.225
997.370559215407,29.1655739489678,2,5,27.8446323713135,100.240676536728,5.63802238379526,0,5080.280717678,0,0,0,1.225
997.620559215407,29.1745441933614,2,5,27.8952112896189,100.422760642628,5.63902161174269,0,5083.15225687013,0,0,0,1.225
997.870559215407,29.1834982011022,2,5,27.9457076040896,100.604547374723,5.64002079141937,0,5086.02412465305,0,0,0,1.225
998.120559215407,29.1924360571864,2,5,27.9961217612697,100.786038340571,5.64101992285237,0,5088.89632103069,0,0,0,1.225
998.370559215407,29.2013578458671,2,5,28.0464542037683,100.967235133566,5.64201900606872,0,5091.76884600697,0,0,0,1.225
998.620559215407,29.2102636506633,2,5,28.0967053703074,101.148139333107,5.64301804109573,0,5094.64169958599,0,0,0,1.225
998.870559215407,29.2191535543689,2,5,28.14687569577,101.328752504772,5.64401702796067,0,5097.51488177188,0,0,0,1.225
999.120559215407,29.2280276390616,2,5,28.196965611246,101.509076200486,5.64501596669083,0,5100.38839256878,0,0,0,1.225
999.370559215407,29.2368859861111,2,5,28.2469755440789,101.689111958684,5.64601485731237,0,5103.26223197992,0,0,0,1.225
999.620559215407,29.2457286761882,2,5,28.2969059179105,101.868861304478,5.64701369985278,0,5106.13640000963,0,0,0,1.225
999.870559215407,29.2545557892729,2,5,28.3467571527261,102.048325749814,5.64801249433867,0,5109.01089666153,0,0,0,1.225
1000.12055921541,29.2633674046626,2,5,28.3965296648977,102.227506793632,5.64901124079688,0,5111.88572193942,0,0,0,1.225
1000.37055921541,29.2721636009805,2,5,28.4462238672275,102.406405922019,5.65000993925469,0,5114.7608758475,0,0,0,1.225
1000.62055921541,29.2809444561833,2,5,28.4958401689909,102.585024608367,5.65100858973892,0,5117.63635838959,0,0,0,1.225
1000.87055921541,29.2897100475693,2,5,28.5453789759775,102.763364313519,5.65200719227551,0,5120.5121695688,0,0,0,1.225
1001.12055921541,29.298460451786,2,5,28.5948406905331,102.941426485919,5.65300574689127,0,5123.38830938899,0,0,0,1.225
1001.37055921541,29.307195744838,2,5,28.6442257116002,103.119212561761,5.65400425361372,0,5126.26477785454,0,0,0,1.225
1001.62055921541,29.3159160020944,2,5,28.6935344347575,103.296723965127,5.65500271246856,0,5129.14157496843,0,0,0,1.225
1001.87055921541,29.3246212982961,2,5,28.7427672522602,103.473962108137,5.65600112348238,0,5132.01870073435,0,0,0,1.225
1002.12055921541,29.3333117075633,2,5,28.7919245530782,103.650928391081,5.65699948668203,0,5134.89615515618,0,0,0,1.225
1002.37055921541,29.3419873034026,2,5,28.8410067229342,103.827624202563,5.65799780209318,0,5137.77393823691,0,0,0,1.225
1002.62055921541,29.3506481587142,2,5,28.8900141443423,104.004050919632,5.65899606974335,0,5140.652049981,0,0,0,1.225
1002.87055921541,29.3592943457987,2,5,28.938947196644,104.180209907918,5.65999428965824,0,5143.53049039145,0,0,0,1.225
1003.12055921541,29.3679259363642,2,5,28.9878062560455,104.356102521764,5.660992461864,0,5146.40925947165,0,0,0,1.225
1003.37055921541,29.3765430015329,2,5,29.0365916956535,104.531730104352,5.66199058638676,0,5149.28835722498,0,0,0,1.225
1003.62055921541,29.3851456118481,2,5,29.0853038855107,104.707093987838,5.6629886632536,0,5152.16778365557,0,0,0,1.225
1003.87055921541,29.3937338372804,2,5,29.1339431926308,104.882195493471,5.66398669248952,0,5155.04753876592,0,0,0,1.225
1004.12055921541,29.4023077472343,2,5,29.182509981033,105.057035931719,5.66498467412157,0,5157.92762256018,0,0,0,1.225
1004.37055921541,29.4108674105547,2,5,29.2310046117759,105.231616602393,5.66598260817523,0,5160.80803504122,0,0,0,1.225
1004.62055921541,29.4194128955334,2,5,29.279427442991,105.405938794768,5.66698049467641,0,5163.68877621232,0,0,0,1.225
1004.87055921541,29.4279442699147,2,5,29.3277788299158,105.580003787697,5.66797833365194,0,5166.56984607745,0,0,0,1.225
1005.12055921541,29.4364616009021,2,5,29.3760591249261,105.753812849734,5.66897612512639,0,5169.45124463881,0,0,0,1.225
1005.37055921541,29.4449649551643,2,5,29.4242686775681,105.927367239245,5.66997386912703,0,5172.33297190077,0,0,0,1.225
1005.62055921541,29.4534543988407,2,5,29.4724078345903,106.100668204525,5.67097156567843,0,5175.21502786553,0,0,0,1.225
1005.87055921541,29.4619299975477,2,5,29.5204769399741,106.273716983907,5.67196921480763,0,5178.09741253731,0,0,0,1.225
1006.12055921541,29.4703918163843,2,5,29.5684763349649,106.446514805873,5.6729668165392,0,5180.98012591832,0,0,0,1.225
1006.37055921541,29.4788399199379,2,5,29.6164063581022,106.619062889168,5.67396437089928,0,5183.86316801208,0,0,0,1.225
1006.62055921541,29.4872743722898,2,5,29.6642673452496,106.791362442898,5.6749618779138,0,5186.74653882191,0,0,0,1.225
1006.87055921541,29.4956952370209,2,5,29.7120596296238,106.963414666646,5.67595933760799,0,5189.63023835062,0,0,0,1.225
1007.12055921541,29.5041025772169,2,5,29.7597835418241,107.135220750567,5.67695675000755,0,5192.51426660136,0,0,0,1.225
1007.37055921541,29.5124964554739,2,5,29.8074394098606,107.306781875498,5.67795411513794,0,5195.39862357714,0,0,0,1.225
1007.62055921541,29.5208769339039,2,5,29.8550275591826,107.478099213057,5.67895143302462,0,5198.28330928097,0,0,0,1.225
1007.87055921541,29.5292440741394,2,5,29.9025483127062,107.649173925742,5.67994870369307,0,5201.16832371585,0,0,0,1.225
1008.12055921541,29.5375979373392,2,5,29.9500019908421,107.820007167032,5.68094592716807,0,5204.05366688427,0,0,0,1.225
1008.37055921541,29.5459385841934,2,5,29.9973889115221,107.990600081479,5.68194310347621,0,5206.93933879017,0,0,0,1.225
1008.62055921541,29.5542660749279,2,5,30.044709390226,108.160953804814,5.68294023264184,0,5209.82533943568,0,0,0,1.225
1008.87055921541,29.5625804693099,2,5,30.0919637400082,108.33106946403,5.68393731468996,0,5212.71166882349,0,0,0,1.225
1009.12055921541,29.5708818266529,2,5,30.1391522715231,108.500948177483,5.68493434964648,0,5215.59832695704,0,0,0,1.225
1009.37055921541,29.5791702058208,2,5,30.1862752930508,108.670591054983,5.68593133753643,0,5218.48531383901,0,0,0,1.225
1009.62055921541,29.5874456652334,2,5,30.2333331105227,108.839999197882,5.68692827838458,0,5221.37262947196,0,0,0,1.225
1009.87055921541,29.5957082628707,2,5,30.280326027546,109.009173699166,5.68792517221618,0,5224.26027385879,0,0,0,1.225
1010.12055921541,29.6039580562774,2,5,30.3272543454283,109.178115643542,5.68892201905601,0,5227.14824700205,0,0,0,1.225
1010.37055921541,29.6121951025681,2,5,30.3741183632018,109.346826107527,5.6899188189293,0,5230.03654890466,0,0,0,1.225
1010.62055921541,29.620419458431,2,5,30.4209183776475,109.515306159531,5.69091557186084,0,5232.9251795692,0,0,0,1.225
1010.87055921541,29.6286311801329,2,5,30.4676546833183,109.683556859946,5.69191227787542,0,5235.81413899825,0,0,0,1.225
1011.12055921541,29.6368303235234,2,5,30.5143275725624,109.851579261225,5.69290893699826,0,5238.70342719476,0,0,0,1.225
1011.37055921541,29.6450169440391,2,5,30.5609373355466,110.019374407968,5.69390554925417,0,5241.59304416133,0,0,0,1.225
1011.62055921541,29.6531910967081,2,5,30.6074842602784,110.186943337002,5.69490211466723,0,5244.48298990003,0,0,0,1.225
1011.87055921541,29.6613528361541,2,5,30.6539686326285,110.354287077462,5.69589863326223,0,5247.37326441346,0,0,0,1.225
1012.12055921541,29.6695022166005,2,5,30.700390736353,110.521406650871,5.69689510506487,0,5250.26386770499,0,0,0,1.225
1012.37055921541,29.6776392918746,2,5,30.7467508531152,110.688303071215,5.69789153009856,0,5253.15479977615,0,0,0,1.225
1012.62055921541,29.6857641154117,2,5,30.7930492625067,110.854977345024,5.69888790838854,0,5256.04606062996,0,0,0,1.225
1012.87055921541,29.6938767402587,2,5,30.8392862420687,111.021430471448,5.69988423995869,0,5258.93765026834,0,0,0,1.225
1013.12055921541,29.7019772190786,2,5,30.8854620673133,111.187663442328,5.70088052483447,0,5261.82956869449,0,0,0,1.225
1013.37055921541,29.710065604154,2,5,30.9315770117435,111.353677242277,5.70187676303976,0,5264.72181591037,0,0,0,1.225
1013.62055921541,29.7181419473911,2,5,30.9776313468739,111.519472848746,5.70287295459843,0,5267.61439191792,0,0,0,1.225
1013.87055921541,29.7262063003236,2,5,31.023625342251,111.685051232104,5.70386909953595,0,5270.50729672039,0,0,0,1.225
1014.12055921541,29.7342587141159,2,5,31.0695592654726,111.850413355701,5.70486519787573,0,5273.40053031936,0,0,0,1.225
1014.37055921541,29.7422992395677,2,5,31.1154333822075,112.015560175947,5.70586124964257,0,5276.29409271756,0,0,0,1.225
1014.62055921541,29.7503279271166,2,5,31.1612479562151,112.180492642374,5.70685725486032,0,5279.18798391697,0,0,0,1.225
1014.87055921541,29.7583448268426,2,5,31.2070032493641,112.345211697711,5.70785321355356,0,5282.08220392013,0,0,0,1.225
1015.12055921541,29.7663499884712,2,5,31.2526995216517,112.509718277946,5.70884912574616,0,5284.97675272905,0,0,0,1.225
1015.37055921541,29.7743434613769,2,5,31.2983370312218,112.674013312398,5.70984499146198,0,5287.87163034574,0,0,0,1.225
1015.62055921541,29.7823252945868,2,5,31.3439160343837,112.838097723781,5.71084081072536,0,5290.7668367726,0,0,0,1.225
1015.87055921541,29.7902955367839,2,5,31.3894367856301,113.001972428268,5.71183658356063,0,5293.66237201202,0,0,0,1.225
1016.12055921541,29.7982542363107,2,5,31.4348995376549,113.165638335558,5.71283230999097,0,5296.55823606548,0,0,0,1.225
1016.37055921541,29.8062014411722,2,5,31.480304541371,113.329096348936,5.71382799004095,0,5299.4544289356,0,0,0,1.225
1016.62055921541,29.8141371990396,2,5,31.5256520459277,113.49234736534,5.71482362373422,0,5302.35095062424,0,0,0,1.225
1016.87055921541,29.8220615572529,2,5,31.570942298728,113.655392275421,5.71581921109464,0,5305.24780113348,0,0,0,1.225
1017.12055921541,29.829974562825,2,5,31.6161755454455,113.818231963604,5.71681475214632,0,5308.14498046557,0,0,0,1.225
1017.37055921541,29.837876262444,2,5,31.6613520300411,113.980867308148,5.71781024691222,0,5311.04248862187,0,0,0,1.225
1017.62055921541,29.8457667024771,2,5,31.7064719947801,114.143299181208,5.71880569541668,0,5313.94032560483,0,0,0,1.225
1017.87055921541,29.853645928973,2,5,31.7515356802478,114.305528448892,5.71980109768333,0,5316.83849141639,0,0,0,1.225
1018.12055921541,29.8615139876654,2,5,31.7965433253664,114.467555971319,5.7207964537356,0,5319.73698605828,0,0,0,1.225
1018.37055921541,29.8693709239758,2,5,31.8414951674106,114.629382602678,5.72179176359714,0,5322.63580953244,0,0,0,1.225
1018.62055921541,29.8772167830168,2,5,31.8863914420236,114.791009191285,5.72278702729182,0,5325.53496184101,0,0,0,1.225
1018.87055921541,29.8850516095945,2,5,31.9312323832324,114.952436579637,5.72378224484237,0,5328.43444298521,0,0,0,1.225
1019.12055921541,29.8928754482119,2,5,31.9760182234635,115.113665604469,5.7247774162729,0,5331.33425296736,0,0,0,1.225
1019.37055921541,29.9006883430716,2,5,32.0207491935579,115.274697096808,5.7257725416066,0,5334.23439178908,0,0,0,1.225
1019.62055921541,29.9084903380784,2,5,32.0654255227863,115.435531882031,5.72676762086712,0,5337.13485945236,0,0,0,1.225
1019.87055921541,29.9162814768426,2,5,32.110047438864,115.59617077991,5.72776265407674,0,5340.03565595807,0,0,0,1.225
1020.12055921541,29.9240618026822,2,5,32.154615167965,115.756614604674,5.72875764126002,0,5342.93678130896,0,0,0,1.225
1020.37055921541,29.9318313586263,2,5,32.1991289347376,115.916864165055,5.7297525824406,0,5345.83823550703,0,0,0,1.225
1020.62055921541,29.939590187417,2,5,32.2435889623173,116.076920264342,5.7307474776394,0,5348.74001855211,0,0,0,1.225
1020.87055921541,29.9473383315128,2,5,32.2879954723424,116.236783700433,5.73174232688234,0,5351.64213044804,0,0,0,1.225
1021.12055921541,29.9550758330908,2,5,32.3323486849668,116.39645526588,5.73273713019034,0,5354.54457119468,0,0,0,1.225
1021.37055921541,29.9628027340495,2,5,32.3766488188743,116.555935747948,5.73373188758796,0,5357.4473407948,0,0,0,1.225
1021.62055921541,29.9705190760113,2,5,32.4208960912925,116.715225928653,5.73472659909703,0,5360.35043924898,0,0,0,1.225
1021.87055921541,29.9782249003248,2,5,32.4650907180058,116.874326584821,5.7357212647421,0,5363.25386656001,0,0,0,1.225
1022.12055921541,29.9859202480681,2,5,32.5092329133689,117.033238488128,5.73671588454454,0,5366.15762272815,0,0,0,1.225
1022.37055921541,29.9936051600502,2,5,32.5533228903201,117.191962405152,5.73771045852754,0,5369.06170775509,0,0,0,1.225
1022.62055921541,30.0012796768144,2,5,32.597360860394,117.350499097418,5.73870498671522,0,5371.9661216433,0,0,0,1.225
1022.87055921541,30.0089438386402,2,5,32.6413470337348,117.508849321445,5.73969946912894,0,5374.87086439303,0,0,0,1.225
1023.12055921541,30.0165976855457,2,5,32.6852816191086,117.667013828791,5.7406939057928,0,5377.77593600676,0,0,0,1.225
1023.37055921541,30.0242412572904,2,5,32.7291648239161,117.824993366098,5.74168829672908,0,5380.6813364855,0,0,0,1.225
1023.62055921541,30.0318745933769,2,5,32.7729968542052,117.982788675139,5.74268264195962,0,5383.58706582991,0,0,0,1.225
1023.87055921541,30.0394977330539,2,5,32.8167779146827,118.140400492858,5.7436769415076,0,5386.49312404176,0,0,0,1.225
1024.12055921541,30.0471107153179,2,5,32.8605082087273,118.297829551418,5.74467119539622,0,5389.39951112282,0,0,0,1.225
1024.37055921541,30.0547135789159,2,5,32.9041879384007,118.455076578243,5.74566540364822,0,5392.30622707449,0,0,0,1.225
1024.62055921541,30.0623063623472,2,5,32.9478173044601,118.612142296056,5.74665956628496,0,5395.21327189711,0,0,0,1.225
1024.87055921541,30.0698891038661,2,5,32.9913965063694,118.76902742293,5.74765368332964,0,5398.12064559247,0,0,0,1.225
1025.12055921541,30.0774618414839,2,5,33.0349257423112,118.92573267232,5.74864775480546,0,5401.02834816238,0,0,0,1.225
1025.37055921541,30.0850246129706,2,5,33.0784052091981,119.082258753113,5.74964178073378,0,5403.93637960719,0,0,0,1.225
1025.62055921541,30.0925774558579,2,5,33.1218351026837,119.238606369661,5.75063576113735,0,5406.84473992836,0,0,0,1.225
1025.87055921541,30.1001204074405,2,5,33.1652156171743,119.394776221828,5.75162969603844,0,5409.75342912699,0,0,0,1.225
1026.12055921541,30.1076535047789,2,5,33.2085469458397,119.550769005023,5.75262358545888,0,5412.66244720382,0,0,0,1.225
1026.37055921541,30.1151767847007,2,5,33.2518292806239,119.706585410246,5.75361742942232,0,5415.57179416106,0,0,0,1.225
1026.62055921541,30.1226902838034,2,5,33.2950628122564,119.862226124123,5.75461122794968,0,5418.48146999874,0,0,0,1.225
1026.87055921541,30.1301940384558,2,5,33.3382477302625,120.017691828945,5.75560498106415,0,5421.39147471872,0,0,0,1.225
1027.12055921541,30.1376880848004,2,5,33.381384222974,120.172983202706,5.75659868878665,0,5424.30180832106,0,0,0,1.225
1027.37055921541,30.1451724587552,2,5,33.4244724775395,120.328100919142,5.75759235114083,0,5427.21247080799,0,0,0,1.225
1027.62055921541,30.1526471960156,2,5,33.4675126799352,120.483045647767,5.7585859681476,0,5430.12346217957,0,0,0,1.225
1027.87055921541,30.1601123320565,2,5,33.5105050149743,120.637818053907,5.75957953982879,0,5433.03478243662,0,0,0,1.225
1028.12055921541,30.1675679021341,2,5,33.5534496663178,120.792418798744,5.7605730662076,0,5435.94643158102,0,0,0,1.225
1028.37055921541,30.1750139412877,2,5,33.5963468164844,120.946848539344,5.76156654730585,0,5438.8584096136,0,0,0,1.225
1028.62055921541,30.1824504843419,2,5,33.63919664686,121.101107928696,5.76255998314491,0,5441.77071653482,0,0,0,1.225
1028.87055921541,30.1898775659079,2,5,33.6819993377076,121.255197615747,5.76355337374616,0,5444.68335234515,0,0,0,1.225
1029.12055921541,30.1972952203859,2,5,33.7247550681774,121.409118245439,5.76454671913234,0,5447.59631704616,0,0,0,1.225
1029.37055921541,30.2047034819664,2,5,33.7674640163156,121.562870458736,5.76554001932482,0,5450.50961063833,0,0,0,1.225
1029.62055921541,30.2121023846324,2,5,33.8101263590746,121.716454892668,5.76653327434497,0,5453.42323312217,0,0,0,1.225
1029.87055921541,30.219491962161,2,5,33.8527422723216,121.869872180358,5.76752648421552,0,5456.33718449925,0,0,0,1.225
1030.12055921541,30.226872248125,2,5,33.8953119308485,122.023122951055,5.76851964895695,0,5459.25146476936,0,0,0,1.225
1030.37055921541,30.2342432758949,2,5,33.9378355083808,122.176207830171,5.76951276859245,0,5462.16607393448,0,0,0,1.225
1030.62055921541,30.2416050786402,2,5,33.9803131775863,122.329127439311,5.77050584314247,0,5465.08101199441,0,0,0,1.225
1030.87055921541,30.2489576893317,2,5,34.0227451100846,122.481882396305,5.77149887262931,0,5467.9962789504,0,0,0,1.225
1031.12055921541,30.2563011407427,2,5,34.0651314764557,122.63447331524,5.77249185707433,0,5470.911874803,0,0,0,1.225
1031.37055921541,30.2636354654506,2,5,34.1074724462486,122.786900806495,5.773484796498,0,5473.82779955203,0,0,0,1.225
1031.62055921541,30.2709606958389,2,5,34.1497681879901,122.939165476764,5.77447769092259,0,5476.74405319877,0,0,0,1.225
1031.87055921541,30.2782768640987,2,5,34.1920188691935,123.091267929097,5.77547054036904,0,5479.66063574343,0,0,0,1.225
1032.12055921541,30.2855840022301,2,5,34.2342246563668,123.24320876292,5.77646334486053,0,5482.57754718803,0,0,0,1.225
1032.37055921541,30.2928821420439,2,5,34.2763857150212,123.394988574076,5.77745610441661,0,5485.4947875317,0,0,0,1.225
1032.62055921541,30.3001713151633,2,5,34.3185022096795,123.546607954846,5.77844881905776,0,5488.4123567743,0,0,0,1.225
1032.87055921541,30.3074515530251,2,5,34.3605743038842,123.698067493983,5.77944148880806,0,5491.33025491862,0,0,0,1.225
1033.12055921541,30.3147228868819,2,5,34.4026021602054,123.849367776739,5.78043411368662,0,5494.24848196343,0,0,0,1.225
1033.37055921541,30.3219853478027,2,5,34.4445859402493,124.000509384897,5.78142669371482,0,5497.16703790934,0,0,0,1.225
1033.62055921541,30.3292389666752,2,5,34.4865258046657,124.151492896797,5.78241922891402,0,5500.08592275699,0,0,0,1.225
1033.87055921541,30.3364837742069,2,5,34.5284219131563,124.302318887363,5.7834117193056,0,5503.00513650699,0,0,0,1.225
1034.12055921541,30.3437198009265,2,5,34.5702744244819,124.452987928135,5.78440416491139,0,5505.92467916034,0,0,0,1.225
1034.37055921541,30.3509470771857,2,5,34.6120834964706,124.603500587294,5.78539656575094,0,5508.84455071624,0,0,0,1.225
1034.62055921541,30.3581656331604,2,5,34.6538492860252,124.753857429691,5.78638892184517,0,5511.76475117497,0,0,0,1.225
1034.87055921541,30.365375498852,2,5,34.6955719491308,124.904059016871,5.78738123321591,0,5514.68528053755,0,0,0,1.225
1035.12055921541,30.3725767040891,2,5,34.7372516408623,125.054105907104,5.78837349988498,0,5517.60613880502,0,0,0,1.225
1035.37055921541,30.3797692785288,2,5,34.7788885153915,125.203998655409,5.78936572187149,0,5520.52732597622,0,0,0,1.225
1035.62055921541,30.3869532516579,2,5,34.8204827259947,125.353737813581,5.79035789919635,0,5523.44884205148,0,0,0,1.225
1035.87055921541,30.3941286527946,2,5,34.86203442506,125.503323930216,5.79135003188139,0,5526.37068703185,0,0,0,1.225
1036.12055921541,30.4012955110894,2,5,34.903543764094,125.652757550738,5.79234211994753,0,5529.29286091767,0,0,0,1.225
1036.37055921541,30.408453855527,2,5,34.9450108937294,125.802039217426,5.79333416341387,0,5532.2153637078,0,0,0,1.225
1036.62055921541,30.4156037149271,2,5,34.9864359637316,125.951169469434,5.7943261623027,0,5535.13819540371,0,0,0,1.225
1036.87055921541,30.4227451179461,2,5,35.027819123006,126.100148842822,5.79531811663492,0,5538.06135600574,0,0,0,1.225
1037.12055921541,30.429878093078,2,5,35.0691605196046,126.248977870577,5.79631002642918,0,5540.98484551244,0,0,0,1.225
1037.37055921541,30.4370026686563,2,5,35.1104603007327,126.397657082638,5.79730189170823,0,5543.90866392564,0,0,0,1.225
1037.62055921541,30.4441188728544,2,5,35.151718612756,126.546187005922,5.79829371249116,0,5546.83281124425,0,0,0,1.225
1037.87055921541,30.4512267336879,2,5,35.1929356012069,126.694568164345,5.79928548879798,0,5549.75728746795,0,0,0,1.225
1038.12055921541,30.4583262790147,2,5,35.2341114107914,126.842801078849,5.80027722065233,0,5552.68209259929,0,0,0,1.225
1038.37055921541,30.4654175365373,2,5,35.2752461853953,126.990886267423,5.80126890807014,0,5555.60722663469,0,0,0,1.225
1038.62055921541,30.4725005338033,2,5,35.3163400680907,127.138824245127,5.80226055107642,0,5558.53268957783,0,0,0,1.225
1038.87055921541,30.479575298207,2,5,35.3573932011428,127.286615524114,5.80325214968843,0,5561.45848142621,0,0,0,1.225
1039.12055921541,30.4866418569903,2,5,35.3984057260157,127.434260613657,5.80424370392666,0,5564.38460217989,0,0,0,1.225
1039.37055921541,30.4937002372441,2,5,35.439377783379,127.581760020165,5.80523521381292,0,5567.31105184004,0,0,0,1.225
1039.62055921541,30.5007504659095,2,5,35.4803095131138,127.72911424721,5.80622667936632,0,5570.23783040563,0,0,0,1.225
1039.87055921541,30.5077925697788,2,5,35.5212010543189,127.876323795548,5.80721810060686,0,5573.16493787638,0,0,0,1.225
1040.12055921541,30.5148265754967,2,5,35.562052545317,128.023389163141,5.80820947755592,0,5576.09237425311,0,0,0,1.225
1040.37055921541,30.5218525095613,2,5,35.6028641236605,128.170310845178,5.8092008102326,0,5579.02013953484,0,0,0,1.225
1040.62055921541,30.5288703983258,2,5,35.6436359261377,128.317089334096,5.81019209865735,0,5581.94823372165,0,0,0,1.225
1040.87055921541,30.5358802679987,2,5,35.6843680887785,128.463725119603,5.81118334285156,0,5584.8766568144,0,0,0,1.225
1041.12055921541,30.5428821446459,2,5,35.7250607468603,128.610218688697,5.81217454283296,0,5587.80540881101,0,0,0,1.225
1041.37055921541,30.5498760541908,2,5,35.7657140349137,128.756570525689,5.81316569862247,0,5590.73448971198,0,0,0,1.225
1041.62055921541,30.5568620224162,2,5,35.8063280867284,128.902781112222,5.81415681024009,0,5593.66389951708,0,0,0,1.225
1041.87055921541,30.5638400749651,2,5,35.8469030353589,129.048850927292,5.81514787770539,0,5596.59363822573,0,0,0,1.225
1042.12055921541,30.5708102373414,2,5,35.8874390131298,129.194780447267,5.81613890103972,0,5599.52370583879,0,0,0,1.225
1042.37055921541,30.5777725349116,2,5,35.9279361516416,129.34057014591,5.81712988026175,0,5602.45410235498,0,0,0,1.225
1042.62055921541,30.5847269929052,2,5,35.9683945817762,129.486220494394,5.81812081539101,0,5605.38482777371,0,0,0,1.225
1042.87055921541,30.5916736364163,2,5,36.0088144337023,129.631731961328,5.81911170644844,0,5608.31588209554,0,0,0,1.225
1043.12055921541,30.5986124904042,2,5,36.0491958368808,129.777105012771,5.82010255345267,0,5611.24726531919,0,0,0,1.225
1043.37055921541,30.6055435796946,2,5,36.0895389200701,129.922340112252,5.82109335642372,0,5614.17897744446,0,0,0,1.225
1043.62055921541,30.6124669289807,2,5,36.1298438113314,130.067437720793,5.82208411538159,0,5617.1110184712,0,0,0,1.225
1043.87055921541,30.6193825628238,2,5,36.1701106380342,130.212398296923,5.82307483034492,0,5620.04338839815,0,0,0,1.225
1044.12055921541,30.6262905056548,2,5,36.210339526861,130.3572222967,5.8240655013351,0,5622.97608722624,0,0,0,1.225
1044.37055921541,30.6331907817747,2,5,36.250530603813,130.501910173727,5.82505612837031,0,5625.90911495386,0,0,0,1.225
1044.62055921541,30.640083415356,2,5,36.2906839942146,130.646462379172,5.82604671147055,0,5628.84247158088,0,0,0,1.225
1044.87055921541,30.6469684304432,2,5,36.3307998227189,130.790879361788,5.82703725065539,0,5631.77615710679,0,0,0,1.225
1045.12055921541,30.6538458509543,2,5,36.3708782133127,130.935161567926,5.82802774594438,0,5634.71017153111,0,0,0,1.225
1045.37055921541,30.660715700681,2,5,36.410919289321,131.079309441556,5.82901819735571,0,5637.64451485225,0,0,0,1.225
1045.62055921541,30.6675780032905,2,5,36.4509231734124,131.223323424285,5.8300086049112,0,5640.57918707156,0,0,0,1.225
1045.87055921541,30.6744327823255,2,5,36.4908899876037,131.367203955373,5.83099896862905,0,5643.51418818748,0,0,0,1.225
1046.12055921541,30.6812800612059,2,5,36.5308198532648,131.510951471753,5.83198928852653,0,5646.44951819771,0,0,0,1.225
1046.37055921541,30.6881198632294,2,5,36.5707128911234,131.654566408044,5.83297956462638,0,5649.38517710437,0,0,0,1.225
1046.62055921541,30.6949522115721,2,5,36.6105692212695,131.79804919657,5.83396979694498,0,5652.32116490443,0,0,0,1.225
1046.87055921541,30.7017771292898,2,5,36.6503889631608,131.941400267379,5.83495998550461,0,5655.25748159966,0,0,0,1.225
1047.12055921541,30.7085946393188,2,5,36.6901722356265,132.084620048255,5.83595013032118,0,5658.1941271867,0,0,0,1.225
1047.37055921541,30.7154047644766,2,5,36.7299191568723,132.22770896474,5.83694023141561,0,5661.13110166621,0,0,0,1.225
1047.62055921541,30.7222075274629,2,5,36.7696298444848,132.370667440145,5.83793028880746,0,5664.06840503778,0,0,0,1.225
1047.87055921541,30.7290029508603,2,5,36.8093044154363,132.513495895571,5.838920302514,0,5667.00603729917,0,0,0,1.225
1048.12055921541,30.7357910571355,2,5,36.8489429860888,132.65619474992,5.83991027255615,0,5669.94399845106,0,0,0,1.225
1048.37055921541,30.7425718686396,2,5,36.8885456721989,132.798764419916,5.84090019895211,0,5672.88228849197,0,0,0,1.225
1048.62055921541,30.7493454076094,2,5,36.9281125889216,132.941205320118,5.84189008172052,0,5675.82090742077,0,0,0,1.225
1048.87055921541,30.7561116961681,2,5,36.9676438508153,133.083517862935,5.84287992088093,0,5678.75985523708,0,0,0,1.225
1049.12055921541,30.7628707563257,2,5,37.0071395718455,133.225702458644,5.84386971645245,0,5681.69913194015,0,0,0,1.225
1049.37055921541,30.7696226099807,2,5,37.0465998653895,133.367759515402,5.8448594684528,0,5684.63873752815,0,0,0,1.225
1049.62055921541,30.7763672789198,2,5,37.0860248442404,133.509689439266,5.84584917690199,0,5687.57867200109,0,0,0,1.225
1049.87055921541,30.7831047848197,2,5,37.1254146206113,133.651492634201,5.84683884181777,0,5690.51893535716,0,0,0,1.225
1050.12055921541,30.7898351492471,2,5,37.1647693061394,133.793169502102,5.84782846322059,0,5693.45952759672,0,0,0,1.225
1050.37055921541,30.79655839366,2,5,37.2040890118902,133.934720442805,5.84881804112729,0,5696.40044871725,0,0,0,1.225
1050.62055921541,30.8032745394083,2,5,37.2433738483615,134.076145854101,5.84980757555786,0,5699.34169871877,0,0,0,1.225
1050.87055921541,30.8099836077344,2,5,37.2826239254876,134.217446131755,5.85079706653005,0,5702.2832775995,0,0,0,1.225
1051.12055921541,30.8166856197741,2,5,37.3218393526429,134.358621669515,5.85178651406386,0,5705.22518535949,0,0,0,1.225
1051.37055921541,30.8233805965576,2,5,37.3610202386464,134.499672859127,5.85277591817612,0,5708.16742199622,0,0,0,1.225
1051.62055921541,30.8300685590097,2,5,37.4001666917651,134.640600090354,5.85376527888684,0,5711.10998750976,0,0,0,1.225
1051.87055921541,30.8367495279509,2,5,37.4392788197181,134.781403750985,5.85475459621421,0,5714.0528818987,0,0,0,1.225
1052.12055921541,30.8434235240981,2,5,37.4783567296805,134.92208422685,5.8557438701755,0,5716.99610516093,0,0,0,1.225
1052.37055921541,30.8500905680653,2,5,37.5174005282872,135.062641901834,5.8567331007921,0,5719.93965729763,0,0,0,1.225
1052.62055921541,30.8567506803643,2,5,37.5564103216368,135.203077157892,5.857722288079,0,5722.88353830486,0,0,0,1.225
1052.87055921541,30.8634038814052,2,5,37.5953862152948,135.343390375061,5.85871143205668,0,5725.82774818307,0,0,0,1.225
1053.12055921541,30.8700501914975,2,5,37.6343283142981,135.483581931473,5.85970053274286,0,5728.77228693055,0,0,0,1.225
1053.37055921541,30.8766896308507,2,5,37.6732367231581,135.623652203369,5.8606895901562,0,5731.7171545463,0,0,0,1.225
1053.62055921541,30.8833222195746,2,5,37.7121115458644,135.763601565112,5.86167860431533,0,5734.66235102934,0,0,0,1.225
1053.87055921541,30.8899479776805,2,5,37.750952885889,135.9034303892,5.86266757523708,0,5737.60787637723,0,0,0,1.225
1054.12055921541,30.8965669250816,2,5,37.7897608461889,136.04313904628,5.86365650294101,0,5740.55373058974,0,0,0,1.225
1054.37055921541,30.9031790815936,2,5,37.8285355292106,136.182727905158,5.86464538744485,0,5743.49991366517,0,0,0,1.225
1054.62055921541,30.9097844669357,2,5,37.867277036893,136.322197332815,5.8656342287677,0,5746.44642560293,0,0,0,1.225
1054.87055921541,30.9163831007311,2,5,37.9059854706711,136.461547694416,5.86662302692639,0,5749.39326640062,0,0,0,1.225
1055.12055921541,30.9229750025072,2,5,37.9446609314795,136.600779353326,5.86761178193865,0,5752.34043605655,0,0,0,1.225
1055.37055921541,30.9295601916972,2,5,37.9833035197557,136.73989267112,5.86860049382403,0,5755.28793457053,0,0,0,1.225
1055.62055921541,30.9361386876397,2,5,38.0219133354437,136.878888007597,5.86958916260028,0,5758.2357619409,0,0,0,1.225
1055.87055921541,30.9427105095803,2,5,38.0604904779972,137.01776572079,5.87057778828512,0,5761.18391816599,0,0,0,1.225
1056.12055921541,30.9492756766715,2,5,38.0990350463828,137.156526166978,5.87156637089493,0,5764.13240324309,0,0,0,1.225
1056.37055921541,30.9558342079736,2,5,38.1375471390839,137.295169700702,5.87255491045153,0,5767.08121717382,0,0,0,1.225
1056.62055921541,30.9623861224555,2,5,38.1760268541031,137.433696674771,5.87354340696947,0,5770.030359954,0,0,0,1.225
1056.87055921541,30.9689314389949,2,5,38.2144742889662,137.572107440278,5.87453186046741,0,5772.97983158274,0,0,0,1.225
1057.12055921541,30.9754701763794,2,5,38.2528895407251,137.71040234661,5.87552027096353,0,5775.92963205879,0,0,0,1.225
1057.37055921541,30.9820023533066,2,5,38.291272705961,137.84858174146,5.87650863847512,0,5778.87976138017,0,0,0,1.225
1057.62055921541,30.9885279883853,2,5,38.3296238807877,137.986645970836,5.8774969630208,0,5781.83021954599,0,0,0,1.225
1057.87055921541,30.9950471001353,2,5,38.3679431608545,138.124595379076,5.87848524461833,0,5784.78100655467,0,0,0,1.225
1058.12055921541,31.0015597069888,2,5,38.4062306413495,138.262430308858,5.87947348328407,0,5787.73212240351,0,0,0,1.225
1058.37055921541,31.0080658272906,2,5,38.4444864170028,138.40015110121,5.88046167903667,0,5790.68356709167,0,0,0,1.225
1058.62055921541,31.0145654792985,2,5,38.4827105820893,138.537758095521,5.88144983189386,0,5793.63534061755,0,0,0,1.225
1058.87055921541,31.0210586811842,2,5,38.5209032304318,138.675251629554,5.88243794187383,0,5796.58744297996,0,0,0,1.225
1059.12055921541,31.0275454510338,2,5,38.5590644554041,138.812632039455,5.88342600899387,0,5799.53987417696,0,0,0,1.225
1059.37055921541,31.0340258068483,2,5,38.5971943499339,138.949899659762,5.88441403326988,0,5802.49263420553,0,0,0,1.225
1059.62055921541,31.0404997665441,2,5,38.635293006506,139.087054823422,5.88540201472097,0,5805.44572306522,0,0,0,1.225
1059.87055921541,31.0469673479537,2,5,38.6733605171647,139.224097861793,5.88638995336396,0,5808.39914075375,0,0,0,1.225
1060.12055921541,31.0534285688262,2,5,38.7113969735172,139.361029104662,5.8873778492175,0,5811.35288727031,0,0,0,1.225
1060.37055921541,31.0598834468277,2,5,38.7494024667364,139.497848880251,5.88836570229751,0,5814.3069626119,0,0,0,1.225
1060.62055921541,31.0663319995422,2,5,38.7873770875635,139.634557515229,5.88935351262216,0,5817.26136677737,0,0,0,1.225
1060.87055921541,31.0727742444718,2,5,38.8253209263111,139.77115533472,5.8903412802083,0,5820.21609976447,0,0,0,1.225
1061.12055921541,31.0792101990372,2,5,38.863234072866,139.907642662318,5.89132900507411,0,5823.17116157204,0,0,0,1.225
1061.37055921541,31.0856398805786,2,5,38.9011166166918,140.04401982009,5.89231668723642,0,5826.12655219784,0,0,0,1.225
1061.62055921541,31.0920633063559,2,5,38.9389686468317,140.180287128594,5.89330432671204,0,5829.08227163965,0,0,0,1.225
1061.87055921541,31.0984804935493,2,5,38.9767902519114,140.316444906881,5.89429192351781,0,5832.03831989525,0,0,0,1.225
1062.12055921541,31.1048914592598,2,5,39.0145815201419,140.452493472511,5.89527947767328,0,5834.9946969646,0,0,0,1.225
1062.37055921541,31.1112962205099,2,5,39.0523425393216,140.588433141558,5.89626698919346,0,5837.95140284403,0,0,0,1.225
1062.62055921541,31.1176947942437,2,5,39.0900733968399,140.724264228624,5.89725445809563,0,5840.9084375317,0,0,0,1.225
1062.87055921541,31.1240871973279,2,5,39.127774179679,140.859987046844,5.89824188439889,0,5843.86580102724,0,0,0,1.225
1063.12055921541,31.1304734465519,2,5,39.165444974417,140.995601907901,5.89922926811778,0,5846.82349332663,0,0,0,1.225
1063.37055921541,31.1368535586285,2,5,39.2030858672303,141.131109122029,5.90021660926959,0,5849.78151442805,0,0,0,1.225
1063.62055921541,31.1432275501943,2,5,39.2406969438964,141.266508998027,5.90120390787342,0,5852.73986433114,0,0,0,1.225
1063.87055921541,31.1495954378102,2,5,39.2782782897962,141.401801843266,5.90219116394428,0,5855.69854303227,0,0,0,1.225
1064.12055921541,31.1559572379621,2,5,39.3158299899167,141.5369879637,5.90317837750035,0,5858.65755053037,0,0,0,1.225
1064.37055921541,31.1623129670609,2,5,39.3533521288536,141.672067663873,5.90416554855756,0,5861.61688682254,0,0,0,1.225
1064.62055921541,31.1686626414434,2,5,39.3908447908137,141.807041246929,5.90515267713408,0,5864.57655190774,0,0,0,1.225
1064.87055921541,31.1750062773725,2,5,39.4283080596171,141.941909014622,5.90613976324494,0,5867.53654578234,0,0,0,1.225
1065.12055921541,31.1813438910382,2,5,39.4657420187003,142.076671267321,5.9071268069074,0,5870.49686844457,0,0,0,1.225
1065.37055921541,31.187675498557,2,5,39.503146751118,142.211328304025,5.90811380813966,0,5873.4575198934,0,0,0,1.225
1065.62055921541,31.1940011159736,2,5,39.5405223395461,142.345880422366,5.90910076695809,0,5876.41850012632,0,0,0,1.225
1065.87055921541,31.2003207592605,2,5,39.5778688662834,142.48032791862,5.91008768337861,0,5879.37980914048,0,0,0,1.225
1066.12055921541,31.2066344443188,2,5,39.6151864132547,142.614671087717,5.91107455741758,0,5882.3414469334,0,0,0,1.225
1066.37055921541,31.2129421869784,2,5,39.6524750620129,142.748910223246,5.9120613890932,0,5885.30341350407,0,0,0,1.225
1066.62055921541,31.2192440029988,2,5,39.6897348937408,142.883045617467,5.91304817842092,0,5888.26570884928,0,0,0,1.225
1066.87055921541,31.2255399080694,2,5,39.7269659892546,143.017077561316,5.91403492541758,0,5891.22833296694,0,0,0,1.225
1067.12055921541,31.2318299178097,2,5,39.7641684290049,143.151006344418,5.91502163010045,0,5894.19128585531,0,0,0,1.225
1067.37055921541,31.2381140477701,2,5,39.80134229308,143.284832255088,5.916008292485,0,5897.15456751123,0,0,0,1.225
1067.62055921541,31.244392313432,2,5,39.8384876612075,143.418555580347,5.91699491258805,0,5900.1181779326,0,0,0,1.225
1067.87055921541,31.2506647302085,2,5,39.8756046127571,143.552176605926,5.91798149042643,0,5903.08211711735,0,0,0,1.225
1068.12055921541,31.2569313134447,2,5,39.9126932267424,143.685695616273,5.91896802601696,0,5906.04638506342,0,0,0,1.225
1068.37055921541,31.2631920784181,2,5,39.9497535818232,143.819112894564,5.91995451937555,0,5909.01098176801,0,0,0,1.225
1068.62055921541,31.269447040339,2,5,39.9867857563079,143.952428722709,5.92094097051813,0,5911.97590722835,0,0,0,1.225
1068.87055921541,31.275696214351,2,5,40.0237898281555,144.08564338136,5.92192737946107,0,5914.941161442,0,0,0,1.225
1069.12055921541,31.2819396155315,2,5,40.0607658749778,144.21875714992,5.922913746223,0,5917.90674440839,0,0,0,1.225
1069.37055921541,31.2881772588917,2,5,40.0977139740415,144.35177030655,5.92390007081713,0,5920.87265612257,0,0,0,1.225
1069.62055921541,31.2944091593775,2,5,40.1346342022705,144.484683128174,5.92488635326117,0,5923.83889658324,0,0,0,1.225
1069.87055921541,31.3006353318696,2,5,40.1715266362479,144.617495890492,5.92587259357106,0,5926.80546578762,0,0,0,1.225
1070.12055921541,31.3068557911839,2,5,40.2083913522178,144.750208867984,5.92685879176452,0,5929.77236373445,0,0,0,1.225
1070.37055921541,31.3130705520723,2,5,40.2452284260881,144.882822333917,5.92784494785519,0,5932.73959041914,0,0,0,1.225
1070.62055921541,31.3192796292222,2,5,40.2820379334318,145.015336560355,5.92883106186082,0,5935.70714584043,0,0,0,1.225
1070.87055921541,31.3254830372581,2,5,40.3188199494895,145.147751818162,5.92981713379686,0,5938.67502999521,0,0,0,1.225
1071.12055921541,31.3316807907408,2,5,40.3555745491713,145.280068377017,5.93080316367923,0,5941.64324288077,0,0,0,1.225
1071.37055921541,31.3378729041686,2,5,40.3923018070588,145.412286505412,5.93178915152566,0,5944.61178449584,0,0,0,1.225
1071.62055921541,31.3440593919773,2,5,40.4290017974071,145.544406470665,5.93277509735071,0,5947.58065483661,0,0,0,1.225
1071.87055921541,31.3502402685407,2,5,40.4656745941468,145.676428538928,5.93376100117075,0,5950.54985390074,0,0,0,1.225
1072.12055921541,31.3564155481711,2,5,40.5023202708859,145.808352975189,5.93474686300078,0,5953.51938168481,0,0,0,1.225
1072.37055921541,31.3625852451192,2,5,40.5389389009121,145.940180043283,5.93573268285854,0,5956.48923818757,0,0,0,1.225
1072.62055921541,31.368749373575,2,5,40.575530557194,146.071910005899,5.93671846075949,0,5959.45942340597,0,0,0,1.225
1072.87055921541,31.3749079476679,2,5,40.6120953123839,146.203543124582,5.93770419671773,0,5962.42993733587,0,0,0,1.225
1073.12055921541,31.3810609814672,2,5,40.648633238819,146.335079659749,5.93868989075145,0,5965.40077997642,0,0,0,1.225
1073.37055921541,31.3872084889822,2,5,40.6851444085237,146.466519870685,5.93967554287519,0,5968.37195132384,0,0,0,1.225
1073.62055921541,31.3933504841629,2,5,40.7216288932114,146.597864015561,5.94066115310579,0,5971.34345137621,0,0,0,1.225
1073.87055921541,31.3994869809001,2,5,40.758086764286,146.72911235143,5.94164672145735,0,5974.3152801294,0,0,0,1.225
1074.12055921541,31.4056179930258,2,5,40.7945180928445,146.86026513424,5.94263224794713,0,5977.28743758186,0,0,0,1.225
1074.37055921541,31.4117435343136,2,5,40.8309229496781,146.991322618841,5.94361773259106,0,5980.25992373093,0,0,0,1.225
1074.62055921541,31.4178636184792,2,5,40.8673014052745,147.122285058988,5.94460317540324,0,5983.23273857252,0,0,0,1.225
1074.87055921541,31.4239782591802,2,5,40.9036535298193,147.25315270735,5.94558857639959,0,5986.20588210398,0,0,0,1.225
1075.12055921541,31.4300874700172,2,5,40.9399793931983,147.383925815514,5.94657393559737,0,5989.17935432379,0,0,0,1.225
1075.37055921541,31.4361912645336,2,5,40.9762790649987,147.514604633995,5.9475592530107,0,5992.15315522786,0,0,0,1.225
1075.62055921541,31.4422896562159,2,5,41.0125526145114,147.645189412241,5.94854452865457,0,5995.12728481283,0,0,0,1.225
1075.87055921541,31.4483826584946,2,5,41.0488001107325,147.775680398637,5.94952976254717,0,5998.10174307793,0,0,0,1.225
1076.12055921541,31.4544702847438,2,5,41.0850216223648,147.906077840513,5.95051495470216,0,6001.07653001871,0,0,0,1.225
1076.37055921541,31.460552548282,2,5,41.1212172178201,148.036381984152,5.95150010513453,0,6004.05164563185,0,0,0,1.225
1076.62055921541,31.4666294623723,2,5,41.1573869652203,148.166593074793,5.9524852138602,0,6007.02708991475,0,0,0,1.225
1076.87055921541,31.4727010402229,2,5,41.1935309323998,148.296711356639,5.953470280896,0,6010.00286286555,0,0,0,1.225
1077.12055921541,31.4787672949869,2,5,41.2296491869063,148.426737072863,5.9544553062542,0,6012.97896447876,0,0,0,1.225
1077.37055921541,31.4848282397632,2,5,41.2657417960034,148.556670465612,5.95544028995437,0,6015.95539475469,0,0,0,1.225
1077.62055921541,31.4908838875965,2,5,41.3018088266714,148.686511776017,5.95642523200786,0,6018.93215368715,0,0,0,1.225
1077.87055921541,31.4969342514777,2,5,41.3378503456096,148.816261244195,5.95741013243196,0,6021.90924127464,0,0,0,1.225
1078.12055921541,31.5029793443443,2,5,41.3738664192378,148.945919109256,5.95839499124259,0,6024.88665751462,0,0,0,1.225
1078.37055921541,31.5090191790804,2,5,41.4098571136977,149.075485609312,5.95937980845429,0,6027.86440240342,0,0,0,1.225
1078.62055921541,31.5150537685175,2,5,41.4458224948546,149.204960981477,5.96036458408116,0,6030.84247593705,0,0,0,1.225
1078.87055921541,31.5210831254342,2,5,41.4817626282991,149.334345461877,5.96134931813958,0,6033.82087811332,0,0,0,1.225
1079.12055921541,31.5271072625571,2,5,41.5176775793486,149.463639285655,5.96233401064364,0,6036.79960892823,0,0,0,1.225
1079.37055921541,31.5331261925606,2,5,41.553567413049,149.592842686977,5.96331866161154,0,6039.77866838108,0,0,0,1.225
1079.62055921541,31.5391399280677,2,5,41.5894321941762,149.721955899034,5.96430327105463,0,6042.75805646568,0,0,0,1.225
1079.87055921541,31.5451484816497,2,5,41.6252719872374,149.850979154055,5.96528783898884,0,6045.73777317952,0,0,0,1.225
1080.12055921541,31.5511518658271,2,5,41.6610868564731,149.979912683303,5.96627236543191,0,6048.71781852153,0,0,0,1.225
1080.37055921541,31.5571500930693,2,5,41.6968768658583,150.10875671709,5.96725685039519,0,6051.69819248556,0,0,0,1.225
1080.62055921541,31.5631431757954,2,5,41.7326420791043,150.237511484775,5.96824129389643,0,6054.67889507057,0,0,0,1.225
1080.87055921541,31.5691311263743,2,5,41.7683825596597,150.366177214775,5.96922569594926,0,6057.65992627222,0,0,0,1.225
1081.12055921541,31.5751139571249,2,5,41.8040983707126,150.494754134565,5.9702100565687,0,6060.6412860873,0,0,0,1.225
1081.37055921541,31.5810916803163,2,5,41.8397895751914,150.623242470689,5.97119437576885,0,6063.62297451186,0,0,0,1.225
1081.62055921541,31.5870643081684,2,5,41.8754562357669,150.751642448761,5.97217865356697,0,6066.6049915445,0,0,0,1.225
1081.87055921541,31.593031852852,2,5,41.9110984148533,150.879954293472,5.97316288997672,0,6069.58733718092,0,0,0,1.225
1082.12055921541,31.598994326489,2,5,41.9467161746097,151.008178228595,5.97414708501219,0,6072.5700114172,0,0,0,1.225
1082.37055921541,31.6049517411528,2,5,41.9823095769419,151.136314476991,5.97513123868839,0,6075.55301425014,0,0,0,1.225
1082.62055921541,31.6109041088686,2,5,42.0178786835035,151.264363260613,5.97611535102078,0,6078.53634567691,0,0,0,1.225
1082.87055921541,31.6168514416133,2,5,42.0534235556973,151.39232480051,5.97709942202391,0,6081.52000569397,0,0,0,1.225
1083.12055921541,31.6227937513165,2,5,42.0889442546771,151.520199316837,5.97808345171234,0,6084.50399429775,0,0,0,1.225
1083.37055921541,31.62873104986,2,5,42.1244408413485,151.647987028854,5.97906744010106,0,6087.48831148511,0,0,0,1.225
1083.62055921541,31.6346633490784,2,5,42.1599133763708,151.775688154935,5.98005138720464,0,6090.47295725248,0,0,0,1.225
1083.87055921541,31.6405906607597,2,5,42.1953619201584,151.90330291257,5.98103529303671,0,6093.45793159564,0,0,0,1.225
1084.12055921541,31.6465129966449,2,5,42.2307865328816,152.030831518374,5.98201915761319,0,6096.44323451213,0,0,0,1.225
1084.37055921541,31.6524303684285,2,5,42.2661872744686,152.158274188087,5.98300298094864,0,6099.42886599845,0,0,0,1.225
1084.62055921541,31.6583427877592,2,5,42.3015642046066,152.285631136584,5.98398676305578,0,6102.41482604962,0,0,0,1.225
1084.87055921541,31.6642502662395,2,5,42.336917382743,152.412902577875,5.98497050395144,0,6105.40111466396,0,0,0,1.225
1085.12055921541,31.6701528154264,2,5,42.372246868087,152.540088725113,5.98595420364973,0,6108.38773183761,0,0,0,1.225
1085.37055921541,31.6760504468313,2,5,42.4075527196107,152.667189790599,5.98693786216472,0,6111.3746775667,0,0,0,1.225
1085.62055921541,31.6819431719207,2,5,42.4428349960506,152.794205985782,5.98792147950962,0,6114.36195184665,0,0,0,1.225
1085.87055921541,31.6878310021161,2,5,42.4780937559089,152.921137521272,5.9889050557008,0,6117.34955467544,0,0,0,1.225
1086.12055921541,31.6937139487942,2,5,42.5133290574544,153.047984606836,5.98988859075098,0,6120.33748604812,0,0,0,1.225
1086.37055921541,31.6995920232875,2,5,42.5485409587245,153.174747451408,5.99087208467608,0,6123.32574596231,0,0,0,1.225
1086.62055921541,31.7054652368843,2,5,42.5837295175258,153.301426263093,5.9918555374893,0,6126.31433441346,0,0,0,1.225
1086.87055921541,31.7113336008287,2,5,42.6188947914357,153.428021249169,5.99283894920563,0,6129.30325139846,0,0,0,1.225
1087.12055921541,31.7171971263215,2,5,42.6540368378039,153.554532616094,5.99382231983918,0,6132.29249691348,0,0,0,1.225
1087.37055921541,31.7230558245198,2,5,42.6891557137529,153.68096056951,5.99480564940359,0,6135.28207095436,0,0,0,1.225
1087.62055921541,31.7289097065375,2,5,42.72425147618,153.807305314248,5.99578893791386,0,6138.27197351799,0,0,0,1.225
1087.87055921541,31.7347587834457,2,5,42.7593241817582,153.93356705433,5.99677218538409,0,6141.26220460058,0,0,0,1.225
1088.12055921541,31.7406030662725,2,5,42.7943738869375,154.059745992975,5.99775539182883,0,6144.25276419869,0,0,0,1.225
1088.37055921541,31.7464425660037,2,5,42.8294006479459,154.185842332605,5.99873855725991,0,6147.2436523067,0,0,0,1.225
1088.62055921541,31.7522772935827,2,5,42.864404520791,154.311856274848,5.99972168169552,0,6150.23486892409,0,0,0,1.225
1088.87055921541,31.7581072599109,2,5,42.8993855612609,154.437788020539,6.00070476514657,0,6153.22641404454,0,0,0,1.225
1089.12055921541,31.7639324758477,2,5,42.9343438249254,154.563637769732,6.0016878076276,0,6156.21828766461,0,0,0,1.225
1089.37055921541,31.7697529522112,2,5,42.9692793671375,154.689405721695,6.00267080915319,0,6159.21048978091,0,0,0,1.225
1089.62055921541,31.7755686997778,2,5,43.0041922430341,154.815092074923,6.00365376973696,0,6162.2030203893,0,0,0,1.225
1089.87055921541,31.781379729283,2,5,43.0390825075374,154.940697027135,6.00463668939392,0,6165.19587948674,0,0,0,1.225
1090.12055921541,31.7871860514212,2,5,43.0739502153563,155.066220775283,6.00561956813635,0,6168.189067068,0,0,0,1.225
1090.37055921541,31.7929876768461,2,5,43.1087954209872,155.191663515554,6.00660240598017,0,6171.18258313081,0,0,0,1.225
1090.62055921541,31.7987846161709,2,5,43.1436181787151,155.317025443374,6.00758520293766,0,6174.17642766993,0,0,0,1.225
1090.87055921541,31.8045768799686,2,5,43.1784185426151,155.442306753414,6.00856795902428,0,6177.17060068274,0,0,0,1.225
1091.12055921541,31.810364478772,2,5,43.2131965665532,155.567507639591,6.00955067425139,0,6180.16510216329,0,0,0,1.225
1091.37055921541,31.8161474230741,2,5,43.2479523041876,155.692628295075,6.01053334863491,0,6183.15993210931,0,0,0,1.225
1091.62055921541,31.8219257233283,2,5,43.2826858089697,155.817668912291,6.01151598218848,0,6186.15509051671,0,0,0,1.225
1091.87055921541,31.8276993899484,2,5,43.3173971341454,155.942629682923,6.0124985749253,0,6189.15057738103,0,0,0,1.225
1092.12055921541,31.8334684333091,2,5,43.3520863327558,156.067510797921,6.01348112685901,0,6192.1463926982,0,0,0,1.225
1092.37055921541,31.8392328637462,2,5,43.3867534576388,156.1923124475,6.01446363800369,0,6195.14253646449,0,0,0,1.225
1092.62055921541,31.8449926915563,2,5,43.4213985614297,156.317034821147,6.01544610837345,0,6198.1390086762,0,0,0,1.225
1092.87055921541,31.8507479269979,2,5,43.4560216965625,156.441678107625,6.01642853798057,0,6201.13580932816,0,0,0,1.225
1093.12055921541,31.8564985802905,2,5,43.4906229152713,156.566242494977,6.01741092684006,0,6204.13293841741,0,0,0,1.225
1093.37055921541,31.8622446616159,2,5,43.5252022695906,156.690728170526,6.01839327496509,0,6207.13039593952,0,0,0,1.225
1093.62055921541,31.8679861811176,2,5,43.5597598113569,156.815135320885,6.01937558236841,0,6210.12818188971,0,0,0,1.225
1093.87055921541,31.8737231489015,2,5,43.5942955922098,156.939464131955,6.02035784906639,0,6213.12629626612,0,0,0,1.225
1094.12055921541,31.8794555750356,2,5,43.6288096635927,157.063714788934,6.02134007506857,0,6216.12473906142,0,0,0,1.225
1094.37055921541,31.8851834695508,2,5,43.6633020767539,157.187887476314,6.02232226039087,0,6219.1235102734,0,0,0,1.225
1094.62055921541,31.8909068424406,2,5,43.6977728827479,157.311982377893,6.02330440504738,0,6222.12260989839,0,0,0,1.225
1094.87055921541,31.8966257036614,2,5,43.7322221324362,157.43599967677,6.02428650904994,0,6225.1220379309,0,0,0,1.225
1095.12055921541,31.902340063133,2,5,43.7666498764883,157.559939555358,6.0252685724131,0,6228.12179436764,0,0,0,1.225
1095.37055921541,31.9080499307383,2,5,43.8010561653826,157.683802195377,6.02625059514958,0,6231.12187920387,0,0,0,1.225
1095.62055921541,31.913755316324,2,5,43.8354410494078,157.807587777868,6.02723257727257,0,6234.1222924352,0,0,0,1.225
1095.87055921541,31.9194562297004,2,5,43.8698045786635,157.931296483189,6.02821451879663,0,6237.12303405835,0,0,0,1.225
1096.12055921541,31.9251526806416,2,5,43.9041468030613,158.054928491021,6.02919641973358,0,6240.12410406786,0,0,0,1.225
1096.37055921541,31.9308446788861,2,5,43.9384677723258,158.178483980373,6.03017828009706,0,6243.12550245974,0,0,0,1.225
1096.62055921541,31.9365322341364,2,5,43.9727675359957,158.301963129584,6.03116009990254,0,6246.12722923144,0,0,0,1.225
1096.87055921541,31.9422153560597,2,5,44.0070461434244,158.425366116328,6.03214187916046,0,6249.12928437644,0,0,0,1.225
1097.12055921541,31.9478940542877,2,5,44.0413036437813,158.548693117613,6.03312361788448,0,6252.13166789074,0,0,0,1.225
1097.37055921541,31.953568338417,2,5,44.0755400860527,158.67194430979,6.03410531608961,0,6255.13437977145,0,0,0,1.225
1097.62055921541,31.9592382180093,2,5,44.1097555190425,158.795119868553,6.03508697378675,0,6258.13742001243,0,0,0,1.225
1097.87055921541,31.9649037025913,2,5,44.1439499913737,158.918219968945,6.03606859099091,0,6261.14078861079,0,0,0,1.225
1098.12055921541,31.9705648016553,2,5,44.1781235514884,159.041244785358,6.03705016771391,0,6264.1444855611,0,0,0,1.225
1098.37055921541,31.9762215246591,2,5,44.2122762476498,159.164194491539,6.03803170396986,0,6267.14851085979,0,0,0,1.225
1098.62055921541,31.981873881026,2,5,44.2464081279422,159.287069260592,6.03901319977194,0,6270.15286450251,0,0,0,1.225
1098.87055921541,31.9875218801455,2,5,44.2805192402727,159.409869264982,6.03999465513198,0,6273.15754648388,0,0,0,1.225
1099.12055921541,31.993165531373,2,5,44.3146096323713,159.532594676537,6.04097607006315,0,6276.16255679957,0,0,0,1.225
1099.37055921541,31.9988048440303,2,5,44.3486793517926,159.655245666453,6.04195744458048,0,6279.16789544675,0,0,0,1.225
1099.62055921541,32.0044398274054,2,5,44.3827284459162,159.777822405298,6.04293877869486,0,6282.17356241928,0,0,0,1.225
1099.87055921541,32.010070490753,2,5,44.4167569619475,159.900325063011,6.0439200724195,0,6285.17955771288,0,0,0,1.225
1100.12055921541,32.0156968432947,2,5,44.4507649469192,160.022753808909,6.04490132576711,0,6288.18588132289,0,0,0,1.225
1100.37055921541,32.0213188942188,2,5,44.4847524476915,160.145108811689,6.04588253875318,0,6291.19253324685,0,0,0,1.225
1100.62055921541,32.0269366526808,2,5,44.5187195109532,160.267390239432,6.04686371138723,0,6294.19951347756,0,0,0,1.225
1100.87055921541,32.0325501278034,2,5,44.5526661832229,160.389598259602,6.04784484368383,0,6297.20682201183,0,0,0,1.225
1101.12055921541,32.0381593286767,2,5,44.5865925108494,160.511733039058,6.0488259356548,0,6300.21445884431,0,0,0,1.225
1101.37055921541,32.0437642643586,2,5,44.6204985400126,160.633794744046,6.04980698731515,0,6303.22242397218,0,0,0,1.225
1101.62055921541,32.0493649438744,2,5,44.6543843167249,160.75578354021,6.05078799867442,0,6306.23071738828,0,0,0,1.225
1101.87055921541,32.0549613762176,2,5,44.6882498868313,160.877699592593,6.05176896974808,0,6309.23933909015,0,0,0,1.225
1102.12055921541,32.0605535703496,2,5,44.7220952960105,160.999543065638,6.05274990054795,0,6312.24828907247,0,0,0,1.225
1102.37055921541,32.0661415352,2,5,44.7559205897762,161.121314123194,6.05373079108722,0,6315.25756733097,0,0,0,1.225
1102.62055921541,32.071725279667,2,5,44.7897258134773,161.243012928518,6.05471164137634,0,6318.26717385923,0,0,0,1.225
1102.87055921541,32.0773048126171,2,5,44.8235110122988,161.364639644276,6.05569245143079,0,6321.27710865484,0,0,0,1.225
1103.12055921541,32.0828801428855,2,5,44.8572762312632,161.486194432547,6.05667322126192,0,6324.2873717121,0,0,0,1.225
1103.37055921541,32.0884512792766,2,5,44.8910215152305,161.60767745483,6.05765395088338,0,6327.29796302715,0,0,0,1.225
1103.62055921541,32.0940182305633,2,5,44.9247469088996,161.729088872038,6.05863464030563,0,6330.30888259358,0,0,0,1.225
1103.87055921541,32.0995810054881,2,5,44.9584524568089,161.850428844512,6.05961528954322,0,6333.32013040826,0,0,0,1.225
1104.12055921541,32.1051396127624,2,5,44.992138203337,161.971697532013,6.06059589860661,0,6336.3317064648,0,0,0,1.225
1104.37055921541,32.1106940610674,2,5,45.0258041927039,162.092895093734,6.06157646751171,0,6339.34361076116,0,0,0,1.225
1104.62055921541,32.1162443590538,2,5,45.0594504689711,162.214021688296,6.06255699626718,0,6342.3558432895,0,0,0,1.225
1104.87055921541,32.121790515342,2,5,45.0930770760429,162.335077473754,6.063537484888,0,6345.36840404707,0,0,0,1.225
1105.12055921541,32.1273325385223,2,5,45.1266840576672,162.456062607602,6.06451793338601,0,6348.38129302859,0,0,0,1.225
1105.37055921541,32.1328704371553,2,5,45.1602714574359,162.576977246769,6.06549834177349,0,6351.39451022913,0,0,0,1.225
1105.62055921541,32.1384042197713,2,5,45.1938393187862,162.69782154763,6.06647871006226,0,6354.40805564342,0,0,0,1.225
1105.87055921541,32.1439338948716,2,5,45.2273876850006,162.818595666002,6.0674590382655,0,6357.42192926727,0,0,0,1.225
1106.12055921541,32.1494594709274,2,5,45.2609165992085,162.939299757151,6.06843932639504,0,6360.4361310954,0,0,0,1.225
1106.37055921541,32.1549809563808,2,5,45.2944261043864,163.059933975791,6.06941957446452,0,6363.45066112402,0,0,0,1.225
1106.62055921541,32.1604983596448,2,5,45.3279162433589,163.180498476092,6.07039978248395,0,6366.4655193464,0,0,0,1.225
1106.87055921541,32.1660116891031,2,5,45.3613870587992,163.300993411677,6.07137995046833,0,6369.48070575984,0,0,0,1.225
1107.12055921541,32.1715209531106,2,5,45.3948385932302,163.421418935629,6.07236007842675,0,6372.49622035689,0,0,0,1.225
1107.37055921541,32.1770261599932,2,5,45.4282708890249,163.541775200489,6.07334016637469,0,6375.51206313522,0,0,0,1.225
1107.62055921541,32.1825273180485,2,5,45.4616839884072,163.662062358266,6.07432021432123,0,6378.52823408741,0,0,0,1.225
1107.87055921541,32.1880244355452,2,5,45.4950779334528,163.78228056043,6.07530022228093,0,6381.54473321039,0,0,0,1.225
1108.12055921541,32.1935175207238,2,5,45.5284527660899,163.902429957924,6.0762801902647,0,6384.56156049821,0,0,0,1.225
1108.37055921541,32.1990065817966,2,5,45.5618085280997,164.022510701159,6.07726011828618,0,6387.57871594709,0,0,0,1.225
1108.62055921541,32.2044916269477,2,5,45.5951452611172,164.142522940022,6.07824000635446,0,6390.59619954962,0,0,0,1.225
1108.87055921541,32.2099726643332,2,5,45.6284630066321,164.262466823875,6.07921985448502,0,6393.61401130349,0,0,0,1.225
1109.12055921541,32.2154497020815,2,5,45.6617618059891,164.382342501561,6.08019966268785,0,6396.63215120204,0,0,0,1.225
1109.37055921541,32.2209227482931,2,5,45.6950417003891,164.502150121401,6.08117943097568,0,6399.65061924077,0,0,0,1.225
1109.62055921541,32.2263918110411,2,5,45.7283027308896,164.621889831203,6.08215915936034,0,6402.66941541447,0,0,0,1.225
1109.87055921541,32.2318568983711,2,5,45.7615449384053,164.741561778259,6.08313884785366,0,6405.68853971795,0,0,0,1.225
1110.12055921541,32.2373180183012,2,5,45.7947683637091,164.861166109353,6.08411849646836,0,6408.70799214673,0,0,0,1.225
1110.37055921541,32.2427751788226,2,5,45.8279730474324,164.980702970757,6.08509810521628,0,6411.72777269562,0,0,0,1.225
1110.62055921541,32.2482283878994,2,5,45.8611590300662,165.100172508238,6.0860776741074,0,6414.74788135797,0,0,0,1.225
1110.87055921541,32.2536776534685,2,5,45.8943263519614,165.219574867061,6.08705720315538,0,6417.76831813005,0,0,0,1.225
1111.12055921541,32.2591229834403,2,5,45.9274750533297,165.338910191987,6.08803669237204,0,6420.78908300669,0,0,0,1.225
1111.37055921541,32.2645643856985,2,5,45.9606051742441,165.458178627279,6.08901614177012,0,6423.81017598342,0,0,0,1.225
1111.62055921541,32.2700018681001,2,5,45.9937167546398,165.577380316703,6.08999555135961,0,6426.83159705362,0,0,0,1.225
1111.87055921541,32.2754354384758,2,5,46.0268098343147,165.696515403533,6.09097492115234,0,6429.85334621213,0,0,0,1.225
1112.12055921541,32.28086510463,2,5,46.0598844529298,165.815584030547,6.09195425116104,0,6432.87542345451,0,0,0,1.225
1112.37055921541,32.2862908743407,2,5,46.0929406500104,165.934586340037,6.09293354139754,0,6435.89782877559,0,0,0,1.225
1112.62055921541,32.2917127553603,2,5,46.1259784649464,166.053522473807,6.09391279187457,0,6438.92056217095,0,0,0,1.225
1112.87055921541,32.297130755415,2,5,46.1589979369929,166.172392573175,6.09489200260032,0,6441.94362363253,0,0,0,1.225
1113.12055921541,32.302544882205,2,5,46.1919991052711,166.291196778976,6.09587117359024,0,6444.9670131581,0,0,0,1.225
1113.37055921541,32.3079551434053,2,5,46.2249820087686,166.409935231567,6.09685030485343,0,6447.99073074032,0,0,0,1.225
1113.62055921541,32.3133615466649,2,5,46.2579466863402,166.528608070825,6.09782939640354,0,6451.01477637551,0,0,0,1.225
1113.87055921541,32.3187640996075,2,5,46.2908931767087,166.647215436151,6.09880844824966,0,6454.03915005635,0,0,0,1.225
1114.12055921541,32.3241628098317,2,5,46.3238215184652,166.765757466475,6.09978746040633,0,6457.06385177991,0,0,0,1.225
1114.37055921541,32.3295576849106,2,5,46.3567317500699,166.884234300252,6.10076643288176,0,6460.08888153814,0,0,0,1.225
1114.62055921541,32.3349487323922,2,5,46.3896239098528,167.00264607547,6.10174536569139,0,6463.11423932883,0,0,0,1.225
1114.87055921541,32.3403359597998,2,5,46.4224980360139,167.12099292965,6.10272425884432,0,6466.13992514469,0,0,0,1.225
1115.12055921541,32.3457193746316,2,5,46.4553541666245,167.239274999848,6.10370311235147,0,6469.16593897987,0,0,0,1.225
1115.37055921541,32.3510989843611,2,5,46.4881923396271,167.357492422657,6.10468192622648,0,6472.19228083071,0,0,0,1.225
1115.62055921541,32.3564747964373,2,5,46.5210125928363,167.475645334211,6.10566070047935,0,6475.21895069066,0,0,0,1.225
1115.87055921541,32.3618468182845,2,5,46.5538149639397,167.593733870183,6.106639435121,0,6478.2459485539,0,0,0,1.225
1116.12055921541,32.3672150573028,2,5,46.5865994904979,167.711758165792,6.10761813016416,0,6481.27327441605,0,0,0,1.225
1116.37055921541,32.3725795208678,2,5,46.6193662099455,167.829718355804,6.10859678561974,0,6484.30092827129,0,0,0,1.225
1116.62055921541,32.3779402163311,2,5,46.6521151595915,167.947614574529,6.10957540149957,0,6487.32891011454,0,0,0,1.225
1116.87055921541,32.3832971510201,2,5,46.68484637662,168.065446955832,6.11055397781456,0,6490.35721993998,0,0,0,1.225
1117.12055921541,32.3886503322383,2,5,46.7175598980909,168.183215633127,6.11153251457472,0,6493.38585774108,0,0,0,1.225
1117.37055921541,32.3939997672655,2,5,46.75025576094,168.300920739384,6.11251101179369,0,6496.41482351423,0,0,0,1.225
1117.62055921541,32.3993454633575,2,5,46.7829340019801,168.418562407128,6.11348946948146,0,6499.44411725288,0,0,0,1.225
1117.87055921541,32.4046874277467,2,5,46.8155946579012,168.536140768444,6.11446788764988,0,6502.47373895199,0,0,0,1.225
1118.12055921541,32.4100256676418,2,5,46.8482377652713,168.653655954977,6.11544626630894,0,6505.50368860502,0,0,0,1.225
1118.37055921541,32.4153601902282,2,5,46.880863360537,168.771108097933,6.11642460547137,0,6508.53396620766,0,0,0,1.225
1118.62055921541,32.420691002668,2,5,46.9134714800237,168.888497328085,6.11740290514717,0,6511.56457175338,0,0,0,1.225
1118.87055921541,32.4260181121001,2,5,46.9460621599365,169.005823775771,6.11838116534818,0,6514.59550523714,0,0,0,1.225
1119.12055921541,32.4313415256401,2,5,46.9786354363606,169.123087570898,6.11935938608531,0,6517.62676665317,0,0,0,1.225
1119.37055921541,32.436661250381,2,5,47.011191345262,169.240288842943,6.12033756736946,0,6520.65835599569,0,0,0,1.225
1119.62055921541,32.4419772933926,2,5,47.0437299224879,169.357427720957,6.12131570921247,0,6523.69027325966,0,0,0,1.225
1119.87055921541,32.447289661722,2,5,47.0762512037672,169.474504333562,6.12229381162615,0,6526.72251844006,0,0,0,1.225
1120.12055921541,32.4525983623937,2,5,47.1087552247112,169.59151880896,6.12327187461779,0,6529.75509152822,0,0,0,1.225
1120.37055921541,32.4579034024096,2,5,47.141242020814,169.70847127493,6.12424989820283,0,6532.78799252201,0,0,0,1.225
1120.62055921541,32.463204788749,2,5,47.1737116274532,169.825361858831,6.12522788238948,0,6535.82122141352,0,0,0,1.225
1120.87055921541,32.4685025283689,2,5,47.2061640798901,169.942190687604,6.12620582718955,0,6538.85477819771,0,0,0,1.225
1121.12055921541,32.4737966282042,2,5,47.2385994132707,170.058957887774,6.12718373261578,0,6541.8886628703,0,0,0,1.225
1121.37055921541,32.4790870951674,2,5,47.2710176626258,170.175663585453,6.12816159867543,0,6544.92287542265,0,0,0,1.225
1121.62055921541,32.4843739361489,2,5,47.3034188628718,170.292307906338,6.12913942538216,0,6547.95741585121,0,0,0,1.225
1121.87055921541,32.4896571580175,2,5,47.335803048811,170.40889097572,6.13011721274688,0,6550.99228415024,0,0,0,1.225
1122.12055921541,32.4949367676196,2,5,47.3681702551324,170.525412918477,6.13109496077959,0,6554.02748031329,0,0,0,1.225
1122.37055921541,32.5002127717802,2,5,47.4005205164118,170.641873859082,6.13207266949121,0,6557.06300433465,0,0,0,1.225
1122.62055921541,32.5054851773024,2,5,47.4328538671127,170.758273921606,6.13305033889174,0,6560.09885620786,0,0,0,1.225
1122.87055921541,32.510753990968,2,5,47.4651703415867,170.874613229712,6.134027968993,0,6563.13503592794,0,0,0,1.225
1123.12055921541,32.5160192195369,2,5,47.4974699740738,170.990891906666,6.13500555980681,0,6566.17154348991,0,0,0,1.225
1123.37055921541,32.5212808697481,2,5,47.5297527987031,171.107110075331,6.13598311134137,0,6569.20837888588,0,0,0,1.225
1123.62055921541,32.5265389483188,2,5,47.5620188494934,171.223267858176,6.13696062361032,0,6572.24554211234,0,0,0,1.225
1123.87055921541,32.5317934619454,2,5,47.5942681603533,171.339365377272,6.13793809662184,0,6575.28303316139,0,0,0,1.225
1124.12055921541,32.5370444173029,2,5,47.6265007650822,171.455402754296,6.13891553038866,0,6578.32085202881,0,0,0,1.225
1124.37055921541,32.5422918210455,2,5,47.6587166973703,171.571380110533,6.13989292491988,0,6581.35899870745,0,0,0,1.225
1124.62055921541,32.5475356798064,2,5,47.6909159907994,171.687297566878,6.1408702802255,0,6584.39747319089,0,0,0,1.225
1124.87055921541,32.5527760001979,2,5,47.7230986788434,171.803155243836,6.14184759632008,0,6587.43627547637,0,0,0,1.225
1125.12055921541,32.5580127888117,2,5,47.7552647948685,171.918953261527,6.14282487320997,0,6590.47540555457,0,0,0,1.225
1125.37055921541,32.5632460522187,2,5,47.787414372134,172.034691739682,6.14380211090793,0,6593.51486342126,0,0,0,1.225
1125.62055921541,32.5684757969693,2,5,47.8195474437925,172.150370797653,6.14477930942394,0,6596.55464907006,0,0,0,1.225
1125.87055921541,32.5737020295936,2,5,47.8516640428906,172.265990554406,6.14575646876801,0,6599.59476249456,0,0,0,1.225
1126.12055921541,32.578924756601,2,5,47.8837642023693,172.381551128529,6.14673358895197,0,6602.63520368983,0,0,0,1.225
1126.37055921541,32.5841439844809,2,5,47.9158479550642,172.497052638231,6.14771066998492,0,6605.67597264877,0,0,0,1.225
1126.62055921541,32.5893597197023,2,5,47.9479153337066,172.612495201344,6.14868771187957,0,6608.71706936716,0,0,0,1.225
1126.87055921541,32.5945719687143,2,5,47.9799663709233,172.727878935324,6.14966471464322,0,6611.75849383645,0,0,0,1.225
1127.12055921541,32.5997807379457,2,5,48.0120010992373,172.843203957254,6.15064167828859,0,6614.80024605245,0,0,0,1.225
1127.37055921541,32.6049860338057,2,5,48.0440195510684,172.958470383846,6.15161860282569,0,6617.84232600878,0,0,0,1.225
1127.62055921541,32.6101878626834,2,5,48.0760217587335,173.073678331441,6.15259548826452,0,6620.88473369909,0,0,0,1.225
1127.87055921541,32.6153862309482,2,5,48.108007754447,173.188827916009,6.15357233461418,0,6623.92746911627,0,0,0,1.225
1128.12055921541,32.6205811449498,2,5,48.1399775703215,173.303919253158,6.15454914188922,0,6626.97053225761,0,0,0,1.225
1128.37055921541,32.6257726110184,2,5,48.171931238368,173.418952458125,6.15552591009509,0,6630.01392311311,0,0,0,1.225
1128.62055921541,32.6309606354646,2,5,48.2038687904964,173.533927645787,6.15650263924454,0,6633.0576416786,0,0,0,1.225
1128.87055921541,32.6361452245796,2,5,48.2357902585159,173.648844930657,6.15747932934937,0,6636.1016879492,0,0,0,1.225
1129.12055921541,32.6413263846354,2,5,48.2676956741357,173.763704426889,6.15845598041687,0,6639.14606191637,0,0,0,1.225
1129.37055921541,32.6465041218844,2,5,48.2995850689651,173.878506248275,6.15943259245796,0,6642.19076357451,0,0,0,1.225
1129.62055921541,32.6516784425603,2,5,48.3314584745142,173.993250508251,6.16040916548445,0,6645.23579291872,0,0,0,1.225
1129.87055921541,32.6568493528773,2,5,48.3633159221939,174.107937319898,6.16138569950454,0,6648.28114994123,0,0,0,1.225
1130.12055921541,32.6620168590308,2,5,48.395157443317,174.222566795941,6.16236219452912,0,6651.32683463643,0,0,0,1.225
1130.37055921541,32.6671809671972,2,5,48.4269830690981,174.337139048753,6.16333865057004,0,6654.37284699945,0,0,0,1.225
1130.62055921541,32.6723416835341,2,5,48.4587928306542,174.451654190355,6.16431506763456,0,6657.41918702179,0,0,0,1.225
1130.87055921541,32.6774990141804,2,5,48.4905867590052,174.566112332419,6.16529144573633,0,6660.46585470003,0,0,0,1.225
1131.12055921541,32.6826529652561,2,5,48.522364885074,174.680513586266,6.16626778488171,0,6663.51285002496,0,0,0,1.225
1131.37055921541,32.6878035428628,2,5,48.5541272396874,174.794858062875,6.16724408508344,0,6666.56017299245,0,0,0,1.225
1131.62055921541,32.6929507530835,2,5,48.5858738535761,174.909145872874,6.16822034634879,0,6669.60782359401,0,0,0,1.225
1131.87055921541,32.6980946019828,2,5,48.6176047573754,175.023377126552,6.1691965686914,0,6672.65580182624,0,0,0,1.225
1132.12055921541,32.7032350956068,2,5,48.6493199816254,175.137551933851,6.17017275211947,0,6675.70410768139,0,0,0,1.225
1132.37055921541,32.7083722399835,2,5,48.6810195567715,175.251670404377,6.17114889664208,0,6678.75274115244,0,0,0,1.225
1132.62055921541,32.7135060411225,2,5,48.7127035131648,175.365732647393,6.17212500227197,0,6681.80170223527,0,0,0,1.225
1132.87055921541,32.7186365050154,2,5,48.7443718810625,175.479738771825,6.1731010690155,0,6684.8509909207,0,0,0,1.225
1133.12055921541,32.7237636376358,2,5,48.7760246906284,175.593688886262,6.17407709688632,0,6687.90060720534,0,0,0,1.225
1133.37055921541,32.7288874449391,2,5,48.8076619719331,175.707583098959,6.1750530858917,0,6690.95055108073,0,0,0,1.225
1133.62055921541,32.734007932863,2,5,48.8392837549546,175.821421517836,6.17602903604075,0,6694.00082253987,0,0,0,1.225
1133.87055921541,32.7391251073272,2,5,48.8708900695784,175.935204250482,6.17700494734618,0,6697.05142157866,0,0,0,1.225
1134.12055921541,32.7442389742338,2,5,48.9024809455983,176.048931404154,6.17798081981709,0,6700.10234819011,0,0,0,1.225
1134.37055921541,32.7493495394671,2,5,48.9340564127166,176.16260308578,6.1789566534635,0,6703.15360236795,0,0,0,1.225
1134.62055921541,32.7544568088939,2,5,48.9656165005442,176.276219401959,6.17993244829358,0,6706.20518410447,0,0,0,1.225
1134.87055921541,32.7595607883634,2,5,48.9971612386016,176.389780458966,6.18090820431735,0,6709.2570933934,0,0,0,1.225
1135.12055921541,32.7646614837073,2,5,49.0286906563186,176.503286362747,6.18188392154661,0,6712.30933022994,0,0,0,1.225
1135.37055921541,32.7697589007401,2,5,49.0602047830354,176.616737218927,6.18285959998866,0,6715.36189460565,0,0,0,1.225
1135.62055921541,32.7748530452588,2,5,49.0917036480023,176.730133132808,6.18383523965531,0,6718.41478651576,0,0,0,1.225
1135.87055921541,32.7799439230431,2,5,49.1231872803805,176.84347420937,6.18481084055475,0,6721.46800595255,0,0,0,1.225
1136.12055921541,32.7850315398559,2,5,49.1546557092423,176.956760553272,6.18578640269789,0,6724.52155291051,0,0,0,1.225
1136.37055921541,32.7901159014425,2,5,49.1861089635717,177.069992268858,6.18676192609291,0,6727.57542738194,0,0,0,1.225
1136.62055921541,32.7951970135316,2,5,49.2175470722643,177.183169460152,6.18773741075256,0,6730.62962936281,0,0,0,1.225
1136.87055921541,32.8002748818348,2,5,49.2489700641284,177.296292230862,6.18871285668229,0,6733.68415884323,0,0,0,1.225
1137.12055921541,32.8053495120466,2,5,49.2803779678845,177.409360684384,6.18968826389391,0,6736.73901581844,0,0,0,1.225
1137.37055921541,32.8104209098451,2,5,49.3117708121665,177.522374923799,6.19066363239835,0,6739.79420028293,0,0,0,1.225
1137.62055921541,32.8154890808914,2,5,49.3431486255213,177.635335051877,6.19163896220289,0,6742.84971222832,0,0,0,1.225
1137.87055921541,32.8205540308298,2,5,49.3745114364098,177.748241171075,6.19261425331752,0,6745.90555164837,0,0,0,1.225
1138.12055921541,32.8256157652884,2,5,49.4058592732069,177.861093383545,6.19358950575315,0,6748.96171853761,0,0,0,1.225
1138.37055921541,32.8306742898783,2,5,49.4371921642021,177.973891791128,6.19456471951617,0,6752.01821288691,0,0,0,1.225
1138.62055921541,32.8357296101944,2,5,49.4685101375995,178.086636495358,6.19553989461929,0,6755.07503469226,0,0,0,1.225
1138.87055921541,32.8407817318153,2,5,49.4998132215184,178.199327597466,6.19651503107161,0,6758.13218394672,0,0,0,1.225
1139.12055921541,32.8458306603029,2,5,49.5311014439937,178.311965198377,6.19749012888133,0,6761.18966064263,0,0,0,1.225
1139.37055921541,32.8508764012033,2,5,49.5623748329761,178.424549398714,6.19846518805844,0,6764.2474647738,0,0,0,1.225
1139.62055921541,32.8559189600459,2,5,49.5936334163327,178.537080298798,6.19944020861294,0,6767.30559633404,0,0,0,1.225
1139.87055921541,32.8609583423444,2,5,49.624877221847,178.649557998649,6.20041519055394,0,6770.36405531644,0,0,0,1.225
1140.12055921541,32.8659945535961,2,5,49.6561062772193,178.761982597989,6.20139013388871,0,6773.42284171262,0,0,0,1.225
1140.37055921541,32.8710275992826,2,5,49.6873206100674,178.874354196243,6.20236503863089,0,6776.48195551932,0,0,0,1.225
1140.62055921541,32.8760574848693,2,5,49.7185202479265,178.986672892536,6.20333990478593,0,6779.54139672671,0,0,0,1.225
1140.87055921541,32.8810842158059,2,5,49.74970521825,179.0989387857,6.20431473236476,0,6782.60116532935,0,0,0,1.225
1141.12055921541,32.8861077975262,2,5,49.7808755484092,179.211151974273,6.20528952137465,0,6785.66126131888,0,0,0,1.225
1141.37055921541,32.8911282354483,2,5,49.8120312656943,179.323312556499,6.20626427182924,0,6788.72168469205,0,0,0,1.225
1141.62055921541,32.8961455349746,2,5,49.8431723973143,179.435420630332,6.2072389837349,0,6791.78243543979,0,0,0,1.225
1141.87055921541,32.9011597014919,2,5,49.8742989703976,179.547476293431,6.20821365710071,0,6794.8435135552,0,0,0,1.225
1142.12055921541,32.9061707403716,2,5,49.9054110119921,179.659479643172,6.2091882919367,0,6797.90491903212,0,0,0,1.225
1142.37055921541,32.9111786569692,2,5,49.9365085490657,179.771430776636,6.21016288825103,0,6800.96665186295,0,0,0,1.225
1142.62055921541,32.9161834566252,2,5,49.9675916085065,179.883329790623,6.21113744605464,0,6804.02871204226,0,0,0,1.225
1142.87055921541,32.9211851446646,2,5,49.9986602171232,179.995176781644,6.21211196535569,0,6807.09109956245,0,0,0,1.225
1143.12055921541,32.9261837263969,2,5,50.0297144016455,180.106971845924,6.21308644616147,0,6810.15381441519,0,0,0,1.225
1143.37055921541,32.9311792071167,2,5,50.0607541887243,180.218715079408,6.21406088848471,0,6813.21685659652,0,0,0,1.225
1143.62055921541,32.9361715921032,2,5,50.091779604932,180.330406577755,6.2150352923336,0,6816.28022609885,0,0,0,1.225
1143.87055921541,32.9411608866206,2,5,50.122790676763,180.442046436347,6.2160096577154,0,6819.34392291387,0,0,0,1.225
1144.12055921541,32.9461470959178,2,5,50.1537874306336,180.553634750281,6.21698398464014,0,6822.40794703544,0,0,0,1.225
1144.37055921541,32.9511302252291,2,5,50.1847698928831,180.665171614379,6.21795827311689,0,6825.47229845671,0,0,0,1.225
1144.62055921541,32.9561102797735,2,5,50.2157380897731,180.776657123183,6.21893252315476,0,6828.53697717082,0,0,0,1.225
1144.87055921541,32.9610872647553,2,5,50.2466920474888,180.88809137096,6.21990673476103,0,6831.60198316947,0,0,0,1.225
1145.12055921541,32.9660611853641,2,5,50.2776317921384,180.999474451698,6.22088090794841,0,6834.66731644873,0,0,0,1.225
1145.37055921541,32.9710320467744,2,5,50.3085573497543,181.110806459115,6.22185504272329,0,6837.73297699957,0,0,0,1.225
1145.62055921541,32.9759998541463,2,5,50.3394687462926,181.222087486653,6.22282913909476,0,6840.79896481515,0,0,0,1.225
1145.87055921541,32.9809646126252,2,5,50.370366007634,181.333317627483,6.22380319707372,0,6843.86527989009,0,0,0,1.225
1146.12055921541,32.9859263273419,2,5,50.4012491595838,181.444496974502,6.22477721666655,0,6846.93192221538,0,0,0,1.225
1146.37055921541,32.9908850034125,2,5,50.4321182278723,181.55562562034,6.22575119788235,0,6849.99889178419,0,0,0,1.225
1146.62055921541,32.995840645939,2,5,50.4629732381549,181.666703657358,6.22672514073111,0,6853.06618859042,0,0,0,1.225
1146.87055921541,33.0007932600086,2,5,50.4938142160129,181.777731177647,6.22769904522102,0,6856.13381262652,0,0,0,1.225
1147.12055921541,33.0057428506945,2,5,50.5246411869533,181.888708273032,6.22867291136299,0,6859.20176388712,0,0,0,1.225
1147.37055921541,33.0106894230554,2,5,50.5554541764091,181.999635035073,6.22964673916158,0,6862.27004236177,0,0,0,1.225
1147.62055921541,33.0156329821357,2,5,50.5862532097402,182.110511555065,6.23062052863042,0,6865.33864804731,0,0,0,1.225
1147.87055921541,33.0205735329658,2,5,50.6170383122329,182.221337924038,6.23159427977316,0,6868.40758093254,0,0,0,1.225
1148.12055921541,33.025511080562,2,5,50.6478095091007,182.332114232762,6.23256799260344,0,6871.47684101431,0,0,0,1.225
1148.37055921541,33.0304456299263,2,5,50.6785668254843,182.442840571744,6.2335416671267,0,6874.5464282829,0,0,0,1.225
1148.62055921541,33.0353771860468,2,5,50.7093102864523,182.553517031228,6.23451530335478,0,6877.61634273369,0,0,0,1.225
1148.87055921541,33.0403057538978,2,5,50.7400399170011,182.664143701204,6.23548890129223,0,6880.68658435625,0,0,0,1.225
1149.12055921541,33.0452313384394,2,5,50.7707557420551,182.774720671398,6.23646246095177,0,6883.75715314669,0,0,0,1.225
1149.37055921541,33.050153944618,2,5,50.8014577864676,182.885248031283,6.23743598233887,0,6886.82804909532,0,0,0,1.225
1149.62055921541,33.0550735773664,2,5,50.8321460750203,182.995725870073,6.23840946546443,0,6889.89927219681,0,0,0,1.225
1149.87055921541,33.0599902416033,2,5,50.8628206324241,183.106154276727,6.23938291033573,0,6892.97082244291,0,0,0,1.225
1150.12055921541,33.0649039422339,2,5,50.8934814833194,183.21653333995,6.24035631696188,0,6896.04269982684,0,0,0,1.225
1150.37055921541,33.0698146841498,2,5,50.9241286522759,183.326863148193,6.24132968535287,0,6899.11490434255,0,0,0,1.225
1150.62055921541,33.0747224722289,2,5,50.9547621637936,183.437143789657,6.24230301551506,0,6902.18743598109,0,0,0,1.225
1150.87055921541,33.0796273113357,2,5,50.9853820423022,183.547375352288,6.24327630745574,0,6905.26029473424,0,0,0,1.225
1151.12055921541,33.0845292063211,2,5,51.0159883121622,183.657557923784,6.24424956118764,0,6908.33348059812,0,0,0,1.225
1151.37055921541,33.0894281620227,2,5,51.0465809976647,183.767691591593,6.24522277671713,0,6911.4069935638,0,0,0,1.225
1151.62055921541,33.0943241832647,2,5,51.0771601230319,183.877776442915,6.24619595405238,0,6914.48083362378,0,0,0,1.225
1151.87055921541,33.0992172748578,2,5,51.107725712417,183.987812564701,6.24716909320341,0,6917.55500077203,0,0,0,1.225
1152.12055921541,33.1041074415997,2,5,51.1382777899051,184.097800043658,6.24814219417476,0,6920.62949499817,0,0,0,1.225
1152.37055921541,33.1089946882747,2,5,51.1688163795127,184.207738966246,6.24911525698008,0,6923.70431629907,0,0,0,1.225
1152.62055921541,33.113879019654,2,5,51.1993415051887,184.317629418679,6.25008828162481,0,6926.77946466508,0,0,0,1.225
1152.87055921541,33.1187604404958,2,5,51.2298531908142,184.427471486931,6.25106126811806,0,6929.85494008945,0,0,0,1.225
1153.12055921541,33.1236389555451,2,5,51.2603514602028,184.53726525673,6.25203421646711,0,6932.93074256397,0,0,0,1.225
1153.37055921541,33.1285145695338,2,5,51.2908363371013,184.647010813565,6.25300712668104,0,6936.00687208192,0,0,0,1.225
1153.62055921541,33.133387287181,2,5,51.3213078451891,184.756708242681,6.25397999876895,0,6939.08332863656,0,0,0,1.225
1153.87055921541,33.1382571131928,2,5,51.3517660080795,184.866357629086,6.25495283273995,0,6942.16011222114,0,0,0,1.225
1154.12055921541,33.1431240522626,2,5,51.3822108493191,184.975959057549,6.25592562860038,0,6945.23722282676,0,0,0,1.225
1154.37055921541,33.1479881090707,2,5,51.4126423923885,185.085512612599,6.25689838635753,0,6948.31466044523,0,0,0,1.225
1154.62055921541,33.152849288285,2,5,51.4430606607025,185.195018378529,6.25787110602414,0,6951.39242507274,0,0,0,1.225
1154.87055921541,33.1577075945603,2,5,51.4734656776103,185.304476439397,6.25884378760293,0,6954.47051669747,0,0,0,1.225
1155.12055921541,33.1625630325389,2,5,51.5038574663957,185.413886879024,6.25981643110754,0,6957.54893531635,0,0,0,1.225
1155.37055921541,33.1674156068506,2,5,51.5342360502774,185.523249780999,6.26078903654252,0,6960.62768091901,0,0,0,1.225
1155.62055921541,33.1722653221125,2,5,51.5646014524095,185.632565228674,6.26176160391606,0,6963.70675349803,0,0,0,1.225
1155.87055921541,33.1771121829291,2,5,51.5949536958811,185.741833305172,6.26273413323815,0,6966.78615304741,0,0,0,1.225
1156.12055921541,33.1819561938927,2,5,51.6252928037174,185.851054093383,6.263706624517,0,6969.86587955972,0,0,0,1.225
1156.37055921541,33.1867973595828,2,5,51.6556187988792,185.960227675965,6.26467907775987,0,6972.94593302681,0,0,0,1.225
1156.62055921541,33.1916356845669,2,5,51.6859317042637,186.069354135349,6.26565149297403,0,6976.02631344051,0,0,0,1.225
1156.87055921541,33.1964711733998,2,5,51.7162315427042,186.178433553735,6.2666238701695,0,6979.10702079486,0,0,0,1.225
1157.12055921541,33.2013038306244,2,5,51.746518336971,186.287466013096,6.26759620935263,0,6982.18805508098,0,0,0,1.225
1157.37055921541,33.206133660771,2,5,51.776792109771,186.396451595176,6.26856851053344,0,6985.26941629291,0,0,0,1.225
1157.62055921541,33.2109606683579,2,5,51.8070528837485,186.505390381494,6.26954077371829,0,6988.35110442177,0,0,0,1.225
1157.87055921541,33.2157848578912,2,5,51.8373006814848,186.614282453345,6.27051299891536,0,6991.43311946015,0,0,0,1.225
1158.12055921541,33.2206062338649,2,5,51.8675355254993,186.723127891797,6.27148518613376,0,6994.51546140137,0,0,0,1.225
1158.37055921541,33.2254248007611,2,5,51.8977574382488,186.831926777696,6.27245733538075,0,6997.59813023729,0,0,0,1.225
1158.62055921541,33.2302405630495,2,5,51.9279664421285,186.940679191662,6.27342944666361,0,7000.68112595978,0,0,0,1.225
1158.87055921541,33.2350535251883,2,5,51.9581625594717,187.049385214098,6.27440151999235,0,7003.7644485629,0,0,0,1.225
1159.12055921541,33.2398636916235,2,5,51.9883458125504,187.158044925181,6.27537355537333,0,7006.84809803778,0,0,0,1.225
1159.37055921541,33.2446710667892,2,5,52.0185162235754,187.266658404871,6.27634555281566,0,7009.93207437777,0,0,0,1.225
1159.62055921541,33.2494756551078,2,5,52.0486738146964,187.375225732907,6.27731751232568,0,7013.01637757401,0,0,0,1.225
1159.87055921541,33.2542774609899,2,5,52.0788186080024,187.483746988809,6.27828943391251,0,7016.10100761984,0,0,0,1.225
1160.12055921541,33.2590764888343,2,5,52.108950625522,187.592222251879,6.2792613175834,0,7019.18596450715,0,0,0,1.225
1160.37055921541,33.2638727430281,2,5,52.1390698892234,187.700651601204,6.28023316334657,0,7022.27124822855,0,0,0,1.225
1160.62055921541,33.2686662279468,2,5,52.1691764210148,187.809035115653,6.28120497120835,0,7025.3568587752,0,0,0,1.225
1160.87055921541,33.2734569479542,2,5,52.1992702427444,187.91737287388,6.28217674117968,0,7028.44279614192,0,0,0,1.225
1161.12055921541,33.2782449074027,2,5,52.229351376201,188.025664954324,6.28314847326601,0,7031.52906031913,0,0,0,1.225
1161.37055921541,33.2830301106329,2,5,52.259419843114,188.13391143521,6.28412016747643,0,7034.6156513002,0,0,0,1.225
1161.62055921541,33.2878125619742,2,5,52.2894756651535,188.242112394553,6.28509182381913,0,7037.70256907776,0,0,0,1.225
1161.87055921541,33.2925922657444,2,5,52.3195188639308,188.350267910151,6.28606344229865,0,7040.78981364153,0,0,0,1.225
1162.12055921541,33.29736922625,2,5,52.3495494609984,188.458378059594,6.28703502292683,0,7043.87738498706,0,0,0,1.225
1162.37055921541,33.302143447786,2,5,52.3795674778503,188.566442920261,6.2880065657082,0,7046.96528310407,0,0,0,1.225
1162.62055921541,33.3069149346362,2,5,52.4095729359224,188.67446256932,6.28897807065186,0,7050.05350798593,0,0,0,1.225
1162.87055921541,33.3116836910731,2,5,52.4395658565922,188.782437083732,6.2899495377651,0,7053.14205962456,0,0,0,1.225
1163.12055921541,33.316449721358,2,5,52.4695462611797,188.890366540247,6.29092096705699,0,7056.23093801334,0,0,0,1.225
1163.37055921541,33.321213029741,2,5,52.4995141709471,188.998251015409,6.29189235853391,0,7059.32014314345,0,0,0,1.225
1163.62055921541,33.325973620461,2,5,52.5294696070992,189.106090585557,6.29286371220405,0,7062.40967500756,0,0,0,1.225
1163.87055921541,33.3307314977458,2,5,52.5594125907836,189.213885326821,6.29383502807377,0,7065.49953359686,0,0,0,1.225
1164.12055921541,33.3354866658123,2,5,52.5893431430911,189.321635315128,6.29480630615126,0,7068.58971890402,0,0,0,1.225
1164.37055921541,33.340239128866,2,5,52.6192612850554,189.429340626199,6.29577754644561,0,7071.68023092241,0,0,0,1.225
1164.62055921541,33.3449888911019,2,5,52.6491670376539,189.537001335554,6.29674874896318,0,7074.77106964325,0,0,0,1.225
1164.87055921541,33.3497359567037,2,5,52.6790604218076,189.644617518507,6.29771991371126,0,7077.86223505848,0,0,0,1.225
1165.12055921541,33.3544803298444,2,5,52.7089414583812,189.752189250172,6.29869104069621,0,7080.95372715932,0,0,0,1.225
1165.37055921541,33.3592220146859,2,5,52.7388101681836,189.859716605461,6.29966212992986,0,7084.04554594133,0,0,0,1.225
1165.62055921541,33.3639610153795,2,5,52.7686665719681,189.967199659085,6.30063318141492,0,7087.13769139285,0,0,0,1.225
1165.87055921541,33.3686973360656,2,5,52.7985106904323,190.074638485556,6.30160419516142,0,7090.23016350799,0,0,0,1.225
1166.12055921541,33.373430980874,2,5,52.8283425442184,190.182033159186,6.30257517117661,0,7093.32296227871,0,0,0,1.225
1166.37055921541,33.3781619539236,2,5,52.8581621539137,190.289383754089,6.30354610946779,0,7096.41608769697,0,0,0,1.225
1166.62055921541,33.3828902593227,2,5,52.8879695400505,190.396690344182,6.30451701004131,0,7099.50953975399,0,0,0,1.225
1166.87055921541,33.3876159011691,2,5,52.9177647231065,190.503953003183,6.30548787290627,0,7102.6033184432,0,0,0,1.225
1167.12055921541,33.3923388835498,2,5,52.9475477235046,190.611171804616,6.30645869806904,0,7105.69742375583,0,0,0,1.225
1167.37055921541,33.3970592105414,2,5,52.9773185616137,190.718346821809,6.3074294855378,0,7108.79185568458,0,0,0,1.225
1167.62055921541,33.40177688621,2,5,53.0070772577484,190.825478127894,6.308400235318,0,7111.88661421995,0,0,0,1.225
1167.87055921541,33.406491914611,2,5,53.0368238321696,190.932565795811,6.30937094741967,0,7114.98169935611,0,0,0,1.225
1168.12055921541,33.4112042997896,2,5,53.0665583050843,191.039609898303,6.31034162184733,0,7118.07711108284,0,0,0,1.225
1168.37055921541,33.4159140457806,2,5,53.096280696646,191.146610507926,6.311312258611,0,7121.17284939431,0,0,0,1.225
1168.62055921541,33.4206211566084,2,5,53.125991026955,191.253567697038,6.31228285771704,0,7124.26891428177,0,0,0,1.225
1168.87055921541,33.4253256362869,2,5,53.1556893160585,191.36048153781,6.31325341917272,0,7127.3653057372,0,0,0,1.225
1169.12055921541,33.4300274888199,2,5,53.1853755839504,191.467352102222,6.31422394298352,0,7130.46202375113,0,0,0,1.225
1169.37055921541,33.4347267182009,2,5,53.2150498505724,191.574179462061,6.31519442915942,0,7133.55906831773,0,0,0,1.225
1169.62055921541,33.4394233284133,2,5,53.2447121358133,191.680963688928,6.3161648777068,0,7136.65643942827,0,0,0,1.225
1169.87055921541,33.4441173234301,2,5,53.2743624595096,191.787704854235,6.31713528863293,0,7139.75413707474,0,0,0,1.225
1170.12055921541,33.4488087072143,2,5,53.3040008414458,191.894403029205,6.31810566194326,0,7142.85216124768,0,0,0,1.225
1170.37055921541,33.4534974837189,2,5,53.3336273013541,192.001058284875,6.31907599764691,0,7145.95051194054,0,0,0,1.225
1170.62055921541,33.4581836568865,2,5,53.3632418589154,192.107670692095,6.32004629575113,0,7149.04918914533,0,0,0,1.225
1170.87055921541,33.46286723065,2,5,53.3928445337585,192.21424032153,6.32101655626138,0,7152.14819285259,0,0,0,1.225
1171.12055921541,33.4675482089321,2,5,53.422435345461,192.32076724366,6.32198677918677,0,7155.24752305579,0,0,0,1.225
1171.37055921541,33.4722265956457,2,5,53.4520143135494,192.427251528778,6.32295696453366,0,7158.34717974621,0,0,0,1.225
1171.62055921541,33.4769023946937,2,5,53.481581457499,192.533693246997,6.32392711230841,0,7161.44716291513,0,0,0,1.225
1171.87055921541,33.481575609969,2,5,53.5111367967343,192.640092468243,6.32489722251739,0,7164.54747255384,0,0,0,1.225
1172.12055921541,33.4862462453549,2,5,53.540680350629,192.746449262264,6.32586729517152,0,7167.64810865727,0,0,0,1.225
1172.37055921541,33.4909143047246,2,5,53.5702121385065,192.852763698624,6.32683733027352,0,7170.74907121379,0,0,0,1.225
1172.62055921541,33.4955797919418,2,5,53.5997321796399,192.959035846704,6.32780732783249,0,7173.85036021689,0,0,0,1.225
1172.87055921541,33.5002427108601,2,5,53.6292404932518,193.065265775707,6.32877728785661,0,7176.95197565932,0,0,0,1.225
1173.12055921541,33.5049030653238,2,5,53.6587370985154,193.171453554655,6.32974721035043,0,7180.05391753093,0,0,0,1.225
1173.37055921541,33.5095608591671,2,5,53.6882220145537,193.277599252393,6.33071709532123,0,7183.15618582374,0,0,0,1.225
1173.62055921541,33.514216096215,2,5,53.7176952604404,193.383702937585,6.33168694277629,0,7186.25878052978,0,0,0,1.225
1173.87055921541,33.5188687802824,2,5,53.7471568551994,193.489764678718,6.33265675272469,0,7189.36170164255,0,0,0,1.225
1174.12055921541,33.523518915175,2,5,53.7766068178059,193.595784544101,6.33362652517098,0,7192.4649491519,0,0,0,1.225
1174.37055921541,33.5281665046889,2,5,53.8060451671855,193.701762601868,6.33459626012336,0,7195.5685230506,0,0,0,1.225
1174.62055921541,33.5328115526104,2,5,53.8354719222153,193.807698919975,6.33556595758637,0,7198.67242332851,0,0,0,1.225
1174.87055921541,33.5374540627168,2,5,53.8648871017236,193.913593566205,6.33653561757001,0,7201.77664997985,0,0,0,1.225
1175.12055921541,33.5420940387755,2,5,53.8942907244899,194.019446608164,6.33750524007974,0,7204.88120299523,0,0,0,1.225
1175.37055921541,33.5467314845447,2,5,53.9236828092457,194.125258113285,6.33847482512283,0,7207.98608236669,0,0,0,1.225
1175.62055921541,33.5513664037733,2,5,53.9530633746741,194.231028148827,6.33944437270566,0,7211.09128808555,0,0,0,1.225
1175.87055921541,33.5559988002008,2,5,53.9824324394101,194.336756781877,6.34041388283367,0,7214.19682014242,0,0,0,1.225
1176.12055921541,33.5606286775572,2,5,54.0117900220412,194.442444079348,6.34138335551688,0,7217.30267853153,0,0,0,1.225
1176.37055921541,33.5652560395634,2,5,54.0411361411068,194.548090107984,6.34235279075983,0,7220.40886324277,0,0,0,1.225
1176.62055921541,33.5698808899311,2,5,54.070470815099,194.653694934356,6.3433221885698,0,7223.5153742682,0,0,0,1.225
1176.87055921541,33.5745032323627,2,5,54.0997940624625,194.759258624865,6.34429154895315,0,7226.62221159915,0,0,0,1.225
1177.12055921541,33.5791230705513,2,5,54.1291059015948,194.864781245741,6.34526087191716,0,7229.72937522769,0,0,0,1.225
1177.37055921541,33.5837404081812,2,5,54.1584063508465,194.970262863048,6.3462301574682,0,7232.83686514517,0,0,0,1.225
1177.62055921541,33.5883552489272,2,5,54.1876954285213,195.075703542677,6.34719940561445,0,7235.94468134438,0,0,0,1.225
1177.87055921541,33.5929675964552,2,5,54.216973152876,195.181103350354,6.34816861636045,0,7239.05282381523,0,0,0,1.225
1178.12055921541,33.597577454422,2,5,54.2462395421212,195.286462351636,6.34913778971531,0,7242.16129255123,0,0,0,1.225
1178.37055921541,33.6021848264754,2,5,54.275494614421,195.391780611916,6.35010692568267,0,7245.27008754157,0,0,0,1.225
1178.62055921541,33.6067897162543,2,5,54.3047383878933,195.497058196416,6.3510760242707,0,7248.37920877905,0,0,0,1.225
1178.87055921541,33.6113921273884,2,5,54.33397088061,195.602295170196,6.35204508548668,0,7251.48865625575,0,0,0,1.225
1179.12055921541,33.6159920634986,2,5,54.363192110597,195.707491598149,6.35301410933607,0,7254.59842996231,0,0,0,1.225
1179.37055921541,33.6205895281971,2,5,54.3924020958348,195.812647545005,6.35398309582615,0,7257.70852989083,0,0,0,1.225
1179.62055921541,33.6251845250868,2,5,54.4216008542579,195.917763075329,6.35495204496237,0,7260.81895603192,0,0,0,1.225
1179.87055921541,33.6297770577621,2,5,54.4507884037559,196.022838253521,6.35592095675383,0,7263.92970837916,0,0,0,1.225
1180.12055921541,33.6343671298085,2,5,54.4799647621728,196.127873143822,6.35688983120508,0,7267.04078692244,0,0,0,1.225
1180.37055921541,33.6389547448028,2,5,54.5091299473076,196.232867810307,6.35785866832157,0,7270.15219165242,0,0,0,1.225
1180.62055921541,33.6435399063128,2,5,54.5382839769146,196.337822316892,6.35882746811239,0,7273.26392256265,0,0,0,1.225
1180.87055921541,33.6481226178978,2,5,54.567426868703,196.442736727331,6.35979623058392,0,7276.37597964451,0,0,0,1.225
1181.12055921541,33.6527028831085,2,5,54.5965586403377,196.547611105216,6.36076495574162,0,7279.48836288865,0,0,0,1.225
1181.37055921541,33.6572807054866,2,5,54.625679309439,196.65244551398,6.36173364359183,0,7282.60107228645,0,0,0,1.225
1181.62055921541,33.6618560885655,2,5,54.6547888935828,196.757240016898,6.36270229414004,0,7285.71410782857,0,0,0,1.225
1181.87055921541,33.6664290358698,2,5,54.6838874103011,196.861994677084,6.36367090739532,0,7288.82746950858,0,0,0,1.225
1182.12055921541,33.6709995509157,2,5,54.7129748770817,196.966709557494,6.36463948336132,0,7291.94115731568,0,0,0,1.225
1182.37055921541,33.6755676372107,2,5,54.7420513113687,197.071384720927,6.36560802204804,0,7295.05517124417,0,0,0,1.225
1182.62055921541,33.6801332982539,2,5,54.7711167305625,197.176020230025,6.3665765234573,0,7298.16951128182,0,0,0,1.225
1182.87055921541,33.6846965375359,2,5,54.8001711520198,197.280616147271,6.36754498760001,0,7301.28417742365,0,0,0,1.225
1183.12055921541,33.6892573585388,2,5,54.8292145930542,197.385172534995,6.368513414478,0,7304.39916965742,0,0,0,1.225
1183.37055921541,33.6938157647362,2,5,54.8582470709357,197.489689455369,6.36948180410218,0,7307.51448797818,0,0,0,1.225
1183.62055921541,33.6983717595935,2,5,54.8872686028916,197.59416697041,6.37045015647527,0,7310.63013237441,0,0,0,1.225
1183.87055921541,33.7029253465677,2,5,54.916279206106,197.698605141982,6.37141847160547,0,7313.74610283897,0,0,0,1.225
1184.12055921541,33.7074765291073,2,5,54.9452788977203,197.803004031793,6.37238674949822,0,7316.86239936255,0,0,0,1.225
1184.37055921541,33.7120253106526,2,5,54.9742676948332,197.9073637014,6.37335499016081,0,7319.97902193729,0,0,0,1.225
1184.62055921541,33.7165716946356,2,5,55.003245614501,198.011684212204,6.37432319359777,0,7323.09597055313,0,0,0,1.225
1184.87055921541,33.7211156844801,2,5,55.0322126737375,198.115965625455,6.37529135981822,0,7326.21324520367,0,0,0,1.225
1185.12055921541,33.7256572836016,2,5,55.0611688895145,198.220208002252,6.37625948882578,0,7329.33084587816,0,0,0,1.225
1185.37055921541,33.7301964954075,2,5,55.0901142787615,198.324411403541,6.37722758062773,0,7332.44877256873,0,0,0,1.225
1185.62055921541,33.7347333232968,2,5,55.1190488583663,198.428575890119,6.37819563522862,0,7335.56702526536,0,0,0,1.225
1185.87055921541,33.7392677706607,2,5,55.1479726451747,198.532701522629,6.37916365263754,0,7338.68560396164,0,0,0,1.225
1186.12055921541,33.7437998408819,2,5,55.176885655991,198.636788361568,6.38013163285996,0,7341.80450864828,0,0,0,1.225
1186.37055921541,33.7483295373354,2,5,55.2057879075781,198.740836467281,6.38109957590132,0,7344.92373931598,0,0,0,1.225
1186.62055921541,33.7528568633878,2,5,55.2346794166574,198.844845899967,6.38206748176708,0,7348.04329595544,0,0,0,1.225
1186.87055921541,33.7573818223979,2,5,55.2635601999091,198.948816719673,6.38303535046271,0,7351.16317855736,0,0,0,1.225
1187.12055921541,33.7619044177164,2,5,55.2924302739723,199.0527489863,6.3840031819982,0,7354.28338711609,0,0,0,1.225
1187.37055921541,33.766424652686,2,5,55.3212896554453,199.156642759603,6.38497097637537,0,7357.40392161943,0,0,0,1.225
1187.62055921541,33.7709425306415,2,5,55.3501383608856,199.260498099188,6.38593873360242,0,7360.52478206028,0,0,0,1.225
1187.87055921541,33.7754580549098,2,5,55.3789764068098,199.364315064515,6.3869064536857,0,7363.64596843007,0,0,0,1.225
1188.12055921541,33.7799712288097,2,5,55.4078038096943,199.4680937149,6.38787413663067,0,7366.76748071952,0,0,0,1.225
1188.37055921541,33.7844820556523,2,5,55.436620585975,199.57183410951,6.38884178244462,0,7369.8893189208,0,0,0,1.225
1188.62055921541,33.788990538741,2,5,55.4654267520474,199.675536307371,6.38980939113026,0,7373.01148302246,0,0,0,1.225
1188.87055921541,33.7934966813709,2,5,55.4942223242672,199.779200367362,6.39077696269669,0,7376.13397301812,0,0,0,1.225
1189.12055921541,33.7980004868299,2,5,55.5230073189498,199.882826348219,6.39174449714847,0,7379.25678889779,0,0,0,1.225
1189.37055921541,33.8025019583977,2,5,55.5517817523711,199.986414308536,6.39271199449286,0,7382.37993065364,0,0,0,1.225
1189.62055921541,33.8070010993464,2,5,55.5805456407669,200.089964306761,6.39367945473441,0,7385.50339827568,0,0,0,1.225
1189.87055921541,33.8114979129403,2,5,55.6092990003338,200.193476401202,6.3946468778795,0,7388.62719175536,0,0,0,1.225
1190.12055921541,33.8159924024362,2,5,55.6380418472288,200.296950650024,6.39561426393448,0,7391.75131108416,0,0,0,1.225
1190.37055921541,33.8204845710831,2,5,55.6667741975695,200.40038711125,6.3965816129039,0,7394.87575625207,0,0,0,1.225
1190.62055921541,33.8249744221222,2,5,55.6954960674345,200.503785842764,6.39754892479687,0,7398.00052725274,0,0,0,1.225
1190.87055921541,33.8294619587875,2,5,55.7242074728633,200.607146902308,6.39851619961519,0,7401.12562407401,0,0,0,1.225
1191.12055921541,33.833947184305,2,5,55.7529084298565,200.710470347483,6.39948343736796,0,7404.25104670952,0,0,0,1.225
1191.37055921541,33.8384301018933,2,5,55.7815989543758,200.813756235753,6.40045063805974,0,7407.3767951493,0,0,0,1.225
1191.62055921541,33.8429107147636,2,5,55.8102790623444,200.91700462444,6.40141780169688,0,7410.50286938482,0,0,0,1.225
1191.87055921541,33.8473890261192,2,5,55.8389487696469,201.020215570729,6.40238492828303,0,7413.62926940538,0,0,0,1.225
1192.12055921541,33.8518650391563,2,5,55.8676080921296,201.123389131667,6.40335201782727,0,7416.75599520462,0,0,0,1.225
1192.37055921541,33.8563387570635,2,5,55.8962570456003,201.226525364161,6.40431907033417,0,7419.88304677259,0,0,0,1.225
1192.62055921541,33.8608101830218,2,5,55.924895645829,201.329624324984,6.40528608580917,0,7423.01042410003,0,0,0,1.225
1192.87055921541,33.865279320205,2,5,55.9535239085473,201.43268607077,6.40625306425682,0,7426.13812717697,0,0,0,1.225
1193.12055921541,33.8697461717794,2,5,55.9821418494493,201.535710658017,6.4072200056853,0,7429.26615599636,0,0,0,1.225
1193.37055921541,33.874210740904,2,5,56.0107494841911,201.638698143088,6.40818691009918,0,7432.39451054823,0,0,0,1.225
1193.62055921541,33.8786730307303,2,5,56.0393468283911,201.741648582208,6.4091537775048,0,7435.52319082408,0,0,0,1.225
1193.87055921541,33.8831330444026,2,5,56.0679338976305,201.84456203147,6.41012060790672,0,7438.65219681394,0,0,0,1.225
1194.12055921541,33.887590785058,2,5,56.0965107074528,201.94743854683,6.41108740131131,0,7441.7815285093,0,0,0,1.225
1194.37055921541,33.8920462558261,2,5,56.1250772733644,202.050278184112,6.41205415772492,0,7444.91118590167,0,0,0,1.225
1194.62055921541,33.8964994598294,2,5,56.1536336108345,202.153080999004,6.41302087715121,0,7448.04116898035,0,0,0,1.225
1194.87055921541,33.9009504001831,2,5,56.1821797352954,202.255847047063,6.41398755959926,0,7451.17147773905,0,0,0,1.225
1195.12055921541,33.9053990799952,2,5,56.2107156621422,202.358576383712,6.4149542050709,0,7454.30211216562,0,0,0,1.225
1195.37055921541,33.9098455023666,2,5,56.2392414067336,202.461269064241,6.41592081357339,0,7457.43307225229,0,0,0,1.225
1195.62055921541,33.9142896703911,2,5,56.2677569843915,202.563925143809,6.41688738511311,0,7460.56435799057,0,0,0,1.225
1195.87055921541,33.918731587155,2,5,56.2962624104011,202.666544677444,6.41785391969461,0,7463.69596937053,0,0,0,1.225
1196.12055921541,33.9231712557379,2,5,56.3247577000114,202.769127720041,6.41882041732333,0,7466.82790638293,0,0,0,1.225
1196.37055921541,33.9276086792122,2,5,56.353242868435,202.871674326366,6.41978687800747,0,7469.96016902076,0,0,0,1.225
1196.62055921541,33.9320438606431,2,5,56.3817179308485,202.974184551055,6.42075330174885,0,7473.09275727189,0,0,0,1.225
1196.87055921541,33.936476803089,2,5,56.4101829023922,203.076658448612,6.42171968855564,0,7476.2256711293,0,0,0,1.225
1197.12055921541,33.9409075096009,2,5,56.4386377981705,203.179096073414,6.42268603843149,0,7479.35891058231,0,0,0,1.225
1197.37055921541,33.9453359832232,2,5,56.4670826332522,203.281497479708,6.42365235138277,0,7482.49247562246,0,0,0,1.225
1197.62055921541,33.9497622269931,2,5,56.4955174226702,203.383862721613,6.42461862741493,0,7485.62636624054,0,0,0,1.225
1197.87055921541,33.954186243941,2,5,56.5239421814219,203.486191853119,6.42558486653434,0,7488.76058242808,0,0,0,1.225
1198.12055921541,33.9586080370902,2,5,56.5523569244691,203.588484928089,6.42655106874463,0,7491.89512417442,0,0,0,1.225
1198.37055921541,33.9630276094572,2,5,56.5807616667383,203.690742000258,6.42751723405308,0,7495.02999147183,0,0,0,1.225
1198.62055921541,33.9674449640516,2,5,56.6091564231209,203.792963123235,6.42848336246334,0,7498.16518430964,0,0,0,1.225
1198.87055921541,33.9718601038761,2,5,56.6375412084731,203.895148350503,6.42944945398267,0,7501.30070268013,0,0,0,1.225
1199.12055921541,33.9762730319266,2,5,56.6659160376159,203.997297735417,6.43041550861653,0,7504.4365465741,0,0,0,1.225
1199.37055921541,33.9806837511922,2,5,56.6942809253357,204.099411331208,6.43138152636857,0,7507.5727159809,0,0,0,1.225
1199.62055921541,33.9850922646552,2,5,56.7226358863839,204.201489190982,6.43234750724423,0,7510.70921089136,0,0,0,1.225
1199.87055921541,33.9894985752911,2,5,56.7509809354773,204.303531367718,6.4333134512508,0,7513.84603129773,0,0,0,1.225
1200.12055921541,33.9939026860685,2,5,56.7793160872982,204.405537914273,6.4342793583919,0,7516.98317718939,0,0,0,1.225
1200.37055921541,33.9983045999495,2,5,56.8076413564943,204.50750888338,6.43524522867301,0,7520.12064855715,0,0,0,1.225
1200.62055921541,34.0027043198895,2,5,56.8359567576792,204.609444327645,6.43621106210139,0,7523.25844539329,0,0,0,1.225
1200.87055921541,34.0071018488371,2,5,56.864262305432,204.711344299555,6.43717685868069,0,7526.39656768716,0,0,0,1.225
1201.12055921541,34.0114971897341,2,5,56.8925580142979,204.813208851472,6.43814261841635,0,7529.53501542961,0,0,0,1.225
1201.37055921541,34.0158903455158,2,5,56.9208438987879,204.915038035636,6.43910834131293,0,7532.67378861073,0,0,0,1.225
1201.62055921541,34.0202813191111,2,5,56.9491199733793,205.016831904166,6.4400740273768,0,7535.81288722207,0,0,0,1.225
1201.87055921541,34.0246701134419,2,5,56.9773862525156,205.118590509056,6.44103967661431,0,7538.95231125519,0,0,0,1.225
1202.12055921541,34.0290567314237,2,5,57.0056427506064,205.220313902183,6.44200528902729,0,7542.09206069801,0,0,0,1.225
1202.37055921541,34.0334411759654,2,5,57.0338894820279,205.3220021353,6.44297086462484,0,7545.23213554428,0,0,0,1.225
1202.62055921541,34.0378234499695,2,5,57.0621264611229,205.423655260042,6.44393640340877,0,7548.37253578192,0,0,0,1.225
1202.87055921541,34.0422035563317,2,5,57.0903537022007,205.525273327922,6.44490190538727,0,7551.51326140396,0,0,0,1.225
1203.12055921541,34.0465814979416,2,5,57.1185712195374,205.626856390335,6.44586737056397,0,7554.65431239979,0,0,0,1.225
1203.37055921541,34.0509572776818,2,5,57.146779027376,205.728404498554,6.44683279894343,0,7557.7956887595,0,0,0,1.225
1203.62055921541,34.0553308984289,2,5,57.1749771399265,205.829917703735,6.44779819053201,0,7560.93739047468,0,0,0,1.225
1203.87055921541,34.0597023630528,2,5,57.2031655713657,205.931396056917,6.44876354533517,0,7564.07941753617,0,0,0,1.225
1204.12055921541,34.0640716744171,2,5,57.231344335838,206.032839609017,6.44972886335654,0,7567.22176993337,0,0,0,1.225
1204.37055921541,34.068438835379,2,5,57.2595134474547,206.134248410837,6.45069414460249,0,7570.36444765784,0,0,0,1.225
1204.62055921541,34.0728038487892,2,5,57.2876729202947,206.235622513061,6.45165938907667,0,7573.50745069899,0,0,0,1.225
1204.87055921541,34.0771667174922,2,5,57.3158227684043,206.336961966255,6.45262459678634,0,7576.65077904913,0,0,0,1.225
1205.12055921541,34.081527444326,2,5,57.3439630057974,206.438266820871,6.45358976773423,0,7579.79443269692,0,0,0,1.225
1205.37055921541,34.0858860321225,2,5,57.3720936464556,206.53953712724,6.45455490192762,0,7582.93841163469,0,0,0,1.225
1205.62055921541,34.0902424837071,2,5,57.4002147043284,206.640772935582,6.45551999936924,0,7586.0827158511,0,0,0,1.225
1205.87055921541,34.0945968018989,2,5,57.428326193333,206.741974295999,6.45648506006637,0,7589.22734533847,0,0,0,1.225
1206.12055921541,34.098948989511,2,5,57.4564281273547,206.843141258477,6.45745008402264,0,7592.37230008621,0,0,0,1.225
1206.37055921541,34.10329904935,2,5,57.484520520247,206.944273872889,6.45841507124351,0,7595.51758008519,0,0,0,1.225
1206.62055921541,34.1076469842163,2,5,57.5126033858314,207.045372188993,6.45938002173443,0,7598.66318532626,0,0,0,1.225
1206.87055921541,34.1119927969043,2,5,57.5406767378978,207.146436256432,6.46034493549996,0,7601.80911579958,0,0,0,1.225
1207.12055921541,34.116336490202,2,5,57.5687405902045,207.247466124736,6.46130981254373,0,7604.95537149455,0,0,0,1.225
1207.37055921541,34.1206780668914,2,5,57.5967949564784,207.348461843322,6.46227465287393,0,7608.10195240423,0,0,0,1.225
1207.62055921541,34.1250175297481,2,5,57.6248398504148,207.449423461493,6.46323945649146,0,7611.24885851585,0,0,0,1.225
1207.87055921541,34.129354881542,2,5,57.6528752856779,207.55035102844,6.46420422340452,0,7614.39608982248,0,0,0,1.225
1208.12055921541,34.1336901250365,2,5,57.6809012759006,207.651244593242,6.46516895361674,0,7617.54364631353,0,0,0,1.225
1208.37055921541,34.1380232629891,2,5,57.7089178346846,207.752104204864,6.46613364713357,0,7620.69152797988,0,0,0,1.225
1208.62055921541,34.1423542981511,2,5,57.7369249756007,207.852929912163,6.46709830395866,0,7623.83973481097,0,0,0,1.225
1208.87055921541,34.146683233268,2,5,57.7649227121889,207.95372176388,6.46806292409838,0,7626.98826679839,0,0,0,1.225
1209.12055921541,34.151010071079,2,5,57.7929110579583,208.05447980865,6.46902750755635,0,7630.13712393159,0,0,0,1.225
1209.37055921541,34.1553348143174,2,5,57.8208900263871,208.155204094993,6.46999205433804,0,7633.28630620144,0,0,0,1.225
1209.62055921541,34.1596574657106,2,5,57.8488596309231,208.255894671323,6.4709565644489,0,7636.43581359883,0,0,0,1.225
1209.87055921541,34.1639780279799,2,5,57.8768198849836,208.356551585941,6.47192103789257,0,7639.5856461132,0,0,0,1.225
1210.12055921541,34.1682965038406,2,5,57.9047708019553,208.457174887039,6.47288547467269,0,7642.73580373398,0,0,0,1.225
1210.37055921541,34.1726128960022,2,5,57.9327123951946,208.557764622701,6.47384987479836,0,7645.88628645498,0,0,0,1.225
1210.62055921541,34.1769272071682,2,5,57.9606446780279,208.658320840901,6.47481423826957,0,7649.03709426272,0,0,0,1.225
1210.87055921541,34.1812394400362,2,5,57.9885676637512,208.758843589504,6.47577856509452,0,7652.1882271503,0,0,0,1.225
1211.12055921541,34.185549597298,2,5,58.0164813656304,208.859332916269,6.47674285527683,0,7655.33968510714,0,0,0,1.225
1211.37055921541,34.1898576816394,2,5,58.0443857969017,208.959788868846,6.47770710882014,0,7658.49146812269,0,0,0,1.225
1211.62055921541,34.1941636957405,2,5,58.0722809707713,209.060211494777,6.47867132572992,0,7661.64357618786,0,0,0,1.225
1211.87055921541,34.1984676422754,2,5,58.1001669004155,209.160600841496,6.47963550601253,0,7664.79600929428,0,0,0,1.225
1212.12055921541,34.2027695239125,2,5,58.1280435989812,209.260956956332,6.48059964966978,0,7667.94876742995,0,0,0,1.225
1212.37055921541,34.2070693433144,2,5,58.1559110795855,209.361279886508,6.48156375670897,0,7671.10185058721,0,0,0,1.225
1212.62055921541,34.2113671031379,2,5,58.183769355316,209.461569679138,6.4825278271328,0,7674.25525875481,0,0,0,1.225
1212.87055921541,34.215662806034,2,5,58.2116184392311,209.561826381232,6.48349186094583,0,7677.40899192292,0,0,0,1.225
1213.12055921541,34.2199564546481,2,5,58.2394583443597,209.662050039695,6.48445585815534,0,7680.56305008391,0,0,0,1.225
1213.37055921541,34.2242480516198,2,5,58.2672890837015,209.762240701325,6.48541981876315,0,7683.71743322579,0,0,0,1.225
1213.62055921541,34.2285375995828,2,5,58.2951106702271,209.862398412817,6.48638374277471,0,7686.87214133947,0,0,0,1.225
1213.87055921541,34.2328251011655,2,5,58.322923116878,209.962523220761,6.48734763019638,0,7690.02717441659,0,0,0,1.225
1214.12055921541,34.2371105589903,2,5,58.3507264365669,210.062615171641,6.48831148103091,0,7693.1825324459,0,0,0,1.225
1214.37055921541,34.2413939756741,2,5,58.3785206421775,210.162674311839,6.48927529528191,0,7696.33821541686,0,0,0,1.225
1214.62055921541,34.245675353828,2,5,58.4063057465648,210.262700687633,6.49023907295486,0,7699.49422332038,0,0,0,1.225
1214.87055921541,34.2499546960578,2,5,58.434081762555,210.362694345198,6.49120281405612,0,7702.65055614813,0,0,0,1.225
1215.12055921541,34.2542320049634,2,5,58.4618487029458,210.462655330605,6.49216651858933,0,7705.80721388956,0,0,0,1.225
1215.37055921541,34.2585072831392,2,5,58.4896065805063,210.562583689823,6.49313018655812,0,7708.96419653417,0,0,0,1.225
1215.62055921541,34.2627805331741,2,5,58.5173554079774,210.662479468719,6.49409381796613,0,7712.12150407141,0,0,0,1.225
1215.87055921541,34.2670517576514,2,5,58.5450951980714,210.762342713057,6.49505741281973,0,7715.27913649295,0,0,0,1.225
1216.12055921541,34.2713209591487,2,5,58.5728259634724,210.862173468501,6.49602097112347,0,7718.43709378899,0,0,0,1.225
1216.37055921541,34.2755881402384,2,5,58.6005477168364,210.961971780611,6.49698449288098,0,7721.59537594901,0,0,0,1.225
1216.62055921541,34.2798533034872,2,5,58.6282604707915,211.061737694849,6.49794797809591,0,7724.75398296249,0,0,0,1.225
1216.87055921541,34.2841164514564,2,5,58.6559642379374,211.161471256575,6.49891142677461,0,7727.9129148211,0,0,0,1.225
1217.12055921541,34.2883775867016,2,5,58.6836590308461,211.261172511046,6.49987483892073,0,7731.07217151431,0,0,0,1.225
1217.37055921541,34.2926367117733,2,5,58.711344862062,211.360841503423,6.500838214537,0,7734.2317530309,0,0,0,1.225
1217.62055921541,34.2968938292163,2,5,58.7390217441014,211.460478278765,6.50180155363068,0,7737.39165936325,0,0,0,1.225
1217.87055921541,34.30114894157,2,5,58.7666896894531,211.560082882031,6.50276485620634,0,7740.55189050158,0,0,0,1.225
1218.12055921541,34.3054020513687,2,5,58.7943487105784,211.659655358082,6.50372812226396,0,7743.71244643248,0,0,0,1.225
1218.37055921541,34.3096531611408,2,5,58.821998819911,211.75919575168,6.50469135181356,0,7746.87332715052,0,0,0,1.225
1218.62055921541,34.3139022734098,2,5,58.8496400298573,211.858704107486,6.50565454485604,0,7750.03453264301,0,0,0,1.225
1218.87055921541,34.3181493906935,2,5,58.8772723527962,211.958180470066,6.50661770139595,0,7753.19606290019,0,0,0,1.225
1219.12055921541,34.3223945155047,2,5,58.9048958010797,212.057624883887,6.50758082143784,0,7756.35791791227,0,0,0,1.225
1219.37055921541,34.3266376503505,2,5,58.9325103870322,212.157037393316,6.50854390498625,0,7759.52009766948,0,0,0,1.225
1219.62055921541,34.3308787977329,2,5,58.9601161229514,212.256418042625,6.50950695204665,0,7762.68260216278,0,0,0,1.225
1219.87055921541,34.3351179601487,2,5,58.9877130211079,212.355766875988,6.51046996262266,0,7765.84543138166,0,0,0,1.225
1220.12055921541,34.3393551400891,2,5,59.0153010937453,212.455083937483,6.51143293671703,0,7769.0085853149,0,0,0,1.225
1220.37055921541,34.3435903400405,2,5,59.0428803530805,212.55436927109,6.51239587433702,0,7772.17206395493,0,0,0,1.225
1220.62055921541,34.3478235624836,2,5,59.0704508113036,212.653622920693,6.51335877548354,0,7775.33586728905,0,0,0,1.225
1220.87055921541,34.3520548098941,2,5,59.098012480578,212.752844930081,6.51432164016296,0,7778.49999530896,0,0,0,1.225
1221.12055921541,34.3562840847425,2,5,59.1255653730405,212.852035342946,6.51528446837801,0,7781.66444800345,0,0,0,1.225
1221.37055921541,34.3605113894941,2,5,59.1531095008015,212.951194202885,6.51624726013415,0,7784.82922536347,0,0,0,1.225
1221.62055921541,34.3647367266088,2,5,59.1806448759449,213.050321553402,6.51721001543683,0,7787.99432738,0,0,0,1.225
1221.87055921541,34.3689600985417,2,5,59.2081715105283,213.149417437902,6.51817273428787,0,7791.1597540411,0,0,0,1.225
1222.12055921541,34.3731815077424,2,5,59.235689416583,213.248481899699,6.51913541669182,0,7794.325505337,0,0,0,1.225
1222.37055921541,34.3774009566556,2,5,59.263198606114,213.347514982011,6.52009806265232,0,7797.49158125723,0,0,0,1.225
1222.62055921541,34.3816184477208,2,5,59.2906990911005,213.446516727962,6.52106067217574,0,7800.65798179349,0,0,0,1.225
1222.87055921541,34.3858339833724,2,5,59.3181908834953,213.545487180583,6.5220232452657,0,7803.82470693529,0,0,0,1.225
1223.12055921541,34.3900475660395,2,5,59.3456739952255,213.644426382812,6.52298578192585,0,7806.99175667216,0,0,0,1.225
1223.37055921541,34.3942591981465,2,5,59.3731484381922,213.743334377492,6.52394828215802,0,7810.15913099216,0,0,0,1.225
1223.62055921541,34.3984688821126,2,5,59.4006142242707,213.842211207375,6.52491074596946,0,7813.32682988774,0,0,0,1.225
1223.87055921541,34.4026766203517,2,5,59.4280713653107,213.941056915119,6.52587317336383,0,7816.49485334841,0,0,0,1.225
1224.12055921541,34.406882415273,2,5,59.4555198731362,214.03987154329,6.52683556434386,0,7819.66320136298,0,0,0,1.225
1224.37055921541,34.4110862692805,2,5,59.4829597595455,214.138655134364,6.52779791891498,0,7822.83187392243,0,0,0,1.225
1224.62055921541,34.4152881847733,2,5,59.5103910363115,214.237407730722,6.52876023708177,0,7826.00087101703,0,0,0,1.225
1224.87055921541,34.4194881641454,2,5,59.5378137151818,214.336129374654,6.52972251884512,0,7829.17019263411,0,0,0,1.225
1225.12055921541,34.4236862097859,2,5,59.5652278078784,214.434820108362,6.53068476421231,0,7832.33983876612,0,0,0,1.225
1225.37055921541,34.427882324079,2,5,59.5926333260983,214.533479973954,6.53164697318516,0,7835.50980940115,0,0,0,1.225
1225.62055921541,34.4320765094038,2,5,59.6200302815131,214.632109013447,6.53260914576822,0,7838.68010452945,0,0,0,1.225
1225.87055921541,34.4362687681345,2,5,59.6474186857694,214.73070726877,6.53357128196694,0,7841.85072414203,0,0,0,1.225
1226.12055921541,34.4404591026406,2,5,59.6747985504888,214.82927478176,6.53453338178406,0,7845.02166822769,0,0,0,1.225
1226.37055921541,34.4446475152864,2,5,59.7021698872676,214.927811594163,6.53549544522411,0,7848.19293677669,0,0,0,1.225
1226.62055921541,34.4488340084314,2,5,59.7295327076777,215.02631774764,6.53645747229075,0,7851.3645297786,0,0,0,1.225
1226.87055921541,34.4530185844304,2,5,59.7568870232659,215.124793283757,6.53741946298578,0,7854.53644722148,0,0,0,1.225
1227.12055921541,34.4572012456331,2,5,59.7842328455542,215.223238243995,6.53838141731831,0,7857.70868909925,0,0,0,1.225
1227.37055921541,34.4613819943846,2,5,59.81157018604,215.321652669744,6.53934333528741,0,7860.88125539783,0,0,0,1.225
1227.62055921541,34.4655608330249,2,5,59.8388990561962,215.420036602306,6.54030521689856,0,7864.05414610821,0,0,0,1.225
1227.87055921541,34.4697377638893,2,5,59.866219467471,215.518390082896,6.5412670621572,0,7867.2273612214,0,0,0,1.225
1228.12055921541,34.4739127893085,2,5,59.8935314312882,215.616713152638,6.54222887106425,0,7870.40090072477,0,0,0,1.225
1228.37055921541,34.478085911608,2,5,59.9208349590473,215.71500585257,6.54319064362699,0,7873.57476461078,0,0,0,1.225
1228.62055921541,34.4822571331089,2,5,59.9481300621233,215.813268223644,6.54415237984722,0,7876.74895286753,0,0,0,1.225
1228.87055921541,34.4864264561273,2,5,59.9754167518671,215.911500306722,6.54511407972768,0,7879.92346548385,0,0,0,1.225
1229.12055921541,34.4905938829746,2,5,60.0026950396055,216.00970214258,6.54607574327565,0,7883.0983024522,0,0,0,1.225
1229.37055921541,34.4947594159577,2,5,60.0299649366409,216.107873771907,6.54703737049113,0,7886.27346375924,0,0,0,1.225
1229.62055921541,34.4989230573783,2,5,60.057226454252,216.206015235307,6.54799896138047,0,7889.4489493967,0,0,0,1.225
1229.87055921541,34.5030848095339,2,5,60.0844796036933,216.304126573296,6.54896051594733,0,7892.62475935414,0,0,0,1.225
1230.12055921541,34.507244674717,2,5,60.1117243961955,216.402207826304,6.5499220341926,0,7895.80089361895,0,0,0,1.225
1230.37055921541,34.5114026552155,2,5,60.1389608429656,216.500259034676,6.55088351612449,0,7898.97735218433,0,0,0,1.225
1230.62055921541,34.5155587533127,2,5,60.1661889551866,216.598280238672,6.55184496174479,0,7902.15413503838,0,0,0,1.225
1230.87055921541,34.519712971287,2,5,60.193408744018,216.696271478465,6.55280637105534,0,7905.33124216922,0,0,0,1.225
1231.12055921541,34.5238653114125,2,5,60.2206202205955,216.794232794144,6.5537677440625,0,7908.5086735686,0,0,0,1.225
1231.37055921541,34.5280157759585,2,5,60.2478233960315,216.892164225714,6.55472908077081,0,7911.68642922681,0,0,0,1.225
1231.62055921541,34.5321643671897,2,5,60.2750182814148,216.990065813093,6.55569038118028,0,7914.86450913052,0,0,0,1.225
1231.87055921541,34.5363110873661,2,5,60.3022048878108,217.087937596119,6.55665164529728,0,7918.04291327148,0,0,0,1.225
1232.12055921541,34.5404559387433,2,5,60.3293832262615,217.185779614541,6.55761287312453,0,7921.22164163854,0,0,0,1.225
1232.37055921541,34.5445989235722,2,5,60.3565533077856,217.283591908028,6.55857406466657,0,7924.400694222,0,0,0,1.225
1232.62055921541,34.5487400440992,2,5,60.3837151433788,217.381374516164,6.55953521992615,0,7927.5800710107,0,0,0,1.225
1232.87055921541,34.5528793025661,2,5,60.4108687440134,217.479127478448,6.56049633890689,0,7930.75977199423,0,0,0,1.225
1233.12055921541,34.5570167012103,2,5,60.4380141206389,217.5768508343,6.56145742161425,0,7933.93979716362,0,0,0,1.225
1233.37055921541,34.5611522422645,2,5,60.4651512841816,217.674544623054,6.56241846805005,0,7937.12014650699,0,0,0,1.225
1233.62055921541,34.5652859279569,2,5,60.4922802455448,217.772208883961,6.56337947821794,0,7940.30082001392,0,0,0,1.225
1233.87055921541,34.5694177605113,2,5,60.5194010156092,217.869843656193,6.56434045212154,0,7943.481817674,0,0,0,1.225
1234.12055921541,34.573547742147,2,5,60.5465136052324,217.967448978837,6.5653013897645,0,7946.66313947681,0,0,0,1.225
1234.37055921541,34.5776758750789,2,5,60.5736180252494,218.065024890898,6.56626229115227,0,7949.8447854134,0,0,0,1.225
1234.62055921541,34.5818021615172,2,5,60.6007142864726,218.162571431301,6.56722315628576,0,7953.02675547116,0,0,0,1.225
1234.87055921541,34.5859266036679,2,5,60.6278023996915,218.26008863889,6.56818398517044,0,7956.20904964114,0,0,0,1.225
1235.12055921541,34.5900492037324,2,5,60.6548823756735,218.357576552425,6.56914477780902,0,7959.3916679122,0,0,0,1.225
1235.37055921541,34.5941699639079,2,5,60.6819542251631,218.455035210587,6.57010553420514,0,7962.57461027393,0,0,0,1.225
1235.62055921541,34.5982888863869,2,5,60.7090179588826,218.552464651977,6.57106625436154,0,7965.7578767152,0,0,0,1.225
1235.87055921541,34.6024059733577,2,5,60.7360735875319,218.649864915115,6.57202693828276,0,7968.94146722633,0,0,0,1.225
1236.12055921541,34.6065212270041,2,5,60.7631211217887,218.747236038439,6.57298758597244,0,7972.1253817969,0,0,0,1.225
1236.37055921541,34.6106346495057,2,5,60.7901605723082,218.844578060309,6.57394819743331,0,7975.3096204158,0,0,0,1.225
1236.62055921541,34.6147462430376,2,5,60.8171919497237,218.941891019005,6.57490877266991,0,7978.49418307334,0,0,0,1.225
1236.87055921541,34.6188560097705,2,5,60.8442152646464,219.039174952727,6.57586931168498,0,7981.6790697584,0,0,0,1.225
1237.12055921541,34.622963951871,2,5,60.8712305276652,219.136429899595,6.57682981448124,0,7984.86428045984,0,0,0,1.225
1237.37055921541,34.6270700715012,2,5,60.8982377493475,219.233655897651,6.57779028106324,0,7988.04981516799,0,0,0,1.225
1237.62055921541,34.6311743708189,2,5,60.9252369402383,219.330852984858,6.57875071143371,0,7991.23567387174,0,0,0,1.225
1237.87055921541,34.6352768519776,2,5,60.952228110861,219.4280211991,6.5797111055972,0,7994.42185656141,0,0,0,1.225
1238.12055921541,34.6393775171265,2,5,60.9792112717172,219.525160578182,6.58067146355643,0,7997.60836322587,0,0,0,1.225
1238.37055921541,34.6434763684107,2,5,61.0061864332868,219.622271159832,6.58163178531413,0,8000.79519385402,0,0,0,1.225
1238.62055921541,34.6475734079708,2,5,61.0331536060278,219.7193529817,6.58259207087303,0,8003.98234843471,0,0,0,1.225
1238.87055921541,34.6516686379433,2,5,61.060112800377,219.816406081357,6.58355232024041,0,8007.16982696048,0,0,0,1.225
1239.12055921541,34.6557620604604,2,5,61.0870640267494,219.913430496298,6.58451253341536,0,8010.3576294173,0,0,0,1.225
1239.37055921541,34.65985367765,2,5,61.1140072955385,220.010426263939,6.58547271040425,0,8013.54575579696,0,0,0,1.225
1239.62055921541,34.6639434916361,2,5,61.1409426171165,220.10739342162,6.58643285120797,0,8016.73420608689,0,0,0,1.225
1239.87055921541,34.6680315045381,2,5,61.1678700018343,220.204332006603,6.58739295583109,0,8019.92298027743,0,0,0,1.225
1240.12055921541,34.6721177184714,2,5,61.1947894600212,220.301242056076,6.58835302427724,0,8023.11207835819,0,0,0,1.225
1240.37055921541,34.6762021355472,2,5,61.2217010019857,220.398123607148,6.58931305654824,0,8026.30150031734,0,0,0,1.225
1240.62055921541,34.6802847578725,2,5,61.2486046380146,220.494976696853,6.59027305264954,0,8029.49124614594,0,0,0,1.225
1240.87055921541,34.6843655875503,2,5,61.2755003783742,220.591801362147,6.59123301258114,0,8032.68131583071,0,0,0,1.225
1241.12055921541,34.6884446266793,2,5,61.3023882333092,220.688597639913,6.59219293635124,0,8035.87170936491,0,0,0,1.225
1241.37055921541,34.692521877354,2,5,61.3292682130437,220.785365566957,6.59315282395801,0,8039.06242673378,0,0,0,1.225
1241.62055921541,34.696597341665,2,5,61.3561403277805,220.88210518001,6.59411267540872,0,8042.25346792986,0,0,0,1.225
1241.87055921541,34.7006710216986,2,5,61.3830045877018,220.978816515726,6.5950724907043,0,8045.4448329406,0,0,0,1.225
1242.12055921541,34.7047429195371,2,5,61.4098610029689,221.075499610688,6.59603226984837,0,8048.6365217556,0,0,0,1.225
1242.37055921541,34.7088130372586,2,5,61.4367095837222,221.1721545014,6.59699201284457,0,8051.82853436451,0,0,0,1.225
1242.62055921541,34.7128813769373,2,5,61.4635503400818,221.268781224294,6.59795171969654,0,8055.02087075694,0,0,0,1.225
1242.87055921541,34.7169479406432,2,5,61.4903832821466,221.365379815728,6.5989113904061,0,8058.21353092107,0,0,0,1.225
1243.12055921541,34.7210127304423,2,5,61.5172084199953,221.461950311983,6.59987102497689,0,8061.40651484653,0,0,0,1.225
1243.37055921541,34.7250757483966,2,5,61.5440257636859,221.558492749269,6.60083062341437,0,8064.5998225244,0,0,0,1.225
1243.62055921541,34.7291369965639,2,5,61.5708353232561,221.655007163722,6.60179018571762,0,8067.79345394068,0,0,0,1.225
1243.87055921541,34.7331964769981,2,5,61.5976371087229,221.751493591402,6.60274971189119,0,8070.98740908572,0,0,0,1.225
1244.12055921541,34.7372541917492,2,5,61.6244311300833,221.8479520683,6.60370920194055,0,8074.18168795062,0,0,0,1.225
1244.37055921541,34.741310142863,2,5,61.6512173973136,221.944382630329,6.60466865586659,0,8077.37629052283,0,0,0,1.225
1244.62055921541,34.7453643323814,2,5,61.6779959203703,222.040785313333,6.60562807367296,0,8080.57121679198,0,0,0,1.225
1244.87055921541,34.7494167623423,2,5,61.7047667091893,222.137160153081,6.60658745536421,0,8083.76646674844,0,0,0,1.225
1245.12055921541,34.7534674347796,2,5,61.7315297736865,222.233507185272,6.60754680094033,0,8086.96204037893,0,0,0,1.225
1245.37055921541,34.7575163517235,2,5,61.758285123758,222.329826445529,6.60850611040587,0,8090.15793767382,0,0,0,1.225
1245.62055921541,34.7615635151999,2,5,61.7850327692794,222.426117969406,6.60946538376538,0,8093.35415862349,0,0,0,1.225
1245.87055921541,34.7656089272309,2,5,61.8117727201067,222.522381792384,6.61042462101977,0,8096.55070321538,0,0,0,1.225
1246.12055921541,34.7696525898348,2,5,61.8385049860758,222.618617949873,6.61138382217268,0,8099.74757143915,0,0,0,1.225
1246.37055921541,34.7736945050258,2,5,61.8652295770029,222.71482647721,6.61234298722866,0,8102.94476328515,0,0,0,1.225
1246.62055921541,34.7777346748144,2,5,61.8919465026842,222.811007409663,6.61330211618952,0,8106.14227874159,0,0,0,1.225
1246.87055921541,34.781773101207,2,5,61.9186557728964,222.907160782427,6.61426120905708,0,8109.34011779665,0,0,0,1.225
1247.12055921541,34.7858097862062,2,5,61.9453573973963,223.003286630627,6.6152202658368,0,8112.53828044144,0,0,0,1.225
1247.37055921541,34.7898447318108,2,5,61.9720513859212,223.099384989316,6.61617928652868,0,8115.73676666269,0,0,0,1.225
1247.62055921541,34.7938779400157,2,5,61.9987377481886,223.195455893479,6.61713827113817,0,8118.93557645151,0,0,0,1.225
1247.87055921541,34.7979094128118,2,5,62.0254164938969,223.291499378029,6.61809721966893,0,8122.13470979755,0,0,0,1.225
1248.12055921541,34.8019391521865,2,5,62.0520876327245,223.387515477808,6.61905613212093,0,8125.33416668755,0,0,0,1.225
1248.37055921541,34.8059671601231,2,5,62.0787511743308,223.483504227591,6.62001500849965,0,8128.53394711261,0,0,0,1.225
1248.62055921541,34.8099934386011,2,5,62.1054071283556,223.57946566208,6.62097384880599,0,8131.73405106021,0,0,0,1.225
1248.87055921541,34.8140179895964,2,5,62.1320555044195,223.67539981591,6.62193265304541,0,8134.93447852146,0,0,0,1.225
1249.12055921541,34.8180408150807,2,5,62.1586963121238,223.771306723646,6.62289142121881,0,8138.13522948383,0,0,0,1.225
1249.37055921541,34.8220619170224,2,5,62.1853295610506,223.867186419782,6.62385015332802,0,8141.33630393552,0,0,0,1.225
1249.62055921541,34.8260812973858,2,5,62.2119552607627,223.963038938746,6.62480884938032,0,8144.5377018691,0,0,0,1.225
1249.87055921541,34.8300989581315,2,5,62.2385734208042,224.058864314895,6.62576750937478,0,8147.7394232706,0,0,0,1.225
1250.12055921541,34.8341149012165,2,5,62.2651840506997,224.154662582519,6.62672613331415,0,8150.94146812894,0,0,0,1.225
1250.37055921541,34.8381291285937,2,5,62.291787159955,224.250433775838,6.62768472120388,0,8154.14383643524,0,0,0,1.225
1250.62055921541,34.8421416422127,2,5,62.318382758057,224.346177929005,6.62864327304578,0,8157.3465281777,0,0,0,1.225
1250.87055921541,34.846152444019,2,5,62.3449708544737,224.441895076105,6.62960178884168,0,8160.54954334455,0,0,0,1.225
1251.12055921541,34.8501615359547,2,5,62.371551458654,224.537585251155,6.6305602685934,0,8163.75288192397,0,0,0,1.225
1251.37055921541,34.8541689199579,2,5,62.3981245800285,224.633248488102,6.6315187123073,0,8166.95654390783,0,0,0,1.225
1251.62055921541,34.8581745979633,2,5,62.4246902280086,224.728884820831,6.6324771199852,0,8170.16052928433,0,0,0,1.225
1251.87055921541,34.8621785719017,2,5,62.4512484119872,224.824494283154,6.6334354916271,0,8173.36483804024,0,0,0,1.225
1252.12055921541,34.8661808437002,2,5,62.4777991413386,224.920076908819,6.63439382723936,0,8176.56947016739,0,0,0,1.225
1252.37055921541,34.8701814152824,2,5,62.5043424254184,225.015632731506,6.635352126822,0,8179.77442565256,0,0,0,1.225
1252.62055921541,34.8741802885681,2,5,62.5308782735639,225.11116178483,6.63631039037864,0,8182.97970448541,0,0,0,1.225
1252.87055921541,34.8781774654736,2,5,62.5574066950935,225.206664102337,6.63726861791292,0,8186.18530665561,0,0,0,1.225
1253.12055921541,34.8821729479115,2,5,62.5839276993077,225.302139717508,6.63822680942667,0,8189.39123215138,0,0,0,1.225
1253.37055921541,34.8861667377907,2,5,62.6104412954881,225.397588663757,6.63918496492261,0,8192.59748096167,0,0,0,1.225
1253.62055921541,34.8901588370165,2,5,62.6369474928982,225.493010974434,6.64014308440528,0,8195.80405307687,0,0,0,1.225
1253.87055921541,34.8941492474907,2,5,62.6634463007833,225.58840668282,6.64110116787379,0,8199.01094848303,0,0,0,1.225
1254.12055921541,34.8981379711114,2,5,62.6899377283704,225.683775822133,6.64205921533448,0,8202.218167172,0,0,0,1.225
1254.37055921541,34.9021250097731,2,5,62.7164217848682,225.779118425526,6.64301722678738,0,8205.42570913056,0,0,0,1.225
1254.62055921541,34.9061103653669,2,5,62.7428984794674,225.874434526082,6.64397520223702,0,8208.6335743491,0,0,0,1.225
1254.87055921541,34.91009403978,2,5,62.7693678213404,225.969724156826,6.64493314168612,0,8211.84176281658,0,0,0,1.225
1255.12055921541,34.9140760348964,2,5,62.7958298196419,226.064987350711,6.6458910451347,0,8215.05027451978,0,0,0,1.225
1255.37055921541,34.9180563525964,2,5,62.8222844835084,226.16022414063,6.6468489125873,0,8218.25910944909,0,0,0,1.225
1255.62055921541,34.9220349947566,2,5,62.8487318220584,226.25543455941,6.64780674404756,0,8221.4682675942,0,0,0,1.225
1255.87055921541,34.9260119632503,2,5,62.8751718443927,226.350618639814,6.64876453951729,0,8224.67774894334,0,0,0,1.225
1256.12055921541,34.9299872599472,2,5,62.901604559594,226.445776414539,6.64972229899831,0,8227.88755348473,0,0,0,1.225
1256.37055921541,34.9339608867134,2,5,62.9280299767275,226.540907916219,6.65068002249427,0,8231.09768120807,0,0,0,1.225
1256.62055921541,34.9379328454117,2,5,62.9544481048404,226.636013177425,6.65163771000607,0,8234.30813210086,0,0,0,1.225
1256.87055921541,34.9419031379012,2,5,62.9808589529623,226.731092230664,6.65259536153826,0,8237.51890615351,0,0,0,1.225
1257.12055921541,34.9458717660376,2,5,63.0072625301051,226.826145108378,6.65355297709175,0,8240.73000335352,0,0,0,1.225
1257.37055921541,34.9498387316732,2,5,63.0336588452632,226.921171842947,6.65451055667108,0,8243.94142369132,0,0,0,1.225
1257.62055921541,34.9538040366566,2,5,63.0600479074133,227.016172466688,6.65546810027809,0,8247.15316715514,0,0,0,1.225
1257.87055921541,34.9577676828332,2,5,63.0864297255147,227.111147011853,6.65642560791366,0,8250.36523373248,0,0,0,1.225
1258.12055921541,34.9617296720448,2,5,63.1128043085092,227.206095510633,6.65738307958236,0,8253.57762341376,0,0,0,1.225
1258.37055921541,34.9656900061299,2,5,63.1391716653212,227.301017995156,6.65834051528691,0,8256.79033618796,0,0,0,1.225
1258.62055921541,34.9696486869233,2,5,63.1655318048576,227.395914497487,6.65929791502731,0,8260.00337204185,0,0,0,1.225
1258.87055921541,34.9736057162567,2,5,63.1918847360081,227.490785049629,6.66025527880902,0,8263.21673096659,0,0,0,1.225
1259.12055921541,34.9775610959583,2,5,63.2182304676452,227.585629683523,6.66121260663203,0,8266.43041294895,0,0,0,1.225
1259.37055921541,34.9815148278526,2,5,63.2445690086238,227.680448431046,6.6621698985,0,8269.64441797864,0,0,0,1.225
1259.62055921541,34.9854669137612,2,5,63.2709003677821,227.775241324016,6.66312715441563,0,8272.85874604462,0,0,0,1.225
1259.87055921541,34.9894173555019,2,5,63.2972245539408,227.870008394187,6.66408437438258,0,8276.0733971366,0,0,0,1.225
1260.12055921541,34.9933661548894,2,5,63.3235415759037,227.964749673253,6.66504155839993,0,8279.28837124062,0,0,0,1.225
1260.37055921541,34.9973133137347,2,5,63.3498514424574,228.059465192847,6.66599870647224,0,8282.50366834714,0,0,0,1.225
1260.62055921541,35.0012588338459,2,5,63.3761541623716,228.154154984538,6.66695581860131,0,8285.71928844438,0,0,0,1.225
1260.87055921541,35.0052027170274,2,5,63.402449744399,228.248819079836,6.6679128947917,0,8288.93523152277,0,0,0,1.225
1261.12055921541,35.0091449650804,2,5,63.4287381972754,228.343457510191,6.66886993504249,0,8292.15149756839,0,0,0,1.225
1261.37055921541,35.0130855798027,2,5,63.4550195297196,228.438070306991,6.66982693935734,0,8295.36808657094,0,0,0,1.225
1261.62055921541,35.0170245629887,2,5,63.4812937504339,228.532657501562,6.67078390774077,0,8298.58499852084,0,0,0,1.225
1261.87055921541,35.0209619164298,2,5,63.5075608681034,228.627219125172,6.6717408401928,0,8301.80223340489,0,0,0,1.225
1262.12055921541,35.0248976419137,2,5,63.5338208913968,228.721755209028,6.67269773671433,0,8305.01979121062,0,0,0,1.225
1262.37055921541,35.0288317412251,2,5,63.5600738289659,228.816265784277,6.67365459731172,0,8308.23767192992,0,0,0,1.225
1262.62055921541,35.0327642161453,2,5,63.5863196894459,228.910750882005,6.67461142198499,0,8311.45587554958,0,0,0,1.225
1262.87055921541,35.0366950684522,2,5,63.6125584814555,229.00521053324,6.67556821073686,0,8314.67440205858,0,0,0,1.225
1263.12055921541,35.0406242999206,2,5,63.6387902135967,229.099644768948,6.67652496356914,0,8317.89325144518,0,0,0,1.225
1263.37055921541,35.044551912322,2,5,63.6650148944551,229.194053620038,6.67748168048547,0,8321.1124236991,0,0,0,1.225
1263.62055921541,35.0484779074247,2,5,63.6912325325996,229.288437117359,6.67843836148677,0,8324.33191880785,0,0,0,1.225
1263.87055921541,35.0524022869935,2,5,63.717443136583,229.382795291699,6.67939500657485,0,8327.55173675969,0,0,0,1.225
1264.12055921541,35.0563250527902,2,5,63.7436467149415,229.47712817379,6.68035161575426,0,8330.77187754508,0,0,0,1.225
1264.37055921541,35.0602462065733,2,5,63.769843276195,229.571435794302,6.68130818902591,0,8333.99234115153,0,0,0,1.225
1264.62055921541,35.0641657500981,2,5,63.796032828847,229.665718183849,6.68226472639253,0,8337.21312756803,0,0,0,1.225
1264.87055921541,35.0680836851166,2,5,63.8222153813849,229.759975372986,6.68322122785594,0,8340.43423678285,0,0,0,1.225
1265.12055921541,35.0720000133778,2,5,63.8483909422799,229.854207392208,6.68417769341795,0,8343.65566878424,0,0,0,1.225
1265.37055921541,35.0759147366273,2,5,63.8745595199868,229.948414271952,6.68513412308039,0,8346.87742356047,0,0,0,1.225
1265.62055921541,35.0798278566075,2,5,63.9007211229444,230.0425960426,6.68609051684871,0,8350.09950110272,0,0,0,1.225
1265.87055921541,35.0837393750578,2,5,63.9268757595755,230.136752734472,6.687046874722,0,8353.32190139705,0,0,0,1.225
1266.12055921541,35.0876492937142,2,5,63.9530234382868,230.230884377833,6.68800319670299,0,8356.54462443247,0,0,0,1.225
1266.37055921541,35.0915576143097,2,5,63.9791641674689,230.324991002888,6.68895948279351,0,8359.76767019724,0,0,0,1.225
1266.62055921541,35.0954643385742,2,5,64.0052979554965,230.419072639787,6.68991573299536,0,8362.99103867962,0,0,0,1.225
1266.87055921541,35.0993694682342,2,5,64.0314248107284,230.513129318622,6.69087194731401,0,8366.2147298708,0,0,0,1.225
1267.12055921541,35.1032730050133,2,5,64.0575447415074,230.607161069427,6.69182812574763,0,8369.43874375612,0,0,0,1.225
1267.37055921541,35.1071749506318,2,5,64.0836577561607,230.701167922179,6.69278426830351,0,8372.66308032823,0,0,0,1.225
1267.62055921541,35.111075306807,2,5,64.1097638629995,230.795149906798,6.69374037497619,0,8375.88773956958,0,0,0,1.225
1267.87055921541,35.1149740752531,2,5,64.1358630703193,230.88910705315,6.69469644577475,0,8379.11272147424,0,0,0,1.225
1268.12055921541,35.118871257681,2,5,64.1619553863999,230.983039391039,6.69565248069921,0,8382.33802602905,0,0,0,1.225
1268.37055921541,35.1227668557987,2,5,64.1880408195053,231.076946950219,6.69660847974956,0,8385.56365322081,0,0,0,1.225
1268.62055921541,35.1266608713111,2,5,64.2141193778841,231.170829760383,6.69756444293125,0,8388.7896030407,0,0,0,1.225
1268.87055921541,35.1305533059197,2,5,64.2401910697691,231.264687851169,6.69852037024248,0,8392.01587547411,0,0,0,1.225
1269.12055921541,35.1344441613235,2,5,64.2662559033777,231.35852125216,6.69947626168687,0,8395.24247051074,0,0,0,1.225
1269.37055921541,35.1383334392178,2,5,64.2923138869116,231.452329992882,6.70043211726988,0,8398.46938814178,0,0,0,1.225
1269.62055921541,35.1422211412953,2,5,64.3183650285572,231.546114102806,6.70138793698607,0,8401.6966283497,0,0,0,1.225
1269.87055921541,35.1461072692455,2,5,64.3444093364854,231.639873611347,6.70234372084633,0,8404.92419113003,0,0,0,1.225
1270.12055921541,35.1499918247548,2,5,64.3704468188516,231.733608547866,6.70329946884885,0,8408.15207646816,0,0,0,1.225
1270.37055921541,35.1538748095066,2,5,64.3964774837962,231.827318941666,6.70425518099364,0,8411.3802843509,0,0,0,1.225
1270.62055921541,35.1577562251813,2,5,64.4225013394438,231.921004821998,6.70521085728251,0,8414.60881476653,0,0,0,1.225
1270.87055921541,35.1616360734562,2,5,64.4485183939041,232.014666218055,6.70616649772273,0,8417.83766770769,0,0,0,1.225
1271.12055921541,35.1655143560056,2,5,64.4745286552713,232.108303158977,6.70712210231068,0,8421.0668431583,0,0,0,1.225
1271.37055921541,35.169391074501,2,5,64.5005321316246,232.201915673849,6.70807767105362,0,8424.29634111101,0,0,0,1.225
1271.62055921541,35.1732662306105,2,5,64.526528831028,232.295503791701,6.70903320394791,0,8427.52616154972,0,0,0,1.225
1271.87055921541,35.1771398259996,2,5,64.5525187615303,232.389067541509,6.70998870099902,0,8430.75630446565,0,0,0,1.225
1272.12055921541,35.1810118623306,2,5,64.5785019311654,232.482606952195,6.71094416220876,0,8433.98676984705,0,0,0,1.225
1272.37055921541,35.1848823412629,2,5,64.6044783479518,232.576122052627,6.71189958757714,0,8437.21755768077,0,0,0,1.225
1272.62055921541,35.1887512644528,2,5,64.6304480198934,232.669612871616,6.71285497710778,0,8440.44866795655,0,0,0,1.225
1272.87055921541,35.1926186335539,2,5,64.656410954979,232.763079437924,6.71381033080434,0,8443.68010066412,0,0,0,1.225
1273.12055921541,35.1964844502165,2,5,64.6823671611823,232.856521780256,6.71476564866498,0,8446.91185578887,0,0,0,1.225
1273.37055921541,35.2003487160883,2,5,64.7083166464623,232.949939927264,6.71572093069335,0,8450.14393332052,0,0,0,1.225
1273.62055921541,35.2042114328139,2,5,64.7342594187632,233.043333907547,6.71667617689127,0,8453.37633324738,0,0,0,1.225
1273.87055921541,35.2080726020348,2,5,64.7601954860141,233.136703749651,6.71763138725873,0,8456.60905555626,0,0,0,1.225
1274.12055921541,35.2119322253899,2,5,64.7861248561297,233.230049482067,6.7185865618012,0,8459.84210023837,0,0,0,1.225
1274.37055921541,35.2157903045149,2,5,64.8120475370097,233.323371133235,6.71954170052049,0,8463.07546728201,0,0,0,1.225
1274.62055921541,35.2196468410428,2,5,64.8379635365392,233.416668731541,6.72049680341661,0,8466.309156674,0,0,0,1.225
1274.87055921541,35.2235018366037,2,5,64.8638728625887,233.509942305319,6.72145187048955,0,8469.54316840118,0,0,0,1.225
1275.12055921541,35.2273552928245,2,5,64.8897755230139,233.60319188285,6.72240690174476,0,8472.77750245475,0,0,0,1.225
1275.37055921541,35.2312072113295,2,5,64.915671525656,233.696417492361,6.72336189718408,0,8476.012158823,0,0,0,1.225
1275.62055921541,35.2350575937401,2,5,64.9415608783417,233.78961916203,6.72431685680385,0,8479.24713748987,0,0,0,1.225
1275.87055921541,35.2389064416748,2,5,64.9674435888831,233.882796919979,6.72527178061318,0,8482.48243844946,0,0,0,1.225
1276.12055921541,35.2427537567491,2,5,64.993319665078,233.975950794281,6.72622666861207,0,8485.71806168862,0,0,0,1.225
1276.37055921541,35.2465995405758,2,5,65.0191891147096,234.069080812955,6.72718152079688,0,8488.95400719126,0,0,0,1.225
1276.62055921541,35.2504437947647,2,5,65.0450519455467,234.162187003968,6.72813633717669,0,8492.19027495152,0,0,0,1.225
1276.87055921541,35.254286520923,2,5,65.0709081653437,234.255269395237,6.72909111774788,0,8495.42686495332,0,0,0,1.225
1277.12055921541,35.2581277206547,2,5,65.0967577818409,234.348328014627,6.73004586251591,0,8498.66377718786,0,0,0,1.225
1277.37055921541,35.2619673955614,2,5,65.122600802764,234.44136288995,6.73100057148076,0,8501.90101164199,0,0,0,1.225
1277.62055921541,35.2658055472415,2,5,65.1484372358247,234.534374048969,6.73195524464245,0,8505.13856830255,0,0,0,1.225
1277.87055921541,35.2696421772908,2,5,65.1742670887203,234.627361519393,6.73290988200642,0,8508.37644716075,0,0,0,1.225
1278.12055921541,35.2734772873021,2,5,65.2000903691341,234.720325328883,6.73386448357451,0,8511.61464820489,0,0,0,1.225
1278.37055921541,35.2773108788657,2,5,65.225907084735,234.813265505046,6.73481904934488,0,8514.85317142036,0,0,0,1.225
1278.62055921541,35.2811429535687,2,5,65.2517172431779,234.906182075441,6.73577357931936,0,8518.09201679546,0,0,0,1.225
1278.87055921541,35.2849735129959,2,5,65.2775208521038,234.999075067574,6.73672807350522,0,8521.33118432286,0,0,0,1.225
1279.12055921541,35.2888025587288,2,5,65.3033179191395,235.091944508902,6.73768253189883,0,8524.57067398649,0,0,0,1.225
1279.37055921541,35.2926300923465,2,5,65.3291084518976,235.184790426832,6.73863695450382,0,8527.81048577611,0,0,0,1.225
1279.62055921541,35.2964561154251,2,5,65.3548924579771,235.277612848718,6.73959134131837,0,8531.05061967711,0,0,0,1.225
1279.87055921541,35.3002806295382,2,5,65.3806699449629,235.370411801866,6.74054569234977,0,8534.29107568217,0,0,0,1.225
1280.12055921541,35.3041036362564,2,5,65.4064409204259,235.463187313533,6.74150000759619,0,8537.53185377666,0,0,0,1.225
1280.37055921541,35.3079251371475,2,5,65.4322053919232,235.555939410924,6.74245428705945,0,8540.77295394891,0,0,0,1.225
1280.62055921541,35.3117451337769,2,5,65.4579633669982,235.648668121193,6.74340853074318,0,8544.01437618867,0,0,0,1.225
1280.87055921541,35.315563627707,2,5,65.4837148531803,235.741373471449,6.7443627386474,0,8547.25612048279,0,0,0,1.225
1281.12055921541,35.3193806204975,2,5,65.5094598579852,235.834055488747,6.74531691077755,0,8550.4981868225,0,0,0,1.225
1281.37055921541,35.3231961137054,2,5,65.5351983889151,235.926714200094,6.74627104712636,0,8553.74057518881,0,0,0,1.225
1281.62055921541,35.327010108885,2,5,65.5609304534581,236.019349632449,6.74722514770474,0,8556.98328557732,0,0,0,1.225
1281.87055921541,35.3308226075879,2,5,65.5866560590889,236.11196181272,6.74817921250906,0,8560.22631797196,0,0,0,1.225
1282.12055921541,35.334633611363,2,5,65.6123752132685,236.204550767767,6.74913324154113,0,8563.46967236105,0,0,0,1.225
1282.37055921541,35.3384431217564,2,5,65.6380879234444,236.2971165244,6.75008723480641,0,8566.71334873581,0,0,0,1.225
1282.62055921541,35.3422511403117,2,5,65.6637941970504,236.389659109382,6.75104119230127,0,8569.95734708018,0,0,0,1.225
1282.87055921541,35.3460576685696,2,5,65.6894940415069,236.482178549425,6.75199511403116,0,8573.20166738537,0,0,0,1.225
1283.12055921541,35.3498627080684,2,5,65.7151874642208,236.574674871195,6.75294899999426,0,8576.44630963681,0,0,0,1.225
1283.37055921541,35.3536662603435,2,5,65.7408744725854,236.667148101307,6.75390285019603,0,8579.69127382569,0,0,0,1.225
1283.62055921541,35.3574683269276,2,5,65.7665550739807,236.759598266331,6.75485666463646,0,8582.93655993889,0,0,0,1.225
1283.87055921541,35.361268909351,2,5,65.7922292757733,236.852025392784,6.75581044331557,0,8586.18216796326,0,0,0,1.225
1284.12055921541,35.3650680091412,2,5,65.8178970853165,236.944429507139,6.75676418623698,0,8589.42809788857,0,0,0,1.225
1284.37055921541,35.368865627823,2,5,65.8435585099501,237.03681063582,6.7577178934007,0,8592.67434970168,0,0,0,1.225
1284.62055921541,35.3726617669186,2,5,65.8692135570008,237.129168805203,6.75867156480854,0,8595.9209233909,0,0,0,1.225
1284.87055921541,35.3764564279476,2,5,65.8948622337819,237.221504041615,6.75962520046232,0,8599.16781894454,0,0,0,1.225
1285.12055921541,35.3802496124271,2,5,65.9205045475935,237.313816371337,6.76057880036205,0,8602.41503634948,0,0,0,1.225
1285.37055921541,35.3840413218713,2,5,65.9461405057227,237.406105820602,6.76153236451137,0,8605.66257559548,0,0,0,1.225
1285.62055921541,35.3878315577921,2,5,65.9717701154431,237.498372415595,6.76248589291208,0,8608.91043667085,0,0,0,1.225
1285.87055921541,35.3916203216984,2,5,65.9973933840155,237.590616182456,6.7634393855642,0,8612.15861956246,0,0,0,1.225
1286.12055921541,35.395407615097,2,5,66.0230103186874,237.682837147275,6.76439284246953,0,8615.40712425863,0,0,0,1.225
1286.37055921541,35.3991934394917,2,5,66.0486209266933,237.775035336096,6.76534626362809,0,8618.65595074622,0,0,0,1.225
1286.62055921541,35.4029777963839,2,5,66.0742252152547,237.867210774917,6.76629964904532,0,8621.90509901646,0,0,0,1.225
1286.87055921541,35.4067606872724,2,5,66.09982319158,237.959363489688,6.76725299871941,0,8625.15456905476,0,0,0,1.225
1287.12055921541,35.4105421136533,2,5,66.1254148628648,238.051493506313,6.76820631264854,0,8628.40436084653,0,0,0,1.225
1287.37055921541,35.4143220770204,2,5,66.1510002362916,238.14360085065,6.76915959083817,0,8631.654474383,0,0,0,1.225
1287.62055921541,35.4181005788647,2,5,66.1765793190301,238.235685548508,6.77011283329375,0,8634.9049096554,0,0,0,1.225
1287.87055921541,35.4218776206748,2,5,66.2021521182371,238.327747625654,6.77106604000983,0,8638.15566664623,0,0,0,1.225
1288.12055921541,35.4256532039365,2,5,66.2277186410566,238.419787107804,6.77201921099186,0,8641.40674534672,0,0,0,1.225
1288.37055921541,35.4294273301334,2,5,66.2532788946197,238.511804020631,6.77297234623802,0,8644.65814574229,0,0,0,1.225
1288.62055921541,35.4332000007464,2,5,66.2788328860449,238.603798389762,6.77392544575196,0,8647.90986782272,0,0,0,1.225
1288.87055921541,35.4369712172538,2,5,66.3043806224376,238.695770240776,6.77487850953366,0,8651.16191157487,0,0,0,1.225
1289.12055921541,35.4407409811315,2,5,66.329922110891,238.787719599208,6.77583153758496,0,8654.41427698707,0,0,0,1.225
1289.37055921541,35.4445092938528,2,5,66.3554573584851,238.879646490546,6.77678452990949,0,8657.66696404909,0,0,0,1.225
1289.62055921541,35.4482761568885,2,5,66.3809863722877,238.971550940236,6.77773748650361,0,8660.9199727449,0,0,0,1.225
1289.87055921541,35.4520415717069,2,5,66.4065091593536,239.063432973673,6.7786904073746,0,8664.17330306719,0,0,0,1.225
1290.12055921541,35.4558055397739,2,5,66.4320257267252,239.155292616211,6.77964329251881,0,8667.42695499992,0,0,0,1.225
1290.37055921541,35.4595680625528,2,5,66.4575360814325,239.247129893157,6.7805961419399,0,8670.68092853287,0,0,0,1.225
1290.62055921541,35.4633291415043,2,5,66.4830402304926,239.338944829773,6.78154895563785,0,8673.93522365291,0,0,0,1.225
1290.87055921541,35.4670887780868,2,5,66.5085381809103,239.430737451277,6.78250173361266,0,8677.18984034691,0,0,0,1.225
1291.12055921541,35.4708469737563,2,5,66.5340299396781,239.522507782841,6.78345447587162,0,8680.44477860757,0,0,0,1.225
1291.37055921541,35.474603729966,2,5,66.5595155137757,239.614255849593,6.78440718241109,0,8683.70003841885,0,0,0,1.225
1291.62055921541,35.478359048167,2,5,66.5849949101707,239.705981676615,6.78535985322924,0,8686.95561976617,0,0,0,1.225
1291.87055921541,35.4821129298078,2,5,66.6104681358182,239.797685288945,6.78631248833517,0,8690.21152264368,0,0,0,1.225
1292.12055921541,35.4858653763342,2,5,66.6359351976609,239.889366711579,6.78726508772525,0,8693.46774703534,0,0,0,1.225
1292.37055921541,35.48961638919,2,5,66.6613961026293,239.981025969466,6.78821765140128,0,8696.72429292949,0,0,0,1.225
1292.62055921541,35.4933659698163,2,5,66.6868508576416,240.07266308751,6.78917017936692,0,8699.9811603159,0,0,0,1.225
1292.87055921541,35.4971141196517,2,5,66.7122994696037,240.164278090573,6.79012267161852,0,8703.23834917855,0,0,0,1.225
1293.12055921541,35.5008608401326,2,5,66.7377419454092,240.255871003473,6.79107512816154,0,8706.49585950867,0,0,0,1.225
1293.37055921541,35.5046061326928,2,5,66.7631782919396,240.347441850983,6.79202754899779,0,8709.75369129461,0,0,0,1.225
1293.62055921541,35.5083499987636,2,5,66.7886085160643,240.438990657832,6.79297993412183,0,8713.01184451886,0,0,0,1.225
1293.87055921541,35.5120924397743,2,5,66.8140326246404,240.530517448706,6.79393228354093,0,8716.27031917413,0,0,0,1.225
1294.12055921541,35.5158334571513,2,5,66.839450624513,240.622022248247,6.79488459725508,0,8719.5291152473,0,0,0,1.225
1294.37055921541,35.5195730523189,2,5,66.8648625225151,240.713505081054,6.79583687526792,0,8722.78823272815,0,0,0,1.225
1294.62055921541,35.5233112266988,2,5,66.8902683254676,240.804965971683,6.79678911757401,0,8726.0476715992,0,0,0,1.225
1294.87055921541,35.5270479817107,2,5,66.9156680401795,240.896404944646,6.79774132418061,0,8729.30743185315,0,0,0,1.225
1295.12055921541,35.5307833187713,2,5,66.9410616734476,240.987822024411,6.79869349508408,0,8732.56751347397,0,0,0,1.225
1295.37055921541,35.5345172392956,2,5,66.9664492320569,241.079217235405,6.79964563028989,0,8735.82791645291,0,0,0,1.225
1295.62055921541,35.5382497446956,2,5,66.9918307227805,241.17059060201,6.80059772979439,0,8739.08864077392,0,0,0,1.225
1295.87055921541,35.5419808363815,2,5,67.0172061523794,241.261942148566,6.80154979360486,0,8742.34968642972,0,0,0,1.225
1296.12055921541,35.5457105157607,2,5,67.042575527603,241.353271899371,6.80250182171767,0,8745.61105340429,0,0,0,1.225
1296.37055921541,35.5494387842384,2,5,67.0679388551886,241.444579878679,6.80345381413463,0,8748.87274168594,0,0,0,1.225
1296.62055921541,35.5531656432176,2,5,67.0932961418618,241.535866110702,6.80440577085756,0,8752.13475126303,0,0,0,1.225
1296.87055921541,35.5568910940987,2,5,67.1186473943363,241.627130619611,6.80535769188646,0,8755.39708212242,0,0,0,1.225
1297.12055921541,35.5606151382799,2,5,67.1439926193143,241.718373429531,6.80630957722497,0,8758.65973425393,0,0,0,1.225
1297.37055921541,35.5643377771571,2,5,67.1693318234859,241.809594564549,6.80726142686763,0,8761.92270764006,0,0,0,1.225
1297.62055921541,35.5680590121238,2,5,67.1946650135297,241.900794048707,6.80821324082717,0,8765.18600227789,0,0,0,1.225
1297.87055921541,35.5717788445712,2,5,67.2199921961127,241.991971906006,6.80916501909451,0,8768.44961814702,0,0,0,1.225
1298.12055921541,35.5754972758882,2,5,67.2453133778901,242.083128160404,6.81011676167327,0,8771.71355523724,0,0,0,1.225
1298.37055921541,35.5792143074613,2,5,67.2706285655055,242.17426283582,6.81106846856892,0,8774.97781353982,0,0,0,1.225
1298.62055921541,35.5829299406748,2,5,67.295937765591,242.265375956128,6.81202013977236,0,8778.24239303435,0,0,0,1.225
1298.87055921541,35.5866441769106,2,5,67.3212409847669,242.356467545161,6.81297177529632,0,8781.50729371792,0,0,0,1.225
1299.12055921541,35.5903570175485,2,5,67.3465382296423,242.447537626712,6.81392337513535,0,8784.77251557303,0,0,0,1.225
1299.37055921541,35.5940684639658,2,5,67.3718295068145,242.538586224532,6.81487493928944,0,8788.03805858658,0,0,0,1.225
1299.62055921541,35.5977785175375,2,5,67.3971148228694,242.62961336233,6.81582646776224,0,8791.30392274836,0,0,0,1.225
1299.87055921541,35.6014871796366,2,5,67.4223941843815,242.720619063773,6.81677796055556,0,8794.57010804672,0,0,0,1.225
1300.12055921541,35.6051944516335,2,5,67.4476675979138,242.81160335249,6.8177294176694,0,8797.83661446854,0,0,0,1.225
1300.37055921541,35.6089003348966,2,5,67.472935070018,242.902566252065,6.81868083910194,0,8801.10344199926,0,0,0,1.225
1300.62055921541,35.6126048307917,2,5,67.4981966072343,242.993507786043,6.81963222485501,0,8804.37059062722,0,0,0,1.225
1300.87055921541,35.6163079406828,2,5,67.5234522160916,243.08442797793,6.82058357493224,0,8807.63806034221,0,0,0,1.225
1301.12055921541,35.6200096659312,2,5,67.5487019031074,243.175326851187,6.82153488933545,0,8810.90585113259,0,0,0,1.225
1301.37055921541,35.6237100078962,2,5,67.5739456747881,243.266204429237,6.822486168061,0,8814.17396298233,0,0,0,1.225
1301.62055921541,35.6274089679348,2,5,67.5991835376287,243.357060735463,6.82343741111072,0,8817.44239587977,0,0,0,1.225
1301.87055921541,35.6311065474018,2,5,67.6244154981129,243.447895793206,6.82438861849005,0,8820.71114981618,0,0,0,1.225
1302.12055921541,35.6348027476498,2,5,67.6496415627133,243.538709625768,6.82533979019354,0,8823.98022477407,0,0,0,1.225
1302.37055921541,35.638497570029,2,5,67.6748617378912,243.629502256408,6.82629092622665,0,8827.24962074469,0,0,0,1.225
1302.62055921541,35.6421910158875,2,5,67.7000760300969,243.720273708349,6.82724202659119,0,8830.51933771641,0,0,0,1.225
1302.87055921541,35.6458830865712,2,5,67.7252844457693,243.81102400477,6.82819309128354,0,8833.7893756732,0,0,0,1.225
1303.12055921541,35.6495737834237,2,5,67.7504869913365,243.901753168811,6.8291441203055,0,8837.0597346034,0,0,0,1.225
1303.37055921541,35.6532631077866,2,5,67.7756836732154,243.992461223575,6.8300951136589,0,8840.33041449536,0,0,0,1.225
1303.62055921541,35.6569510609989,2,5,67.8008744978116,244.083148192122,6.83104607134737,0,8843.60141533888,0,0,0,1.225
1303.87055921541,35.660637644398,2,5,67.8260594715201,244.173814097472,6.8319969933691,0,8846.87273711941,0,0,0,1.225
1304.12055921541,35.6643228593185,2,5,67.8512386007246,244.264458962608,6.83294787972045,0,8850.14437982091,0,0,0,1.225
1304.37055921541,35.6680067070931,2,5,67.8764118917978,244.355082810472,6.83389873041233,0,8853.41634343903,0,0,0,1.225
1304.62055921541,35.6716891890524,2,5,67.9015793511016,244.445685663966,6.83484954543565,0,8856.68862795337,0,0,0,1.225
1304.87055921541,35.6753703065247,2,5,67.926740984987,244.536267545953,6.83580032479767,0,8859.96123335665,0,0,0,1.225
1305.12055921541,35.6790500608361,2,5,67.9518967997938,244.626828479258,6.8367510684966,0,8863.2341596343,0,0,0,1.225
1305.37055921541,35.6827284533107,2,5,67.9770468018513,244.717368486665,6.83770177653423,0,8866.50740677469,0,0,0,1.225
1305.62055921541,35.6864054852701,2,5,68.0021909974778,244.80788759092,6.83865244891058,0,8869.78097476469,0,0,0,1.225
1305.87055921541,35.6900811580342,2,5,68.0273293929806,244.89838581473,6.83960308562564,0,8873.05486359121,0,0,0,1.225
1306.12055921541,35.6937554729204,2,5,68.0524619946565,244.988863180763,6.84055368668123,0,8876.3290732426,0,0,0,1.225
1306.37055921541,35.6974284312442,2,5,68.0775888087912,245.079319711648,6.84150425207918,0,8879.6036037072,0,0,0,1.225
1306.62055921541,35.7011000343186,2,5,68.1027098416599,245.169755429976,6.84245478181583,0,8882.878454969,0,0,0,1.225
1306.87055921541,35.7047702834549,2,5,68.1278250995271,245.260170358298,6.84340527589848,0,8886.15362702072,0,0,0,1.225
1307.12055921541,35.7084391799619,2,5,68.1529345886463,245.350564519127,6.84435573432165,0,8889.42911984489,0,0,0,1.225
1307.37055921541,35.7121067251466,2,5,68.1780383152607,245.440937934939,6.84530615709264,0,8892.70493343422,0,0,0,1.225
1307.62055921541,35.7157729203136,2,5,68.2031362856026,245.531290628169,6.84625654420779,0,8895.98106777271,0,0,0,1.225
1307.87055921541,35.7194377667656,2,5,68.2282285058938,245.621622621218,6.84720689566529,0,8899.25752284579,0,0,0,1.225
1308.12055921541,35.7231012658029,2,5,68.2533149823453,245.711933936443,6.84815721146879,0,8902.53429864327,0,0,0,1.225
1308.37055921541,35.7267634187241,2,5,68.2783957211577,245.802224596168,6.84910749162191,0,8905.81139515496,0,0,0,1.225
1308.62055921541,35.7304242268254,2,5,68.3034707285212,245.892494622676,6.85005773612102,0,8909.08881236484,0,0,0,1.225
1308.87055921541,35.7340836914009,2,5,68.328540010615,245.982744038214,6.85100794496975,0,8912.36655026273,0,0,0,1.225
1309.12055921541,35.7377418137427,2,5,68.3536035736084,246.07297286499,6.85195811816811,0,8915.64460883552,0,0,0,1.225
1309.37055921541,35.7413985951409,2,5,68.3786614236596,246.163181125175,6.85290825571428,0,8918.92298806866,0,0,0,1.225
1309.62055921541,35.7450540368834,2,5,68.4037135669169,246.253368840901,6.85385835760644,0,8922.20168794759,0,0,0,1.225
1309.87055921541,35.748708140256,2,5,68.4287600095177,246.343536034264,6.85480842385732,0,8925.48070846938,0,0,0,1.225
1310.12055921541,35.7523609065424,2,5,68.4538007575894,246.433682727322,6.85575845445601,0,8928.76004961222,0,0,0,1.225
1310.37055921541,35.7560123370244,2,5,68.4788358172488,246.523808942096,6.85670844940432,0,8932.03971136446,0,0,0,1.225
1310.62055921541,35.7596624329815,2,5,68.5038651946023,246.613914700568,6.85765840870772,0,8935.31969371736,0,0,0,1.225
1310.87055921541,35.7633111956914,2,5,68.5288888957461,246.704000024686,6.85860833236256,0,8938.5999966549,0,0,0,1.225
1311.12055921541,35.7669586264296,2,5,68.553906926766,246.794064936358,6.85955822037249,0,8941.88062016691,0,0,0,1.225
1311.37055921541,35.7706047264695,2,5,68.5789192937376,246.884109457455,6.8605080727375,0,8945.16156424028,0,0,0,1.225
1311.62055921541,35.7742494970826,2,5,68.6039260027261,246.974133609814,6.8614578894576,0,8948.44282886191,0,0,0,1.225
1311.87055921541,35.7778929395382,2,5,68.6289270597866,247.064137415232,6.86240767053278,0,8951.7244140187,0,0,0,1.225
1312.12055921541,35.7815350551037,2,5,68.653922470964,247.154120895471,6.86335741596122,0,8955.00631969609,0,0,0,1.225
1312.37055921541,35.7851758450444,2,5,68.6789122422929,247.244084072254,6.86430712575384,0,8958.28854588973,0,0,0,1.225
1312.62055921541,35.7888153106235,2,5,68.7038963797977,247.334026967272,6.86525679989791,0,8961.57109257632,0,0,0,1.225
1312.87055921541,35.7924534531024,2,5,68.7288748894928,247.423949602174,6.86620643839706,0,8964.85395974568,0,0,0,1.225
1313.12055921541,35.7960902737402,2,5,68.7538477773824,247.513851998577,6.86715604126221,0,8968.13714739344,0,0,0,1.225
1313.37055921541,35.7997257737942,2,5,68.7788150494606,247.603734178058,6.86810560848062,0,8971.42065549631,0,0,0,1.225
1313.62055921541,35.8033599545197,2,5,68.8037767117114,247.693596162161,6.86905514006139,0,8974.70448404847,0,0,0,1.225
1313.87055921541,35.8069928171697,2,5,68.8287327701089,247.783437972392,6.87000463599907,0,8977.98863303246,0,0,0,1.225
1314.12055921541,35.8106243629957,2,5,68.8536832306169,247.873259630221,6.8709540962991,0,8981.27310243955,0,0,0,1.225
1314.37055921541,35.8142545932467,2,5,68.8786280991894,247.963061157082,6.87190352095968,0,8984.55789225518,0,0,0,1.225
1314.62055921541,35.8178835091699,2,5,68.9035673817705,248.052842574374,6.87285290998079,0,8987.84300246626,0,0,0,1.225
1314.87055921541,35.8215111120108,2,5,68.928501084294,248.142603903458,6.87380226336609,0,8991.1284330626,0,0,0,1.225
1315.12055921541,35.8251374030124,2,5,68.9534292126841,248.232345165663,6.87475158111192,0,8994.41418402819,0,0,0,1.225
1315.37055921541,35.8287623834161,2,5,68.9783517728549,248.322066382278,6.8757008632183,0,8997.70025534993,0,0,0,1.225
1315.62055921541,35.8323860544611,2,5,69.0032687707108,248.411767574559,6.87665010969067,0,9000.9866470191,0,0,0,1.225
1315.87055921541,35.8360084173849,2,5,69.028180212146,248.501448763726,6.87759932052541,0,9004.27335901969,0,0,0,1.225
1316.12055921541,35.8396294734228,2,5,69.0530861030451,248.591109970962,6.87854849572614,0,9007.56039134151,0,0,0,1.225
1316.37055921541,35.8432492238083,2,5,69.0779864492829,248.680751217419,6.87949763528923,0,9010.84774396856,0,0,0,1.225
1316.62055921541,35.8468676697726,2,5,69.1028812567243,248.770372524208,6.88044673921831,0,9014.13541689065,0,0,0,1.225
1316.87055921541,35.8504848125455,2,5,69.1277705312245,248.859973912408,6.88139580751158,0,9017.42341009322,0,0,0,1.225
1317.12055921541,35.8541006533544,2,5,69.1526542786287,248.949555403063,6.88234484017266,0,9020.7117235661,0,0,0,1.225
1317.37055921541,35.857715193425,2,5,69.1775325047728,249.039117017182,6.88329383719793,0,9024.00035729328,0,0,0,1.225
1317.62055921541,35.8613284339809,2,5,69.2024052154825,249.128658775737,6.884242798591,0,9027.28931126457,0,0,0,1.225
1317.87055921541,35.864940376244,2,5,69.2272724165742,249.218180699667,6.88519172434826,0,9030.57858546396,0,0,0,1.225
1318.12055921541,35.8685510214339,3,5,69.2521341138544,249.307682809876,6.88614061447697,0,9033.86817988419,0,0,0,1.225
1318.37055921541,35.8721603707686,3,5,69.2769903131201,249.397165127233,6.88708946897168,0,9037.15809450779,0,0,0,1.225
1318.62055921541,35.8757684254641,3,5,69.3018410201586,249.486627672571,6.88803828783421,0,9040.44832932312,0,0,0,1.225
1318.87055921541,35.8793751867344,3,5,69.3266862407476,249.576070466692,6.88898707106637,0,9043.73888431855,0,0,0,1.225
1319.12055921541,35.8829806557917,3,5,69.3515259806553,249.665493530359,6.88993581866634,0,9047.02975947952,0,0,0,1.225
1319.37055921541,35.8865848338462,3,5,69.3763602456401,249.754896884304,6.89088453063232,0,9050.32095479148,0,0,0,1.225
1319.62055921541,35.8901877221062,3,5,69.4011890414511,249.844280549224,6.89183320697157,0,9053.61247024717,0,0,0,1.225
1319.87055921541,35.8937893217781,3,5,69.4260123738278,249.93364454578,6.89278184767863,0,9056.90430582911,0,0,0,1.225
1320.12055921541,35.8973896340666,3,5,69.4508302485003,250.022988894601,6.89373045275534,0,9060.19646152568,0,0,0,1.225
1320.37055921541,35.9009886601742,3,5,69.475642671189,250.11231361628,6.89467902220349,0,9063.48893732523,0,0,0,1.225
1320.62055921541,35.9045864013016,3,5,69.5004496476051,250.201618731378,6.89562755602492,0,9066.78173321612,0,0,0,1.225
1320.87055921541,35.9081828586478,3,5,69.5252511834503,250.290904260421,6.89657605421417,0,9070.0748491809,0,0,0,1.225
1321.12055921541,35.9117780334098,3,5,69.5500472844167,250.3801702239,6.89752451677487,0,9073.36828520938,0,0,0,1.225
1321.37055921541,35.9153719267826,3,5,69.5748379561873,250.469416642274,6.8984729437052,0,9076.66204128701,0,0,0,1.225
1321.62055921541,35.9189645399596,3,5,69.5996232044355,250.558643535968,6.89942133501063,0,9079.95611740507,0,0,0,1.225
1321.87055921541,35.922555874132,3,5,69.6244030348256,250.647850925372,6.90036969068751,0,9083.25051354754,0,0,0,1.225
1322.12055921541,35.9261459304895,3,5,69.6491774530122,250.737038830844,6.90131801073585,0,9086.54522970135,0,0,0,1.225
1322.37055921541,35.9297347102196,3,5,69.673946464641,250.826207272707,6.90226629515564,0,9089.84026585339,0,0,0,1.225
1322.62055921541,35.9333222145082,3,5,69.6987100753481,250.915356271253,6.90321454394871,0,9093.13562199203,0,0,0,1.225
1322.87055921541,35.9369084445392,3,5,69.7234682907606,251.004485846738,6.90416275711686,0,9096.43129810562,0,0,0,1.225
1323.12055921541,35.9404934014948,3,5,69.7482211164962,251.093596019386,6.90511093465466,0,9099.72729417672,0,0,0,1.225
1323.37055921541,35.9440770865552,3,5,69.7729685581633,251.182686809388,6.90605907656936,0,9103.02361019805,0,0,0,1.225
1323.62055921541,35.9476595008988,3,5,69.7977106213614,251.271758236901,6.90700718285552,0,9106.32024615215,0,0,0,1.225
1323.87055921541,35.9512406457023,3,5,69.8224473116805,251.36081032205,6.90795525351859,0,9109.61720203029,0,0,0,1.225
1324.12055921541,35.9548205221403,3,5,69.8471786347016,251.449843084926,6.90890328855312,0,9112.91447781501,0,0,0,1.225
1324.37055921541,35.9583991313859,3,5,69.8719045959965,251.538856545588,6.90985128796274,0,9116.21207349614,0,0,0,1.225
1324.62055921541,35.9619764746102,3,5,69.8966252011281,251.627850724061,6.91079925174563,0,9119.50998905913,0,0,0,1.225
1324.87055921541,35.9655525529824,3,5,69.9213404556497,251.716825640339,6.91174717990179,0,9122.80822449087,0,0,0,1.225
1325.12055921541,35.96912736767,3,5,69.9460503651061,251.805781314382,6.91269507243487,0,9126.1067797812,0,0,0,1.225
1325.37055921541,35.9727009198388,3,5,69.9707549350328,251.894717766118,6.91364292934486,0,9129.40565491702,0,0,0,1.225
1325.62055921541,35.9762732106525,3,5,69.995454170956,251.983635015442,6.9145907506263,0,9132.70484988087,0,0,0,1.225
1325.87055921541,35.9798442412733,3,5,70.0201480783933,252.072533082216,6.91553853628284,0,9136.00436466257,0,0,0,1.225
1326.12055921541,35.9834140128614,3,5,70.0448366628532,252.161411986271,6.91648628631447,0,9139.30419924902,0,0,0,1.225
1326.37055921541,35.9869825265753,3,5,70.069519929835,252.250271747406,6.91743400072664,0,9142.60435363151,0,0,0,1.225
1326.62055921541,35.9905497835717,3,5,70.0941978848292,252.339112385385,6.91838167951028,0,9145.90482778966,0,0,0,1.225
1326.87055921541,35.9941157850055,3,5,70.1188705333175,252.427933919943,6.91932932267082,0,9149.20562171474,0,0,0,1.225
1327.12055921541,35.9976805320298,3,5,70.1435378807725,252.516736370781,6.92027693020646,0,9152.50673539222,0,0,0,1.225
1327.37055921541,36.0012440257959,3,5,70.1681999326578,252.605519757568,6.92122450211718,0,9155.80816880899,0,0,0,1.225
1327.62055921541,36.0048062674533,3,5,70.1928566944285,252.694284099943,6.92217203840664,0,9159.10992195488,0,0,0,1.225
1327.87055921541,36.00836725815,3,5,70.2175081715305,252.78302941751,6.92311953906938,0,9162.41199481243,0,0,0,1.225
1328.12055921541,36.0119269990319,3,5,70.2421543694009,252.871755729843,6.9240670041072,0,9165.71438736999,0,0,0,1.225
1328.37055921541,36.0154854912432,3,5,70.2667952934681,252.960463056485,6.92501443352558,0,9169.01709961886,0,0,0,1.225
1328.62055921541,36.0190427359265,3,5,70.2914309491517,253.049151416946,6.92596182731722,0,9172.32013154011,0,0,0,1.225
1328.87055921541,36.0225987342226,3,5,70.3160613418624,253.137820830705,6.92690918548396,0,9175.6234831221,0,0,0,1.225
1329.12055921541,36.0261534872703,3,5,70.3406864770023,253.226471317208,6.92785650802944,0,9178.92715435466,0,0,0,1.225
1329.37055921541,36.029706996207,3,5,70.3653063599646,253.315102895873,6.92880379495,0,9182.23114522179,0,0,0,1.225
1329.62055921541,36.0332592621681,3,5,70.389920996134,253.403715586082,6.92975104624929,0,9185.53545571329,0,0,0,1.225
1329.87055921541,36.0368102862874,3,5,70.4145303908861,253.49230940719,6.93069826192186,0,9188.84008581172,0,0,0,1.225
1330.12055921541,36.040360069697,3,5,70.4391345495883,253.580884378518,6.93164544197316,0,9192.14503550835,0,0,0,1.225
1330.37055921541,36.0439086135271,3,5,70.4637334775989,253.669440519356,6.93259258639955,0,9195.45030478718,0,0,0,1.225
1330.62055921541,36.0474559189063,3,5,70.4883271802679,253.757977848964,6.93353969520467,0,9198.75589363802,0,0,0,1.225
1330.87055921541,36.0510019869614,3,5,70.5129156629365,253.846496386571,6.93448676838489,0,9202.06180204488,0,0,0,1.225
1331.12055921541,36.0545468188176,3,5,70.5374989309372,253.934996151374,6.93543380594201,0,9205.36802999611,0,0,0,1.225
1331.37055921541,36.0580904155981,3,5,70.5620769895942,254.023477162539,6.93638080787241,0,9208.67457747571,0,0,0,1.225
1331.62055921541,36.0616327784248,3,5,70.5866498442229,254.111939439203,6.93732777418336,0,9211.98144447643,0,0,0,1.225
1331.87055921541,36.0651739084176,3,5,70.6112175001303,254.200383000469,6.93827470486758,0,9215.28863097933,0,0,0,1.225
1332.12055921541,36.0687138066947,3,5,70.6357799626146,254.288807865412,6.93922159993235,0,9218.59613697715,0,0,0,1.225
1332.37055921541,36.0722524743727,3,5,70.6603372369657,254.377214053077,6.94016845936858,0,9221.90396244953,0,0,0,1.225
1332.62055921541,36.0757899125665,3,5,70.6848893284651,254.465601582474,6.94111528318172,0,9225.21210738774,0,0,0,1.225
1332.87055921541,36.0793261223892,3,5,70.7094362423857,254.553970472588,6.9420620713754,0,9228.52057178159,0,0,0,1.225
1333.12055921541,36.0828611049524,3,5,70.7339779839918,254.64232074237,6.94300882394236,0,9231.82935561217,0,0,0,1.225
1333.37055921541,36.0863948613656,3,5,70.7585145585395,254.730652410742,6.94395554088624,0,9235.1384588693,0,0,0,1.225
1333.62055921541,36.0899273927372,3,5,70.7830459712763,254.818965496595,6.94490222220156,0,9238.44788153553,0,0,0,1.225
1333.87055921541,36.0934587001735,3,5,70.8075722274414,254.907260018789,6.94584886789926,0,9241.75762360649,0,0,0,1.225
1334.12055921541,36.0969887847792,3,5,70.8320933322657,254.995535996157,6.94679547796841,0,9245.06768506037,0,0,0,1.225
1334.37055921541,36.1005176476574,3,5,70.8566092909716,255.083793447498,6.94774205241447,0,9248.37806588842,0,0,0,1.225
1334.62055921541,36.1040452899095,3,5,70.8811201087731,255.172032391583,6.94868859123926,0,9251.68876607903,0,0,0,1.225
1334.87055921541,36.1075717126352,3,5,70.9056257908759,255.260252847153,6.94963509443369,0,9254.99978561181,0,0,0,1.225
1335.12055921541,36.1110969169325,3,5,70.9301263424776,255.34845483292,6.95058156200685,0,9258.31112448096,0,0,0,1.225
1335.37055921541,36.114620903898,3,5,70.9546217687673,255.436638367562,6.9515279939551,0,9261.62278267047,0,0,0,1.225
1335.62055921541,36.1181436746262,3,5,70.9791120749259,255.524803469733,6.95247439027662,0,9264.93476016579,0,0,0,1.225
1335.87055921541,36.1216652302104,3,5,71.0035972661259,255.612950158053,6.95342075097506,0,9268.24705695674,0,0,0,1.225
1336.12055921541,36.1251855717419,3,5,71.0280773475318,255.701078451114,6.95436707604676,0,9271.55967302733,0,0,0,1.225
1336.37055921541,36.1287047003105,3,5,71.0525523242997,255.789188367479,6.95531336549539,0,9274.87260836736,0,0,0,1.225
1336.62055921541,36.1322226170045,3,5,71.0770222015775,255.877279925679,6.95625961931546,0,9278.18586295938,0,0,0,1.225
1336.87055921541,36.1357393229102,3,5,71.1014869845051,255.965353144219,6.95720583751427,0,9281.49943679611,0,0,0,1.225
1337.12055921541,36.1392548191127,3,5,71.1259466782141,256.053408041571,6.95815202008089,0,9284.81332985574,0,0,0,1.225
1337.37055921541,36.142769106695,3,5,71.1504012878278,256.14144463618,6.9590981670226,0,9288.12754213099,0,0,0,1.225
1337.62055921541,36.146282186739,3,5,71.1748508184616,256.229462946462,6.96004427834123,0,9291.44207361023,0,0,0,1.225
1337.87055921541,36.1497940603244,3,5,71.1992952752228,256.317462990802,6.96099035403495,0,9294.75692427891,0,0,0,1.225
1338.12055921541,36.1533047285297,3,5,71.2237346632104,256.405444787557,6.9619363940983,0,9298.07209411956,0,0,0,1.225
1338.37055921541,36.1568141924318,3,5,71.2481689875154,256.493408355056,6.96288239853311,0,9301.38758312055,0,0,0,1.225
1338.62055921541,36.1603224531056,3,5,71.2725982532209,256.581353711595,6.96382836734301,0,9304.7033912717,0,0,0,1.225
1338.87055921541,36.1638295116247,3,5,71.2970224654017,256.669280875446,6.96477430052619,0,9308.01951855847,0,0,0,1.225
1339.12055921541,36.167335369061,3,5,71.3214416291247,256.757189864849,6.96572019808082,0,9311.33596496629,0,0,0,1.225
1339.37055921541,36.1708400264849,3,5,71.3458557494489,256.845080698016,6.96666606000872,0,9314.65273048353,0,0,0,1.225
1339.62055921541,36.1743434849651,3,5,71.370264831425,256.93295339313,6.96761188630626,0,9317.9698150942,0,0,0,1.225
1339.87055921541,36.1778457455686,3,5,71.3946688800961,257.020807968346,6.96855767697889,0,9321.28721878956,0,0,0,1.225
1340.12055921541,36.181346809361,3,5,71.4190679004971,257.10864444179,6.96950343201752,0,9324.60494154924,0,0,0,1.225
1340.37055921541,36.1848466774061,3,5,71.443461897655,257.196462831558,6.97044915143124,0,9327.92298336743,0,0,0,1.225
1340.62055921541,36.1883453507665,3,5,71.4678508765888,257.28426315572,6.9713948352146,0,9331.24134422666,0,0,0,1.225
1340.87055921541,36.1918428305027,3,5,71.4922348423099,257.372045432315,6.97234048336759,0,9334.56002411384,0,0,0,1.225
1341.12055921541,36.195339117674,3,5,71.5166137998214,257.459809679357,6.97328609589385,0,9337.87902301879,0,0,0,1.225
1341.37055921541,36.198834213338,3,5,71.5409877541188,257.547555914828,6.97423167278612,0,9341.1983409226,0,0,0,1.225
1341.62055921541,36.2023281185506,3,5,71.5653567101896,257.635284156683,6.97517721405166,0,9344.51797781798,0,0,0,1.225
1341.87055921541,36.2058208343664,3,5,71.5897206730136,257.722994422849,6.97612271967955,0,9347.83793368312,0,0,0,1.225
1342.12055921541,36.2093123618382,3,5,71.6140796475627,257.810686731226,6.97706818968436,0,9351.15820851657,0,0,0,1.225
1342.37055921541,36.2128027020172,3,5,71.6384336388009,257.898361099683,6.97801362405517,0,9354.47880229649,0,0,0,1.225
1342.62055921541,36.2162918559534,3,5,71.6627826516847,257.986017546065,6.97895902279379,0,9357.79971501124,0,0,0,1.225
1342.87055921541,36.2197798246948,3,5,71.6871266911624,258.073656088185,6.97990438589841,0,9361.12094664629,0,0,0,1.225
1343.12055921541,36.2232666092882,3,5,71.711465762175,258.16127674383,6.98084971337266,0,9364.44249719143,0,0,0,1.225
1343.37055921541,36.2267522107785,3,5,71.7357998696553,258.248879530759,6.98179500521474,0,9367.76436663213,0,0,0,1.225
1343.62055921541,36.2302366302094,3,5,71.7601290185288,258.336464466704,6.98274026142462,0,9371.08655495528,0,0,0,1.225
1343.87055921541,36.2337198686228,3,5,71.784453213713,258.424031569367,6.98368548199505,0,9374.40906214198,0,0,0,1.225
1344.12055921541,36.2372019270592,3,5,71.8087724601179,258.511580856424,6.98463066693876,0,9377.73188818931,0,0,0,1.225
1344.37055921541,36.2406828065575,3,5,71.8330867626457,258.599112345524,6.98557581624664,0,9381.0550330769,0,0,0,1.225
1344.62055921541,36.244162508155,3,5,71.8573961261909,258.686626054287,6.98652092991688,0,9384.3784967902,0,0,0,1.225
1344.87055921541,36.2476410328877,3,5,71.8817005556407,258.774122000306,6.98746600795494,0,9387.70227932048,0,0,0,1.225
1345.12055921541,36.2511183817898,3,5,71.9060000558741,258.861600201147,6.98841105035717,0,9391.02638065173,0,0,0,1.225
1345.37055921541,36.2545945558941,3,5,71.930294631763,258.949060674347,6.98935605712359,0,9394.35080077087,0,0,0,1.225
1345.62055921541,36.2580695562319,3,5,71.9545842881715,259.036503437418,6.99030102825236,0,9397.67553966332,0,0,0,1.225
1345.87055921541,36.261543383833,3,5,71.9788690299562,259.123928507842,6.99124596374349,0,9401.00059731601,0,0,0,1.225
1346.12055921541,36.2650160397255,3,5,72.0031488619659,259.211335903077,6.99219086359881,0,9404.32597371728,0,0,0,1.225
1346.37055921541,36.2684875249362,3,5,72.0274237890421,259.298725640552,6.9931357278183,0,9407.65166885405,0,0,0,1.225
1346.62055921541,36.2719578404903,3,5,72.0516938160188,259.386097737668,6.99408055639651,0,9410.97768270884,0,0,0,1.225
1346.87055921541,36.2754269874115,3,5,72.0759589477224,259.4734522118,6.99502534933708,0,9414.30401527148,0,0,0,1.225
1347.12055921541,36.2788949667219,3,5,72.1002191889716,259.560789080298,6.99597010664365,0,9417.63066653177,0,0,0,1.225
1347.37055921541,36.2823617794424,3,5,72.1244745445781,259.648108360481,6.99691482830531,0,9420.95763646789,0,0,0,1.225
1347.62055921541,36.285827426592,3,5,72.1487250193456,259.735410069644,6.99785951433114,0,9424.28492507402,0,0,0,1.225
1347.87055921541,36.2892919091885,3,5,72.1729706180708,259.822694225055,6.99880416471387,0,9427.61253233123,0,0,0,1.225
1348.12055921541,36.2927552282481,3,5,72.1972113455427,259.909960843954,6.99974877945351,0,9430.94045822643,0,0,0,1.225
1348.37055921541,36.2962173847855,3,5,72.2214472065428,259.997209943554,7.00069335855733,0,9434.26870275234,0,0,0,1.225
1348.62055921541,36.299678379814,3,5,72.2456782058456,260.084441541044,7.00163790201805,0,9437.59726589005,0,0,0,1.225
1348.87055921541,36.3031382143453,3,5,72.2699043482179,260.171655653584,7.00258240983203,0,9440.92614762354,0,0,0,1.225
1349.12055921541,36.3065968893896,3,5,72.2941256384191,260.258852298309,7.00352688200655,0,9444.25534794553,0,0,0,1.225
1349.37055921541,36.3100544059558,3,5,72.3183420812014,260.346031492325,7.00447131853798,0,9447.58486684002,0,0,0,1.225
1349.62055921541,36.3135107650513,3,5,72.3425536813095,260.433193252714,7.00541571942813,0,9450.91470429537,0,0,0,1.225
1349.87055921541,36.3169659676817,3,5,72.3667604434811,260.520337596532,7.0063600846679,0,9454.24486029119,0,0,0,1.225
1350.12055921541,36.3204200148516,3,5,72.3909623724461,260.607464540806,7.00730441427004,0,9457.57533482458,0,0,0,1.225
1350.37055921541,36.3238729075639,3,5,72.4151594729276,260.694574102539,7.00824870821998,0,9460.90612787079,0,0,0,1.225
1350.62055921541,36.3273246468201,3,5,72.439351749641,260.781666298708,7.00919296652864,0,9464.23723942546,0,0,0,1.225
1350.87055921541,36.33077523362,3,5,72.4635392072948,260.868741146261,7.01013718918693,0,9467.5686694682,0,0,0,1.225
1351.12055921541,36.3342246689623,3,5,72.4877218505899,260.955798662124,7.01108137620031,0,9470.90041799029,0,0,0,1.225
1351.37055921541,36.3376729538442,3,5,72.5118996842204,261.042838863193,7.01202552756513,0,9474.23248497571,0,0,0,1.225
1351.62055921541,36.3411200892611,3,5,72.5360727128727,261.129861766342,7.01296964328503,0,9477.56487041428,0,0,0,1.225
1351.87055921541,36.3445660762074,3,5,72.5602409412263,261.216867388415,7.01391372335092,0,9480.89757428561,0,0,0,1.225
1352.12055921541,36.3480109156757,3,5,72.5844043739534,261.303855746232,7.01485776777008,0,9484.23059658243,0,0,0,1.225
1352.37055921541,36.3514546086574,3,5,72.6085630157192,261.390826856589,7.0158017765425,0,9487.56393729164,0,0,0,1.225
1352.62055921541,36.3548971561425,3,5,72.6327168711815,261.477780736253,7.01674574965728,0,9490.89759639139,0,0,0,1.225
1352.87055921541,36.3583385591192,3,5,72.6568659449911,261.564717401968,7.01768968712531,0,9494.23157387733,0,0,0,1.225
1353.12055921541,36.3617788185747,3,5,72.6810102417917,261.65163687045,7.01863358894116,0,9497.56586973199,0,0,0,1.225
1353.37055921541,36.3652179354945,3,5,72.7051497662197,261.738539158391,7.01957745510663,0,9500.90048394371,0,0,0,1.225
1353.62055921541,36.3686559108628,3,5,72.7292845229047,261.825424282457,7.02052128561627,0,9504.23541649503,0,0,0,1.225
1353.87055921541,36.3720927456624,3,5,72.7534145164689,261.912292259288,7.0214650804719,0,9507.5706673743,0,0,0,1.225
1354.12055921541,36.3755284408744,3,5,72.7775397515276,261.999143105499,7.02240883967352,0,9510.90623656842,0,0,0,1.225
1354.37055921541,36.3789629974789,3,5,72.8016602326891,262.085976837681,7.02335256321931,0,9514.24212406283,0,0,0,1.225
1354.62055921541,36.3823964164543,3,5,72.8257759645545,262.172793472396,7.02429625110926,0,9517.57832984443,0,0,0,1.225
1354.87055921541,36.3858286987777,3,5,72.849886951718,262.259593026185,7.02523990334703,0,9520.91485390302,0,0,0,1.225
1355.12055921541,36.3892598454248,3,5,72.8739931987668,262.346375515561,7.02618351992714,0,9524.25169622114,0,0,0,1.225
1355.37055921541,36.3926898573698,3,5,72.8980947102811,262.433140957012,7.02712710084597,0,9527.58885678278,0,0,0,1.225
1355.62055921541,36.3961187355856,3,5,72.9221914908339,262.519889367002,7.02807064611079,0,9530.92633558063,0,0,0,1.225
1355.87055921541,36.3995464810436,3,5,72.9462835449915,262.60662076197,7.0290141557125,0,9534.26413259434,0,0,0,1.225
1356.12055921541,36.4029730947139,3,5,72.9703708773133,262.693335158328,7.02995762965656,0,9537.60224781515,0,0,0,1.225
1356.37055921541,36.4063985775652,3,5,72.9944534923514,262.780032572465,7.03090106794116,0,9540.94068122851,0,0,0,1.225
1356.62055921541,36.4098229305647,3,5,73.0185313946513,262.866713020745,7.03184447056083,0,9544.27943281694,0,0,0,1.225
1356.87055921541,36.4132461546783,3,5,73.0426045887514,262.953376519505,7.03278783752103,0,9547.61850257171,0,0,0,1.225
1357.12055921541,36.4166682508706,3,5,73.0666730791835,263.040023085061,7.03373116882176,0,9550.95789047971,0,0,0,1.225
1357.37055921541,36.4200892201046,3,5,73.0907368704721,263.1266527337,7.03467446445393,0,9554.29759652056,0,0,0,1.225
1357.62055921541,36.4235090633421,3,5,73.1147959671353,263.213265481687,7.03561772442299,0,9557.63762068552,0,0,0,1.225
1357.87055921541,36.4269277815434,3,5,73.1388503736838,263.299861345262,7.03656094873259,0,9560.97796296439,0,0,0,1.225
1358.12055921541,36.4303453756676,3,5,73.1629000946219,263.386440340639,7.0375041373718,0,9564.31862333533,0,0,0,1.225
1358.37055921541,36.4337618466722,3,5,73.186945134447,263.473002484009,7.0384472903479,0,9567.65960179106,0,0,0,1.225
1358.62055921541,36.4371771955135,3,5,73.2109854976496,263.559547791539,7.03939040765363,0,9571.00089831264,0,0,0,1.225
1358.87055921541,36.4405914231463,3,5,73.2350211887134,263.646076279368,7.04033348929443,0,9574.34251289135,0,0,0,1.225
1359.12055921541,36.4440045305242,3,5,73.2590522121153,263.732587963615,7.04127653526666,0,9577.68444551115,0,0,0,1.225
1359.37055921541,36.4474165185994,3,5,73.2830785723256,263.819082860372,7.04221954557033,0,9581.02669615894,0,0,0,1.225
1359.62055921541,36.4508273883226,3,5,73.3071002738077,263.905560985708,7.04316252019999,0,9584.36926481725,0,0,0,1.225
1359.87055921541,36.4542371406432,3,5,73.3311173210182,263.992022355665,7.04410545916471,0,9587.71215148023,0,0,0,1.225
1360.12055921541,36.4576457765094,3,5,73.3551297184071,264.078466986266,7.04504836245178,0,9591.05535612461,0,0,0,1.225
1360.37055921541,36.461053296868,3,5,73.3791374704178,264.164894893504,7.0459912300721,0,9594.398878746,0,0,0,1.225
1360.62055921541,36.4644597026642,3,5,73.4031405814866,264.251306093352,7.04693406201659,0,9597.74271932401,0,0,0,1.225
1360.87055921541,36.4678649948421,3,5,73.4271390560436,264.337700601757,7.04787685828524,0,9601.08687784553,0,0,0,1.225
1361.12055921541,36.4712691743444,3,5,73.4511328985119,264.424078434643,7.04881961887986,0,9604.43135429891,0,0,0,1.225
1361.37055921541,36.4746722981985,3,5,73.4702785088643,264.493002631912,4.20278076206887,0,7329.66775042011,0,0,0,1.225
1361.62055921541,36.4780753175552,3,5,73.4315580902789,264.353609125004,-26.9551831784047,0,0,17600.8841559027,0,0,1.225
1361.87055921541,36.4814819775522,3,5,73.3398019235023,264.023286924608,-26.9135263714525,0,0,17577.4570857207,0,0,1.225
1362.12055921541,36.4848929016932,3,5,73.2480728905605,263.693062406018,-26.8719296192467,0,0,17554.0627614944,0,0,1.225
1362.37055921541,36.4883080994031,3,5,73.1563708884302,263.362935198349,-26.8303928420009,0,0,17530.7011414501,0,0,1.225
1362.62055921541,36.4917275801423,3,5,73.0646958138132,263.032904929728,-26.7889159600036,0,0,17507.3721838445,0,0,1.225
1362.87055921541,36.4951513534067,3,5,72.9730475631355,262.702971227288,-26.7474988936574,0,0,17484.075846997,0,0,1.225
1363.12055921541,36.4985794287285,3,5,72.8814260325452,262.373133717163,-26.706141563458,0,0,17460.8120892714,0,0,1.225
1363.37055921541,36.5020118156758,3,5,72.789831117911,262.043392024479,-26.6648438899956,0,0,17437.5808690786,0,0,1.225
1363.62055921541,36.505448523853,3,5,72.6982627148202,261.713745773353,-26.6236057939514,0,0,17414.3821448726,0,0,1.225
1363.87055921541,36.5088895629012,3,5,72.6067207185774,261.384194586879,-26.5824271961192,0,0,17391.2158751688,0,0,1.225
1364.12055921541,36.5123349424982,3,5,72.5152050242025,261.054738087129,-26.5413080173694,0,0,17368.0820185144,0,0,1.225
1364.37055921541,36.5157846723586,3,5,72.423715526429,260.725375895144,-26.5002481786905,0,0,17344.9805335224,0,0,1.225
1364.62055921541,36.5192387622343,3,5,72.3322521197021,260.396107630928,-26.4592476011458,0,0,17321.9113788361,0,0,1.225
1364.87055921541,36.5226972219145,3,5,72.2408146981773,260.066932913438,-26.4183062059146,0,0,17298.8745131633,0,0,1.225
1365.12055921541,36.5261600612258,3,5,72.1494031557181,259.737851360585,-26.3774239142513,0,0,17275.8698952422,0,0,1.225
1365.37055921541,36.5296272900328,3,5,72.0580173858947,259.408862589221,-26.3366006475298,0,0,17252.8974838782,0,0,1.225
1365.62055921541,36.5330989182381,3,5,71.9666572819817,259.079966215134,-26.2958363271991,0,0,17229.9572379078,0,0,1.225
1365.87055921541,36.5365749557821,3,5,71.8753227369569,258.751161853045,-26.255130874817,0,0,17207.0491162255,0,0,1.225
1366.12055921541,36.5400554126441,3,5,71.7840136434987,258.422449116595,-26.2144842120269,0,0,17184.1730777656,0,0,1.225
1366.37055921541,36.5435402988417,3,5,71.6927298939847,258.093827618345,-26.1738962605832,0,0,17161.3290815225,0,0,1.225
1366.62055921541,36.5470296244314,3,5,71.60147138049,257.765296969764,-26.1333669423166,0,0,17138.5170865227,0,0,1.225
1366.87055921541,36.5505233995088,3,5,71.5102379947847,257.436856781225,-26.0928961791669,0,0,17115.7370518515,0,0,1.225
1367.12055921541,36.5540216342088,3,5,71.4190296283327,257.108506661998,-26.0524838931669,0,0,17092.9889366398,0,0,1.225
1367.37055921541,36.5575243387056,3,5,71.3278461722893,256.780246220242,-26.0121300064384,0,0,17070.272700061,0,0,1.225
1367.62055921541,36.5610315232134,3,5,71.2366875174994,256.452075062998,-25.9718344412049,0,0,17047.5883013415,0,0,1.225
1367.87055921541,36.5645431979861,3,5,71.1455535544957,256.123992796184,-25.9315971197775,0,0,17024.9356997489,0,0,1.225
1368.12055921541,36.5680593733178,3,5,71.0544441734964,255.795999024587,-25.8914179645726,0,0,17002.3148546068,0,0,1.225
1368.37055921541,36.5715800595432,3,5,70.9633592644039,255.468093351854,-25.8512968980904,0,0,16979.725725277,0,0,1.225
1368.62055921541,36.5751052670375,3,5,70.8722987168019,255.140275380487,-25.8112338429401,0,0,16957.1682711804,0,0,1.225
1368.87055921541,36.5786350062166,3,5,70.7812624199541,254.812544711835,-25.7712287218055,0,0,16934.642451769,0,0,1.225
1369.12055921541,36.5821692875377,3,5,70.6902502628021,254.484900946088,-25.7312814574798,0,0,16912.1482265539,0,0,1.225
1369.37055921541,36.5857081214993,3,5,70.5992621339629,254.157343682267,-25.6913919728449,0,0,16889.6855550888,0,0,1.225
1369.62055921541,36.5892515186414,3,5,70.5082979217275,253.829872518219,-25.6515601908777,0,0,16867.2543969751,0,0,1.225
1369.87055921541,36.5927994895458,3,5,70.4173575140583,253.50248705061,-25.6117860346512,0,0,16844.8547118629,0,0,1.225
1370.12055921541,36.5963520448364,3,5,70.3264407985873,253.175186874914,-25.5720694273332,0,0,16822.4864594496,0,0,1.225
1370.37055921541,36.5999091951793,3,5,70.235547662614,252.84797158541,-25.5324102921768,0,0,16800.1495994729,0,0,1.225
1370.62055921541,36.6034709512832,3,5,70.1446779931033,252.520840775172,-25.4928085525389,0,0,16777.8440917254,0,0,1.225
1370.87055921541,36.6070373238996,3,5,70.0538316766831,252.193794036059,-25.4532641318638,0,0,16755.569896041,0,0,1.225
1371.12055921541,36.6106083238229,3,5,69.9630085996425,251.866830958713,-25.4137769536919,0,0,16733.326972303,0,0,1.225
1371.37055921541,36.6141839618909,3,5,69.8722086479297,251.539951132547,-25.374346941664,0,0,16711.1152804465,0,0,1.225
1371.62055921541,36.6177642489847,3,5,69.7814317071492,251.213154145737,-25.3349740194953,0,0,16688.9347804381,0,0,1.225
1371.87055921541,36.6213491960295,3,5,69.6906776625604,250.886439585218,-25.2956581110102,0,0,16666.785432304,0,0,1.225
1372.12055921541,36.6249388139944,3,5,69.599946399075,250.55980703667,-25.2563991401257,0,0,16644.6671961163,0,0,1.225
1372.37055921541,36.6285331138926,3,5,69.5092378012547,250.233256084517,-25.2171970308445,0,0,16622.5800319878,0,0,1.225
1372.62055921541,36.6321321067821,3,5,69.418551753309,249.906786311913,-25.1780517072675,0,0,16600.5239000818,0,0,1.225
1372.87055921541,36.6357358037656,3,5,69.3278881390933,249.580397300736,-25.138963093581,0,0,16578.4987606022,0,0,1.225
1373.12055921541,36.6393442159908,3,5,69.237246842106,249.254088631582,-25.0999311140804,0,0,16556.5045738124,0,0,1.225
1373.37055921541,36.6429573546509,3,5,69.1466277454867,248.927859883752,-25.0609556931377,0,0,16534.541300009,0,0,1.225
1373.62055921541,36.6465752309845,3,5,69.0560307320137,248.601710635249,-25.0220367552192,0,0,16512.6088995367,0,0,1.225
1373.87055921541,36.6501978562763,3,5,68.9654556841017,248.275640462766,-24.9831742248898,0,0,16490.7073327907,0,0,1.225
1374.12055921541,36.653825241857,3,5,68.8749024837994,247.949648941678,-24.9443680268032,0,0,16468.8365602102,0,0,1.225
1374.37055921541,36.6574573991037,3,5,68.7843710127871,247.623735646034,-24.9056180857115,0,0,16446.996542285,0,0,1.225
1374.62055921541,36.6610943394402,3,5,68.6938611523745,247.297900148548,-24.8669243264467,0,0,16425.1872395414,0,0,1.225
1374.87055921541,36.6647360743373,3,5,68.6033727834981,246.972142020593,-24.8282866739391,0,0,16403.4086125567,0,0,1.225
1375.12055921541,36.6683826153131,3,5,68.5129057867189,246.646460832188,-24.7897050532192,0,0,16381.6606219606,0,0,1.225
1375.37055921541,36.6720339739332,3,5,68.4224600422198,246.320856151991,-24.7511793893937,0,0,16359.9432284165,0,0,1.225
1375.62055921541,36.6756901618109,3,5,68.3320354298033,245.995327547292,-24.7127096076729,0,0,16338.2563926431,0,0,1.225
1375.87055921541,36.6793511906077,3,5,68.2416318288891,245.669874584001,-24.674295633351,0,0,16316.6000753986,0,0,1.225
1376.12055921541,36.6830170720334,3,5,68.151249118511,245.34449682664,-24.635937391824,0,0,16294.9742374954,0,0,1.225
1376.37055921541,36.6866878178467,3,5,68.0608871773154,245.019193838335,-24.5976348085642,0,0,16273.3788397794,0,0,1.225
1376.62055921541,36.690363439855,3,5,67.9705458835577,244.693965180808,-24.5593878091477,0,0,16251.8138431521,0,0,1.225
1376.87055921541,36.6940439499151,3,5,67.8802251151006,244.368810414362,-24.5211963192396,0,0,16230.2792085593,0,0,1.225
1377.12055921541,36.6977293599334,3,5,67.7899247494107,244.043729097879,-24.4830602645889,0,0,16208.774896986,0,0,1.225
1377.37055921541,36.7014196818661,3,5,67.6996446635569,243.718720788805,-24.4449795710407,0,0,16187.3008694672,0,0,1.225
1377.62055921541,36.7051149277195,3,5,67.6093847342066,243.393785043144,-24.4069541645331,0,0,16165.8570870851,0,0,1.225
1377.87055921541,36.7088151095504,3,5,67.5191448376241,243.068921415447,-24.3689839710969,0,0,16144.4435109685,0,0,1.225
1378.12055921541,36.7125202394666,3,5,67.4289248496673,242.744129458802,-24.3310689168393,0,0,16123.0601022806,0,0,1.225
1378.37055921541,36.7162303296266,3,5,67.3387246457852,242.419408724827,-24.2932089279766,0,0,16101.7068222444,0,0,1.225
1378.62055921541,36.7199453922406,3,5,67.2485441010151,242.094758763655,-24.255403930807,0,0,16080.3836321216,0,0,1.225
1378.87055921541,36.7236654395704,3,5,67.1583830899803,241.770179123929,-24.2176538517106,0,0,16059.0904932119,0,0,1.225
1379.12055921541,36.7273904839298,3,5,67.0682414868865,241.445669352792,-24.1799586171765,0,0,16037.8273668758,0,0,1.225
1379.37055921541,36.7311205376851,3,5,66.97811916552,241.121228995872,-24.1423181537666,0,0,16016.5942145046,0,0,1.225
1379.62055921541,36.7348556132549,3,5,66.8880159992439,240.796857597278,-24.104732388143,0,0,15995.3909975428,0,0,1.225
1379.87055921541,36.7385957231113,3,5,66.7979318609964,240.472554699587,-24.067201247055,0,0,15974.2176774778,0,0,1.225
1380.12055921541,36.7423408797793,3,5,66.7078666232868,240.148319843832,-24.0297246573391,0,0,15953.0742158401,0,0,1.225
1380.37055921541,36.7460910958378,3,5,66.6178201581934,239.824152569496,-23.9923025459266,0,0,15931.9605742087,0,0,1.225
1380.62055921541,36.7498463839196,3,5,66.5277923373605,239.500052414498,-23.9549348398341,0,0,15910.8767142043,0,0,1.225
1380.87055921541,36.7536067567117,3,5,66.4377830319951,239.176018915182,-23.9176214661711,0,0,15889.8225974951,0,0,1.225
1381.12055921541,36.7573722269559,3,5,66.3477921128645,238.852051606312,-23.8803623521289,0,0,15868.798185788,0,0,1.225
1381.37055921541,36.761142807449,3,5,66.2578194502928,238.528150021054,-23.8431574250026,0,0,15847.803440846,0,0,1.225
1381.62055921541,36.7649185110431,3,5,66.1678649141584,238.20431369097,-23.8060066121598,0,0,15826.8383244636,0,0,1.225
1381.87055921541,36.768699350646,3,5,66.0779283738905,237.880542146006,-23.7689098410719,0,0,15805.9027984916,0,0,1.225
1382.12055921541,36.7724853392214,3,5,65.9880096984665,237.55683491448,-23.7318670392888,0,0,15784.9968248168,0,0,1.225
1382.37055921541,36.7762764897895,3,5,65.8981087564088,237.233191523072,-23.6948781344563,0,0,15764.1203653765,0,0,1.225
1382.62055921541,36.7800728154273,3,5,65.8082254157813,236.909611496813,-23.6579430543025,0,0,15743.2733821469,0,0,1.225
1382.87055921541,36.7838743292688,3,5,65.7183595441871,236.586094359074,-23.6210617266497,0,0,15722.4558371532,0,0,1.225
1383.12055921541,36.7876810445054,3,5,65.6285110087646,236.262639631552,-23.5842340794079,0,0,15701.6676924641,0,0,1.225
1383.37055921541,36.7914929743865,3,5,65.5386796761846,235.939246834265,-23.5474600405742,0,0,15680.9089101916,0,0,1.225
1383.62055921541,36.7953101322195,3,5,65.4488654126474,235.615915485531,-23.5107395382329,0,0,15660.1794524912,0,0,1.225
1383.87055921541,36.7991325313704,3,5,65.3590680838791,235.292645101965,-23.4740725005595,0,0,15639.4792815646,0,0,1.225
1384.12055921541,36.8029601852643,3,5,65.2692875551284,234.969435198462,-23.4374588558185,0,0,15618.8083596586,0,0,1.225
1384.37055921541,36.8067931073852,3,5,65.1795236911639,234.64628528819,-23.4008985323562,0,0,15598.1666490588,0,0,1.225
1384.62055921541,36.8106313112773,3,5,65.0897763562701,234.323194882572,-23.3643914586173,0,0,15577.5541121036,0,0,1.225
1384.87055921541,36.8144748105443,3,5,65.0000454142443,234.000163491279,-23.3279375631228,0,0,15556.9707111656,0,0,1.225
1385.12055921541,36.8183236188509,3,5,64.9103307283934,233.677190622216,-23.2915367744899,0,0,15536.4164086689,0,0,1.225
1385.37055921541,36.8221777499221,3,5,64.8206321615305,233.35427578151,-23.2551890214181,0,0,15515.8911670765,0,0,1.225
1385.62055921541,36.8260372175446,3,5,64.7309495759711,233.031418473496,-23.218894232703,0,0,15495.3949489023,0,0,1.225
1385.87055921541,36.8299020355664,3,5,64.6412828335301,232.708618200708,-23.1826523372165,0,0,15474.9277166953,0,0,1.225
1386.12055921541,36.8337722178976,3,5,64.5516317955181,232.385874463865,-23.146463263929,0,0,15454.4894330571,0,0,1.225
1386.37055921541,36.8376477785107,3,5,64.461996322738,232.063186761857,-23.1103269418873,0,0,15434.080060624,0,0,1.225
1386.62055921541,36.8415287314411,3,5,64.3723762754814,231.740554591733,-23.0742433002342,0,0,15413.6995620835,0,0,1.225
1386.87055921541,36.8454150907874,3,5,64.2827715135249,231.41797744869,-23.0382122681931,0,0,15393.3479001613,0,0,1.225
1387.12055921541,36.8493068707116,3,5,64.1931818961269,231.095454826057,-23.0022337750815,0,0,15373.0250376326,0,0,1.225
1387.37055921541,36.8532040854402,3,5,64.1036072820234,230.772986215284,-22.9663077502992,0,0,15352.7309373119,0,0,1.225
1387.62055921541,36.8571067492638,3,5,64.014047529425,230.45057110593,-22.9304341233328,0,0,15332.4655620581,0,0,1.225
1387.87055921541,36.861014876538,3,5,63.9245024960125,230.128208985645,-22.8946128237567,0,0,15312.2288747738,0,0,1.225
1388.12055921541,36.8649284816838,3,5,63.8349720389338,229.805899340162,-22.8588437812314,0,0,15292.0208384047,0,0,1.225
1388.37055921541,36.8688475791878,3,5,63.7454560147998,229.483641653279,-22.8231269255057,0,0,15271.8414159415,0,0,1.225
1388.62055921541,36.8727721836029,3,5,63.6559542796807,229.161435406851,-22.7874621864121,0,0,15251.6905704159,0,0,1.225
1388.87055921541,36.8767023095486,3,5,63.5664666891021,228.839280080768,-22.7518494938695,0,0,15231.5682649031,0,0,1.225
1389.12055921541,36.8806379717113,3,5,63.4769930980413,228.517175152949,-22.7162887778895,0,0,15211.4744625266,0,0,1.225
1389.37055921541,36.8845791848451,3,5,63.3875333609234,228.195120099324,-22.6807799685594,0,0,15191.4091264446,0,0,1.225
1389.62055921541,36.8885259637719,3,5,63.2980873316171,227.873114393821,-22.6453229960616,0,0,15171.3722198661,0,0,1.225
1389.87055921541,36.892478323382,3,5,63.208654863431,227.551157508352,-22.6099177906599,0,0,15151.3637060393,0,0,1.225
1390.12055921541,36.8964362786348,3,5,63.1192358091097,227.229248912795,-22.5745642827042,0,0,15131.3835482557,0,0,1.225
1390.37055921541,36.9003998445586,3,5,63.0298300208295,226.907388074986,-22.5392624026326,0,0,15111.4317098519,0,0,1.225
1390.62055921541,36.9043690362518,3,5,62.9404373501946,226.5855744607,-22.5040120809654,0,0,15091.5081542045,0,0,1.225
1390.87055921541,36.9083438688829,3,5,62.8510576482325,226.263807533637,-22.4688132483116,0,0,15071.6128447357,0,0,1.225
1391.12055921541,36.912324357691,3,5,62.7616907653907,225.942086755407,-22.4336658353632,0,0,15051.7457449086,0,0,1.225
1391.37055921541,36.9163105179867,3,5,62.6723365515317,225.620411585514,-22.3985697728995,0,0,15031.9068182307,0,0,1.225
1391.62055921541,36.9203023651519,3,5,62.5829948559294,225.298781481346,-22.3635249917861,0,0,15012.096028253,0,0,1.225
1391.87055921541,36.9242999146409,3,5,62.4936655272645,224.977195898152,-22.3285314229688,0,0,14992.3133385653,0,0,1.225
1392.12055921541,36.9283031819806,3,5,62.4043484136201,224.655654289032,-22.2935889974851,0,0,14972.5587128057,0,0,1.225
1392.37055921541,36.9323121827709,3,5,62.3150433624779,224.334156104921,-22.2586976464509,0,0,14952.8321146491,0,0,1.225
1392.62055921541,36.9363269326854,3,5,62.2257502207135,224.012700794569,-22.2238573010745,0,0,14933.1335078196,0,0,1.225
1392.87055921541,36.9403474474719,3,5,62.1364688345918,223.69128780453,-22.1890678926411,0,0,14913.4628560772,0,0,1.225
1393.12055921541,36.9443737429526,3,5,62.0471990497629,223.369916579147,-22.1543293525265,0,0,14893.8201232293,0,0,1.225
1393.37055921541,36.9484058350252,3,5,61.9579407112577,223.048586560528,-22.1196416121893,0,0,14874.2052731243,0,0,1.225
1393.62055921541,36.9524437396626,3,5,61.8686936634829,222.727297188538,-22.0850046031692,0,0,14854.6182696503,0,0,1.225
1393.87055921541,36.9564874729144,3,5,61.7794577502168,222.40604790078,-22.0504182570976,0,0,14835.0590767436,0,0,1.225
1394.12055921541,36.9605370509064,3,5,61.6902328146046,222.084838132577,-22.0158825056842,0,0,14815.5276583781,0,0,1.225
1394.37055921541,36.9645924898418,3,5,61.601018699154,221.763667316954,-21.9813972807251,0,0,14796.0239785715,0,0,1.225
1394.62055921541,36.9686538060018,3,5,61.5118152457299,221.442534884628,-21.9469625141001,0,0,14776.5480013838,0,0,1.225
1394.87055921541,36.9727210157454,3,5,61.4226222955504,221.121440263981,-21.9125781377734,0,0,14757.0996909172,0,0,1.225
1395.12055921541,36.9767941355109,3,5,61.3334396891814,220.800382881053,-21.8782440837922,0,0,14737.6790113155,0,0,1.225
1395.37055921541,36.9808731818157,3,5,61.2442672665322,220.479362159516,-21.84396028429,0,0,14718.2859267664,0,0,1.225
1395.62055921541,36.9849581712572,3,5,61.1551048668506,220.158377520662,-21.8097266714831,0,0,14698.920401499,0,0,1.225
1395.87055921541,36.9890491205134,3,5,61.0659523287175,219.837428383383,-21.7755431776677,0,0,14679.5823997815,0,0,1.225
1396.12055921541,36.9931460463432,3,5,60.9768094900428,219.516514164154,-21.7414097352303,0,0,14660.2718859293,0,0,1.225
1396.37055921541,36.9972489655871,3,5,60.8876761880597,219.195634277015,-21.7073262766344,0,0,14640.9888242947,0,0,1.225
1396.62055921541,37.0013578951679,3,5,60.7985522593198,218.874788133551,-21.6732927344301,0,0,14621.7331792746,0,0,1.225
1396.87055921541,37.0054728520912,3,5,60.7094375396884,218.553975142878,-21.6393090412539,0,0,14602.5049153099,0,0,1.225
1397.12055921541,37.0095938534459,3,5,60.6203318643387,218.233194711619,-21.6053751298186,0,0,14583.3039968781,0,0,1.225
1397.37055921541,37.0137209164047,3,5,60.5312350677472,217.91244624389,-21.5714909329245,0,0,14564.1303885018,0,0,1.225
1397.62055921541,37.0178540582249,3,5,60.4421469836883,217.591729141278,-21.5376563834543,0,0,14544.9840547451,0,0,1.225
1397.87055921541,37.0219932962492,3,5,60.3530674452286,217.271042802823,-21.5038714143748,0,0,14525.8649602143,0,0,1.225
1398.12055921541,37.0261386479056,3,5,60.2639962847225,216.950386625001,-21.4701359587316,0,0,14506.7730695546,0,0,1.225
1398.37055921541,37.0302901307088,3,5,60.1749333338056,216.6297600017,-21.436449949656,0,0,14487.7083474547,0,0,1.225
1398.62055921541,37.0344477622602,3,5,60.0858784233903,216.309162324205,-21.4028133203628,0,0,14468.6707586461,0,0,1.225
1398.87055921541,37.0386115602489,3,5,59.9968313836599,215.988592981175,-21.369226004148,0,0,14449.6602679001,0,0,1.225
1399.12055921541,37.0427815424523,3,5,59.9077920440628,215.668051358626,-21.3356879343901,0,0,14430.67684003,0,0,1.225
1399.37055921541,37.0469577267365,3,5,59.8187602333076,215.347536839907,-21.3021990445486,0,0,14411.7204398892,0,0,1.225
1399.62055921541,37.051140131057,3,5,59.7297357793567,215.027048805684,-21.2687592681687,0,0,14392.7910323752,0,0,1.225
1399.87055921541,37.0553287734596,3,5,59.6407185094211,214.706586633916,-21.2353685388744,0,0,14373.8885824243,0,0,1.225
1400.12055921541,37.0595236720809,3,5,59.5517082499544,214.386149699836,-21.2020267903745,0,0,14355.0130550161,0,0,1.225
1400.37055921541,37.0637248451488,3,5,59.4627048266473,214.06573737593,-21.168733956456,0,0,14336.1644151686,0,0,1.225
1400.62055921541,37.0679323109832,3,5,59.3737080644213,213.745349031917,-21.1354899709931,0,0,14317.342627945,0,0,1.225
1400.87055921541,37.0721460879971,3,5,59.284717787423,213.424984034723,-21.1022947679376,0,0,14298.5476584463,0,0,1.225
1401.12055921541,37.0763661946965,3,5,59.1957338190184,213.104641748466,-21.0691482813227,0,0,14279.7794718147,0,0,1.225
1401.37055921541,37.0805926496819,3,5,59.1067559817863,212.784321534431,-21.0360504452683,0,0,14261.0380332372,0,0,1.225
1401.62055921541,37.0848254716485,3,5,59.0177840975126,212.464022751046,-21.0030011939689,0,0,14242.3233079364,0,0,1.225
1401.87055921541,37.0890646793868,3,5,58.9288179871843,212.143744753864,-20.9700004617071,0,0,14223.6352611811,0,0,1.225
1402.12055921541,37.0933102917837,3,5,58.8398574709827,211.823486895538,-20.937048182841,0,0,14204.9738582767,0,0,1.225
1402.37055921541,37.097562327823,3,5,58.7509023682777,211.5032485258,-20.9041442918142,0,0,14186.3390645725,0,0,1.225
1402.62055921541,37.101820806586,3,5,58.6619524976211,211.183028991436,-20.8712887231486,0,0,14167.7308454565,0,0,1.225
1402.87055921541,37.1060857472525,3,5,58.5730076767405,210.862827636266,-20.8384814114479,0,0,14149.1491663582,0,0,1.225
1403.12055921541,37.1103571691014,3,5,58.4840677225327,210.542643801118,-20.8057222914013,0,0,14130.5939927513,0,0,1.225
1403.37055921541,37.1146350915112,3,5,58.3951324510571,210.222476823806,-20.7730112977688,0,0,14112.0652901423,0,0,1.225
1403.62055921541,37.118919533961,3,5,58.3062016775292,209.902326039105,-20.7403483654025,0,0,14093.5630240874,0,0,1.225
1403.87055921541,37.1232105160314,3,5,58.217275216314,209.582190778731,-20.707733429228,0,0,14075.0871601776,0,0,1.225
1404.12055921541,37.1275080574049,3,5,58.1283528809193,209.26207037131,-20.6751664242511,0,0,14056.6376640441,0,0,1.225
1404.37055921541,37.1318121778667,3,5,58.0394344839888,208.94196414236,-20.6426472855637,0,0,14038.2145013634,0,0,1.225
1404.62055921541,37.136122897306,3,5,57.9505198372953,208.621871414263,-20.6101759483354,0,0,14019.8176378499,0,0,1.225
1404.87055921541,37.1404402357159,3,5,57.8616087517338,208.301791506242,-20.5777523478109,0,0,14001.4470392548,0,0,1.225
1405.12055921541,37.1447642131949,3,5,57.7727010373146,207.981723734333,-20.5453764193244,0,0,13983.1026713765,0,0,1.225
1405.37055921541,37.1490948499475,3,5,57.6837965031562,207.661667411362,-20.5130480982853,0,0,13964.7845000503,0,0,1.225
1405.62055921541,37.1534321662848,3,5,57.5948949574779,207.34162184692,-20.4807673201794,0,0,13946.4924911488,0,0,1.225
1405.87055921541,37.1577761826256,3,5,57.5059962075932,207.021586347336,-20.4485340205811,0,0,13928.2266105915,0,0,1.225
1406.12055921541,37.1621269194971,3,5,57.417100059902,206.701560215647,-20.4163481351379,0,0,13909.9868243331,0,0,1.225
1406.37055921541,37.1664843975355,3,5,57.3282063198834,206.38154275158,-20.3842095995806,0,0,13891.7730983709,0,0,1.225
1406.62055921541,37.1708486374872,3,5,57.2393147920884,206.061533251518,-20.3521183497151,0,0,13873.5853987392,0,0,1.225
1406.87055921541,37.1752196602095,3,5,57.1504252801325,205.741531008477,-20.3200743214338,0,0,13855.4236915176,0,0,1.225
1407.12055921541,37.1795974866715,3,5,57.0615375866877,205.421535312076,-20.2880774507039,0,0,13837.2879428217,0,0,1.225
1407.37055921541,37.1839821379546,3,5,56.9726515134753,205.101545448511,-20.2561276735714,0,0,13819.1781188074,0,0,1.225
1407.62055921541,37.188373635254,3,5,56.8837668612581,204.781560700529,-20.2242249261662,0,0,13801.0941856734,0,0,1.225
1407.87055921541,37.1927719998791,3,5,56.7948834298324,204.461580347397,-20.1923691446918,0,0,13783.0361096544,0,0,1.225
1408.12055921541,37.1971772532545,3,5,56.7060010180203,204.141603664873,-20.1605602654354,0,0,13765.0038570283,0,0,1.225
1408.37055921541,37.2015894169209,3,5,56.6171194236617,203.821629925182,-20.1287982247595,0,0,13746.9973941102,0,0,1.225
1408.62055921541,37.2060085125362,3,5,56.5282384436062,203.501658396982,-20.0970829591106,0,0,13729.0166872586,0,0,1.225
1408.87055921541,37.2104345618759,3,5,56.4393578737052,203.181688345339,-20.0654144050068,0,0,13711.0617028662,0,0,1.225
1409.12055921541,37.2148675868348,3,5,56.3504775088034,202.861719031692,-20.0337924990536,0,0,13693.1324073723,0,0,1.225
1409.37055921541,37.2193076094271,3,5,56.2615971427306,202.54174971383,-20.0022171779292,0,0,13675.2287672509,0,0,1.225
1409.62055921541,37.2237546517879,3,5,56.1727165682935,202.221779645857,-19.9706883783902,0,0,13657.3507490157,0,0,1.225
1409.87055921541,37.2282087361739,3,5,56.083835577267,201.901808078161,-19.9392060372766,0,0,13639.4983192237,0,0,1.225
1410.12055921541,37.2326698849646,3,5,55.9949539603858,201.581834257389,-19.9077700915004,0,0,13621.6714444664,0,0,1.225
1410.37055921541,37.2371381206629,3,5,55.9060715073357,201.261857426409,-19.8763804780574,0,0,13603.8700913792,0,0,1.225
1410.62055921541,37.2416134658965,3,5,55.817188006745,200.941876824282,-19.8450371340205,0,0,13586.0942266358,0,0,1.225
1410.87055921541,37.2460959434184,3,5,55.7283032461753,200.621891686231,-19.8137399965362,0,0,13568.3438169462,0,0,1.225
1411.12055921541,37.2505855761084,3,5,55.6394170121132,200.301901243607,-19.7824890028378,0,0,13550.6188290661,0,0,1.225
1411.37055921541,37.2550823869737,3,5,55.5505290899607,199.981904723858,-19.7512840902264,0,0,13532.9192297828,0,0,1.225
1411.62055921541,37.2595863991504,3,5,55.4616392640263,199.661901350495,-19.7201251960896,0,0,13515.2449859297,0,0,1.225
1411.87055921541,37.2640976359039,3,5,55.3727473175161,199.341890343058,-19.6890122578889,0,0,13497.5960643763,0,0,1.225
1412.12055921541,37.2686161206304,3,5,55.2838530325241,199.021870917087,-19.6579452131609,0,0,13479.9724320293,0,0,1.225
1412.37055921541,37.2731418768579,3,5,55.194956190023,198.701842284083,-19.6269239995272,0,0,13462.3740558401,0,0,1.225
1412.62055921541,37.2776749282471,3,5,55.1060565698545,198.381803651476,-19.59594855468,0,0,13444.8009027942,0,0,1.225
1412.87055921541,37.2822152985927,3,5,55.0171539507201,198.061754222592,-19.5650188163909,0,0,13427.2529399173,0,0,1.225
1413.12055921541,37.2867630118241,3,5,54.9282481101711,197.741693196616,-19.5341347225121,0,0,13409.7301342771,0,0,1.225
1413.37055921541,37.2913180920069,3,5,54.8393388245987,197.421619768555,-19.5032962109699,0,0,13392.2324529773,0,0,1.225
1413.62055921541,37.295880563344,3,5,54.7504258692246,197.101533129209,-19.4725032197657,0,0,13374.7598631594,0,0,1.225
1413.87055921541,37.3004504501762,3,5,54.6615090180903,196.781432465125,-19.4417556869848,0,0,13357.3123320088,0,0,1.225
1414.12055921541,37.3050277769841,3,5,54.5725880440476,196.461316958571,-19.4110535507816,0,0,13339.8898267437,0,0,1.225
1414.37055921541,37.3096125683886,3,5,54.4836627187479,196.141185787493,-19.3803967493941,0,0,13322.4923146263,0,0,1.225
1414.62055921541,37.3142048491524,3,5,54.3947328126323,195.821038125476,-19.3497852211322,0,0,13305.1197629538,0,0,1.225
1414.87055921541,37.318804644181,3,5,54.3057980949205,195.500873141714,-19.3192189043866,0,0,13287.7721390655,0,0,1.225
1415.12055921541,37.3234119785242,3,5,54.2168583336011,195.180690000964,-19.288697737622,0,0,13270.4494103367,0,0,1.225
1415.37055921541,37.3280268773767,3,5,54.1279132954201,194.860487863513,-19.2582216593801,0,0,13253.1515441824,0,0,1.225
1415.62055921541,37.3326493660798,3,5,54.0389627458707,194.540265885135,-19.2277906082782,0,0,13235.8785080551,0,0,1.225
1415.87055921541,37.3372794701227,3,5,53.950006449182,194.220023217055,-19.1974045230136,0,0,13218.6302694488,0,0,1.225
1416.12055921541,37.3419172151431,3,5,53.8610441683081,193.899759005909,-19.1670633423564,0,0,13201.4067958933,0,0,1.225
1416.37055921541,37.3465626269292,3,5,53.772075664917,193.579472393701,-19.1367670051532,0,0,13184.2080549571,0,0,1.225
1416.62055921541,37.3512157314205,3,5,53.6831006993792,193.259162517765,-19.1065154503294,0,0,13167.0340142493,0,0,1.225
1416.87055921541,37.355876554709,3,5,53.5941190307564,192.938828510723,-19.0763086168818,0,0,13149.8846414135,0,0,1.225
1417.12055921541,37.360545123041,3,5,53.5051304167899,192.618469500444,-19.0461464438904,0,0,13132.7599041378,0,0,1.225
1417.37055921541,37.3652214628178,3,5,53.4161346138889,192.29808461,-19.0160288705019,0,0,13115.6597701411,0,0,1.225
1417.62055921541,37.3699056005975,3,5,53.3271313771188,191.977672957628,-18.9859558359476,0,0,13098.5842071874,0,0,1.225
1417.87055921541,37.3745975630961,3,5,53.2381204601892,191.657233656681,-18.9559272795295,0,0,13081.5331830754,0,0,1.225
1418.12055921541,37.3792973771886,3,5,53.149101615442,191.336765815591,-18.9259431406235,0,0,13064.5066656403,0,0,1.225
1418.37055921541,37.3840050699109,3,5,53.0600745938389,191.01626853782,-18.8960033586873,0,0,13047.5046227606,0,0,1.225
1418.62055921541,37.3887206684608,3,5,52.9710391449494,190.695740921818,-18.8661078732484,0,0,13030.5270223484,0,0,1.225
1418.87055921541,37.3934442001996,3,5,52.8819950169382,190.375182060978,-18.836256623913,0,0,13013.5738323563,0,0,1.225
1419.12055921541,37.3981756926532,3,5,52.7929419565524,190.054591043589,-18.8064495503595,0,0,12996.6450207731,0,0,1.225
1419.37055921541,37.4029151735138,3,5,52.703879709109,189.733966952792,-18.7766865923459,0,0,12979.7405556284,0,0,1.225
1419.62055921541,37.4076626706413,3,5,52.614808018482,189.413308866535,-18.7469676896999,0,0,12962.8604049859,0,0,1.225
1419.87055921541,37.4124182120646,3,5,52.5257266270892,189.092615857521,-18.7172927823303,0,0,12946.004536952,0,0,1.225
1420.12055921541,37.4171818259832,3,5,52.4366352758792,188.771886993165,-18.687661810216,0,0,12929.172919667,0,0,1.225
1420.37055921541,37.4219535407688,3,5,52.3475337043176,188.451121335543,-18.6580747134112,0,0,12912.3655213093,0,0,1.225
1420.62055921541,37.4267333849665,3,5,52.2584216503743,188.130317941347,-18.6285314320476,0,0,12895.5823100976,0,0,1.225
1420.87055921541,37.4315213872965,3,5,52.1692988505089,187.809475861832,-18.5990319063303,0,0,12878.8232542873,0,0,1.225
1421.12055921541,37.4363175766555,3,5,52.0801650396578,187.488594142768,-18.5695760765384,0,0,12862.0883221706,0,0,1.225
1421.37055921541,37.4411219821186,3,5,51.9910199512195,187.16767182439,-18.5401638830253,0,0,12845.3774820777,0,0,1.225
1421.62055921541,37.4459346329406,3,5,51.9018633170409,186.846707941347,-18.5107952662183,0,0,12828.6907023758,0,0,1.225
1421.87055921541,37.4507555585574,3,5,51.8126948674027,186.52570152265,-18.4814701666237,0,0,12812.0279514734,0,0,1.225
1422.12055921541,37.4555847885881,3,5,51.7235143310054,186.204651591619,-18.4521885248141,0,0,12795.3891978102,0,0,1.225
1422.37055921541,37.4604223528361,3,5,51.6343214349541,185.883557165835,-18.4229502814433,0,0,12778.7744098692,0,0,1.225
1422.62055921541,37.4652682812913,3,5,51.5451159047439,185.562417257078,-18.3937553772357,0,0,12762.183556168,0,0,1.225
1422.87055921541,37.4701226041313,3,5,51.4558974642453,185.241230871283,-18.3646037529907,0,0,12745.6166052621,0,0,1.225
1423.12055921541,37.4749853517232,3,5,51.3666658356885,184.919997008479,-18.3354953495809,0,0,12729.0735257444,0,0,1.225
1423.37055921541,37.4798565546254,3,5,51.2774207396482,184.598714662734,-18.3064301079557,0,0,12712.5542862471,0,0,1.225
1423.62055921541,37.4847362435893,3,5,51.1881618950283,184.277382822102,-18.2774079691317,0,0,12696.0588554345,0,0,1.225
1423.87055921541,37.489624449561,3,5,51.0988890190462,183.956000468566,-18.2484288742053,0,0,12679.5872020133,0,0,1.225
1424.12055921541,37.4945212036832,3,5,51.0096018272164,183.634566577979,-18.219492764345,0,0,12663.1392947262,0,0,1.225
1424.37055921541,37.4994265372966,3,5,50.9203000333352,183.313080120007,-18.190599580792,0,0,12646.7151023522,0,0,1.225
1424.62055921541,37.5043404819422,3,5,50.8309833494638,182.99154005807,-18.1617492648602,0,0,12630.3145937072,0,0,1.225
1424.87055921541,37.5092630693628,3,5,50.7416514859121,182.669945349283,-18.1329417579391,0,0,12613.9377376457,0,0,1.225
1425.12055921541,37.5141943315049,3,5,50.652304151222,182.348294944399,-18.1041770014881,0,0,12597.584503057,0,0,1.225
1425.37055921541,37.5191343005206,3,5,50.5629410521508,182.026587787743,-18.075454937044,0,0,12581.2548588704,0,0,1.225
1425.62055921541,37.5240830087697,3,5,50.4735618936534,181.704822817152,-18.0467755062127,0,0,12564.9487740493,0,0,1.225
1425.87055921541,37.5290404888212,3,5,50.3841663788659,181.382998963917,-18.0181386506765,0,0,12548.6662175967,0,0,1.225
1426.12055921541,37.5340067734555,3,5,50.2947542090875,181.061115152715,-17.9895443121877,0,0,12532.4071585501,0,0,1.225
1426.37055921541,37.5389818956663,3,5,50.2053250837631,180.739170301547,-17.9609924325714,0,0,12516.1715659839,0,0,1.225
1426.62055921541,37.5439658886627,3,5,50.1158787004653,180.417163321675,-17.9324829537309,0,0,12499.9594090137,0,0,1.225
1426.87055921541,37.5489587858708,3,5,50.0264147548764,180.095093117555,-17.9040158176331,0,0,12483.7706567847,0,0,1.225
1427.12055921541,37.5539606209365,3,5,49.9369329407696,179.772958586771,-17.8755909663259,0,0,12467.6052784855,0,0,1.225
1427.37055921541,37.5589714277267,3,5,49.8474329499911,179.450758619968,-17.8472083419247,0,0,12451.4632433374,0,0,1.225
1427.62055921541,37.5639912403319,3,5,49.7579144724407,179.128492100787,-17.8188678866172,0,0,12435.3445205984,0,0,1.225
1427.87055921541,37.5690200930681,3,5,49.6683771960531,178.806157905791,-17.790569542668,0,0,12419.2490795667,0,0,1.225
1428.12055921541,37.5740580204792,3,5,49.5788208067783,178.483754904402,-17.7623132524086,0,0,12403.1768895728,0,0,1.225
1428.37055921541,37.5791050573387,3,5,49.4892449885626,178.161281958825,-17.7340989582462,0,0,12387.1279199866,0,0,1.225
1428.62055921541,37.5841612386524,3,5,49.3996494233284,177.838737923982,-17.7059266026581,0,0,12371.1021402129,0,0,1.225
1428.87055921541,37.5892265996602,3,5,49.3100337909541,177.516121647435,-17.6777961281941,0,0,12355.0995196935,0,0,1.225
1429.12055921541,37.5943011758384,3,5,49.2203977692543,177.193431969316,-17.6497074774779,0,0,12339.1200279081,0,0,1.225
1429.37055921541,37.5993850029024,3,5,49.130741033959,176.870667722252,-17.6216605932013,0,0,12323.1636343698,0,0,1.225
1429.62055921541,37.6044781168083,3,5,49.0410632586928,176.547827731294,-17.5936554181299,0,0,12307.2303086297,0,0,1.225
1429.87055921541,37.6095805537558,3,5,48.951364114954,176.224910813834,-17.5656918951026,0,0,12291.3200202767,0,0,1.225
1430.12055921541,37.6146923501903,3,5,48.861643272093,175.901915779535,-17.5377699670253,0,0,12275.432738932,0,0,1.225
1430.37055921541,37.6198135428051,3,5,48.7719003972912,175.578841430248,-17.5098895768815,0,0,12259.5684342582,0,0,1.225
1430.62055921541,37.6249441685444,3,5,48.6821351555388,175.25568655994,-17.4820506677206,0,0,12243.7270759494,0,0,1.225
1430.87055921541,37.6300842646051,3,5,48.5923472096126,174.932449954605,-17.4542531826664,0,0,12227.9086337386,0,0,1.225
1431.12055921541,37.6352338684395,3,5,48.502536220054,174.609130392195,-17.4264970649128,0,0,12212.1130773937,0,0,1.225
1431.37055921541,37.640393017758,3,5,48.4127018451459,174.285726642525,-17.3987822577265,0,0,12196.3403767201,0,0,1.225
1431.62055921541,37.6455617505315,3,5,48.3228437408898,173.962237467203,-17.3711087044421,0,0,12180.590501557,0,0,1.225
1431.87055921541,37.6507401049938,3,5,48.2329615609826,173.638661619537,-17.3434763484693,0,0,12164.8634217821,0,0,1.225
1432.12055921541,37.6559281196443,3,5,48.1430549567929,173.314997844455,-17.3158851332837,0,0,12149.159107306,0,0,1.225
1432.37055921541,37.661125833251,3,5,48.0531235773373,172.991244878414,-17.2883350024376,0,0,12133.477528079,0,0,1.225
1432.62055921541,37.6663332848525,3,5,47.963167069256,172.667401449321,-17.2608258995479,0,0,12117.818654083,0,0,1.225
1432.87055921541,37.6715505137611,3,5,47.873185076788,172.343466276437,-17.2333577683094,0,0,12102.1824553411,0,0,1.225
1433.12055921541,37.6767775595657,3,5,47.7831772417469,172.019438070289,-17.205930552479,0,0,12086.5689019058,0,0,1.225
1433.37055921541,37.6820144621342,3,5,47.6931432034952,171.695315532583,-17.1785441958928,0,0,12070.9779638718,0,0,1.225
1433.62055921541,37.6872612616164,3,5,47.6030825989191,171.371097356109,-17.1511986424503,0,0,12055.4096113644,0,0,1.225
1433.87055921541,37.6925179984471,3,5,47.5129950624024,171.046782224649,-17.1238938361257,0,0,12039.8638145477,0,0,1.225
1434.12055921541,37.6977847133486,3,5,47.4228802258003,170.722368812881,-17.0966297209607,0,0,12024.3405436192,0,0,1.225
1434.37055921541,37.7030614473339,3,5,47.3327377184132,170.397855786288,-17.0694062410685,0,0,12008.8397688135,0,0,1.225
1434.62055921541,37.7083482417095,3,5,47.2425671669594,170.073241801054,-17.0422233406334,0,0,11993.3614604011,0,0,1.225
1434.87055921541,37.7136451380786,3,5,47.1523681955481,169.748525503973,-17.015080963909,0,0,11977.9055886875,0,0,1.225
1435.12055921541,37.7189521783439,3,5,47.0621404256516,169.423705532346,-16.9879790552168,0,0,11962.4721240123,0,0,1.225
1435.37055921541,37.7242694047108,3,5,46.9718834760776,169.098780513879,-16.9609175589512,0,0,11947.0610367527,0,0,1.225
1435.62055921541,37.7295968596905,3,5,46.8815969629404,168.773749066585,-16.9338964195758,0,0,11931.6722973209,0,0,1.225
1435.87055921541,37.7349345861032,3,5,46.7912804996324,168.448609798677,-16.9069155816214,0,0,11916.3058761626,0,0,1.225
1436.12055921541,37.740282627081,3,5,46.7009336967951,168.123361308462,-16.8799749896916,0,0,11900.9617437612,0,0,1.225
1436.37055921541,37.7456410260719,3,5,46.6105561622892,167.798002184241,-16.8530745884582,0,0,11885.6398706345,0,0,1.225
1436.62055921541,37.751009826842,3,5,46.5201475011648,167.472531004193,-16.8262143226621,0,0,11870.340227335,0,0,1.225
1436.87055921541,37.75638907348,3,5,46.4297073156313,167.146946336273,-16.7993941371142,0,0,11855.0627844512,0,0,1.225
1437.12055921541,37.7617788103995,3,5,46.3392352050262,166.821246738094,-16.7726139766946,0,0,11839.8075126065,0,0,1.225
1437.37055921541,37.7671790823432,3,5,46.248730765784,166.495430756822,-16.7458737863535,0,0,11824.57438246,0,0,1.225
1437.62055921541,37.772589934386,3,5,46.1581935914049,166.169496929058,-16.7191735111064,0,0,11809.3633647033,0,0,1.225
1437.87055921541,37.7780114119386,3,5,46.0676232724223,165.84344378072,-16.6925130960453,0,0,11794.1744300684,0,0,1.225
1438.12055921541,37.7834435607513,3,5,45.9770193963705,165.517269826934,-16.6658924863232,0,0,11779.0075493165,0,0,1.225
1438.37055921541,37.7888864269169,3,5,45.8863815477518,165.190973571907,-16.6393116271665,0,0,11763.862693247,0,0,1.225
1438.62055921541,37.7943400568754,3,5,45.7957093080029,164.86455350881,-16.6127704638702,0,0,11748.7398326942,0,0,1.225
1438.87055921541,37.7998044974168,3,5,45.7050022554609,164.538008119659,-16.5862689417963,0,0,11733.6389385259,0,0,1.225
1439.12055921541,37.8052797956854,3,5,45.6142599653293,164.211335875185,-16.559807006377,0,0,11718.5599816459,0,0,1.225
1439.37055921541,37.8107659991833,3,5,45.5234820096427,163.884535234714,-16.5333846031126,0,0,11703.5029329926,0,0,1.225
1439.62055921541,37.8162631557747,3,5,45.432667957232,163.557604646035,-16.5070016775726,0,0,11688.4677635397,0,0,1.225
1439.87055921541,37.8217713136892,3,5,45.3418173736878,163.230542545276,-16.4806581753928,0,0,11673.4544442938,0,0,1.225
1440.12055921541,37.8272905215265,3,5,45.2509298213245,162.903347356768,-16.4543540422787,0,0,11658.4629462976,0,0,1.225
1440.37055921541,37.8328208282597,3,5,45.1600048591435,162.576017492917,-16.4280892240081,0,0,11643.4932406312,0,0,1.225
1440.62055921541,37.8383622832401,3,5,45.0690420427954,162.248551354063,-16.4018636664182,0,0,11628.5452984029,0,0,1.225
1440.87055921541,37.8439149362009,3,5,44.9780409245422,161.920947328352,-16.3756773154223,0,0,11613.6190907616,0,0,1.225
1441.12055921541,37.8494788372614,3,5,44.8870010532191,161.593203791589,-16.3495301169969,0,0,11598.714588887,0,0,1.225
1441.37055921541,37.8550540369315,3,5,44.7959219741948,161.265319107101,-16.3234220171903,0,0,11583.8317639964,0,0,1.225
1441.62055921541,37.860640586116,3,5,44.7048032293323,160.937291625596,-16.2973529621154,0,0,11568.9705873389,0,0,1.225
1441.87055921541,37.8662385361189,3,5,44.6136443569487,160.609119685015,-16.2713228979551,0,0,11554.1310302,0,0,1.225
1442.12055921541,37.8718479386479,3,5,44.5224448917742,160.280801610387,-16.2453317709578,0,0,11539.3130638976,0,0,1.225
1442.37055921541,37.8774688458188,3,5,44.4312043649109,159.952335713679,-16.2193795274416,0,0,11524.5166597856,0,0,1.225
1442.62055921541,37.8831013101604,3,5,44.3399223037904,159.623720293645,-16.1934661137911,0,0,11509.7417892519,0,0,1.225
1442.87055921541,37.8887453846188,3,5,44.2485982321316,159.294953635674,-16.167591476461,0,0,11494.98842372,0,0,1.225
1443.12055921541,37.8944011225623,3,5,44.1572316698975,158.966034011631,-16.1417555619678,0,0,11480.2565346437,0,0,1.225
1443.37055921541,37.9000685777863,3,5,44.0658221332506,158.636959679702,-16.1159583169024,0,0,11465.5460935166,0,0,1.225
1443.62055921541,37.9057478045179,3,5,43.9743691345092,158.307728884233,-16.0901996879161,0,0,11450.857071861,0,0,1.225
1443.87055921541,37.911438857421,3,5,43.8828721821015,157.978339855566,-16.0644796217325,0,0,11436.1894412373,0,0,1.225
1444.12055921541,37.9171417916014,3,5,43.7913307805203,157.648790809873,-16.0387980651403,0,0,11421.5431732385,0,0,1.225
1444.37055921541,37.9228566626116,3,5,43.6997444302757,157.319079948992,-16.0131549649946,0,0,11406.9182394912,0,0,1.225
1444.62055921541,37.9285835264563,3,5,43.6081126278483,156.989205460254,-15.9875502682194,0,0,11392.3146116576,0,0,1.225
1444.87055921541,37.9343224395972,3,5,43.5164348656413,156.659165516309,-15.9619839218044,0,0,11377.7322614331,0,0,1.225
1445.12055921541,37.9400734589588,3,5,43.4247106319311,156.328958274952,-15.9364558728057,0,0,11363.1711605464,0,0,1.225
1445.37055921541,37.9458366419336,3,5,43.3329394108184,155.998581878946,-15.9109660683462,0,0,11348.6312807604,0,0,1.225
1445.62055921541,37.9516120463873,3,5,43.2411206821779,155.66803445584,-15.885514455616,0,0,11334.1125938725,0,0,1.225
1445.87055921541,37.9573997306648,3,5,43.1492539216068,155.337314117784,-15.8601009818722,0,0,11319.6150717141,0,0,1.225
1446.12055921541,37.9631997535955,3,5,43.0573386003736,155.006418961345,-15.8347255944377,0,0,11305.13868615,0,0,1.225
1446.37055921541,37.9690121744994,3,5,42.9653741853651,154.675347067314,-15.8093882407015,0,0,11290.6834090782,0,0,1.225
1446.62055921541,37.9748370531923,3,5,42.8733601390331,154.344096500519,-15.7840888681194,0,0,11276.2492124313,0,0,1.225
1446.87055921541,37.9806744499925,3,5,42.7812959193401,154.012665309624,-15.7588274242148,0,0,11261.8360681763,0,0,1.225
1447.12055921541,37.9865244257262,3,5,42.6891809797043,153.681051526936,-15.7336038565741,0,0,11247.4439483116,0,0,1.225
1447.37055921541,37.9923870417336,3,5,42.5970147689435,153.349253168197,-15.7084181128525,0,0,11233.0728248712,0,0,1.225
1447.62055921541,37.9982623598756,3,5,42.5047967312183,153.017268232386,-15.6832701407716,0,0,11218.7226699231,0,0,1.225
1447.87055921541,38.0041504425395,3,5,42.4125263059743,152.685094701508,-15.6581598881162,0,0,11204.3934555666,0,0,1.225
1448.12055921541,38.0100513526457,3,5,42.3202029278836,152.352730540381,-15.6330873027382,0,0,11190.0851539355,0,0,1.225
1448.37055921541,38.0159651536541,3,5,42.2278260267851,152.020173696426,-15.6080523325581,0,0,11175.7977371994,0,0,1.225
1448.62055921541,38.0218919095705,3,5,42.1353950276237,151.687422099445,-15.583054925557,0,0,11161.5311775572,0,0,1.225
1448.87055921541,38.0278316849538,3,5,42.0429093503894,151.354473661402,-15.5580950297863,0,0,11147.2854472449,0,0,1.225
1449.12055921541,38.0337845449222,3,5,41.9503684100542,151.021326276195,-15.5331725933597,0,0,11133.0605185294,0,0,1.225
1449.37055921541,38.0397505551603,3,5,41.8577716165089,150.687977819432,-15.5082875644594,0,0,11118.8563637131,0,0,1.225
1449.62055921541,38.0457297819263,3,5,41.7651183744985,150.354426148195,-15.4834398913304,0,0,11104.6729551299,0,0,1.225
1449.87055921541,38.0517222920588,3,5,41.6724080835566,150.020669100804,-15.4586295222834,0,0,11090.5102651471,0,0,1.225
1450.12055921541,38.0577281529845,3,5,41.5796401379386,149.686704496579,-15.433856405697,0,0,11076.3682661673,0,0,1.225
1450.37055921541,38.0637474327249,3,5,41.4868139265544,149.352530135596,-15.4091204900114,0,0,11062.2469306234,0,0,1.225
1450.62055921541,38.0697801999043,3,5,41.393928832899,149.018143798437,-15.3844217237342,0,0,11048.1462309834,0,0,1.225
1450.87055921541,38.0758265237572,3,5,41.300984234983,148.683543245939,-15.3597600554376,0,0,11034.066139748,0,0,1.225
1451.12055921541,38.081886474136,3,5,41.2079795052611,148.34872621894,-15.3351354337592,0,0,11020.0066294514,0,0,1.225
1451.37055921541,38.0879601215188,3,5,41.1149140105598,148.013690438015,-15.310547807399,0,0,11005.9676726588,0,0,1.225
1451.62055921541,38.0940475370177,3,5,41.0217871120043,147.678433603215,-15.2859971251255,0,0,10991.9492419714,0,0,1.225
1451.87055921541,38.1001487923864,3,5,40.928598164943,147.342953393795,-15.2614833357707,0,0,10977.9513100222,0,0,1.225
1452.12055921541,38.1062639600286,3,5,40.8353465188723,147.00724746794,-15.2370063882286,0,0,10963.9738494753,0,0,1.225
1452.37055921541,38.1123931130066,3,5,40.7420315173587,146.671313462491,-15.212566231462,0,0,10950.0168330309,0,0,1.225
1452.62055921541,38.1185363250498,3,5,40.6486524979606,146.335148992658,-15.1881628144956,0,0,10936.08023342,0,0,1.225
1452.87055921541,38.1246936705628,3,5,40.5552087921482,145.998751651733,-15.1637960864191,0,0,10922.1640234068,0,0,1.225
1453.12055921541,38.1308652246349,3,5,40.461699725222,145.662119010799,-15.1394659963876,0,0,10908.2681757893,0,0,1.225
1453.37055921541,38.1370510630487,3,5,40.3681246162307,145.32524861843,-15.115172493618,0,0,10894.3926633963,0,0,1.225
1453.62055921541,38.1432512622893,3,5,40.2744827778865,144.988138000391,-15.0909155273944,0,0,10880.5374590912,0,0,1.225
1453.87055921541,38.1494658995534,3,5,40.18077351648,144.650784659328,-15.0666950470631,0,0,10866.7025357693,0,0,1.225
1454.12055921541,38.1556950527589,3,5,40.086996131793,144.313186074455,-15.0425110020351,0,0,10852.8878663583,0,0,1.225
1454.37055921541,38.1619388005542,3,5,39.99314991701,143.975339701236,-15.0183633417851,0,0,10839.093423819,0,0,1.225
1454.62055921541,38.1681972223285,3,5,39.899234158628,143.637242971061,-14.9942520158534,0,0,10825.3191811456,0,0,1.225
1454.87055921541,38.174470398221,3,5,39.8052481363651,143.298893290914,-14.9701769738413,0,0,10811.5651113628,0,0,1.225
1455.12055921541,38.1807584091314,3,5,39.7111911230674,142.960288043043,-14.946138165416,0,0,10797.8311875294,0,0,1.225
1455.37055921541,38.18706133673,3,5,39.6170623846135,142.621424584608,-14.9221355403088,0,0,10784.117382737,0,0,1.225
1455.62055921541,38.1933792634684,3,5,39.5228611798184,142.282300247346,-14.898169048311,0,0,10770.423670107,0,0,1.225
1455.87055921541,38.1997122725897,3,5,39.4285867603355,141.942912337208,-14.8742386392823,0,0,10756.7500227967,0,0,1.225
1456.12055921541,38.2060604481396,3,5,39.3342383705557,141.603258134,-14.8503442631445,0,0,10743.0964139947,0,0,1.225
1456.37055921541,38.2124238749771,3,5,39.2398152475064,141.263334891023,-14.8264858698794,0,0,10729.4628169196,0,0,1.225
1456.62055921541,38.2188026387861,3,5,39.1453166207477,140.923139834692,-14.8026634095368,0,0,10715.8492048256,0,0,1.225
1456.87055921541,38.2251968260864,3,5,39.0507417122664,140.582670164159,-14.7788768322271,0,0,10702.2555509972,0,0,1.225
1457.12055921541,38.2316065242457,3,5,38.9560897363693,140.241923050929,-14.7551260881237,0,0,10688.6818287511,0,0,1.225
1457.37055921541,38.2380318214908,3,5,38.8613598995732,139.900895638464,-14.7314111274663,0,0,10675.1280114386,0,0,1.225
1457.62055921541,38.2444728069201,3,5,38.7665514004941,139.559585041779,-14.7077319005521,0,0,10661.5940724386,0,0,1.225
1457.87055921541,38.2509295705157,3,5,38.6716634297334,139.21798834704,-14.6840883577484,0,0,10648.0799851681,0,0,1.225
1458.12055921541,38.2574022031557,3,5,38.5766951697624,138.876102611145,-14.6604804494777,0,0,10634.5857230699,0,0,1.225
1458.37055921541,38.2638907966273,3,5,38.4816457948052,138.533924861299,-14.6369081262314,0,0,10621.1112596237,0,0,1.225
1458.62055921541,38.2703954436389,3,5,38.3865144707181,138.191452094585,-14.6133713385616,0,0,10607.6565683394,0,0,1.225
1458.87055921541,38.2769162378342,3,5,38.2913003548683,137.848681277526,-14.5898700370822,0,0,10594.2216227587,0,0,1.225
1459.12055921541,38.2834532738049,3,5,38.1960025960093,137.505609345633,-14.5664041724699,0,0,10580.8063964549,0,0,1.225
1459.37055921541,38.2900066471046,3,5,38.1006203341542,137.162233202955,-14.5429736954666,0,0,10567.4108630354,0,0,1.225
1459.62055921541,38.2965764542626,3,5,38.0051527004468,136.818549721609,-14.5195785568712,0,0,10554.0349961355,0,0,1.225
1459.87055921541,38.3031627927981,3,5,37.9095988170301,136.474555741309,-14.4962187075512,0,0,10540.6787694268,0,0,1.225
1460.12055921541,38.3097657612348,3,5,37.8139577969125,136.130248068885,-14.4728940984328,0,0,10527.3421566102,0,0,1.225
1460.37055921541,38.3163854591151,3,5,37.7182287438308,135.785623477791,-14.4496046805052,0,0,10514.0251314188,0,0,1.225
1460.62055921541,38.3230219870155,3,5,37.6224107521117,135.440678707602,-14.4263504048185,0,0,10500.7276676164,0,0,1.225
1460.87055921541,38.3296754465617,3,5,37.5265029065297,135.095410463507,-14.4031312224893,0,0,10487.449739002,0,0,1.225
1461.12055921541,38.3363459404441,3,5,37.4305042821626,134.749815415785,-14.3799470846907,0,0,10474.1913194021,0,0,1.225
1461.37055921541,38.3430335724338,3,5,37.3344139442439,134.403890199278,-14.3567979426603,0,0,10460.9523826765,0,0,1.225
1461.62055921541,38.3497384473983,3,5,37.2382309480131,134.057631412847,-14.3336837476982,0,0,10447.7329027174,0,0,1.225
1461.87055921541,38.3564606713186,3,5,37.1419543385623,133.711035618824,-14.3106044511651,0,0,10434.5328534475,0,0,1.225
1462.12055921541,38.3632003513054,3,5,37.0455831506798,133.364099342447,-14.2875600044863,0,0,10421.3522088232,0,0,1.225
1462.37055921541,38.3699575956166,3,5,36.9491164086914,133.016819071289,-14.2645503591439,0,0,10408.1909428286,0,0,1.225
1462.62055921541,38.3767325136745,3,5,36.8525531262974,132.66919125467,-14.2415754666845,0,0,10395.0490294816,0,0,1.225
1462.87055921541,38.3835252160836,3,5,36.7558923064074,132.321212303067,-14.2186352787157,0,0,10381.926442831,0,0,1.225
1463.12055921541,38.3903358146488,3,5,36.6591329409714,131.972878587497,-14.1957297469094,0,0,10368.8231569594,0,0,1.225
1463.37055921541,38.3971644223939,3,5,36.5622740108071,131.624186438905,-14.1728588229935,0,0,10355.7391459764,0,0,1.225
1463.62055921541,38.4040111535803,3,5,36.4653144854243,131.275132147528,-14.1500224587612,0,0,10342.6743840261,0,0,1.225
1463.87055921541,38.4108761237266,3,5,36.3682533228459,130.925711962245,-14.1272206060648,0,0,10329.6288452822,0,0,1.225
1464.12055921541,38.4177594496277,3,5,36.2710894694241,130.575922089927,-14.1044532168207,0,0,10316.6025039518,0,0,1.225
1464.37055921541,38.4246612493752,3,5,36.1738218596545,130.225758694756,-14.0817202430035,0,0,10303.5953342713,0,0,1.225
1464.62055921541,38.4315816423778,3,5,36.0764494159847,129.875217897545,-14.0590216366486,0,0,10290.6073105078,0,0,1.225
1464.87055921541,38.4385207493819,3,5,35.9789710486206,129.524295775034,-14.0363573498539,0,0,10277.6384069608,0,0,1.225
1465.12055921541,38.4454786924931,3,5,35.8813856553272,129.172988359178,-14.0137273347796,0,0,10264.6885979621,0,0,1.225
1465.37055921541,38.4524555951978,3,5,35.7836921212263,128.821291636415,-13.9911315436443,0,0,10251.7578578728,0,0,1.225
1465.62055921541,38.4594515823855,3,5,35.6858893185895,128.469201546922,-13.9685699287265,0,0,10238.8461610841,0,0,1.225
1465.87055921541,38.4664667803712,3,5,35.5879761066269,128.116713983857,-13.9460424423687,0,0,10225.9534820211,0,0,1.225
1466.12055921541,38.4735013169185,3,5,35.4899513312714,127.763824792577,-13.9235490369715,0,0,10213.0797951376,0,0,1.225
1466.37055921541,38.4805553212634,3,5,35.3918138249584,127.41052976985,-13.901089664997,0,0,10200.2250749195,0,0,1.225
1466.62055921541,38.4876289241382,3,5,35.2935624064011,127.056824663044,-13.8786642789669,0,0,10187.3892958826,0,0,1.225
1466.87055921541,38.4947222577961,3,5,35.1951958803601,126.702705169297,-13.8562728314655,0,0,10174.5724325756,0,0,1.225
1467.12055921541,38.5018354560363,3,5,35.0967130374095,126.348166934674,-13.8339152751337,0,0,10161.7744595747,0,0,1.225
1467.37055921541,38.5089686542294,3,5,34.9981126536963,125.993205553307,-13.8115915626772,0,0,10148.995351491,0,0,1.225
1467.62055921541,38.5161219893443,3,5,34.899393490696,125.637816566506,-13.7893016468579,0,0,10136.2350829628,0,0,1.225
1467.87055921541,38.5232955999741,3,5,34.8005542949619,125.281995461863,-13.7670454805002,0,0,10123.4936286613,0,0,1.225
1468.12055921541,38.5304896263639,3,5,34.7015937978697,124.925737672331,-13.7448230164878,0,0,10110.7709632876,0,0,1.225
1468.37055921541,38.5377042104386,3,5,34.6025107153554,124.569038575279,-13.7226342077638,0,0,10098.0670615734,0,0,1.225
1468.62055921541,38.5449394958315,3,5,34.5033037476487,124.211893491535,-13.7004790073324,0,0,10085.3818982816,0,0,1.225
1468.87055921541,38.5521956279136,3,5,34.4039715789996,123.854297684399,-13.6783573682569,0,0,10072.7154482052,0,0,1.225
1469.12055921541,38.5594727538229,3,5,34.304512877399,123.496246358636,-13.6562692436605,0,0,10060.067686168,0,0,1.225
1469.37055921541,38.5667710224955,3,5,34.2049262942933,123.137734659456,-13.6342145867261,0,0,10047.4385870243,0,0,1.225
1469.62055921541,38.5740905846963,3,5,34.1052104642924,122.778757671453,-13.6121933506965,0,0,10034.8281256592,0,0,1.225
1469.87055921541,38.5814315930512,3,5,34.0053640048712,122.419310417536,-13.5902054888738,0,0,10022.2362769878,0,0,1.225
1470.12055921541,38.5887942020793,3,5,33.9053855160639,122.05938785783,-13.56825095462,0,0,10009.6630159562,0,0,1.225
1470.37055921541,38.5961785682265,3,5,33.805273580152,121.698984888547,-13.5463297013548,0,0,9997.10831753959,0,0,1.225
1470.62055921541,38.6035848498995,3,5,33.7050267613444,121.33809634084,-13.5244416825603,0,0,9984.57215674581,0,0,1.225
1470.87055921541,38.6110132075005,3,5,33.6046436054507,120.976716979622,-13.502586851775,0,0,9972.05450861076,0,0,1.225
1471.12055921541,38.618463803463,3,5,33.5041226395464,120.614841502367,-13.4807651625988,0,0,9959.5553482024,0,0,1.225
1471.37055921541,38.6259368022885,3,5,33.4034623716306,120.25246453787,-13.4589765686887,0,0,9947.07465061748,0,0,1.225
1471.62055921541,38.6334323705831,3,5,33.3026612902757,119.889580644993,-13.4372210237625,0,0,9934.6123909841,0,0,1.225
1471.87055921541,38.6409506770964,3,5,33.2017178642686,119.526184311367,-13.4154984815964,0,0,9922.16854446032,0,0,1.225
1472.12055921541,38.6484918927606,3,5,33.1006305422432,119.162269952076,-13.3938088960258,0,0,9909.74308623449,0,0,1.225
1472.37055921541,38.6560561907297,3,5,32.9993977523051,118.797831908299,-13.3721522209435,0,0,9897.33599152386,0,0,1.225
1472.62055921541,38.6636437464216,3,5,32.8980179016461,118.432864445926,-13.3505284103035,0,0,9884.94723557786,0,0,1.225
1472.87055921541,38.6712547375592,3,5,32.7964893761501,118.06736175414,-13.3289374181168,0,0,9872.57679367447,0,0,1.225
1473.12055921541,38.6788893442135,3,5,32.6948105399891,117.701317943961,-13.307379198453,0,0,9860.22464112172,0,0,1.225
1473.37055921541,38.6865477488481,3,5,32.59297973521,117.334727046756,-13.2858537054422,0,0,9847.89075325916,0,0,1.225
1473.62055921541,38.6942301363635,3,5,32.4909952813103,116.967583012717,-13.2643608932713,0,0,9835.57510545496,0,0,1.225
1473.87055921541,38.7019366941439,3,5,32.3888554748044,116.599879709296,-13.2429007161859,0,0,9823.2776731074,0,0,1.225
1474.12055921541,38.7096676121041,3,5,32.286558588778,116.231610919601,-13.2214731284903,0,0,9810.99843164488,0,0,1.225
1474.37055921541,38.717423082738,3,5,32.1841028724328,115.862770340758,-13.2000780845469,0,0,9798.73735652559,0,0,1.225
1474.62055921541,38.7252033011685,3,5,32.0814865506184,115.493351582226,-13.1787155387765,0,0,9786.49442323752,0,0,1.225
1474.87055921541,38.7330084651982,3,5,31.9787078233533,115.123348164072,-13.1573854456578,0,0,9774.26960729849,0,0,1.225
1475.12055921541,38.7408387753614,3,5,31.8757648653339,114.752753515202,-13.1360877597283,0,0,9762.06288425635,0,0,1.225
1475.37055921541,38.7486944349779,3,5,31.7726558254299,114.381560971548,-13.1148224355834,0,0,9749.87422968881,0,0,1.225
1475.62055921541,38.7565756502079,3,5,31.6693788261683,114.009763774206,-13.0935894278755,0,0,9737.7036192024,0,0,1.225
1475.87055921541,38.7644826301077,3,5,31.565931963203,113.637355067531,-13.0723886913161,0,0,9725.55102843426,0,0,1.225
1476.12055921541,38.772415586688,3,5,31.4623133047709,113.264327897175,-13.0512201806739,0,0,9713.41643305077,0,0,1.225
1476.37055921541,38.7803747349727,3,5,31.3585208911342,112.890675208083,-13.030083850776,0,0,9701.29980874823,0,0,1.225
1476.62055921541,38.7883602930599,3,5,31.2545527340079,112.516389842428,-13.0089796565069,0,0,9689.20113125239,0,0,1.225
1476.87055921541,38.7963724821837,3,5,31.150406815972,112.141464537499,-12.9879075528079,0,0,9677.1203763179,0,0,1.225
1477.12055921541,38.8044115267789,3,5,31.0460810898683,111.765891923526,-12.9668674946793,0,0,9665.05751972998,0,0,1.225
1477.37055921541,38.8124776545456,3,5,30.9415734781817,111.389664521454,-12.9458594371783,0,0,9653.01253730297,0,0,1.225
1477.62055921541,38.8205710965177,3,5,30.8368818724035,111.012774740653,-12.9248833354191,0,0,9640.98540488001,0,0,1.225
1477.87055921541,38.828692087131,3,5,30.7320041323791,110.635214876565,-12.9039391445738,0,0,9628.97609833448,0,0,1.225
1478.12055921541,38.8368408642951,3,5,30.6269380856372,110.256977108294,-12.8830268198724,0,0,9616.98459356934,0,0,1.225
1478.37055921541,38.8450176694657,3,5,30.5216815267006,109.878053496122,-12.8621463166005,0,0,9605.01086651566,0,0,1.225
1478.62055921541,38.8532227477197,3,5,30.4162322163785,109.498435978963,-12.8412975901024,0,0,9593.05489313502,0,0,1.225
1478.87055921541,38.8614563478326,3,5,30.3105878810391,109.118116371741,-12.8204805957785,0,0,9581.11664941754,0,0,1.225
1479.12055921541,38.8697187223568,3,5,30.2047462118617,108.737086362702,-12.7996952890876,0,0,9569.19611138369,0,0,1.225
1479.37055921541,38.8780101277038,3,5,30.0987048640688,108.355337510648,-12.7789416255437,0,0,9557.29325508161,0,0,1.225
1479.62055921541,38.8863308242268,3,5,29.9924614561352,107.972861242087,-12.758219560719,0,0,9545.40805658985,0,0,1.225
1479.87055921541,38.8946810763076,3,5,29.8860135689759,107.589648848313,-12.7375290502423,0,0,9533.54049201576,0,0,1.225
1480.12055921541,38.903061152444,3,5,29.7793587451107,107.205691482399,-12.7168700497987,0,0,9521.69053749549,0,0,1.225
1480.37055921541,38.9114713253412,3,5,29.6724944878042,106.820980156095,-12.6962425151303,0,0,9509.85816919458,0,0,1.225
1480.62055921541,38.9199118720053,3,5,29.5654182601816,106.435505736654,-12.6756464020366,0,0,9498.04336330816,0,0,1.225
1480.87055921541,38.9283830738389,3,5,29.4581274843188,106.049258943548,-12.6550816663723,0,0,9486.24609605931,0,0,1.225
1481.12055921541,38.9368852167406,3,5,29.3506195403056,105.6622303451,-12.6345482640493,0,0,9474.46634370059,0,0,1.225
1481.37055921541,38.9454185912063,3,5,29.242891765282,105.274410355015,-12.6140461510363,0,0,9462.70408251397,0,0,1.225
1481.62055921541,38.9539834924345,3,5,29.134941452445,104.885789228802,-12.5935752833579,0,0,9450.95928880987,0,0,1.225
1481.87055921541,38.9625802204335,3,5,29.0267658500269,104.496357060097,-12.5731356170957,0,0,9439.231938928,0,0,1.225
1482.12055921541,38.9712090801334,3,5,28.918362160242,104.106103776871,-12.5527271083859,0,0,9427.52200923596,0,0,1.225
1482.37055921541,38.9798703814995,3,5,28.8097275382025,103.715019137529,-12.5323497134227,0,0,9415.82947613146,0,0,1.225
1482.62055921541,38.988564439651,3,5,28.7008590908007,103.323092726882,-12.5120033884557,0,0,9404.15431604031,0,0,1.225
1482.87055921541,38.9972915749818,3,5,28.5917538755571,102.930313952006,-12.4916880897902,0,0,9392.49650541701,0,0,1.225
1483.12055921541,39.0060521132864,3,5,28.4824088994337,102.536672037961,-12.4714037737886,0,0,9380.85602074566,0,0,1.225
1483.37055921541,39.0148463858879,3,5,28.3728211176096,102.142156023395,-12.4511503968679,0,0,9369.23283853798,0,0,1.225
1483.62055921541,39.0236747297721,3,5,28.2629874322192,101.746754755989,-12.4309279155016,0,0,9357.62693533483,0,0,1.225
1483.87055921541,39.0325374877235,3,5,28.1529046910501,101.35045688778,-12.4107362862192,0,0,9346.03828770597,0,0,1.225
1484.12055921541,39.0414350084679,3,5,28.0425696862002,100.953250870321,-12.3905754656053,0,0,9334.46687224924,0,0,1.225
1484.37055921541,39.0503676468174,3,5,27.931979152692,100.555124949691,-12.3704454103006,0,0,9322.91266559145,0,0,1.225
1484.62055921541,39.0593357638215,3,5,27.8211297670421,100.156067161351,-12.3503460770021,0,0,9311.37564438844,0,0,1.225
1484.87055921541,39.0683397269222,3,5,27.7100181457849,99.7560653248257,-12.3302774224603,0,0,9299.85578532305,0,0,1.225
1485.12055921541,39.0773799101148,3,5,27.5986408439481,99.3551070382133,-12.3102394034836,0,0,9288.35306510844,0,0,1.225
1485.37055921541,39.086456694113,3,5,27.4869943534781,98.9531796725212,-12.2902319769339,0,0,9276.86746048485,0,0,1.225
1485.62055921541,39.0955704665206,3,5,27.3750751016134,98.5502703658081,-12.2702550997294,0,0,9265.39894822158,0,0,1.225
1485.87055921541,39.1047216220077,3,5,27.262879449204,98.1463660171344,-12.2503087288435,0,0,9253.94750511635,0,0,1.225
1486.12055921541,39.1139105624938,3,5,27.1504036889747,97.741453280309,-12.2303928213043,0,0,9242.51310799488,0,0,1.225
1486.37055921541,39.1231376973359,3,5,27.0376440437294,97.3355185574259,-12.2105073341963,0,0,9231.09573371204,0,0,1.225
1486.62055921541,39.1324034435243,3,5,26.9245966644944,96.9285479921799,-12.190652224657,0,0,9219.69535914952,0,0,1.225
1486.87055921541,39.1417082258839,3,5,26.8112576285983,96.5205274629538,-12.1708274498806,0,0,9208.31196121855,0,0,1.225
1487.12055921541,39.1510524772829,3,5,26.6976229376853,96.1114425756671,-12.151032967116,0,0,9196.94551685849,0,0,1.225
1487.37055921541,39.1604366388488,3,5,26.5836885156598,95.7012786563754,-12.1312687336663,0,0,9185.59600303627,0,0,1.225
1487.62055921541,39.1698611601918,3,5,26.4694502065586,95.290020743611,-12.1115347068901,0,0,9174.26339674753,0,0,1.225
1487.87055921541,39.179326499636,3,5,26.3549037723478,94.8776535804521,-12.0918308442006,0,0,9162.94767501591,0,0,1.225
1488.12055921541,39.1888331244586,3,5,26.2400448906418,94.4641616063104,-12.0721571030656,0,0,9151.64881489325,0,0,1.225
1488.37055921541,39.1983815111384,3,5,26.1248691523398,94.0495289484235,-12.0525134410072,0,0,9140.36679345904,0,0,1.225
1488.62055627059,39.2079669888535,3,6,26.0641437972566,93.8309176701238,-0.624286637502672,11.3223265314012,0,0.114709967345505,0,0,1.225
1488.87055038095,39.2175595086252,3,6,26.058996752393,93.8123883086148,-0.448859215612695,11.3178551956872,140.030041639648,0,0,0,1.225
1489.12054449132,39.227153666908,3,6,26.054952600224,93.7978293608066,-0.394187610568343,11.314342583332,183.612419470268,0,0,0,1.225
1489.37053860168,39.2367492248905,3,6,26.0513574463615,93.7848868069013,-0.355150850064602,11.3112204133016,214.704140174917,0,0,0,1.225
1489.62053271205,39.2463460418686,3,6,26.0480972650185,93.7731501540667,-0.324279837240905,11.3083895187978,239.276107986257,0,0,0,1.225
1489.87052682242,39.2559440078498,3,6,26.0451079539655,93.7623886342759,-0.298626014099305,11.3057941388953,259.684710245839,0,0,0,1.225
1490.12052093278,39.2655430318096,3,6,26.0423468470563,93.7524486494027,-0.276663664228686,11.3033971550397,277.148883154303,0,0,0,1.225
1490.37051504315,39.2751430359691,3,6,26.0397829490411,93.7432186165479,-0.257481996310131,11.3011716005528,292.396070536275,0,0,0,1.225
1490.62050915351,39.284743952461,3,6,26.0373924767005,93.7346129161218,-0.240485924807341,11.2990967830957,305.901428288647,0,0,0,1.225
1490.87050326388,39.294345721179,3,6,26.0351564788341,93.7265633238028,-0.225261480975704,11.297156214623,317.995404284309,0,0,0,1.225
1491.12049737424,39.3039482882935,3,6,26.0330594305362,93.7190139499303,-0.211507062840548,11.2953363885638,328.918684463227,0,0,0,1.225
1491.37049148461,39.3135516051749,3,6,26.0310883410796,93.7119180278866,-0.198994978944555,11.2936260036848,338.852923606858,0,0,0,1.225
1491.62048559497,39.3231556275839,3,6,26.0292321563594,93.705235762894,-0.187548413192846,11.2920154441609,347.939150533221,0,0,0,1.225
1491.87047970534,39.3327603150448,3,6,26.0274813413998,93.6989328290394,-0.177026866628497,11.2904964162819,356.289398655236,0,0,0,1.225
1492.1204738157,39.342365630347,3,6,26.025827578596,93.6929792829455,-0.167316550034724,11.2890616858468,363.994380318064,0,0,0,1.225
1492.37046792607,39.3519715391437,3,6,26.024263543428,93.6873487563408,-0.158323813621976,11.2877048829633,371.128734441099,0,0,0,1.225
1492.62046203643,39.3615780096202,3,6,26.0227827338051,93.6820178416984,-0.149970517224761,11.2864203535137,377.754723810148,0,0,0,1.225
1492.8704561468,39.3711850122184,3,6,26.0213793376009,93.6769656153634,-0.14219068366565,11.2852030438554,383.924907301504,0,0,0,1.225
1493.12045025716,39.380792519404,3,6,26.0200481280506,93.6721732609821,-0.134928025874153,11.2840484097678,389.684114171438,0,0,0,1.225
1493.37044436753,39.390400505468,3,6,26.0187843799027,93.6676237676496,-0.12813408428841,11.2829523434645,395.070930916055,0,0,0,1.225
1493.62043847789,39.4000089463559,3,6,26.0175838013179,93.6633016847444,-0.12176680008496,11.28191111431,400.118840073102,0,0,0,1.225
1493.87043258826,39.4096178195194,3,6,26.0164424779071,93.6591929204656,-0.115789405791444,11.2809213201042,404.857105583438,0,0,0,1.225
1494.12042669862,39.4192271037869,3,6,26.015356826264,93.6552845745504,-0.110169551105402,11.2799798466307,409.311470352091,0,0,0,1.225
1494.37042080899,39.4288367792493,3,6,26.0143235550184,93.6515647980662,-0.104878605737203,11.2790838337531,413.504712478749,0,0,0,1.225
1494.62041491935,39.4384468271596,3,6,26.0133396319163,93.6480226748986,-0.0998910973722743,11.2782306467571,417.457093624169,0,0,0,1.225
1494.87040902972,39.4480572298423,3,6,26.0124022557795,93.6446481208062,-0.095184254094909,11.2774178519414,421.186723994687,0,0,0,1.225
1495.12040314008,39.4576679706143,3,6,26.0115088324543,93.6414317968355,-0.0907376284893365,11.2766431956808,424.709862138054,0,0,0,1.225
1495.37039725045,39.4672790337116,3,6,26.0106569540488,93.6383650345758,-0.0865327863005311,11.2759045863535,428.041163217763,0,0,0,1.225
1495.62039136081,39.4768904042253,3,6,26.0098443809039,93.635439771254,-0.0825530466022787,11.2752000786473,431.193886186522,0,0,0,1.225
1495.87038547118,39.4865020680424,3,6,26.0090690258521,93.6326484930675,-0.07878326344191,11.274527859859,434.180067866252,0,0,0,1.225
1496.12037958154,39.4961140117924,3,6,26.0083289404058,93.6299841854611,-0.0752096411466784,11.2738862378725,437.010670172836,0,0,0,1.225
1496.37037369191,39.5057262227986,3,6,26.0076223025813,93.6274402892926,-0.0718195771655126,11.273273630562,439.695705375376,0,0,0,1.225
1496.62036780227,39.5153386890339,3,6,26.0069474061175,93.625010662023,-0.0686015275968297,11.2726885564094,442.244343260189,0,0,0,1.225
1496.87036191264,39.5249513990798,3,6,26.0063026508932,93.6226895432156,-0.0655448915192297,11.2721296261643,444.66500329846,0,0,0,1.225
1497.120356023,39.5345643420891,3,6,26.0056865343752,93.6204715237506,-0.0626399110206659,11.271595535403,446.965434294741,0,0,0,1.225
1497.37035013337,39.5441775077518,3,6,26.0050976439604,93.6183515182573,-0.0598775843887687,11.2710850578652,449.152783540841,0,0,0,1.225
1497.62034424373,39.5537908862625,3,6,26.0045346500961,93.616324740346,-0.0572495904134095,11.2705970394675,451.233657109788,0,0,0,1.225
1497.8703383541,39.5634044682921,3,6,26.0039963000794,93.6143866802859,-0.0547482221129896,11.2701303929091,453.214172636898,0,0,0,1.225
1498.12033246447,39.5730182449595,3,6,26.0034814124525,93.6125330848289,-0.052366328479704,11.269684092796,455.100005708541,0,0,0,1.225
1498.37032657483,39.5826322078074,3,6,26.0029888719228,93.6107599389219,-0.0500972631023402,11.2692571712223,456.896430769032,0,0,0,1.225
1498.6203206852,39.5922463487779,3,6,26.0025176247467,93.6090634490882,-0.0479348386881975,11.2688487137544,458.608357326011,0,0,0,1.225
1498.87031479556,39.6018606601911,3,6,26.0020666745245,93.6074400282881,-0.04587328668762,11.2684578557736,460.24036208952,0,0,0,1.225
1499.12030890593,39.6114751347249,3,6,26.0016350783597,93.605886282095,-0.0439072213276359,11.2680837791364,461.796717597808,0,0,0,1.225
1499.37030301629,39.6210897653954,3,6,26.0012219433459,93.6043989960451,-0.0420316074880753,11.2677257091188,463.281417781681,0,0,0,1.225
1499.62029712666,39.6307045455397,3,6,26.0008264233435,93.6029751240365,-0.0402417319285724,11.2673829116139,464.698200859317,0,0,0,1.225
1499.87029123702,39.6403194687987,3,6,26.0004477160192,93.6016117776692,-0.0385331774426188,11.2670546905575,466.05056989949,0,0,0,1.225
1500.12028534739,39.6499345291017,3,6,26.00008506012,93.600306216432,-0.0369017995935047,11.2667403855579,467.3418113283,0,0,0,1.225
1500.37027945775,39.6595497206521,3,6,25.9997377329589,93.5990558386521,-0.0353437057131372,11.2664393697108,468.575011633736,0,0,0,1.225
1500.62027356812,39.669165037913,3,6,25.9994050480929,93.5978581731345,-0.0338552359067956,11.26615104758,469.753072472841,0,0,0,1.225
1500.87026767848,39.6787804755946,3,6,25.9990863531736,93.596710871425,-0.0324329458309888,11.2658748533296,470.878724367046,0,0,0,1.225
1501.12026178885,39.688396028642,3,6,25.9987810279557,93.5956117006405,-0.0310735910475042,11.2656102489931,471.954539142594,0,0,0,1.225
1501.37025589921,39.6980116922235,3,6,25.9984884824484,93.5945585368142,-0.0297741127822043,11.2653567228667,472.982941252658,0,0,0,1.225
1501.62025000958,39.70762746172,3,6,25.9982081551974,93.5935493587107,-0.0285316249328157,11.2651137880162,473.966218105262,0,0,0,1.225
1501.87024411994,39.717243332715,3,6,25.9979395116858,93.5925822420688,-0.0273434021992894,11.2648809808879,474.906529497724,0,0,0,1.225
1502.12023823031,39.7268593009841,3,6,25.997682042844,93.5916553542382,-0.0262068692155375,11.2646578600135,475.805916254166,0,0,0,1.225
1502.37023234067,39.7364753624869,3,6,25.9974352636593,93.5907669491734,-0.0251195905877305,11.2644440048026,476.666308141609,0,0,0,1.225
1502.62022645104,39.7460915133577,3,6,25.9971987118773,93.5899153627583,-0.0240792617400175,11.2642390144139,477.48953114364,0,0,0,1.225
1502.8702205614,39.7557077498975,3,6,25.9969719467874,93.5890990084345,-0.0230837004960449,11.2640425067008,478.27731414867,0,0,0,1.225
1503.12021467177,39.7653240685665,3,6,25.9967545480853,93.588316373107,-0.0221308393210111,11.2638541172232,479.031295112734,0,0,0,1.225
1503.37020878213,39.7749404659762,3,6,25.9965461148079,93.5875660133084,-0.0212187181642296,11.2636734983222,479.753026744627,0,0,0,1.225
1503.6202028925,39.7845569388831,3,6,25.9963462643336,93.5868465516008,-0.0203454778446724,11.2635003182522,480.443981759182,0,0,0,1.225
1503.87019700286,39.7941734841819,3,6,25.9961546314434,93.5861566731962,-0.0195093539337928,11.2633342603653,481.105557735074,0,0,0,1.225
1504.12019111323,39.803790098899,3,6,25.9959708674393,93.5854951227814,-0.0187086710824176,11.2631750223459,481.739081619518,0,0,0,1.225
1504.37018522359,39.8134067801866,3,6,25.9957946393142,93.5848607015312,-0.0179418377644265,11.26302231549,482.345813901566,0,0,0,1.225
1504.62017933396,39.8230235253175,3,6,25.9956256289712,93.5842522642964,-0.0172073413903767,11.2628758640271,482.926952491293,0,0,0,1.225
1504.87017344432,39.8326403316791,3,6,25.9954635324874,93.5836687169546,-0.0165037437656067,11.2627354044814,483.483636325143,0,0,0,1.225
1505.12016755469,39.842257196769,3,6,25.9953080594202,93.5831090139128,-0.0158296768600766,11.2626006850693,484.016948723495,0,0,0,1.225
1505.37016166505,39.8518741181893,3,6,25.9951589321528,93.5825721557501,-0.0151838388706183,11.2624714651314,484.5279205158,0,0,0,1.225
1505.62015577542,39.8614910936427,3,6,25.9950158852758,93.5820571869928,-0.0145649905408057,11.2623475145957,485.017532961025,0,0,0,1.225
1505.87014988578,39.8711081209279,3,6,25.9948786650033,93.5815631940119,-0.013971951729805,11.2622286134707,485.486720470216,0,0,0,1.225
1506.12014399615,39.8807251979351,3,6,25.9947470286209,93.5810893030352,-0.0134035982006462,11.2621145513666,485.936373154749,0,0,0,1.225
1506.37013810652,39.8903423226425,3,6,25.9946207439629,93.5806346782664,-0.012858858617228,11.2620051270411,486.36733920873,0,0,0,1.225
1506.62013221688,39.899959493112,3,6,25.9944995889183,93.5801985201057,-0.0123367117323211,11.2619001479712,486.780427139672,0,0,0,1.225
1506.87012632725,39.9095767074861,3,6,25.994383350962,93.5797800634632,-0.0118361837483804,11.2617994299462,487.176407861922,0,0,0,1.225
1507.12012043761,39.9191939639841,3,6,25.9942718267115,93.5793785761614,-0.0113563458447973,11.2617027966828,487.556016657873,0,0,0,1.225
1507.37011454798,39.9288112608986,3,6,25.9941648215057,93.5789933574204,-0.0108963118552233,11.26161007946,487.919955020009,0,0,0,1.225
1507.62010865834,39.9384285965929,3,6,25.9940621490057,93.5786237364206,-0.0104552360822303,11.2615211167729,488.268892383899,0,0,0,1.225
1507.87010276871,39.9480459694978,3,6,25.9939636308163,93.5782690709389,-0.0100323112465784,11.2614357540034,488.603467754287,0,0,0,1.225
1508.12009687907,39.9576633781082,3,6,25.9938690961261,93.5779287460539,-0.00962676655222114,11.261353843109,488.924291239329,0,0,0,1.225
1508.37009098944,39.9672808209814,3,6,25.9937783813654,93.5776021729154,-0.00923786586795495,11.2612752423257,489.231945492197,0,0,0,1.225
1508.6200850998,39.9768982967334,3,6,25.9936913298821,93.5772887875756,-0.00886490601093486,11.2611998158865,489.526987071845,0,0,0,1.225
1508.87007921017,39.9865158040371,3,6,25.9936077916325,93.576988049877,-0.00850721512910014,11.2611274337536,489.809947725256,0,0,0,1.225
1509.12007332053,39.9961333416197,3,6,25.9935276228878,93.5766994423961,-0.00816415117250508,11.2610579713639,490.081335599142,0,0,0,1.225
1509.3700674309,40.0057509082605,3,6,25.9934506859546,93.5764224694366,-0.00783510045423702,11.2609913093859,490.341636380529,0,0,0,1.225
1509.62006154126,40.0153685027886,3,6,25.9933768489091,93.5761566560727,-0.00751947628477794,11.26092733349,490.591314379089,0,0,0,1.225
1509.87005565163,40.0249861240806,3,6,25.9933059853436,93.5759015472371,-0.00721671768458439,11.2608659341283,490.830813547393,0,0,0,1.225
1510.12004976199,40.0346037710594,3,6,25.9932379741258,93.5756567068529,-0.00692628816601795,11.2608070063256,491.060558446144,0,0,0,1.225
1510.37004387236,40.0442214426912,3,6,25.9931726991684,93.5754217170063,-0.00664767457803244,11.2607504494799,491.280955159638,0,0,0,1.225
1510.62003798272,40.0538391379846,3,6,25.9931100492107,93.5751961771585,-0.00638038601498189,11.260696167173,491.492392160342,0,0,0,1.225
1510.87003209309,40.0634568559884,3,6,25.9930499176092,93.5749797033932,-0.0061239527797722,11.2606440669887,491.695241130386,0,0,0,1.225
1511.12002620345,40.07307459579,3,6,25.9929922021391,93.5747719277009,-0.00587792540385746,11.2605940603411,491.889857737956,0,0,0,1.225
1511.37002031382,40.0826923565137,3,6,25.992936804804,93.5745724972943,-0.00564187371521335,11.2605460623089,492.076582375651,0,0,0,1.225
1511.62001442418,40.0923101373195,3,6,25.9928836316546,93.5743810739566,-0.0054153859554243,11.260499991479,492.255740859883,0,0,0,1.225
1511.87000853455,40.1019279374013,3,6,25.9928325926162,93.5741973334185,-0.00519806794201921,11.2604557697962,492.427645094398,0,0,0,1.225
1512.12000264491,40.1115457559858,3,6,25.9927836013233,93.5740209647639,-0.00498954227014359,11.2604133224204,492.592593702623,0,0,0,1.225
1512.36999675528,40.1211635923306,3,6,25.9927365749618,93.5738516698627,-0.00478944755811599,11.2603725775893,492.750872625197,0,0,0,1.225
1512.61999086564,40.1307814457237,3,6,25.992691434119,93.5736891628284,-0.00459743772618167,11.2603334664887,492.902755691208,0,0,0,1.225
1512.86998497601,40.1403993154818,3,6,25.9926481026392,93.5735331695011,-0.00441318131528505,11.2602959231272,493.048505157682,0,0,0,1.225
1513.11997908637,40.1500172009489,3,6,25.9926065074867,93.573383426952,-0.00423636083449187,11.2602598842173,493.188372226389,0,0,0,1.225
1513.36997319674,40.1596351014958,3,6,25.9925665786143,93.5732396830114,-0.0040666721427456,11.2602252890616,493.32259753342,0,0,0,1.225
1513.6199673071,40.1692530165185,3,6,25.9925282488379,93.5731016958166,-0.00390382386041053,11.260192079444,493.451411615151,0,0,0,1.225
1513.86996141747,40.1788709454373,3,6,25.9924914537167,93.57296923338,-0.00374753680764553,11.2601601995256,493.575035352962,0,0,0,1.225
1514.11995552783,40.1884888876961,3,6,25.9924561314379,93.5728420731765,-0.00359754347074546,11.2601295957454,493.693680395776,0,0,0,1.225
1514.3699496382,40.1981068427609,3,6,25.9924222227078,93.572720001748,-0.00345358749213003,11.2601002167252,493.807549563878,0,0,0,1.225
1514.61994374856,40.2077248101194,3,6,25.9923896706461,93.5726028143259,-0.0033154231876181,11.2600720131785,493.916837231077,0,0,0,1.225
1514.86993785893,40.2173427892797,3,6,25.9923584206862,93.5724903144702,-0.00318281508098278,11.2600449378236,494.021729693234,0,0,0,1.225
1515.1199319693,40.2269607797699,3,6,25.9923284204786,93.572382313723,-0.00305553746442782,11.2600189453003,494.122405516203,0,0,0,1.225
1515.36992607966,40.2365787811369,3,6,25.9922996197995,93.5722786312784,-0.00293337397930059,11.2599939920905,494.219035867752,0,0,0,1.225
1515.61992019003,40.2461967929459,3,6,25.9922719704626,93.5721790936654,-0.00281611721249437,11.2599700364416,494.311784837079,0,0,0,1.225
1515.86991430039,40.2558148147796,3,6,25.9922454262348,93.5720835344453,-0.00270356831399679,11.2599470382937,494.400809737556,0,0,0,1.225
1516.11990841076,40.2654328462373,3,6,25.9922199427559,93.5719917939212,-0.00259553663308338,11.2599249592099,494.486261394692,0,0,0,1.225
1516.36990252112,40.2750508869344,3,6,25.9921954774613,93.5719037188607,-0.0024918393674717,11.2599037623093,494.568284423864,0,0,0,1.225
1516.61989663149,40.2846689365019,3,6,25.9921719895082,93.5718191622296,-0.00239230123089324,11.2598834122029,494.647017493434,0,0,0,1.225
1516.86989074185,40.2942869945854,3,6,25.9921494397049,93.5717379829376,-0.002296754134308,11.2598638749325,494.722593577078,0,0,0,1.225
1517.11988485222,40.3039050608449,3,6,25.9921277904428,93.5716600455942,-0.00220503688212609,11.2598451179118,494.795140194212,0,0,0,1.225
1517.36987896258,40.3135231349539,3,6,25.992107005632,93.5715852202753,-0.00211699488207208,11.2598271098704,494.864779639628,0,0,0,1.225
1517.61987307295,40.323141216599,3,6,25.9920870506386,93.5715133822991,-0.00203247986619097,11.2598098207996,494.93162920431,0,0,0,1.225
1517.86986718331,40.3327593054792,3,6,25.9920678922256,93.5714444120123,-0.00195134962686107,11.2597932219011,494.99580138435,0,0,0,1.225
1518.11986129368,40.342377401306,3,6,25.9920494984956,93.5713781945842,-0.00187346776144741,11.2597772855374,495.057404083043,0,0,0,1.225
1518.36985540404,40.3519955038019,3,6,25.9920318388362,93.5713146198104,-0.00179870343127992,11.2597619851846,495.116540801617,0,0,0,1.225
1518.61984951441,40.3616136127009,3,6,25.9920148838677,93.5712535819238,-0.00172693112858994,11.2597472953867,495.173310823681,0,0,0,1.225
1518.86984362477,40.3712317277475,3,6,25.9919986053928,93.5711949794141,-0.00165803045345139,11.2597331917124,495.227809391754,0,0,0,1.225
1519.11983773514,40.3808498486964,3,6,25.9919829763485,93.5711387148548,-0.00159188590459208,11.2597196507132,495.280127872779,0,0,0,1.225
1519.3698318455,40.3904679753123,3,6,25.9919679707602,93.5710846947368,-0.00152838667270611,11.2597066498838,495.330353921709,0,0,0,1.225
1519.61982595587,40.4000861073689,3,6,25.9919535636972,93.5710328293098,-0.00146742644786389,11.2596941676232,495.37857163389,0,0,0,1.225
1519.86982006623,40.4097042446494,3,6,25.9919397312303,93.5709830324292,-0.00140890323283394,11.2596821831985,495.424861692787,0,0,0,1.225
1520.1198141766,40.4193223869453,3,6,25.9919264503918,93.5709352214104,-0.00135271916527247,11.2596706767096,495.469301510675,0,0,0,1.225
1520.36980828696,40.4289405340568,3,6,25.9919136991356,93.5708893168882,-0.00129878034696174,11.2596596290552,495.511965363766,0,0,0,1.225
1520.61980239733,40.4385586857918,3,6,25.9919014563008,93.5708452426828,-0.0012469966805519,11.2596490219008,495.552924521386,0,0,0,1.225
1520.86979650769,40.4481768419659,3,6,25.9918897015751,93.5708029256705,-0.00119728171335162,11.2596388376475,495.592247369572,0,0,0,1.225
1521.11979061806,40.4577950024023,3,6,25.9918784154612,93.5707622956605,-0.00114955248748529,11.259629059402,495.62999952964,0,0,0,1.225
1521.36978472842,40.4674131669309,3,6,25.9918675792433,93.5707232852759,-0.0011037293959621,11.2596196709487,495.666243972067,0,0,0,1.225
1521.61977883879,40.4770313353886,3,6,25.9918571749558,93.5706858298409,-0.00105973604715813,11.2596106567217,495.7010411237,0,0,0,1.225
1521.86977294915,40.4866495076189,3,6,25.991847185353,93.5706498672707,-0.00101749913111749,11.259602001779,495.734448973561,0,0,0,1.225
1522.11976705952,40.4962676834715,3,6,25.9918375938799,93.5706153379678,-0.000976948294721202,11.2595936917772,495.766523171597,0,0,0,1.225
1522.36976116988,40.5058858628018,3,6,25.9918283846449,93.5705821847215,-0.000938016020494226,11.2595857129472,495.797317124575,0,0,0,1.225
1522.61975528025,40.5155040454714,3,6,25.9918195423921,93.5705503526116,-0.000900637511096869,11.2595780520713,495.826882087466,0,0,0,1.225
1522.86974939061,40.5251222313472,3,6,25.9918110524767,93.5705197889162,-0.000864750578818593,11.2595706964609,495.855267250869,0,0,0,1.225
1523.11974350098,40.5347404203015,3,6,25.9918029008398,93.5704904430234,-0.000830295537800351,11.2595636339351,495.882519826297,0,0,0,1.225
1523.36973761135,40.5443586122115,3,6,25.991795073985,93.570462266346,-0.000797215104442571,11.2595568528005,495.908685124948,0,0,0,1.225
1523.61973172171,40.5539768069595,3,6,25.9917875589557,93.5704352122405,-0.000765454298722656,11.2595503418314,495.933806635786,0,0,0,1.225
1523.86972583208,40.5635950044326,3,6,25.9917803433135,93.5704092359286,-0.000734960349605305,11.259544090251,495.957926100383,0,0,0,1.225
1524.11971994244,40.573213204522,3,6,25.9917734151174,93.5703842944227,-0.00070568260704683,11.2595380877134,495.981083582523,0,0,0,1.225
1524.36971405281,40.5828314071236,3,6,25.9917667629037,93.5703603464533,-0.000677572455136365,11.2595323242864,496.003317536922,0,0,0,1.225
1524.61970816317,40.5924496121373,3,6,25.9917603756669,93.5703373524007,-0.000650583230239413,11.2595267904348,496.024664873982,0,0,0,1.225
1524.86970227354,40.602067819467,3,6,25.9917542428412,93.5703152742284,-0.00062467014096043,11.2595214770042,496.045161023118,0,0,0,1.225
1525.1196963839,40.6116860290206,3,6,25.9917483542832,93.5702940754194,-0.000599790193562498,11.2595163752064,496.064839991751,0,0,0,1.225
1525.36969049427,40.6213042407093,3,6,25.9917427002544,93.5702737209159,-0.000575902118069142,11.2595114766038,496.083734423773,0,0,0,1.225
1525.61968460463,40.6309224544483,3,6,25.9917372714056,93.57025417706,-0.000552966299141107,11.2595067730962,496.10187565423,0,0,0,1.225
1525.869678715,40.6405406701557,3,6,25.9917320587606,93.5702354115382,-0.00053094471036381,11.2595022569067,496.119293761296,0,0,0,1.225
1526.11967282536,40.6501588877533,3,6,25.991727053702,93.5702173933272,-0.000509800848080049,11.2594979205691,496.136017618632,0,0,0,1.225
1526.36966693573,40.6597771071658,3,6,25.9917222479562,93.5702000926422,-0.000489499671589317,11.259493756915,496.15207494268,0,0,0,1.225
1526.61966104609,40.6693953283208,3,6,25.9917176335799,93.5701834808876,-0.000470007543119731,11.2594897590625,496.167492340159,0,0,0,1.225
1526.86965515646,40.6790135511491,3,6,25.9917132029469,93.5701675306089,-0.000451292172120176,11.2594859204041,496.182295352124,0,0,0,1.225
1527.11964926682,40.6886317755839,3,6,25.9917089487354,93.5701522154474,-0.000433322560234578,11.2594822345962,496.196508497505,0,0,0,1.225
1527.36964337719,40.6982500015614,3,6,25.9917048639157,93.5701375100964,-0.000416068949914238,11.2594786955483,496.210155313748,0,0,0,1.225
1527.61963748755,40.70786822902,3,6,25.9917009417385,93.5701233902586,-0.000399502773712315,11.2594752974128,496.223258396936,0,0,0,1.225
1527.86963159792,40.7174864579009,3,6,25.9916971757239,93.5701098326062,-0.000383596607898497,11.2594720345756,496.235839438465,0,0,0,1.225
1528.11962570828,40.7271046881473,3,6,25.9916935596506,93.5700968147421,-0.000368324124254651,11.2594689016464,496.247919263201,0,0,0,1.225
1528.36961981865,40.736722919705,3,6,25.9916900875451,93.5700843151624,-0.000353660048691836,11.2594658934498,496.259517862185,0,0,0,1.225
1528.61961392901,40.7463411525217,3,6,25.9916867536725,93.5700723132208,-0.000339580116456634,11.2594630050172,496.270654428093,0,0,0,1.225
1528.86960803938,40.7559593865472,3,6,25.9916835525263,93.5700607890946,-0.00032606103279458,11.2594602315778,496.281347386343,0,0,0,1.225
1529.11960214974,40.7655776217336,3,6,25.9916804788198,93.5700497237513,-0.000313080434295724,11.259457568551,496.291614425665,0,0,0,1.225
1529.36959626011,40.7751958580345,3,6,25.9916775274771,93.5700390989174,-0.000300616850694953,11.2594550115393,496.301472528326,0,0,0,1.225
1529.61959037047,40.7848140954056,3,6,25.9916746936244,93.5700288970479,-0.000288649669855624,11.2594525563199,496.310937997825,0,0,0,1.225
1529.86958448084,40.7944323338042,3,6,25.9916719725826,93.5700191012974,-0.000277159102525809,11.2594501988389,496.320026486776,0,0,0,1.225
1530.1195785912,40.8040505731896,3,6,25.9916693598588,93.5700096954917,-0.000266126150277856,11.2594479352037,496.328753022261,0,0,0,1.225
1530.36957270157,40.8136688135223,3,6,25.9916668511393,93.5700006641015,-0.000255532572538424,11.2594457616769,496.337132031921,0,0,0,1.225
1530.61956681193,40.8232870547648,3,6,25.9916644422824,93.5699919922166,-0.000245360857938732,11.2594436746701,496.345177366601,0,0,0,1.225
1530.8695609223,40.8329052968807,3,6,25.9916621293113,93.5699836655208,-0.000235594192936246,11.2594416707379,496.352902325194,0,0,0,1.225
1531.11955503266,40.8425235398353,3,6,25.9916599084079,93.5699756702685,-0.00022621643680299,11.2594397465723,496.360319674397,0,0,0,1.225
1531.36954914303,40.8521417835953,3,6,25.9916577759061,93.5699679932619,-0.000217212091156751,11.259437898997,496.367441672841,0,0,0,1.225
1531.6195432534,40.8617600281285,3,6,25.9916557282858,93.569960621829,-0.000208566277223182,11.2594361249622,496.374280089056,0,0,0,1.225
1531.86953736376,40.8713782734042,3,6,25.9916537621675,93.569953543803,-0.000200264709914588,11.2594344215399,496.380846221979,0,0,0,1.225
1532.11953147413,40.8809965193929,3,6,25.9916518743059,93.5699467475014,-0.000192293673272989,11.2594327859185,496.387150920388,0,0,0,1.225
1532.36952558449,40.8906147660661,3,6,25.9916500615854,93.5699402217075,-0.000184639999551255,11.2594312153986,496.393204599435,0,0,0,1.225
1532.61951969486,40.9002330133966,3,6,25.9916483210143,93.5699339556514,-0.000177291045110923,11.2594297073881,496.399017259725,0,0,0,1.225
1532.86951380522,40.9098512613583,3,6,25.99164664972,93.569927938992,-0.000170234671777119,11.2594282593984,496.404598502046,0,0,0,1.225
1533.11950791559,40.919469509926,3,6,25.9916450449446,93.5699221618005,-0.000163459224100655,11.2594268690399,496.409957545378,0,0,0,1.225
1533.36950202595,40.9290877590756,3,6,25.9916435040398,93.5699166145434,-0.000156953512759359,11.2594255340183,496.415103239998,0,0,0,1.225
1533.61949613632,40.938706008784,3,6,25.991642024463,93.5699112880668,-0.000150706793411823,11.2594242521305,496.420044084226,0,0,0,1.225
1533.86949024668,40.9483242590289,3,6,25.9916406037727,93.5699061735817,-0.000144708750780874,11.2594230212614,496.424788237004,0,0,0,1.225
1534.11948435705,40.9579425097889,3,6,25.9916392396247,93.5699012626489,-0.000138949480918009,11.25942183938,496.429343531922,0,0,0,1.225
1534.36947846741,40.9675607610436,3,6,25.9916379297682,93.5698965471654,-0.000133419473922586,11.2594207045361,496.433717490902,0,0,0,1.225
1534.61947257778,40.9771790127733,3,6,25.9916366720419,93.5698920193509,-0.000128109600299086,11.2594196148572,496.437917334965,0,0,0,1.225
1534.86946668814,40.9867972649591,3,6,25.9916354643709,93.5698876717351,-0.000123011092994165,11.2594185685457,496.441949998469,0,0,0,1.225
1535.11946079851,40.9964155175827,3,6,25.9916343047624,93.5698834971448,-0.000118115535345568,11.2594175638751,496.445822138614,0,0,0,1.225
1535.36945490887,41.0060337706269,3,6,25.9916331913035,93.5698794886927,-0.000113414845620356,11.2594165991879,496.449540147688,0,0,0,1.225
1535.61944901924,41.0156520240748,3,6,25.9916321221572,93.5698756397659,-0.000108901264054298,11.2594156728926,496.453110163319,0,0,0,1.225
1535.8694431296,41.0252702779104,3,6,25.9916310955596,93.5698719440145,-0.000104567340573405,11.259414783461,496.456538078171,0,0,0,1.225
1536.11943723997,41.0348885321182,3,6,25.9916301098171,93.5698683953416,-0.000100405921378568,11.2594139294259,496.459829550578,0,0,0,1.225
1536.36943135033,41.0445067866835,3,6,25.9916291633036,93.5698649878931,-9.64101389408781e-05,11.2594131093783,496.462990012429,0,0,0,1.225
1536.6194254607,41.0541250415921,3,6,25.9916282544577,93.5698617160478,-9.2573396994612e-05,11.2594123219654,496.466024681079,0,0,0,1.225
1536.86941957106,41.0637432968301,3,6,25.9916273817801,93.5698585744085,-8.88893648527565e-05,11.2594115658884,496.468938563796,0,0,0,1.225
1537.11941368143,41.0733615523847,3,6,25.9916265438313,93.5698555577928,-8.53519617178546e-05,11.2594108399,496.471736470214,0,0,0,1.225
1537.36940779179,41.082979808243,3,6,25.9916257392291,93.5698526612246,-8.19553505427717e-05,11.2594101428026,496.47442301716,0,0,0,1.225
1537.61940190216,41.0925980643932,3,6,25.9916249666461,93.569849879926,-7.86939259796069e-05,11.2594094734464,496.477002638201,0,0,0,1.225
1537.86939601252,41.1022163208235,3,6,25.9916242248081,93.5698472093092,-7.5562306421427e-05,11.2594088307272,496.479479589933,0,0,0,1.225
1538.11939012289,41.1118345775227,3,6,25.9916235124914,93.5698446449691,-7.25553242249682e-05,11.259408213585,496.481857959716,0,0,0,1.225
1538.36938423325,41.1214528344803,3,6,25.9916228285211,93.569842182676,-6.96680172976115e-05,11.2594076210017,496.484141672335,0,0,0,1.225
1538.61937834362,41.1310710916859,3,6,25.991622171769,93.5698398183684,-6.68956222760122e-05,11.2594070519999,496.486334495375,0,0,0,1.225
1538.86937245398,41.1406893491297,3,6,25.9916215411519,93.5698375481467,-6.42335642940432e-05,11.2594065056412,496.48844004734,0,0,0,1.225
1539.11936656435,41.1503076068021,3,6,25.9916209356296,93.5698353682664,-6.16774515256984e-05,11.2594059810243,496.490461801951,0,0,0,1.225
1539.36936067471,41.1599258646941,3,6,25.9916203542034,93.5698332751322,-5.92230667720683e-05,11.259405477284,496.492403094807,0,0,0,1.225
1539.61935478508,41.1695441227969,3,6,25.9916197959143,93.5698312652917,-5.6866360185211e-05,11.2594049935894,496.494267129146,0,0,0,1.225
1539.86934889545,41.1791623811022,3,6,25.9916192598417,93.56982933543,-5.46034444931927e-05,11.2594045291429,496.496056979606,0,0,0,1.225
1540.11934300581,41.1887806396018,3,6,25.9916187451012,93.5698274823642,-5.24305859049263e-05,11.2594040831782,496.497775599437,0,0,0,1.225
1540.36933711618,41.1983988982882,3,6,25.9916182508439,93.5698257030382,-5.03441997899698e-05,11.2594036549601,496.499425823907,0,0,0,1.225
1540.61933122654,41.2080171571537,3,6,25.9916177762548,93.5698239945172,-4.83408440845343e-05,11.2594032437821,496.501010375522,0,0,0,1.225
1540.86932533691,41.2176354161913,3,6,25.991617320551,93.5698223539836,-4.64172145165245e-05,11.2594028489661,496.502531867793,0,0,0,1.225
1541.11931944727,41.2272536753942,3,6,25.991616882981,93.5698207787317,-4.45701377841675e-05,11.2594024698611,496.503992810647,0,0,0,1.225
1541.36931355764,41.2368719347557,3,6,25.9916164628232,93.5698192661636,-4.27965665536742e-05,11.2594021058417,496.505395614377,0,0,0,1.225
1541.619307668,41.2464901942696,3,6,25.9916160593847,93.5698178137847,-4.10935755937961e-05,11.2594017563077,496.506742592695,0,0,0,1.225
1541.86930177837,41.2561084539298,3,6,25.991615672,93.5698164191998,-3.94583556365906e-05,11.2594014206826,496.508035967592,0,0,0,1.225
1542.11929588873,41.2657267137305,3,6,25.9916153000303,93.569815080109,-3.78882092845993e-05,11.2594010984128,496.509277872577,0,0,0,1.225
1542.3692899991,41.275344973666,3,6,25.9916149428622,93.5698137943038,-3.63805466906458e-05,11.2594007889669,496.51047035609,0,0,0,1.225
1542.61928410946,41.2849632337311,3,6,25.9916145999066,93.5698125596639,-3.49328810102555e-05,11.2594004918347,496.5116153851,0,0,0,1.225
1542.86927821983,41.2945814939205,3,6,25.9916142705981,93.569811374153,-3.35428240814535e-05,11.2594002065259,496.512714848529,0,0,0,1.225
1543.11927233019,41.3041997542293,3,6,25.9916139543934,93.5698102358162,-3.22080839235956e-05,11.2593999325703,496.513770559211,0,0,0,1.225
1543.36926644056,41.3138180146528,3,6,25.9916136507711,93.5698091427761,-3.09264585981344e-05,11.2593996695159,496.514784258772,0,0,0,1.225
1543.61926055092,41.3234362751864,3,6,25.9916133592306,93.5698080932303,-2.96958339348288e-05,11.2593994169289,496.515757619419,0,0,0,1.225
1543.86925466129,41.3330545358257,3,6,25.9916130792911,93.5698070854479,-2.85141808031959e-05,11.2593991743929,496.516692246086,0,0,0,1.225
1544.11924877165,41.3426727965665,3,6,25.9916128104909,93.5698061177671,-2.7379549882793e-05,11.2593989415079,496.517589680591,0,0,0,1.225
1544.36924288202,41.3522910574048,3,6,25.9916125523867,93.569805188592,-2.62900696168063e-05,11.2593987178897,496.518451403244,0,0,0,1.225
1544.61923699238,41.3619093183367,3,6,25.9916123045529,93.5698042963903,-2.52439439382607e-05,11.2593985031697,496.519278834635,0,0,0,1.225
1544.86923110275,41.3715275793585,3,6,25.9916120665808,93.5698034396908,-2.42394465855442e-05,11.2593982969938,496.520073340158,0,0,0,1.225
1545.11922521311,41.3811458404665,3,6,25.991611838078,93.5698026170807,-2.32749217845444e-05,11.2593980990219,496.520836229439,0,0,0,1.225
1545.36921932348,41.3907641016574,3,6,25.9916116186677,93.5698018272036,-2.23487776546574e-05,11.2593979089277,496.521568761586,0,0,0,1.225
1545.61921343384,41.4003823629279,3,6,25.991611407988,93.5698010687567,-2.14594880278191e-05,11.2593977263975,496.522272143708,0,0,0,1.225
1545.86920754421,41.4100006242747,3,6,25.9916112056915,93.5698003404896,-2.0605585399756e-05,11.2593975511305,496.522947536536,0,0,0,1.225
1546.11920165457,41.4196188856949,3,6,25.9916110114448,93.5697996412011,-1.9785661839501e-05,11.2593973828376,496.523596053667,0,0,0,1.225
1546.36919576494,41.4292371471856,3,6,25.9916108249273,93.5697989697383,-1.89983655787079e-05,11.2593972212413,496.524218764278,0,0,0,1.225
1546.6191898753,41.4388554087439,3,6,25.9916106458316,93.5697983249938,-1.82423971462079e-05,11.2593970660751,496.524816696195,0,0,0,1.225
1546.86918398567,41.4484736703671,3,6,25.9916104738623,93.5697977059044,-1.75165107322838e-05,11.2593969170832,496.525390834782,0,0,0,1.225
1547.11917809603,41.4580919320527,3,6,25.9916103087359,93.5697971114493,-1.68195091863312e-05,11.2593967740198,496.525942126924,0,0,0,1.225
1547.3691722064,41.4677101937981,3,6,25.9916101501801,93.5697965406483,-1.61502426525845e-05,11.2593966366491,496.526471482102,0,0,0,1.225
1547.61916631676,41.4773284556011,3,6,25.9916099979333,93.56979599256,-1.55076074332216e-05,11.2593965047445,496.526979773284,0,0,0,1.225
1547.86916042713,41.4869467174593,3,6,25.9916098517446,93.5697954662807,-1.48905441693317e-05,11.2593963780885,496.527467838366,0,0,0,1.225
1548.1191545375,41.4965649793704,3,6,25.9916097113729,93.5697949609426,-1.42980351123668e-05,11.2593962564723,496.527936482337,0,0,0,1.225
1548.36914864786,41.5061832413325,3,6,25.9916095765868,93.5697944757123,-1.37291029872466e-05,11.2593961396953,496.528386478172,0,0,0,1.225
1548.61914275823,41.5158015033435,3,6,25.9916094471638,93.5697940097898,-1.31828098554636e-05,11.2593960275649,496.52881856773,0,0,0,1.225
1548.86913686859,41.5254197654014,3,6,25.9916093228908,93.5697935624068,-1.26582543865342e-05,11.2593959198964,496.529233463921,0,0,0,1.225
1549.11913097896,41.5350380275043,3,6,25.9916092035626,93.5697931328255,-1.21545718579991e-05,11.259395816512,496.529631850695,0,0,0,1.225
1549.36912508932,41.5446562896505,3,6,25.9916090889827,93.5697927203376,-1.16709318816329e-05,11.2593957172414,496.530014384842,0,0,0,1.225
1549.61911919969,41.5542745518383,3,6,25.9916089789619,93.5697923242629,-1.12065365844117e-05,11.2593956219209,496.530381697445,0,0,0,1.225
1549.86911331005,41.5638928140659,3,6,25.991608873319,93.5697919439484,-1.07606203811343e-05,11.2593955303932,496.530734394037,0,0,0,1.225
1550.11910742042,41.5735110763319,3,6,25.9916087718797,93.5697915787668,-1.03324474732524e-05,11.2593954425075,496.531073056604,0,0,0,1.225
1550.36910153078,41.5831293386347,3,6,25.9916086744767,93.569791228116,-9.92131230362949e-06,11.2593953581189,496.531398243199,0,0,0,1.225
1550.61909564115,41.5927476009727,3,6,25.9916085809494,93.5697908914179,-9.52653682799149e-06,11.2593952770881,496.531710490121,0,0,0,1.225
1550.86908975151,41.6023658633447,3,6,25.9916084911437,93.5697905681172,-9.14746983279034e-06,11.2593951992815,496.532010312449,0,0,0,1.225
1551.11908386188,41.6119841257493,3,6,25.9916084049114,93.5697902576809,-8.78348670782468e-06,11.259395124571,496.532298204214,0,0,0,1.225
1551.36907797224,41.6216023881851,3,6,25.9916083221103,93.5697899595969,-8.43398626293349e-06,11.2593950528332,496.532574640933,0,0,0,1.225
1551.61907208261,41.6312206506509,3,6,25.9916082426039,93.569789673374,-8.09839345654443e-06,11.2593949839499,496.532840077425,0,0,0,1.225
1551.86906619297,41.6408389131456,3,6,25.9916081662611,93.5697893985399,-7.77615393857709e-06,11.2593949178075,496.53309495216,0,0,0,1.225
1552.11906030334,41.650457175668,3,6,25.991608092956,93.5697891346417,-7.46673655161234e-06,11.259394854297,496.533339685255,0,0,0,1.225
1552.3690544137,41.6600754382169,3,6,25.9916080225678,93.5697888812442,-7.16963128448105e-06,11.2593947933135,496.533574680099,0,0,0,1.225
1552.61904852407,41.6696937007914,3,6,25.9916079549804,93.5697886379294,-6.88434836274794e-06,11.2593947347567,496.533800324079,0,0,0,1.225
1552.86904263443,41.6793119633903,3,6,25.9916078900823,93.5697884042962,-6.61041711181644e-06,11.2593946785298,496.534016989475,0,0,0,1.225
1553.1190367448,41.6889302260129,3,6,25.9916078277665,93.5697881799595,-6.34738527479158e-06,11.2593946245402,496.534225034004,0,0,0,1.225
1553.36903085516,41.6985484886579,3,6,25.9916077679303,93.5697879645491,-6.09482014937515e-06,11.2593945726989,496.534424799903,0,0,0,1.225
1553.61902496553,41.7081667513248,3,6,25.991607710475,93.5697877577101,-5.85230472242218e-06,11.2593945229204,496.534616617012,0,0,0,1.225
1553.86901907589,41.7177850140124,3,6,25.9916076553059,93.5697875591012,-5.6194390342151e-06,11.2593944751226,496.53480080168,0,0,0,1.225
1554.11901318626,41.72740327672,3,6,25.991607602332,93.5697873683951,-5.39583972370567e-06,11.2593944292267,496.534977657118,0,0,0,1.225
1554.36900729662,41.7370215394469,3,6,25.9916075514659,93.5697871852773,-5.1811370725876e-06,11.259394385157,496.535147475765,0,0,0,1.225
1554.61900140699,41.7466398021922,3,6,25.9916075026238,93.5697870094457,-4.97497773384493e-06,11.2593943428408,496.535310537094,0,0,0,1.225
1554.86899551735,41.7562580649552,3,6,25.9916074557252,93.5697868406106,-4.77702177582455e-06,11.2593943022085,496.535467109973,0,0,0,1.225
1555.11898962772,41.7658763277352,3,6,25.9916074106926,93.5697866784935,-4.58694222747824e-06,11.2593942631929,496.535617453024,0,0,0,1.225
1555.36898373808,41.7754945905315,3,6,25.991607367452,93.5697865228271,-4.40442644263677e-06,11.2593942257297,496.535761813527,0,0,0,1.225
1555.61897784845,41.7851128533435,3,6,25.9916073259318,93.5697863733547,-4.22917268932445e-06,11.2593941897572,496.535900430143,0,0,0,1.225
1555.86897195881,41.7947311161706,3,6,25.9916072860638,93.5697862298298,-4.06089287830755e-06,11.2593941552161,496.536033530728,0,0,0,1.225
1556.11896606918,41.8043493790121,3,6,25.9916072477822,93.5697860920158,-3.89930869765069e-06,11.2593941220494,496.53616133542,0,0,0,1.225
1556.36896017955,41.8139676418675,3,6,25.9916072110238,93.5697859596855,-3.74415434126528e-06,11.2593940902024,496.536284054452,0,0,0,1.225
1556.61895428991,41.8235859047363,3,6,25.991607175728,93.5697858326207,-3.59517332560304e-06,11.2593940596226,496.536401890695,0,0,0,1.225
1556.86894840028,41.8332041676178,3,6,25.9916071418366,93.5697857106118,-3.45212053606731e-06,11.2593940302595,496.536515038017,0,0,0,1.225
1557.11894251064,41.8428224305117,3,6,25.9916071092938,93.5697855934577,-3.31475972584366e-06,11.2593940020649,496.53662368328,0,0,0,1.225
1557.36893662101,41.8524406934173,3,6,25.9916070780459,93.5697854809651,-3.18286442541607e-06,11.2593939749921,496.53672800561,0,0,0,1.225
1557.61893073137,41.8620589563342,3,6,25.9916070480413,93.5697853729487,-3.05621748780882e-06,11.2593939489965,496.536828176756,0,0,0,1.225
1557.86892484174,41.8716772192621,3,6,25.9916070192306,93.5697852692302,-2.93460995169135e-06,11.2593939240353,496.536924361996,0,0,0,1.225
1558.1189189521,41.8812954822004,3,6,25.9916069915663,93.5697851696388,-2.81784104137828e-06,11.2593939000673,496.537016720136,0,0,0,1.225
1558.36891306247,41.8909137451487,3,6,25.9916069650028,93.5697850740101,-2.70571862158741e-06,11.259393877053,496.537105403142,0,0,0,1.225
1558.61890717283,41.9005320081067,3,6,25.9916069394962,93.5697849821865,-2.59805737840754e-06,11.2593938549545,496.53719055759,0,0,0,1.225
1558.8689012832,41.9101502710739,3,6,25.9916069150046,93.5697848940166,-2.49468041095165e-06,11.2593938337353,496.537272323396,0,0,0,1.225
1559.11889539356,41.9197685340499,3,6,25.9916068914875,93.5697848093549,-2.39541650280852e-06,11.2593938133603,496.537350835988,0,0,0,1.225
1559.36888950393,41.9293867970345,3,6,25.9916068689061,93.569784728062,-2.30010239583307e-06,11.2593937937961,496.537426224493,0,0,0,1.225
1559.61888361429,41.9390050600273,3,6,25.9916068472233,93.5697846500038,-2.20858097111405e-06,11.2593937750104,496.537498613181,0,0,0,1.225
1559.86887772466,41.948623323028,3,6,25.9916068264032,93.5697845750514,-2.12070124897413e-06,11.2593937569721,496.537568121472,0,0,0,1.225
1560.11887183502,41.9582415860362,3,6,25.9916068064115,93.5697845030815,-2.03631816159078e-06,11.2593937396516,496.537634864108,0,0,0,1.225
1560.36886594539,41.9678598490517,3,6,25.9916067872153,93.5697844339752,-1.95529255299632e-06,11.2593937230203,496.537698951153,0,0,0,1.225
1560.61886005575,41.9774781120741,3,6,25.991606768783,93.5697843676187,-1.87749117907791e-06,11.2593937070508,496.537760487995,0,0,0,1.225
1560.86885416612,41.9870963751032,3,6,25.991606751084,93.5697843039026,-1.80278534330333e-06,11.2593936917166,496.537819576429,0,0,0,1.225
1561.11884827648,41.9967146381387,3,6,25.9916067340894,93.5697842427217,-1.73105248837427e-06,11.2593936769927,496.537876313385,0,0,0,1.225
1561.36884238685,42.0063329011804,3,6,25.9916067177709,93.5697841839752,-1.66217346767785e-06,11.2593936628545,496.537930793111,0,0,0,1.225
1561.61883649721,42.015951164228,3,6,25.9916067021017,93.5697841275662,-1.5960352738351e-06,11.259393649279,496.537983104985,0,0,0,1.225
1561.86883060758,42.0255694272813,3,6,25.9916066870561,93.5697840734018,-1.53252921966865e-06,11.2593936362436,496.538033334968,0,0,0,1.225
1562.11882471794,42.03518769034,3,6,25.991606672609,93.5697840213926,-1.47154934654951e-06,11.2593936237269,496.53808156688,0,0,0,1.225
1562.36881882831,42.044805953404,3,6,25.9916066587369,93.5697839714528,-1.41299651721966e-06,11.2593936117083,496.538127879121,0,0,0,1.225
1562.61881293867,42.054424216473,3,6,25.9916066454167,93.5697839235001,-1.35677295869526e-06,11.2593936001678,496.538172349034,0,0,0,1.225
1562.86880704904,42.0640424795469,3,6,25.9916066326265,93.5697838774555,-1.30278680984733e-06,11.2593935890866,496.538215049271,0,0,0,1.225
1563.1188011594,42.0736607426253,3,6,25.9916066203453,93.569783833243,-1.25094871071622e-06,11.2593935784463,496.538256050512,0,0,0,1.225
1563.36879526977,42.0832790057083,3,6,25.9916066085527,93.5697837907897,-1.20117339416488e-06,11.2593935682293,496.538295420198,0,0,0,1.225
1563.61878938013,42.0928972687955,3,6,25.9916065972293,93.5697837500256,-1.15337877636269e-06,11.2593935584189,496.538333223254,0,0,0,1.225
1563.8687834905,42.1025155318868,3,6,25.9916065863566,93.5697837108836,-1.10748550202744e-06,11.2593935489989,496.538369522449,0,0,0,1.225
1564.11877760086,42.112133794982,3,6,25.9916065759164,93.569783673299,-1.06341876345753e-06,11.2593935399537,496.538404376946,0,0,0,1.225
1564.36877171123,42.1217520580811,3,6,25.9916065658916,93.5697836372099,-1.02110511722559e-06,11.2593935312684,496.538437844841,0,0,0,1.225
1564.6187658216,42.1313703211838,3,6,25.9916065562658,93.5697836025568,-9.80475212726794e-07,11.2593935229286,496.538469980983,0,0,0,1.225
1564.86875993196,42.1409885842899,3,6,25.9916065470229,93.5697835692825,-9.41461745767634e-07,11.2593935149208,496.538500838609,0,0,0,1.225
1565.11875404233,42.1506068473994,3,6,25.9916065381479,93.5697835373323,-9.04000822840071e-07,11.2593935072315,496.538530468251,0,0,0,1.225
1565.36874815269,42.1602251105122,3,6,25.9916065296259,93.5697835066533,-8.68030824226387e-07,11.2593934998482,496.538558918647,0,0,0,1.225
1565.61874226306,42.169843373628,3,6,25.9916065214431,93.5697834771951,-8.33491949241124e-07,11.2593934927587,496.5385862371,0,0,0,1.225
1565.86873637342,42.1794616367468,3,6,25.9916065135858,93.569783448909,-8.00327125747211e-07,11.2593934859513,496.538612468751,0,0,0,1.225
1566.11873048379,42.1890798998684,3,6,25.9916065060412,93.5697834217484,-7.68481782776929e-07,11.2593934794147,496.538637656764,0,0,0,1.225
1566.36872459415,42.1986981629928,3,6,25.9916064987968,93.5697833956685,-7.37904077910944e-07,11.2593934731383,496.538661842136,0,0,0,1.225
1566.61871870452,42.2083164261198,3,6,25.9916064918407,93.5697833706264,-7.08542623487988e-07,11.2593934671116,496.538685065521,0,0,0,1.225
1566.86871281488,42.2179346892494,3,6,25.9916064851613,93.5697833465806,-6.80349897290341e-07,11.2593934613246,496.538707364499,0,0,0,1.225
1567.11870692525,42.2275529523813,3,6,25.9916064787477,93.5697833234917,-6.53278377100279e-07,11.259393455768,496.538728776667,0,0,0,1.225
1567.36870103561,42.2371712155156,3,6,25.9916064725893,93.5697833013215,-6.27284633522661e-07,11.2593934504324,496.538749336363,0,0,0,1.225
1567.61869514598,42.2467894786521,3,6,25.9916064666759,93.5697832800334,-6.02324782404279e-07,11.2593934453092,496.538769078309,0,0,0,1.225
1567.86868925634,42.2564077417907,3,6,25.9916064609979,93.5697832595924,-5.78358122898377e-07,11.2593934403898,496.538788034691,0,0,0,1.225
1568.11868336671,42.2660260049315,3,6,25.9916064555458,93.5697832399647,-5.5534531843239e-07,11.2593934356661,496.538806236622,0,0,0,1.225
1568.36867747707,42.2756442680741,3,6,25.9916064503106,93.5697832211181,-5.33248169328915e-07,11.2593934311304,496.538823714317,0,0,0,1.225
1568.61867158744,42.2852625312187,3,6,25.9916064452837,93.5697832030213,-5.12030067563776e-07,11.2593934267752,496.538840496733,0,0,0,1.225
1568.8686656978,42.2948807943651,3,6,25.9916064404568,93.5697831856446,-4.91656451524082e-07,11.2593934225933,496.538856611203,0,0,0,1.225
1569.11865980817,42.3044990575133,3,6,25.991606435822,93.5697831689593,-4.7209321435501e-07,11.2593934185778,496.538872084707,0,0,0,1.225
1569.36865391853,42.3141173206632,3,6,25.9916064313717,93.5697831529379,-4.5330875037109e-07,11.259393414722,496.53888694224,0,0,0,1.225
1569.6186480289,42.3237355838146,3,6,25.9916064270984,93.5697831375541,-4.35271681265883e-07,11.2593934110197,496.538901208623,0,0,0,1.225
1569.86864213926,42.3333538469676,3,6,25.9916064229951,93.5697831227823,-4.17952220386176e-07,11.2593934074647,496.538914907415,0,0,0,1.225
1570.11863624963,42.3429721101221,3,6,25.9916064190551,93.5697831085983,-4.01321717973918e-07,11.2593934040511,496.538928061279,0,0,0,1.225
1570.36863035999,42.352590373278,3,6,25.9916064152719,93.5697830949787,-3.85353343303312e-07,11.2593934007734,496.538940691431,0,0,0,1.225
1570.61862447036,42.3622086364353,3,6,25.9916064116392,93.569783081901,-3.700198108905e-07,11.259393397626,496.53895281946,0,0,0,1.225
1570.86861858072,42.3718268995939,3,6,25.991606408151,93.5697830693437,-3.5529679117904e-07,11.259393394604,496.538964464602,0,0,0,1.225
1571.11861269109,42.3814451627538,3,6,25.9916064048017,93.569783057286,-3.41159499854428e-07,11.2593933917021,496.538975646464,0,0,0,1.225
1571.36860680145,42.3910634259149,3,6,25.9916064015856,93.5697830457082,-3.27584971634413e-07,11.2593933889158,496.538986383208,0,0,0,1.225
1571.61860091182,42.4006816890771,3,6,25.9916063984975,93.569783034591,-3.1455024123675e-07,11.2593933862403,496.538996693003,0,0,0,1.225
1571.86859502218,42.4102999522405,3,6,25.9916063955323,93.5697830239161,-3.02034162411445e-07,11.2593933836712,496.539006592571,0,0,0,1.225
1572.11858913255,42.419918215405,3,6,25.991606392685,93.569783013666,-2.90016043666573e-07,11.2593933812044,496.539016098279,0,0,0,1.225
1572.36858324291,42.4295364785705,3,6,25.9916063899511,93.5697830038238,-2.78476330405368e-07,11.2593933788357,496.539025225592,0,0,0,1.225
1572.61857735328,42.4391547417369,3,6,25.9916063873259,93.5697829943732,-2.67395922789128e-07,11.2593933765613,496.539033989616,0,0,0,1.225
1572.86857146365,42.4487730049044,3,6,25.9916063848052,93.5697829852986,-2.56756175737217e-07,11.2593933743774,496.539042405103,0,0,0,1.225
1573.11856557401,42.4583912680727,3,6,25.9916063823847,93.5697829765851,-2.46540035822221e-07,11.2593933722804,496.539050485537,0,0,0,1.225
1573.36855968438,42.4680095312419,3,6,25.9916063800606,93.5697829682183,-2.36729994858665e-07,11.2593933702668,496.539058244771,0,0,0,1.225
1573.61855379474,42.477627794412,3,6,25.991606377829,93.5697829601844,-2.27310591072362e-07,11.2593933683334,496.539065695028,0,0,0,1.225
1573.86854790511,42.4872460575829,3,6,25.9916063756862,93.5697829524702,-2.18265680552028e-07,11.2593933664768,496.539072849084,0,0,0,1.225
1574.11854201547,42.4968643207545,3,6,25.9916063736286,93.5697829450629,-2.09581165797669e-07,11.2593933646942,496.539079718081,0,0,0,1.225
1574.36853612584,42.5064825839269,3,6,25.9916063716529,93.5697829379504,-2.0124181241413e-07,11.2593933629825,496.539086314076,0,0,0,1.225
1574.6185302362,42.5161008471,3,6,25.9916063697558,93.5697829311209,-1.93234432417547e-07,11.2593933613388,496.539092647497,0,0,0,1.225
1574.86852434657,42.5257191102738,3,6,25.9916063679342,93.5697829245631,-1.85545383065989e-07,11.2593933597606,496.539098729138,0,0,0,1.225
1575.11851845693,42.5353373734483,3,6,25.9916063661851,93.5697829182663,-1.78162613270752e-07,11.2593933582452,496.539104568523,0,0,0,1.225
1575.3685125673,42.5449556366234,3,6,25.9916063645056,93.56978291222,-1.71073389806035e-07,11.2593933567901,496.539110175732,0,0,0,1.225
1575.61850667766,42.5545738997991,3,6,25.9916063628929,93.5697829064143,-1.6426634372023e-07,11.2593933553929,496.539115559751,0,0,0,1.225
1575.86850078803,42.5641921629753,3,6,25.9916063613443,93.5697829008396,-1.57730560819793e-07,11.2593933540513,496.539120729212,0,0,0,1.225
1576.11849489839,42.5738104261522,3,6,25.9916063598574,93.5697828954868,-1.51454217395052e-07,11.259393352763,496.539125693476,0,0,0,1.225
1576.36848900876,42.5834286893296,3,6,25.9916063584297,93.5697828903469,-1.45427763526656e-07,11.259393351526,496.539130460088,0,0,0,1.225
1576.61848311912,42.5930469525075,3,6,25.9916063570588,93.5697828854115,-1.39641421916222e-07,11.2593933503383,496.539135036781,0,0,0,1.225
1576.86847722949,42.6026652156859,3,6,25.9916063557424,93.5697828806725,-1.34085187886334e-07,11.2593933491978,496.539139431472,0,0,0,1.225
1577.11847133985,42.6122834788648,3,6,25.9916063544784,93.5697828761221,-1.28749738896676e-07,11.2593933481027,496.539143651536,0,0,0,1.225
1577.36846545022,42.6219017420441,3,6,25.9916063532646,93.5697828717527,-1.23626661923055e-07,11.2593933470511,496.539147703625,0,0,0,1.225
1577.61845956058,42.6315200052239,3,6,25.9916063520992,93.5697828675572,-1.18707543941283e-07,11.2593933460414,496.539151594391,0,0,0,1.225
1577.86845367095,42.6411382684041,3,6,25.9916063509802,93.5697828635287,-1.13984199306202e-07,11.2593933450719,496.539155330311,0,0,0,1.225
1578.11844778131,42.6507565315847,3,6,25.9916063499057,93.5697828596604,-1.09448897130718e-07,11.2593933441409,496.539158917498,0,0,0,1.225
1578.36844189168,42.6603747947657,3,6,25.9916063488739,93.5697828559461,-1.05093906527737e-07,11.259393343247,496.539162362069,0,0,0,1.225
1578.61843600204,42.6699930579471,3,6,25.9916063478832,93.5697828523795,-1.00912406126296e-07,11.2593933423887,496.539165669417,0,0,0,1.225
1578.86843011241,42.6796113211288,3,6,25.9916063469319,93.5697828489548,-9.68968924183316e-08,11.2593933415645,496.539168845481,0,0,0,1.225
1579.11842422277,42.6892295843109,3,6,25.9916063460185,93.5697828456665,-9.30412261699769e-08,11.2593933407731,496.539171895114,0,0,0,1.225
1579.36841833314,42.6988478474933,3,6,25.9916063451414,93.5697828425089,-8.93392681473629e-08,11.2593933400132,496.539174823169,0,0,0,1.225
1579.6184124435,42.708466110676,3,6,25.9916063442992,93.569782839477,-8.57844243585572e-08,11.2593933392836,496.539177634865,0,0,0,1.225
1579.86840655387,42.718084373859,3,6,25.9916063434905,93.5697828365658,-8.23710103277556e-08,11.2593933385829,496.539180334699,0,0,0,1.225
1580.11840066423,42.7277026370424,3,6,25.991606342714,93.5697828337704,-7.90933415791542e-08,11.2593933379102,496.539182927165,0,0,0,1.225
1580.3683947746,42.737320900226,3,6,25.9916063419684,93.5697828310862,-7.59461883950132e-08,11.2593933372642,496.5391854164,0,0,0,1.225
1580.61838888496,42.7469391634098,3,6,25.9916063412524,93.5697828285088,-7.2924321057593e-08,11.2593933366439,496.53918780654,0,0,0,1.225
1580.86838299533,42.756557426594,3,6,25.991606340565,93.569782826034,-7.00229646072181e-08,11.2593933360483,496.539190101359,0,0,0,1.225
1581.1183771057,42.7661756897783,3,6,25.9916063399049,93.5697828236576,-6.72366619471167e-08,11.2593933354764,496.53919230518,0,0,0,1.225
1581.36837121606,42.775793952963,3,6,25.9916063392711,93.5697828213758,-6.45610928756777e-08,11.2593933349273,496.539194421418,0,0,0,1.225
1581.61836532643,42.7854122161478,3,6,25.9916063386625,93.5697828191848,-6.19923919493544e-08,11.2593933344,496.539196453125,0,0,0,1.225
1581.86835943679,42.7950304793329,3,6,25.9916063380781,93.569782817081,-5.95255568294392e-08,11.2593933338937,496.539198404265,0,0,0,1.225
1582.11835354716,42.8046487425182,3,6,25.9916063375169,93.5697828150609,-5.71569494514177e-08,11.2593933334075,496.539200277711,0,0,0,1.225
1582.36834765752,42.8142670057037,3,6,25.9916063369781,93.5697828131212,-5.48827043717429e-08,11.2593933329407,496.53920207652,0,0,0,1.225
1582.61834176789,42.8238852688893,3,6,25.9916063364607,93.5697828112586,-5.26989561468683e-08,11.2593933324924,496.539203803751,0,0,0,1.225
1582.86833882307,42.8335011550099,3,7,26.018538672095,93.6667392195421,5.6030187797362,0,4979.98382444297,0,0,0,1.225
1583.11833882307,42.8430997677199,3,7,26.0723246806823,93.8603688504563,5.60401971470515,0,4982.84386574148,0,0,0,1.225
1583.36833882307,42.8526786178969,3,7,26.1260095371202,94.0536343336328,5.60502060041881,0,4985.70423547032,0,0,0,1.225
1583.61833882307,42.8622378236102,3,7,26.1795938632177,94.2465379075839,5.60602143690608,0,4988.56493363449,0,0,0,1.225
1583.86833882307,42.8717775017524,3,7,26.2330782745431,94.439081788355,5.60702222419604,0,4991.42596023919,0,0,0,1.225
1584.11833882307,42.8812977680556,3,7,26.2864633805107,94.6312681698386,5.60802296231736,0,4994.28731528927,0,0,0,1.225
1584.36833882307,42.8907987371072,3,7,26.3397497844671,94.8230992240816,5.60902365129914,0,4997.14899878994,0,0,0,1.225
1584.61833882307,42.9002805223661,3,7,26.3929380837745,95.0145771015881,5.61002429117025,0,5000.01101074625,0,0,0,1.225
1584.86833882307,42.909743236178,3,7,26.4460288698934,95.2057039316163,5.61102488195911,0,5002.87335116291,0,0,0,1.225
1585.11833882307,42.9191869897907,3,7,26.4990227284639,95.3964818224702,5.61202542369438,0,5005.73602004478,0,0,0,1.225
1585.36833882307,42.9286118933691,3,7,26.5519202393852,95.5869128617867,5.61302591640515,0,5008.59901739714,0,0,0,1.225
1585.61833882307,42.93801805601,3,7,26.6047219768936,95.7769991168169,5.61402636011962,0,5011.46234322454,0,0,0,1.225
1585.86833882307,42.9474055857562,3,7,26.6574285096397,95.9667426347029,5.61502675486622,0,5014.32599753169,0,0,0,1.225
1586.11833882307,42.9567745896112,3,7,26.7100404007638,96.1561454427498,5.61602710067359,0,5017.18998032354,0,0,0,1.225
1586.36833882307,42.9661251735528,3,7,26.7625582079703,96.345209548693,5.61702739756993,0,5020.05429160467,0,0,0,1.225
1586.61833882307,42.9754574425469,3,7,26.8149824836002,96.5339369409607,5.61802764558433,0,5022.91893138037,0,0,0,1.225
1586.86833882307,42.9847715005613,3,7,26.8673137747034,96.7223295889323,5.6190278447441,0,5025.78389965453,0,0,0,1.225
1587.11833882307,42.9940674505783,3,7,26.9195526231088,96.9103894431917,5.62002799507832,0,5028.64919643247,0,0,0,1.225
1587.36833882307,43.0033453946085,3,7,26.9716995654936,97.0981184357769,5.62102809661451,0,5031.51482171827,0,0,0,1.225
1587.61833882307,43.012605433703,3,7,27.0237551334515,97.2855184804253,5.62202814938132,0,5034.38077551693,0,0,0,1.225
1587.86833882307,43.0218476679663,3,7,27.0757198535596,97.4725914728146,5.62302815340672,0,5037.24705783288,0,0,0,1.225
1588.11833882307,43.0310721965688,3,7,27.1275942474443,97.6593392907996,5.62402810871913,0,5040.11366867098,0,0,0,1.225
1588.36833882307,43.0402791177584,3,7,27.1793788318458,97.8457637946451,5.62502801534583,0,5042.98060803513,0,0,0,1.225
1588.61833882307,43.0494685288733,3,7,27.2310741186821,98.0318668272554,5.62602787331571,0,5045.84787593057,0,0,0,1.225
1588.86833882307,43.058640526353,3,7,27.2826806151109,98.2176502143993,5.62702768265581,0,5048.71547236107,0,0,0,1.225
1589.11833882307,43.0677952057504,3,7,27.3341988235921,98.4031157649314,5.62802744339456,0,5051.58339733148,0,0,0,1.225
1589.36833882307,43.0769326617429,3,7,27.3856292419473,98.5882652710103,5.62902715555947,0,5054.45165084596,0,0,0,1.225
1589.61833882307,43.0860529881438,3,7,27.4369723634202,98.7731005083128,5.63002681917874,0,5057.32023290924,0,0,0,1.225
1589.86833882307,43.0951562779132,3,7,27.4882286767345,98.9576232362442,5.63102643427965,0,5060.18914352529,0,0,0,1.225
1590.11833882307,43.1042426231688,3,7,27.5393986661518,99.1418351981463,5.63202600089016,0,5063.05838269866,0,0,0,1.225
1590.36833882307,43.1133121151965,3,7,27.590482811528,99.3257381215009,5.63302551903757,0,5065.92795043338,0,0,0,1.225
1590.61833882307,43.1223648444614,3,7,27.6414815883695,99.5093337181302,5.63402498874984,0,5068.797846734,0,0,0,1.225
1590.86833882307,43.1314009006172,3,7,27.6923954678874,99.6926236843947,5.63502441005426,0,5071.66807160456,0,0,0,1.225
1591.11833882307,43.1404203725173,3,7,27.7432249170519,99.8756097013868,5.63602378297833,0,5074.53862504929,0,0,0,1.225
1591.36833882307,43.1494233482241,3,7,27.7939703986451,100.058293435122,5.63702310754957,0,5077.40950707241,0,0,0,1.225
1591.61833882307,43.1584099150191,3,7,27.8446323713135,100.240676536728,5.63802238379526,0,5080.280717678,0,0,0,1.225
1591.86833882307,43.1673801594127,3,7,27.8952112896189,100.422760642628,5.63902161174269,0,5083.15225687013,0,0,0,1.225
1592.11833882307,43.1763341671535,3,7,27.9457076040896,100.604547374723,5.64002079141937,0,5086.02412465305,0,0,0,1.225
1592.36833882307,43.1852720232377,3,7,27.9961217612697,100.786038340571,5.64101992285237,0,5088.89632103069,0,0,0,1.225
1592.61833882307,43.1941938119184,3,7,28.0464542037683,100.967235133566,5.64201900606872,0,5091.76884600697,0,0,0,1.225
1592.86833882307,43.2030996167146,3,7,28.0967053703074,101.148139333107,5.64301804109573,0,5094.64169958599,0,0,0,1.225
1593.11833882307,43.2119895204202,3,7,28.14687569577,101.328752504772,5.64401702796067,0,5097.51488177188,0,0,0,1.225
1593.36833882307,43.2208636051129,3,7,28.196965611246,101.509076200486,5.64501596669083,0,5100.38839256878,0,0,0,1.225
1593.61833882307,43.2297219521624,3,7,28.2469755440789,101.689111958684,5.64601485731237,0,5103.26223197992,0,0,0,1.225
1593.86833882307,43.2385646422395,3,7,28.2969059179105,101.868861304478,5.64701369985278,0,5106.13640000963,0,0,0,1.225
1594.11833882307,43.2473917553242,3,7,28.3467571527261,102.048325749814,5.64801249433867,0,5109.01089666153,0,0,0,1.225
1594.36833882307,43.2562033707139,3,7,28.3965296648977,102.227506793632,5.64901124079688,0,5111.88572193942,0,0,0,1.225
1594.61833882307,43.2649995670318,3,7,28.4462238672275,102.406405922019,5.65000993925469,0,5114.7608758475,0,0,0,1.225
1594.86833882307,43.2737804222346,3,7,28.4958401689909,102.585024608367,5.65100858973892,0,5117.63635838959,0,0,0,1.225
1595.11833882307,43.2825460136206,3,7,28.5453789759775,102.763364313519,5.65200719227551,0,5120.5121695688,0,0,0,1.225
1595.36833882307,43.2912964178373,3,7,28.5948406905331,102.941426485919,5.65300574689127,0,5123.38830938899,0,0,0,1.225
1595.61833882307,43.3000317108893,3,7,28.6442257116002,103.119212561761,5.65400425361372,0,5126.26477785454,0,0,0,1.225
1595.86833882307,43.3087519681457,3,7,28.6935344347575,103.296723965127,5.65500271246856,0,5129.14157496843,0,0,0,1.225
1596.11833882307,43.3174572643474,3,7,28.7427672522602,103.473962108137,5.65600112348238,0,5132.01870073435,0,0,0,1.225
1596.36833882307,43.3261476736146,3,7,28.7919245530782,103.650928391081,5.65699948668203,0,5134.89615515618,0,0,0,1.225
1596.61833882307,43.3348232694539,3,7,28.8410067229342,103.827624202563,5.65799780209318,0,5137.77393823691,0,0,0,1.225
1596.86833882307,43.3434841247655,3,7,28.8900141443423,104.004050919632,5.65899606974335,0,5140.652049981,0,0,0,1.225
1597.11833882307,43.3521303118499,3,7,28.938947196644,104.180209907918,5.65999428965824,0,5143.53049039145,0,0,0,1.225
1597.36833882307,43.3607619024154,3,7,28.9878062560455,104.356102521764,5.660992461864,0,5146.40925947165,0,0,0,1.225
1597.61833882307,43.3693789675842,3,7,29.0365916956535,104.531730104352,5.66199058638676,0,5149.28835722498,0,0,0,1.225
1597.86833882307,43.3779815778994,3,7,29.0853038855107,104.707093987838,5.6629886632536,0,5152.16778365557,0,0,0,1.225
1598.11833882307,43.3865698033317,3,7,29.1339431926308,104.882195493471,5.66398669248952,0,5155.04753876592,0,0,0,1.225
1598.36833882307,43.3951437132856,3,7,29.182509981033,105.057035931719,5.66498467412157,0,5157.92762256018,0,0,0,1.225
1598.61833882307,43.403703376606,3,7,29.2310046117759,105.231616602393,5.66598260817523,0,5160.80803504122,0,0,0,1.225
1598.86833882307,43.4122488615847,3,7,29.279427442991,105.405938794768,5.66698049467641,0,5163.68877621232,0,0,0,1.225
1599.11833882307,43.420780235966,3,7,29.3277788299158,105.580003787697,5.66797833365194,0,5166.56984607745,0,0,0,1.225
1599.36833882307,43.4292975669534,3,7,29.3760591249261,105.753812849734,5.66897612512639,0,5169.45124463881,0,0,0,1.225
1599.61833882307,43.4378009212156,3,7,29.4242686775681,105.927367239245,5.66997386912703,0,5172.33297190077,0,0,0,1.225
1599.86833882307,43.446290364892,3,7,29.4724078345903,106.100668204525,5.67097156567843,0,5175.21502786553,0,0,0,1.225
1600.11833882307,43.454765963599,3,7,29.5204769399741,106.273716983907,5.67196921480763,0,5178.09741253731,0,0,0,1.225
1600.36833882307,43.4632277824356,3,7,29.5684763349649,106.446514805873,5.6729668165392,0,5180.98012591832,0,0,0,1.225
1600.61833882307,43.4716758859892,3,7,29.6164063581022,106.619062889168,5.67396437089928,0,5183.86316801208,0,0,0,1.225
1600.86833882307,43.4801103383411,3,7,29.6642673452496,106.791362442898,5.6749618779138,0,5186.74653882191,0,0,0,1.225
1601.11833882307,43.4885312030722,3,7,29.7120596296238,106.963414666646,5.67595933760799,0,5189.63023835062,0,0,0,1.225
1601.36833882307,43.4969385432682,3,7,29.7597835418241,107.135220750567,5.67695675000755,0,5192.51426660136,0,0,0,1.225
1601.61833882307,43.5053324215252,3,7,29.8074394098606,107.306781875498,5.67795411513794,0,5195.39862357714,0,0,0,1.225
1601.86833882307,43.5137128999552,3,7,29.8550275591826,107.478099213057,5.67895143302462,0,5198.28330928097,0,0,0,1.225
1602.11833882307,43.5220800401907,3,7,29.9025483127062,107.649173925742,5.67994870369307,0,5201.16832371585,0,0,0,1.225
1602.36833882307,43.5304339033905,3,7,29.9500019908421,107.820007167032,5.68094592716807,0,5204.05366688427,0,0,0,1.225
1602.61833882307,43.5387745502446,3,7,29.9973889115221,107.990600081479,5.68194310347621,0,5206.93933879017,0,0,0,1.225
1602.86833882307,43.5471020409791,3,7,30.044709390226,108.160953804814,5.68294023264184,0,5209.82533943568,0,0,0,1.225
1603.11833882307,43.5554164353612,3,7,30.0919637400082,108.33106946403,5.68393731468996,0,5212.71166882349,0,0,0,1.225
1603.36833882307,43.5637177927042,3,7,30.1391522715231,108.500948177483,5.68493434964648,0,5215.59832695704,0,0,0,1.225
1603.61833882307,43.5720061718721,3,7,30.1862752930508,108.670591054983,5.68593133753643,0,5218.48531383901,0,0,0,1.225
1603.86833882307,43.5802816312847,3,7,30.2333331105227,108.839999197882,5.68692827838458,0,5221.37262947196,0,0,0,1.225
1604.11833882307,43.5885442289219,3,7,30.280326027546,109.009173699166,5.68792517221618,0,5224.26027385879,0,0,0,1.225
1604.36833882307,43.5967940223287,3,7,30.3272543454283,109.178115643542,5.68892201905601,0,5227.14824700205,0,0,0,1.225
1604.61833882307,43.6050310686194,3,7,30.3741183632018,109.346826107527,5.6899188189293,0,5230.03654890466,0,0,0,1.225
1604.86833882307,43.6132554244823,3,7,30.4209183776475,109.515306159531,5.69091557186084,0,5232.9251795692,0,0,0,1.225
1605.11833882307,43.6214671461842,3,7,30.4676546833183,109.683556859946,5.69191227787542,0,5235.81413899825,0,0,0,1.225
1605.36833882307,43.6296662895746,3,7,30.5143275725624,109.851579261225,5.69290893699826,0,5238.70342719476,0,0,0,1.225
1605.61833882307,43.6378529100903,3,7,30.5609373355466,110.019374407968,5.69390554925417,0,5241.59304416133,0,0,0,1.225
1605.86833882307,43.6460270627593,3,7,30.6074842602784,110.186943337002,5.69490211466723,0,5244.48298990003,0,0,0,1.225
1606.11833882307,43.6541888022053,3,7,30.6539686326285,110.354287077462,5.69589863326223,0,5247.37326441346,0,0,0,1.225
1606.36833882307,43.6623381826518,3,7,30.700390736353,110.521406650871,5.69689510506487,0,5250.26386770499,0,0,0,1.225
1606.61833882307,43.6704752579259,3,7,30.7467508531152,110.688303071215,5.69789153009856,0,5253.15479977615,0,0,0,1.225
1606.86833882307,43.6786000814629,3,7,30.7930492625067,110.854977345024,5.69888790838854,0,5256.04606062996,0,0,0,1.225
1607.11833882307,43.6867127063099,3,7,30.8392862420687,111.021430471448,5.69988423995869,0,5258.93765026834,0,0,0,1.225
1607.36833882307,43.6948131851298,3,7,30.8854620673133,111.187663442328,5.70088052483447,0,5261.82956869449,0,0,0,1.225
1607.61833882307,43.7029015702053,3,7,30.9315770117435,111.353677242277,5.70187676303976,0,5264.72181591037,0,0,0,1.225
1607.86833882307,43.7109779134424,3,7,30.9776313468739,111.519472848746,5.70287295459843,0,5267.61439191792,0,0,0,1.225
1608.11833882307,43.7190422663749,3,7,31.023625342251,111.685051232104,5.70386909953595,0,5270.50729672039,0,0,0,1.225
1608.36833882307,43.7270946801672,3,7,31.0695592654726,111.850413355701,5.70486519787573,0,5273.40053031936,0,0,0,1.225
1608.61833882307,43.7351352056189,3,7,31.1154333822075,112.015560175947,5.70586124964257,0,5276.29409271756,0,0,0,1.225
1608.86833882307,43.7431638931679,3,7,31.1612479562151,112.180492642374,5.70685725486032,0,5279.18798391697,0,0,0,1.225
1609.11833882307,43.7511807928939,3,7,31.2070032493641,112.345211697711,5.70785321355356,0,5282.08220392013,0,0,0,1.225
1609.36833882307,43.7591859545225,3,7,31.2526995216517,112.509718277946,5.70884912574616,0,5284.97675272905,0,0,0,1.225
1609.61833882307,43.7671794274282,3,7,31.2983370312218,112.674013312398,5.70984499146198,0,5287.87163034574,0,0,0,1.225
1609.86833882307,43.775161260638,3,7,31.3439160343837,112.838097723781,5.71084081072536,0,5290.7668367726,0,0,0,1.225
1610.11833882307,43.7831315028352,3,7,31.3894367856301,113.001972428268,5.71183658356063,0,5293.66237201202,0,0,0,1.225
1610.36833882307,43.791090202362,3,7,31.4348995376549,113.165638335558,5.71283230999097,0,5296.55823606548,0,0,0,1.225
1610.61833882307,43.7990374072235,3,7,31.480304541371,113.329096348936,5.71382799004095,0,5299.4544289356,0,0,0,1.225
1610.86833882307,43.8069731650908,3,7,31.5256520459277,113.49234736534,5.71482362373422,0,5302.35095062424,0,0,0,1.225
1611.11833882307,43.8148975233042,3,7,31.570942298728,113.655392275421,5.71581921109464,0,5305.24780113348,0,0,0,1.225
1611.36833882307,43.8228105288763,3,7,31.6161755454455,113.818231963604,5.71681475214632,0,5308.14498046557,0,0,0,1.225
1611.61833882307,43.8307122284953,3,7,31.6613520300411,113.980867308148,5.71781024691222,0,5311.04248862187,0,0,0,1.225
1611.86833882307,43.8386026685284,3,7,31.7064719947801,114.143299181208,5.71880569541668,0,5313.94032560483,0,0,0,1.225
1612.11833882307,43.8464818950243,3,7,31.7515356802478,114.305528448892,5.71980109768333,0,5316.83849141639,0,0,0,1.225
1612.36833882307,43.8543499537167,3,7,31.7965433253664,114.467555971319,5.7207964537356,0,5319.73698605828,0,0,0,1.225
1612.61833882307,43.8622068900271,3,7,31.8414951674106,114.629382602678,5.72179176359714,0,5322.63580953244,0,0,0,1.225
1612.86833882307,43.8700527490681,3,7,31.8863914420236,114.791009191285,5.72278702729182,0,5325.53496184101,0,0,0,1.225
1613.11833882307,43.8778875756458,3,7,31.9312323832324,114.952436579637,5.72378224484237,0,5328.43444298521,0,0,0,1.225
1613.36833882307,43.8857114142632,3,7,31.9760182234635,115.113665604469,5.7247774162729,0,5331.33425296736,0,0,0,1.225
1613.61833882307,43.8935243091229,3,7,32.0207491935579,115.274697096808,5.7257725416066,0,5334.23439178908,0,0,0,1.225
1613.86833882307,43.9013263041297,3,7,32.0654255227863,115.435531882031,5.72676762086712,0,5337.13485945236,0,0,0,1.225
1614.11833882307,43.9091174428938,3,7,32.110047438864,115.59617077991,5.72776265407674,0,5340.03565595807,0,0,0,1.225
1614.36833882307,43.9168977687335,3,7,32.154615167965,115.756614604674,5.72875764126002,0,5342.93678130896,0,0,0,1.225
1614.61833882307,43.9246673246776,3,7,32.1991289347376,115.916864165055,5.7297525824406,0,5345.83823550703,0,0,0,1.225
1614.86833882307,43.9324261534683,3,7,32.2435889623173,116.076920264342,5.7307474776394,0,5348.74001855211,0,0,0,1.225
1615.11833882307,43.9401742975641,3,7,32.2879954723424,116.236783700433,5.73174232688234,0,5351.64213044804,0,0,0,1.225
1615.36833882307,43.9479117991421,3,7,32.3323486849668,116.39645526588,5.73273713019034,0,5354.54457119468,0,0,0,1.225
1615.61833882307,43.9556387001008,3,7,32.3766488188743,116.555935747948,5.73373188758796,0,5357.4473407948,0,0,0,1.225
1615.86833882307,43.9633550420625,3,7,32.4208960912925,116.715225928653,5.73472659909703,0,5360.35043924898,0,0,0,1.225
1616.11833882307,43.9710608663761,3,7,32.4650907180058,116.874326584821,5.7357212647421,0,5363.25386656001,0,0,0,1.225
1616.36833882307,43.9787562141194,3,7,32.5092329133689,117.033238488128,5.73671588454454,0,5366.15762272815,0,0,0,1.225
1616.61833882307,43.9864411261015,3,7,32.5533228903201,117.191962405152,5.73771045852754,0,5369.06170775509,0,0,0,1.225
1616.86833882307,43.9941156428657,3,7,32.597360860394,117.350499097418,5.73870498671522,0,5371.9661216433,0,0,0,1.225
1617.11833882307,44.0017798046915,3,7,32.6413470337348,117.508849321445,5.73969946912894,0,5374.87086439303,0,0,0,1.225
1617.36833882307,44.009433651597,3,7,32.6852816191086,117.667013828791,5.7406939057928,0,5377.77593600676,0,0,0,1.225
1617.61833882307,44.0170772233417,3,7,32.7291648239161,117.824993366098,5.74168829672908,0,5380.6813364855,0,0,0,1.225
1617.86833882307,44.0247105594282,3,7,32.7729968542052,117.982788675139,5.74268264195962,0,5383.58706582991,0,0,0,1.225
1618.11833882307,44.0323336991052,3,7,32.8167779146827,118.140400492858,5.7436769415076,0,5386.49312404176,0,0,0,1.225
1618.36833882307,44.0399466813692,3,7,32.8605082087273,118.297829551418,5.74467119539622,0,5389.39951112282,0,0,0,1.225
1618.61833882307,44.0475495449671,3,7,32.9041879384007,118.455076578243,5.74566540364822,0,5392.30622707449,0,0,0,1.225
1618.86833882307,44.0551423283985,3,7,32.9478173044601,118.612142296056,5.74665956628496,0,5395.21327189711,0,0,0,1.225
1619.11833882307,44.0627250699174,3,7,32.9913965063694,118.76902742293,5.74765368332964,0,5398.12064559247,0,0,0,1.225
1619.36833882307,44.0702978075351,3,7,33.0349257423112,118.92573267232,5.74864775480546,0,5401.02834816238,0,0,0,1.225
1619.61833882307,44.0778605790219,3,7,33.0784052091981,119.082258753113,5.74964178073378,0,5403.93637960719,0,0,0,1.225
1619.86833882307,44.0854134219092,3,7,33.1218351026837,119.238606369661,5.75063576113735,0,5406.84473992836,0,0,0,1.225
1620.11833882307,44.0929563734918,3,7,33.1652156171743,119.394776221828,5.75162969603844,0,5409.75342912699,0,0,0,1.225
1620.36833882307,44.1004894708302,3,7,33.2085469458397,119.550769005023,5.75262358545888,0,5412.66244720382,0,0,0,1.225
1620.61833882307,44.108012750752,3,7,33.2518292806239,119.706585410246,5.75361742942232,0,5415.57179416106,0,0,0,1.225
1620.86833882307,44.1155262498547,3,7,33.2950628122564,119.862226124123,5.75461122794968,0,5418.48146999874,0,0,0,1.225
1621.11833882307,44.1230300045071,3,7,33.3382477302625,120.017691828945,5.75560498106415,0,5421.39147471872,0,0,0,1.225
1621.36833882307,44.1305240508517,3,7,33.381384222974,120.172983202706,5.75659868878665,0,5424.30180832106,0,0,0,1.225
1621.61833882307,44.1380084248065,3,7,33.4244724775395,120.328100919142,5.75759235114083,0,5427.21247080799,0,0,0,1.225
1621.86833882307,44.1454831620669,3,7,33.4675126799352,120.483045647767,5.7585859681476,0,5430.12346217957,0,0,0,1.225
1622.11833882307,44.1529482981078,3,7,33.5105050149743,120.637818053907,5.75957953982879,0,5433.03478243662,0,0,0,1.225
1622.36833882307,44.1604038681854,3,7,33.5534496663178,120.792418798744,5.7605730662076,0,5435.94643158102,0,0,0,1.225
1622.61833882307,44.167849907339,3,7,33.5963468164844,120.946848539344,5.76156654730585,0,5438.8584096136,0,0,0,1.225
1622.86833882307,44.1752864503932,3,7,33.63919664686,121.101107928696,5.76255998314491,0,5441.77071653482,0,0,0,1.225
1623.11833882307,44.1827135319592,3,7,33.6819993377076,121.255197615747,5.76355337374616,0,5444.68335234515,0,0,0,1.225
1623.36833882307,44.1901311864372,3,7,33.7247550681774,121.409118245439,5.76454671913234,0,5447.59631704616,0,0,0,1.225
1623.61833882307,44.1975394480177,3,7,33.7674640163156,121.562870458736,5.76554001932482,0,5450.50961063833,0,0,0,1.225
1623.86833882307,44.2049383506837,3,7,33.8101263590746,121.716454892668,5.76653327434497,0,5453.42323312217,0,0,0,1.225
1624.11833882307,44.2123279282123,3,7,33.8527422723216,121.869872180358,5.76752648421552,0,5456.33718449925,0,0,0,1.225
1624.36833882307,44.2197082141763,3,7,33.8953119308485,122.023122951055,5.76851964895695,0,5459.25146476936,0,0,0,1.225
1624.61833882307,44.2270792419462,3,7,33.9378355083808,122.176207830171,5.76951276859245,0,5462.16607393448,0,0,0,1.225
1624.86833882307,44.2344410446915,3,7,33.9803131775863,122.329127439311,5.77050584314247,0,5465.08101199441,0,0,0,1.225
1625.11833882307,44.241793655383,3,7,34.0227451100846,122.481882396305,5.77149887262931,0,5467.9962789504,0,0,0,1.225
1625.36833882307,44.2491371067939,3,7,34.0651314764557,122.63447331524,5.77249185707433,0,5470.911874803,0,0,0,1.225
1625.61833882307,44.2564714315019,3,7,34.1074724462486,122.786900806495,5.773484796498,0,5473.82779955203,0,0,0,1.225
1625.86833882307,44.2637966618902,3,7,34.1497681879901,122.939165476764,5.77447769092259,0,5476.74405319877,0,0,0,1.225
1626.11833882307,44.27111283015,3,7,34.1920188691935,123.091267929097,5.77547054036904,0,5479.66063574343,0,0,0,1.225
1626.36833882307,44.2784199682814,3,7,34.2342246563668,123.24320876292,5.77646334486053,0,5482.57754718803,0,0,0,1.225
1626.61833882307,44.2857181080952,3,7,34.2763857150212,123.394988574076,5.77745610441661,0,5485.4947875317,0,0,0,1.225
1626.86833882307,44.2930072812146,3,7,34.3185022096795,123.546607954846,5.77844881905776,0,5488.4123567743,0,0,0,1.225
1627.11833882307,44.3002875190764,3,7,34.3605743038842,123.698067493983,5.77944148880806,0,5491.33025491862,0,0,0,1.225
1627.36833882307,44.3075588529332,3,7,34.4026021602054,123.849367776739,5.78043411368662,0,5494.24848196343,0,0,0,1.225
1627.61833882307,44.314821313854,3,7,34.4445859402493,124.000509384897,5.78142669371482,0,5497.16703790934,0,0,0,1.225
1627.86833882307,44.3220749327265,3,7,34.4865258046657,124.151492896797,5.78241922891402,0,5500.08592275699,0,0,0,1.225
1628.11833882307,44.3293197402582,3,7,34.5284219131563,124.302318887363,5.7834117193056,0,5503.00513650699,0,0,0,1.225
1628.36833882307,44.3365557669778,3,7,34.5702744244819,124.452987928135,5.78440416491139,0,5505.92467916034,0,0,0,1.225
1628.61833882307,44.343783043237,3,7,34.6120834964706,124.603500587294,5.78539656575094,0,5508.84455071624,0,0,0,1.225
1628.86833882307,44.3510015992117,3,7,34.6538492860252,124.753857429691,5.78638892184517,0,5511.76475117497,0,0,0,1.225
1629.11833882307,44.3582114649033,3,7,34.6955719491308,124.904059016871,5.78738123321591,0,5514.68528053755,0,0,0,1.225
1629.36833882307,44.3654126701404,3,7,34.7372516408623,125.054105907104,5.78837349988498,0,5517.60613880502,0,0,0,1.225
1629.61833882307,44.3726052445801,3,7,34.7788885153915,125.203998655409,5.78936572187149,0,5520.52732597622,0,0,0,1.225
1629.86833882307,44.3797892177092,3,7,34.8204827259947,125.353737813581,5.79035789919635,0,5523.44884205148,0,0,0,1.225
1630.11833882307,44.3869646188459,3,7,34.86203442506,125.503323930216,5.79135003188139,0,5526.37068703185,0,0,0,1.225
1630.36833882307,44.3941314771407,3,7,34.903543764094,125.652757550738,5.79234211994753,0,5529.29286091767,0,0,0,1.225
1630.61833882307,44.4012898215783,3,7,34.9450108937294,125.802039217426,5.79333416341387,0,5532.2153637078,0,0,0,1.225
1630.86833882307,44.4084396809784,3,7,34.9864359637316,125.951169469434,5.7943261623027,0,5535.13819540371,0,0,0,1.225
1631.11833882307,44.4155810839974,3,7,35.027819123006,126.100148842822,5.79531811663492,0,5538.06135600574,0,0,0,1.225
1631.36833882307,44.4227140591294,3,7,35.0691605196046,126.248977870577,5.79631002642918,0,5540.98484551244,0,0,0,1.225
1631.61833882307,44.4298386347076,3,7,35.1104603007327,126.397657082638,5.79730189170823,0,5543.90866392564,0,0,0,1.225
1631.86833882307,44.4369548389058,3,7,35.151718612756,126.546187005922,5.79829371249116,0,5546.83281124425,0,0,0,1.225
1632.11833882307,44.4440626997392,3,7,35.1929356012069,126.694568164345,5.79928548879798,0,5549.75728746795,0,0,0,1.225
1632.36833882307,44.451162245066,3,7,35.2341114107914,126.842801078849,5.80027722065233,0,5552.68209259929,0,0,0,1.225
1632.61833882307,44.4582535025886,3,7,35.2752461853953,126.990886267423,5.80126890807014,0,5555.60722663469,0,0,0,1.225
1632.86833882307,44.4653364998546,3,7,35.3163400680907,127.138824245127,5.80226055107642,0,5558.53268957783,0,0,0,1.225
1633.11833882307,44.4724112642583,3,7,35.3573932011428,127.286615524114,5.80325214968843,0,5561.45848142621,0,0,0,1.225
1633.36833882307,44.4794778230416,3,7,35.3984057260157,127.434260613657,5.80424370392666,0,5564.38460217989,0,0,0,1.225
1633.61833882307,44.4865362032954,3,7,35.439377783379,127.581760020165,5.80523521381292,0,5567.31105184004,0,0,0,1.225
1633.86833882307,44.4935864319609,3,7,35.4803095131138,127.72911424721,5.80622667936632,0,5570.23783040563,0,0,0,1.225
1634.11833882307,44.5006285358301,3,7,35.5212010543189,127.876323795548,5.80721810060686,0,5573.16493787638,0,0,0,1.225
1634.36833882307,44.507662541548,3,7,35.562052545317,128.023389163141,5.80820947755592,0,5576.09237425311,0,0,0,1.225
1634.61833882307,44.5146884756127,3,7,35.6028641236605,128.170310845178,5.8092008102326,0,5579.02013953484,0,0,0,1.225
1634.86833882307,44.5217063643771,3,7,35.6436359261377,128.317089334096,5.81019209865735,0,5581.94823372165,0,0,0,1.225
1635.11833882307,44.5287162340501,3,7,35.6843680887785,128.463725119603,5.81118334285156,0,5584.8766568144,0,0,0,1.225
1635.36833882307,44.5357181106972,3,7,35.7250607468603,128.610218688697,5.81217454283296,0,5587.80540881101,0,0,0,1.225
1635.61833882307,44.5427120202421,3,7,35.7657140349137,128.756570525689,5.81316569862247,0,5590.73448971198,0,0,0,1.225
1635.86833882307,44.5496979884676,3,7,35.8063280867284,128.902781112222,5.81415681024009,0,5593.66389951708,0,0,0,1.225
1636.11833882307,44.5566760410164,3,7,35.8469030353589,129.048850927292,5.81514787770539,0,5596.59363822573,0,0,0,1.225
1636.36833882307,44.5636462033927,3,7,35.8874390131298,129.194780447267,5.81613890103972,0,5599.52370583879,0,0,0,1.225
1636.61833882307,44.5706085009629,3,7,35.9279361516416,129.34057014591,5.81712988026175,0,5602.45410235498,0,0,0,1.225
1636.86833882307,44.5775629589565,3,7,35.9683945817762,129.486220494394,5.81812081539101,0,5605.38482777371,0,0,0,1.225
1637.11833882307,44.5845096024676,3,7,36.0088144337023,129.631731961328,5.81911170644844,0,5608.31588209554,0,0,0,1.225
1637.36833882307,44.5914484564555,3,7,36.0491958368808,129.777105012771,5.82010255345267,0,5611.24726531919,0,0,0,1.225
1637.61833882307,44.5983795457459,3,7,36.0895389200701,129.922340112252,5.82109335642372,0,5614.17897744446,0,0,0,1.225
1637.86833882307,44.605302895032,3,7,36.1298438113314,130.067437720793,5.82208411538159,0,5617.1110184712,0,0,0,1.225
1638.11833882307,44.6122185288751,3,7,36.1701106380342,130.212398296923,5.82307483034492,0,5620.04338839815,0,0,0,1.225
1638.36833882307,44.6191264717061,3,7,36.210339526861,130.3572222967,5.8240655013351,0,5622.97608722624,0,0,0,1.225
1638.61833882307,44.626026747826,3,7,36.250530603813,130.501910173727,5.82505612837031,0,5625.90911495386,0,0,0,1.225
1638.86833882307,44.6329193814073,3,7,36.2906839942146,130.646462379172,5.82604671147055,0,5628.84247158088,0,0,0,1.225
1639.11833882307,44.6398043964945,3,7,36.3307998227189,130.790879361788,5.82703725065539,0,5631.77615710679,0,0,0,1.225
1639.36833882307,44.6466818170056,3,7,36.3708782133127,130.935161567926,5.82802774594438,0,5634.71017153111,0,0,0,1.225
1639.61833882307,44.6535516667323,3,7,36.410919289321,131.079309441556,5.82901819735571,0,5637.64451485225,0,0,0,1.225
1639.86833882307,44.6604139693418,3,7,36.4509231734124,131.223323424285,5.8300086049112,0,5640.57918707156,0,0,0,1.225
1640.11833882307,44.6672687483768,3,7,36.4908899876037,131.367203955373,5.83099896862905,0,5643.51418818748,0,0,0,1.225
1640.36833882307,44.6741160272572,3,7,36.5308198532648,131.510951471753,5.83198928852653,0,5646.44951819771,0,0,0,1.225
1640.61833882307,44.6809558292807,3,7,36.5707128911234,131.654566408044,5.83297956462638,0,5649.38517710437,0,0,0,1.225
1640.86833882307,44.6877881776234,3,7,36.6105692212695,131.79804919657,5.83396979694498,0,5652.32116490443,0,0,0,1.225
1641.11833882307,44.6946130953411,3,7,36.6503889631608,131.941400267379,5.83495998550461,0,5655.25748159966,0,0,0,1.225
1641.36833882307,44.7014306053701,3,7,36.6901722356265,132.084620048255,5.83595013032118,0,5658.1941271867,0,0,0,1.225
1641.61833882307,44.7082407305279,3,7,36.7299191568723,132.22770896474,5.83694023141561,0,5661.13110166621,0,0,0,1.225
1641.86833882307,44.7150434935142,3,7,36.7696298444848,132.370667440145,5.83793028880746,0,5664.06840503778,0,0,0,1.225
1642.11833882307,44.7218389169116,3,7,36.8093044154363,132.513495895571,5.838920302514,0,5667.00603729917,0,0,0,1.225
1642.36833882307,44.7286270231868,3,7,36.8489429860888,132.65619474992,5.83991027255615,0,5669.94399845106,0,0,0,1.225
1642.61833882307,44.7354078346909,3,7,36.8885456721989,132.798764419916,5.84090019895211,0,5672.88228849197,0,0,0,1.225
1642.86833882307,44.7421813736607,3,7,36.9281125889216,132.941205320118,5.84189008172052,0,5675.82090742077,0,0,0,1.225
1643.11833882307,44.7489476622194,3,7,36.9676438508153,133.083517862935,5.84287992088093,0,5678.75985523708,0,0,0,1.225
1643.36833882307,44.755706722377,3,7,37.0071395718455,133.225702458644,5.84386971645245,0,5681.69913194015,0,0,0,1.225
1643.61833882307,44.762458576032,3,7,37.0465998653895,133.367759515402,5.8448594684528,0,5684.63873752815,0,0,0,1.225
1643.86833882307,44.7692032449711,3,7,37.0860248442404,133.509689439266,5.84584917690199,0,5687.57867200109,0,0,0,1.225
1644.11833882307,44.7759407508709,3,7,37.1254146206113,133.651492634201,5.84683884181777,0,5690.51893535716,0,0,0,1.225
1644.36833882307,44.7826711152984,3,7,37.1647693061394,133.793169502102,5.84782846322059,0,5693.45952759672,0,0,0,1.225
1644.61833882307,44.7893943597113,3,7,37.2040890118902,133.934720442805,5.84881804112729,0,5696.40044871725,0,0,0,1.225
1644.86833882307,44.7961105054596,3,7,37.2433738483615,134.076145854101,5.84980757555786,0,5699.34169871877,0,0,0,1.225
1645.11833882307,44.8028195737856,3,7,37.2826239254876,134.217446131755,5.85079706653005,0,5702.2832775995,0,0,0,1.225
1645.36833882307,44.8095215858254,3,7,37.3218393526429,134.358621669515,5.85178651406386,0,5705.22518535949,0,0,0,1.225
1645.61833882307,44.8162165626089,3,7,37.3610202386464,134.499672859127,5.85277591817612,0,5708.16742199622,0,0,0,1.225
1645.86833882307,44.822904525061,3,7,37.4001666917651,134.640600090354,5.85376527888684,0,5711.10998750976,0,0,0,1.225
1646.11833882307,44.8295854940022,3,7,37.4392788197181,134.781403750985,5.85475459621421,0,5714.0528818987,0,0,0,1.225
1646.36833882307,44.8362594901494,3,7,37.4783567296805,134.92208422685,5.8557438701755,0,5716.99610516093,0,0,0,1.225
1646.61833882307,44.8429265341166,3,7,37.5174005282872,135.062641901834,5.8567331007921,0,5719.93965729763,0,0,0,1.225
1646.86833882307,44.8495866464155,3,7,37.5564103216368,135.203077157892,5.857722288079,0,5722.88353830486,0,0,0,1.225
1647.11833882307,44.8562398474565,3,7,37.5953862152948,135.343390375061,5.85871143205668,0,5725.82774818307,0,0,0,1.225
1647.36833882307,44.8628861575488,3,7,37.6343283142981,135.483581931473,5.85970053274286,0,5728.77228693055,0,0,0,1.225
1647.61833882307,44.869525596902,3,7,37.6732367231581,135.623652203369,5.8606895901562,0,5731.7171545463,0,0,0,1.225
1647.86833882307,44.8761581856259,3,7,37.7121115458644,135.763601565112,5.86167860431533,0,5734.66235102934,0,0,0,1.225
1648.11833882307,44.8827839437318,3,7,37.750952885889,135.9034303892,5.86266757523708,0,5737.60787637723,0,0,0,1.225
1648.36833882307,44.8894028911328,3,7,37.7897608461889,136.04313904628,5.86365650294101,0,5740.55373058974,0,0,0,1.225
1648.61833882307,44.8960150476449,3,7,37.8285355292106,136.182727905158,5.86464538744485,0,5743.49991366517,0,0,0,1.225
1648.86833882307,44.902620432987,3,7,37.867277036893,136.322197332815,5.8656342287677,0,5746.44642560293,0,0,0,1.225
1649.11833882307,44.9092190667823,3,7,37.9059854706711,136.461547694416,5.86662302692639,0,5749.39326640062,0,0,0,1.225
1649.36833882307,44.9158109685585,3,7,37.9446609314795,136.600779353326,5.86761178193865,0,5752.34043605655,0,0,0,1.225
1649.61833882307,44.9223961577484,3,7,37.9833035197557,136.73989267112,5.86860049382403,0,5755.28793457053,0,0,0,1.225
1649.86833882307,44.928974653691,3,7,38.0219133354437,136.878888007597,5.86958916260028,0,5758.2357619409,0,0,0,1.225
1650.11833882307,44.9355464756316,3,7,38.0604904779972,137.01776572079,5.87057778828512,0,5761.18391816599,0,0,0,1.225
1650.36833882307,44.9421116427228,3,7,38.0990350463828,137.156526166978,5.87156637089493,0,5764.13240324309,0,0,0,1.225
1650.61833882307,44.9486701740249,3,7,38.1375471390839,137.295169700702,5.87255491045153,0,5767.08121717382,0,0,0,1.225
1650.86833882307,44.9552220885068,3,7,38.1760268541031,137.433696674771,5.87354340696947,0,5770.030359954,0,0,0,1.225
1651.11833882307,44.9617674050462,3,7,38.2144742889662,137.572107440278,5.87453186046741,0,5772.97983158274,0,0,0,1.225
1651.36833882307,44.9683061424306,3,7,38.2528895407251,137.71040234661,5.87552027096353,0,5775.92963205879,0,0,0,1.225
1651.61833882307,44.9748383193579,3,7,38.291272705961,137.84858174146,5.87650863847512,0,5778.87976138017,0,0,0,1.225
1651.86833882307,44.9813639544365,3,7,38.3296238807877,137.986645970836,5.8774969630208,0,5781.83021954599,0,0,0,1.225
1652.11833882307,44.9878830661865,3,7,38.3679431608545,138.124595379076,5.87848524461833,0,5784.78100655467,0,0,0,1.225
1652.36833882307,44.9943956730401,3,7,38.4062306413495,138.262430308858,5.87947348328407,0,5787.73212240351,0,0,0,1.225
1652.61833882307,45.0009017933418,3,7,38.4444864170028,138.40015110121,5.88046167903667,0,5790.68356709167,0,0,0,1.225
1652.86833882307,45.0074014453497,3,7,38.4827105820893,138.537758095521,5.88144983189386,0,5793.63534061755,0,0,0,1.225
1653.11833882307,45.0138946472354,3,7,38.5209032304318,138.675251629554,5.88243794187383,0,5796.58744297996,0,0,0,1.225
1653.36833882307,45.0203814170851,3,7,38.5590644554041,138.812632039455,5.88342600899387,0,5799.53987417696,0,0,0,1.225
1653.61833882307,45.0268617728996,3,7,38.5971943499339,138.949899659762,5.88441403326988,0,5802.49263420553,0,0,0,1.225
1653.86833882307,45.0333357325954,3,7,38.635293006506,139.087054823422,5.88540201472097,0,5805.44572306522,0,0,0,1.225
1654.11833882307,45.039803314005,3,7,38.6733605171647,139.224097861793,5.88638995336396,0,5808.39914075375,0,0,0,1.225
1654.36833882307,45.0462645348774,3,7,38.7113969735172,139.361029104662,5.8873778492175,0,5811.35288727031,0,0,0,1.225
1654.61833882307,45.052719412879,3,7,38.7494024667364,139.497848880251,5.88836570229751,0,5814.3069626119,0,0,0,1.225
1654.86833882307,45.0591679655935,3,7,38.7873770875635,139.634557515229,5.88935351262216,0,5817.26136677737,0,0,0,1.225
1655.11833882307,45.0656102105231,3,7,38.8253209263111,139.77115533472,5.8903412802083,0,5820.21609976447,0,0,0,1.225
1655.36833882307,45.0720461650885,3,7,38.863234072866,139.907642662318,5.89132900507411,0,5823.17116157204,0,0,0,1.225
1655.61833882307,45.0784758466299,3,7,38.9011166166918,140.04401982009,5.89231668723642,0,5826.12655219784,0,0,0,1.225
1655.86833882307,45.0848992724072,3,7,38.9389686468317,140.180287128594,5.89330432671204,0,5829.08227163965,0,0,0,1.225
1656.11833882307,45.0913164596005,3,7,38.9767902519114,140.316444906881,5.89429192351781,0,5832.03831989525,0,0,0,1.225
1656.36833882307,45.0977274253111,3,7,39.0145815201419,140.452493472511,5.89527947767328,0,5834.9946969646,0,0,0,1.225
1656.61833882307,45.1041321865611,3,7,39.0523425393216,140.588433141558,5.89626698919346,0,5837.95140284403,0,0,0,1.225
1656.86833882307,45.1105307602949,3,7,39.0900733968399,140.724264228624,5.89725445809563,0,5840.9084375317,0,0,0,1.225
1657.11833882307,45.1169231633791,3,7,39.127774179679,140.859987046844,5.89824188439889,0,5843.86580102724,0,0,0,1.225
1657.36833882307,45.1233094126031,3,7,39.165444974417,140.995601907901,5.89922926811778,0,5846.82349332663,0,0,0,1.225
1657.61833882307,45.1296895246797,3,7,39.2030858672303,141.131109122029,5.90021660926959,0,5849.78151442805,0,0,0,1.225
1657.86833882307,45.1360635162455,3,7,39.2406969438964,141.266508998027,5.90120390787342,0,5852.73986433114,0,0,0,1.225
1658.11833882307,45.1424314038615,3,7,39.2782782897962,141.401801843266,5.90219116394428,0,5855.69854303227,0,0,0,1.225
1658.36833882307,45.1487932040134,3,7,39.3158299899167,141.5369879637,5.90317837750035,0,5858.65755053037,0,0,0,1.225
1658.61833882307,45.1551489331121,3,7,39.3533521288536,141.672067663873,5.90416554855756,0,5861.61688682254,0,0,0,1.225
1658.86833882307,45.1614986074946,3,7,39.3908447908137,141.807041246929,5.90515267713408,0,5864.57655190774,0,0,0,1.225
1659.11833882307,45.1678422434238,3,7,39.4283080596171,141.941909014622,5.90613976324494,0,5867.53654578234,0,0,0,1.225
1659.36833882307,45.1741798570894,3,7,39.4657420187003,142.076671267321,5.9071268069074,0,5870.49686844457,0,0,0,1.225
1659.61833882307,45.1805114646083,3,7,39.503146751118,142.211328304025,5.90811380813966,0,5873.4575198934,0,0,0,1.225
1659.86833882307,45.1868370820249,3,7,39.5405223395461,142.345880422366,5.90910076695809,0,5876.41850012632,0,0,0,1.225
1660.11833882307,45.1931567253118,3,7,39.5778688662834,142.48032791862,5.91008768337861,0,5879.37980914048,0,0,0,1.225
1660.36833882307,45.19947041037,3,7,39.6151864132547,142.614671087717,5.91107455741758,0,5882.3414469334,0,0,0,1.225
1660.61833882307,45.2057781530296,3,7,39.6524750620129,142.748910223246,5.9120613890932,0,5885.30341350407,0,0,0,1.225
1660.86833882307,45.2120799690501,3,7,39.6897348937408,142.883045617467,5.91304817842092,0,5888.26570884928,0,0,0,1.225
1661.11833882307,45.2183758741207,3,7,39.7269659892546,143.017077561316,5.91403492541758,0,5891.22833296694,0,0,0,1.225
1661.36833882307,45.224665883861,3,7,39.7641684290049,143.151006344418,5.91502163010045,0,5894.19128585531,0,0,0,1.225
1661.61833882307,45.2309500138213,3,7,39.80134229308,143.284832255088,5.916008292485,0,5897.15456751123,0,0,0,1.225
1661.86833882307,45.2372282794833,3,7,39.8384876612075,143.418555580347,5.91699491258805,0,5900.1181779326,0,0,0,1.225
1662.11833882307,45.2435006962598,3,7,39.8756046127571,143.552176605926,5.91798149042643,0,5903.08211711735,0,0,0,1.225
1662.36833882307,45.249767279496,3,7,39.9126932267424,143.685695616273,5.91896802601696,0,5906.04638506342,0,0,0,1.225
1662.61833882307,45.2560280444693,3,7,39.9497535818232,143.819112894564,5.91995451937555,0,5909.01098176801,0,0,0,1.225
1662.86833882307,45.2622830063902,3,7,39.9867857563079,143.952428722709,5.92094097051813,0,5911.97590722835,0,0,0,1.225
1663.11833882307,45.2685321804023,3,7,40.0237898281555,144.08564338136,5.92192737946107,0,5914.941161442,0,0,0,1.225
1663.36833882307,45.2747755815827,3,7,40.0607658749778,144.21875714992,5.922913746223,0,5917.90674440839,0,0,0,1.225
1663.61833882307,45.2810132249429,3,7,40.0977139740415,144.35177030655,5.92390007081713,0,5920.87265612257,0,0,0,1.225
1663.86833882307,45.2872451254287,3,7,40.1346342022705,144.484683128174,5.92488635326117,0,5923.83889658324,0,0,0,1.225
1664.11833882307,45.2934712979208,3,7,40.1715266362479,144.617495890492,5.92587259357106,0,5926.80546578762,0,0,0,1.225
1664.36833882307,45.2996917572352,3,7,40.2083913522178,144.750208867984,5.92685879176452,0,5929.77236373445,0,0,0,1.225
1664.61833882307,45.3059065181235,3,7,40.2452284260881,144.882822333917,5.92784494785519,0,5932.73959041914,0,0,0,1.225
1664.86833882307,45.3121155952735,3,7,40.2820379334318,145.015336560355,5.92883106186082,0,5935.70714584043,0,0,0,1.225
1665.11833882307,45.3183190033093,3,7,40.3188199494895,145.147751818162,5.92981713379686,0,5938.67502999521,0,0,0,1.225
1665.36833882307,45.324516756792,3,7,40.3555745491713,145.280068377017,5.93080316367923,0,5941.64324288077,0,0,0,1.225
1665.61833882307,45.3307088702198,3,7,40.3923018070588,145.412286505412,5.93178915152566,0,5944.61178449584,0,0,0,1.225
1665.86833882307,45.3368953580285,3,7,40.4290017974071,145.544406470665,5.93277509735071,0,5947.58065483661,0,0,0,1.225
1666.11833882307,45.343076234592,3,7,40.4656745941468,145.676428538928,5.93376100117075,0,5950.54985390074,0,0,0,1.225
1666.36833882307,45.3492515142223,3,7,40.5023202708859,145.808352975189,5.93474686300078,0,5953.51938168481,0,0,0,1.225
1666.61833882307,45.3554212111704,3,7,40.5389389009121,145.940180043283,5.93573268285854,0,5956.48923818757,0,0,0,1.225
1666.86833882307,45.3615853396262,3,7,40.575530557194,146.071910005899,5.93671846075949,0,5959.45942340597,0,0,0,1.225
1667.11833882307,45.3677439137191,3,7,40.6120953123839,146.203543124582,5.93770419671773,0,5962.42993733587,0,0,0,1.225
1667.36833882307,45.3738969475184,3,7,40.648633238819,146.335079659749,5.93868989075145,0,5965.40077997642,0,0,0,1.225
1667.61833882307,45.3800444550334,3,7,40.6851444085237,146.466519870685,5.93967554287519,0,5968.37195132384,0,0,0,1.225
1667.86833882307,45.3861864502141,3,7,40.7216288932114,146.597864015561,5.94066115310579,0,5971.34345137621,0,0,0,1.225
1668.11833882307,45.3923229469513,3,7,40.758086764286,146.72911235143,5.94164672145735,0,5974.3152801294,0,0,0,1.225
1668.36833882307,45.398453959077,3,7,40.7945180928445,146.86026513424,5.94263224794713,0,5977.28743758186,0,0,0,1.225
1668.61833882307,45.4045795003648,3,7,40.8309229496781,146.991322618841,5.94361773259106,0,5980.25992373093,0,0,0,1.225
1668.86833882307,45.4106995845304,3,7,40.8673014052745,147.122285058988,5.94460317540324,0,5983.23273857252,0,0,0,1.225
1669.11833882307,45.4168142252314,3,7,40.9036535298193,147.25315270735,5.94558857639959,0,5986.20588210398,0,0,0,1.225
1669.36833882307,45.4229234360685,3,7,40.9399793931983,147.383925815514,5.94657393559737,0,5989.17935432379,0,0,0,1.225
1669.61833882307,45.4290272305848,3,7,40.9762790649987,147.514604633995,5.9475592530107,0,5992.15315522786,0,0,0,1.225
1669.86833882307,45.4351256222672,3,7,41.0125526145114,147.645189412241,5.94854452865457,0,5995.12728481283,0,0,0,1.225
1670.11833882307,45.4412186245458,3,7,41.0488001107325,147.775680398637,5.94952976254717,0,5998.10174307793,0,0,0,1.225
1670.36833882307,45.447306250795,3,7,41.0850216223648,147.906077840513,5.95051495470216,0,6001.07653001871,0,0,0,1.225
1670.61833882307,45.4533885143332,3,7,41.1212172178201,148.036381984152,5.95150010513453,0,6004.05164563185,0,0,0,1.225
1670.86833882307,45.4594654284236,3,7,41.1573869652203,148.166593074793,5.9524852138602,0,6007.02708991475,0,0,0,1.225
1671.11833882307,45.4655370062741,3,7,41.1935309323998,148.296711356639,5.953470280896,0,6010.00286286555,0,0,0,1.225
1671.36833882307,45.4716032610381,3,7,41.2296491869063,148.426737072863,5.9544553062542,0,6012.97896447876,0,0,0,1.225
1671.61833882307,45.4776642058144,3,7,41.2657417960034,148.556670465612,5.95544028995437,0,6015.95539475469,0,0,0,1.225
1671.86833882307,45.4837198536477,3,7,41.3018088266714,148.686511776017,5.95642523200786,0,6018.93215368715,0,0,0,1.225
1672.11833882307,45.4897702175289,3,7,41.3378503456096,148.816261244195,5.95741013243196,0,6021.90924127464,0,0,0,1.225
1672.36833882307,45.4958153103955,3,7,41.3738664192378,148.945919109256,5.95839499124259,0,6024.88665751462,0,0,0,1.225
1672.61833882307,45.5018551451316,3,7,41.4098571136977,149.075485609312,5.95937980845429,0,6027.86440240342,0,0,0,1.225
1672.86833882307,45.5078897345687,3,7,41.4458224948546,149.204960981477,5.96036458408116,0,6030.84247593705,0,0,0,1.225
1673.11833882307,45.5139190914854,3,7,41.4817626282991,149.334345461877,5.96134931813958,0,6033.82087811332,0,0,0,1.225
1673.36833882307,45.5199432286083,3,7,41.5176775793486,149.463639285655,5.96233401064364,0,6036.79960892823,0,0,0,1.225
1673.61833882307,45.5259621586119,3,7,41.553567413049,149.592842686977,5.96331866161154,0,6039.77866838108,0,0,0,1.225
1673.86833882307,45.5319758941189,3,7,41.5894321941762,149.721955899034,5.96430327105463,0,6042.75805646568,0,0,0,1.225
1674.11833882307,45.537984447701,3,7,41.6252719872374,149.850979154055,5.96528783898884,0,6045.73777317952,0,0,0,1.225
1674.36833882307,45.5439878318783,3,7,41.6610868564731,149.979912683303,5.96627236543191,0,6048.71781852153,0,0,0,1.225
1674.61833882307,45.5499860591205,3,7,41.6968768658583,150.10875671709,5.96725685039519,0,6051.69819248556,0,0,0,1.225
1674.86833882307,45.5559791418467,3,7,41.7326420791043,150.237511484775,5.96824129389643,0,6054.67889507057,0,0,0,1.225
1675.11833882307,45.5619670924256,3,7,41.7683825596597,150.366177214775,5.96922569594926,0,6057.65992627222,0,0,0,1.225
1675.36833882307,45.5679499231761,3,7,41.8040983707126,150.494754134565,5.9702100565687,0,6060.6412860873,0,0,0,1.225
1675.61833882307,45.5739276463675,3,7,41.8397895751914,150.623242470689,5.97119437576885,0,6063.62297451186,0,0,0,1.225
1675.86833882307,45.5799002742196,3,7,41.8754562357669,150.751642448761,5.97217865356697,0,6066.6049915445,0,0,0,1.225
1676.11833882307,45.5858678189032,3,7,41.9110984148533,150.879954293472,5.97316288997672,0,6069.58733718092,0,0,0,1.225
1676.36833882307,45.5918302925402,3,7,41.9467161746097,151.008178228595,5.97414708501219,0,6072.5700114172,0,0,0,1.225
1676.61833882307,45.597787707204,3,7,41.9823095769419,151.136314476991,5.97513123868839,0,6075.55301425014,0,0,0,1.225
1676.86833882307,45.6037400749198,3,7,42.0178786835035,151.264363260613,5.97611535102078,0,6078.53634567691,0,0,0,1.225
1677.11833882307,45.6096874076645,3,7,42.0534235556973,151.39232480051,5.97709942202391,0,6081.52000569397,0,0,0,1.225
1677.36833882307,45.6156297173677,3,7,42.0889442546771,151.520199316837,5.97808345171234,0,6084.50399429775,0,0,0,1.225
1677.61833882307,45.6215670159112,3,7,42.1244408413485,151.647987028854,5.97906744010106,0,6087.48831148511,0,0,0,1.225
1677.86833882307,45.6274993151297,3,7,42.1599133763708,151.775688154935,5.98005138720464,0,6090.47295725248,0,0,0,1.225
1678.11833882307,45.6334266268109,3,7,42.1953619201584,151.90330291257,5.98103529303671,0,6093.45793159564,0,0,0,1.225
1678.36833882307,45.6393489626961,3,7,42.2307865328816,152.030831518374,5.98201915761319,0,6096.44323451213,0,0,0,1.225
1678.61833882307,45.6452663344797,3,7,42.2661872744686,152.158274188087,5.98300298094864,0,6099.42886599845,0,0,0,1.225
1678.86833882307,45.6511787538104,3,7,42.3015642046066,152.285631136584,5.98398676305578,0,6102.41482604962,0,0,0,1.225
1679.11833882307,45.6570862322907,3,7,42.336917382743,152.412902577875,5.98497050395144,0,6105.40111466396,0,0,0,1.225
1679.36833882307,45.6629887814776,3,7,42.372246868087,152.540088725113,5.98595420364973,0,6108.38773183761,0,0,0,1.225
1679.61833882307,45.6688864128825,3,7,42.4075527196107,152.667189790599,5.98693786216472,0,6111.3746775667,0,0,0,1.225
1679.86833882307,45.6747791379719,3,7,42.4428349960506,152.794205985782,5.98792147950962,0,6114.36195184665,0,0,0,1.225
1680.11833882307,45.6806669681673,3,7,42.4780937559089,152.921137521272,5.9889050557008,0,6117.34955467544,0,0,0,1.225
1680.36833882307,45.6865499148455,3,7,42.5133290574544,153.047984606836,5.98988859075098,0,6120.33748604812,0,0,0,1.225
1680.61833882307,45.6924279893388,3,7,42.5485409587245,153.174747451408,5.99087208467608,0,6123.32574596231,0,0,0,1.225
1680.86833882307,45.6983012029355,3,7,42.5837295175258,153.301426263093,5.9918555374893,0,6126.31433441346,0,0,0,1.225
1681.11833882307,45.7041695668799,3,7,42.6188947914357,153.428021249169,5.99283894920563,0,6129.30325139846,0,0,0,1.225
1681.36833882307,45.7100330923727,3,7,42.6540368378039,153.554532616094,5.99382231983918,0,6132.29249691348,0,0,0,1.225
1681.61833882307,45.715891790571,3,7,42.6891557137529,153.68096056951,5.99480564940359,0,6135.28207095436,0,0,0,1.225
1681.86833882307,45.7217456725887,3,7,42.72425147618,153.807305314248,5.99578893791386,0,6138.27197351799,0,0,0,1.225
1682.11833882307,45.7275947494969,3,7,42.7593241817582,153.93356705433,5.99677218538409,0,6141.26220460058,0,0,0,1.225
1682.36833882307,45.7334390323238,3,7,42.7943738869375,154.059745992975,5.99775539182883,0,6144.25276419869,0,0,0,1.225
1682.61833882307,45.739278532055,3,7,42.8294006479459,154.185842332605,5.99873855725991,0,6147.2436523067,0,0,0,1.225
1682.86833882307,45.745113259634,3,7,42.864404520791,154.311856274848,5.99972168169552,0,6150.23486892409,0,0,0,1.225
1683.11833882307,45.7509432259621,3,7,42.8993855612609,154.437788020539,6.00070476514657,0,6153.22641404454,0,0,0,1.225
1683.36833882307,45.756768441899,3,7,42.9343438249254,154.563637769732,6.0016878076276,0,6156.21828766461,0,0,0,1.225
1683.61833882307,45.7625889182624,3,7,42.9692793671375,154.689405721695,6.00267080915319,0,6159.21048978091,0,0,0,1.225
1683.86833882307,45.7684046658291,3,7,43.0041922430341,154.815092074923,6.00365376973696,0,6162.2030203893,0,0,0,1.225
1684.11833882307,45.7742156953343,3,7,43.0390825075374,154.940697027135,6.00463668939392,0,6165.19587948674,0,0,0,1.225
1684.36833882307,45.7800220174724,3,7,43.0739502153563,155.066220775283,6.00561956813635,0,6168.189067068,0,0,0,1.225
1684.61833882307,45.7858236428973,3,7,43.1087954209872,155.191663515554,6.00660240598017,0,6171.18258313081,0,0,0,1.225
1684.86833882307,45.7916205822221,3,7,43.1436181787151,155.317025443374,6.00758520293766,0,6174.17642766993,0,0,0,1.225
1685.11833882307,45.7974128460198,3,7,43.1784185426151,155.442306753414,6.00856795902428,0,6177.17060068274,0,0,0,1.225
1685.36833882307,45.8032004448232,3,7,43.2131965665532,155.567507639591,6.00955067425139,0,6180.16510216329,0,0,0,1.225
1685.61833882307,45.8089833891253,3,7,43.2479523041876,155.692628295075,6.01053334863491,0,6183.15993210931,0,0,0,1.225
1685.86833882307,45.8147616893795,3,7,43.2826858089697,155.817668912291,6.01151598218848,0,6186.15509051671,0,0,0,1.225
1686.11833882307,45.8205353559996,3,7,43.3173971341454,155.942629682923,6.0124985749253,0,6189.15057738103,0,0,0,1.225
1686.36833882307,45.8263043993604,3,7,43.3520863327558,156.067510797921,6.01348112685901,0,6192.1463926982,0,0,0,1.225
1686.61833882307,45.8320688297974,3,7,43.3867534576388,156.1923124475,6.01446363800369,0,6195.14253646449,0,0,0,1.225
1686.86833882307,45.8378286576076,3,7,43.4213985614297,156.317034821147,6.01544610837345,0,6198.1390086762,0,0,0,1.225
1687.11833882307,45.8435838930491,3,7,43.4560216965625,156.441678107625,6.01642853798057,0,6201.13580932816,0,0,0,1.225
1687.36833882307,45.8493345463417,3,7,43.4906229152713,156.566242494977,6.01741092684006,0,6204.13293841741,0,0,0,1.225
1687.61833882307,45.8550806276671,3,7,43.5252022695906,156.690728170526,6.01839327496509,0,6207.13039593952,0,0,0,1.225
1687.86833882307,45.8608221471688,3,7,43.5597598113569,156.815135320885,6.01937558236841,0,6210.12818188971,0,0,0,1.225
1688.11833882307,45.8665591149527,3,7,43.5942955922098,156.939464131955,6.02035784906639,0,6213.12629626612,0,0,0,1.225
1688.36833882307,45.8722915410868,3,7,43.6288096635927,157.063714788934,6.02134007506857,0,6216.12473906142,0,0,0,1.225
1688.61833882307,45.878019435602,3,7,43.6633020767539,157.187887476314,6.02232226039087,0,6219.1235102734,0,0,0,1.225
1688.86833882307,45.8837428084918,3,7,43.6977728827479,157.311982377893,6.02330440504738,0,6222.12260989839,0,0,0,1.225
1689.11833882307,45.8894616697126,3,7,43.7322221324362,157.43599967677,6.02428650904994,0,6225.1220379309,0,0,0,1.225
1689.36833882307,45.8951760291842,3,7,43.7666498764883,157.559939555358,6.0252685724131,0,6228.12179436764,0,0,0,1.225
1689.61833882307,45.9008858967896,3,7,43.8010561653826,157.683802195377,6.02625059514958,0,6231.12187920387,0,0,0,1.225
1689.86833882307,45.9065912823753,3,7,43.8354410494078,157.807587777868,6.02723257727257,0,6234.1222924352,0,0,0,1.225
1690.11833882307,45.9122921957516,3,7,43.8698045786635,157.931296483189,6.02821451879663,0,6237.12303405835,0,0,0,1.225
1690.36833882307,45.9179886466929,3,7,43.9041468030613,158.054928491021,6.02919641973358,0,6240.12410406786,0,0,0,1.225
1690.61833882307,45.9236806449373,3,7,43.9384677723258,158.178483980373,6.03017828009706,0,6243.12550245974,0,0,0,1.225
1690.86833882307,45.9293682001877,3,7,43.9727675359957,158.301963129584,6.03116009990254,0,6246.12722923144,0,0,0,1.225
1691.11833882307,45.9350513221109,3,7,44.0070461434244,158.425366116328,6.03214187916046,0,6249.12928437644,0,0,0,1.225
1691.36833882307,45.9407300203389,3,7,44.0413036437813,158.548693117613,6.03312361788448,0,6252.13166789074,0,0,0,1.225
1691.61833882307,45.9464043044683,3,7,44.0755400860527,158.67194430979,6.03410531608961,0,6255.13437977145,0,0,0,1.225
1691.86833882307,45.9520741840605,3,7,44.1097555190425,158.795119868553,6.03508697378675,0,6258.13742001243,0,0,0,1.225
1692.11833882307,45.9577396686426,3,7,44.1439499913737,158.918219968945,6.03606859099091,0,6261.14078861079,0,0,0,1.225
1692.36833882307,45.9634007677066,3,7,44.1781235514884,159.041244785358,6.03705016771391,0,6264.1444855611,0,0,0,1.225
1692.61833882307,45.9690574907103,3,7,44.2122762476498,159.164194491539,6.03803170396986,0,6267.14851085979,0,0,0,1.225
1692.86833882307,45.9747098470772,3,7,44.2464081279422,159.287069260592,6.03901319977194,0,6270.15286450251,0,0,0,1.225
1693.11833882307,45.9803578461967,3,7,44.2805192402727,159.409869264982,6.03999465513198,0,6273.15754648388,0,0,0,1.225
1693.36833882307,45.9860014974242,3,7,44.3146096323713,159.532594676537,6.04097607006315,0,6276.16255679957,0,0,0,1.225
1693.61833882307,45.9916408100815,3,7,44.3486793517926,159.655245666453,6.04195744458048,0,6279.16789544675,0,0,0,1.225
1693.86833882307,45.9972757934566,3,7,44.3827284459162,159.777822405298,6.04293877869486,0,6282.17356241928,0,0,0,1.225
1694.11833882307,46.0029064568043,3,7,44.4167569619475,159.900325063011,6.0439200724195,0,6285.17955771288,0,0,0,1.225
1694.36833882307,46.008532809346,3,7,44.4507649469192,160.022753808909,6.04490132576711,0,6288.18588132289,0,0,0,1.225
1694.61833882307,46.01415486027,3,7,44.4847524476915,160.145108811689,6.04588253875318,0,6291.19253324685,0,0,0,1.225
1694.86833882307,46.019772618732,3,7,44.5187195109532,160.267390239432,6.04686371138723,0,6294.19951347756,0,0,0,1.225
1695.11833882307,46.0253860938546,3,7,44.5526661832229,160.389598259602,6.04784484368383,0,6297.20682201183,0,0,0,1.225
1695.36833882307,46.030995294728,3,7,44.5865925108494,160.511733039058,6.0488259356548,0,6300.21445884431,0,0,0,1.225
1695.61833882307,46.0366002304098,3,7,44.6204985400126,160.633794744046,6.04980698731515,0,6303.22242397218,0,0,0,1.225
1695.86833882307,46.0422009099256,3,7,44.6543843167249,160.75578354021,6.05078799867442,0,6306.23071738828,0,0,0,1.225
1696.11833882307,46.0477973422688,3,7,44.6882498868313,160.877699592593,6.05176896974808,0,6309.23933909015,0,0,0,1.225
1696.36833882307,46.0533895364008,3,7,44.7220952960105,160.999543065638,6.05274990054795,0,6312.24828907247,0,0,0,1.225
1696.61833882307,46.0589775012512,3,7,44.7559205897762,161.121314123194,6.05373079108722,0,6315.25756733097,0,0,0,1.225
1696.86833882307,46.0645612457182,3,7,44.7897258134773,161.243012928518,6.05471164137634,0,6318.26717385923,0,0,0,1.225
1697.11833882307,46.0701407786683,3,7,44.8235110122988,161.364639644276,6.05569245143079,0,6321.27710865484,0,0,0,1.225
1697.36833882307,46.0757161089368,3,7,44.8572762312632,161.486194432547,6.05667322126192,0,6324.2873717121,0,0,0,1.225
1697.61833882307,46.0812872453278,3,7,44.8910215152305,161.60767745483,6.05765395088338,0,6327.29796302715,0,0,0,1.225
1697.86833882307,46.0868541966146,3,7,44.9247469088996,161.729088872038,6.05863464030563,0,6330.30888259358,0,0,0,1.225
1698.11833882307,46.0924169715393,3,7,44.9584524568089,161.850428844512,6.05961528954322,0,6333.32013040826,0,0,0,1.225
1698.36833882307,46.0979755788136,3,7,44.992138203337,161.971697532013,6.06059589860661,0,6336.3317064648,0,0,0,1.225
1698.61833882307,46.1035300271187,3,7,45.0258041927039,162.092895093734,6.06157646751171,0,6339.34361076116,0,0,0,1.225
1698.86833882307,46.109080325105,3,7,45.0594504689711,162.214021688296,6.06255699626718,0,6342.3558432895,0,0,0,1.225
1699.11833882307,46.1146264813932,3,7,45.0930770760429,162.335077473754,6.063537484888,0,6345.36840404707,0,0,0,1.225
1699.36833882307,46.1201685045736,3,7,45.1266840576672,162.456062607602,6.06451793338601,0,6348.38129302859,0,0,0,1.225
1699.61833882307,46.1257064032065,3,7,45.1602714574359,162.576977246769,6.06549834177349,0,6351.39451022913,0,0,0,1.225
1699.86833882307,46.1312401858226,3,7,45.1938393187862,162.69782154763,6.06647871006226,0,6354.40805564342,0,0,0,1.225
1700.11833882307,46.1367698609228,3,7,45.2273876850006,162.818595666002,6.0674590382655,0,6357.42192926727,0,0,0,1.225
1700.36833882307,46.1422954369786,3,7,45.2609165992085,162.939299757151,6.06843932639504,0,6360.4361310954,0,0,0,1.225
1700.61833882307,46.1478169224321,3,7,45.2944261043864,163.059933975791,6.06941957446452,0,6363.45066112402,0,0,0,1.225
1700.86833882307,46.1533343256961,3,7,45.3279162433589,163.180498476092,6.07039978248395,0,6366.4655193464,0,0,0,1.225
1701.11833882307,46.1588476551543,3,7,45.3613870587992,163.300993411677,6.07137995046833,0,6369.48070575984,0,0,0,1.225
1701.36833882307,46.1643569191618,3,7,45.3948385932302,163.421418935629,6.07236007842675,0,6372.49622035689,0,0,0,1.225
1701.61833882307,46.1698621260445,3,7,45.4282708890249,163.541775200489,6.07334016637469,0,6375.51206313522,0,0,0,1.225
1701.86833882307,46.1753632840997,3,7,45.4616839884072,163.662062358266,6.07432021432123,0,6378.52823408741,0,0,0,1.225
1702.11833882307,46.1808604015964,3,7,45.4950779334528,163.78228056043,6.07530022228093,0,6381.54473321039,0,0,0,1.225
1702.36833882307,46.186353486775,3,7,45.5284527660899,163.902429957924,6.0762801902647,0,6384.56156049821,0,0,0,1.225
1702.61833882307,46.1918425478478,3,7,45.5618085280997,164.022510701159,6.07726011828618,0,6387.57871594709,0,0,0,1.225
1702.86833882307,46.1973275929989,3,7,45.5951452611172,164.142522940022,6.07824000635446,0,6390.59619954962,0,0,0,1.225
1703.11833882307,46.2028086303845,3,7,45.6284630066321,164.262466823875,6.07921985448502,0,6393.61401130349,0,0,0,1.225
1703.36833882307,46.2082856681328,3,7,45.6617618059891,164.382342501561,6.08019966268785,0,6396.63215120204,0,0,0,1.225
1703.61833882307,46.2137587143444,3,7,45.6950417003891,164.502150121401,6.08117943097568,0,6399.65061924077,0,0,0,1.225
1703.86833882307,46.2192277770924,3,7,45.7283027308896,164.621889831203,6.08215915936034,0,6402.66941541447,0,0,0,1.225
1704.11833882307,46.2246928644223,3,7,45.7615449384053,164.741561778259,6.08313884785366,0,6405.68853971795,0,0,0,1.225
1704.36833882307,46.2301539843524,3,7,45.7947683637091,164.861166109353,6.08411849646836,0,6408.70799214673,0,0,0,1.225
1704.61833882307,46.2356111448739,3,7,45.8279730474324,164.980702970757,6.08509810521628,0,6411.72777269562,0,0,0,1.225
1704.86833882307,46.2410643539506,3,7,45.8611590300662,165.100172508238,6.0860776741074,0,6414.74788135797,0,0,0,1.225
1705.11833882307,46.2465136195197,3,7,45.8943263519614,165.219574867061,6.08705720315538,0,6417.76831813005,0,0,0,1.225
1705.36833882307,46.2519589494916,3,7,45.9274750533297,165.338910191987,6.08803669237204,0,6420.78908300669,0,0,0,1.225
1705.61833882307,46.2574003517498,3,7,45.9606051742441,165.458178627279,6.08901614177012,0,6423.81017598342,0,0,0,1.225
1705.86833882307,46.2628378341514,3,7,45.9937167546398,165.577380316703,6.08999555135961,0,6426.83159705362,0,0,0,1.225
1706.11833882307,46.268271404527,3,7,46.0268098343147,165.696515403533,6.09097492115234,0,6429.85334621213,0,0,0,1.225
1706.36833882307,46.2737010706812,3,7,46.0598844529298,165.815584030547,6.09195425116104,0,6432.87542345451,0,0,0,1.225
1706.61833882307,46.279126840392,3,7,46.0929406500104,165.934586340037,6.09293354139754,0,6435.89782877559,0,0,0,1.225
1706.86833882307,46.2845487214116,3,7,46.1259784649464,166.053522473807,6.09391279187457,0,6438.92056217095,0,0,0,1.225
1707.11833882307,46.2899667214662,3,7,46.1589979369929,166.172392573175,6.09489200260032,0,6441.94362363253,0,0,0,1.225
1707.36833882307,46.2953808482562,3,7,46.1919991052711,166.291196778976,6.09587117359024,0,6444.9670131581,0,0,0,1.225
1707.61833882307,46.3007911094565,3,7,46.2249820087686,166.409935231567,6.09685030485343,0,6447.99073074032,0,0,0,1.225
1707.86833882307,46.3061975127161,3,7,46.2579466863402,166.528608070825,6.09782939640354,0,6451.01477637551,0,0,0,1.225
1708.11833882307,46.3116000656588,3,7,46.2908931767087,166.647215436151,6.09880844824966,0,6454.03915005635,0,0,0,1.225
1708.36833882307,46.316998775883,3,7,46.3238215184652,166.765757466475,6.09978746040633,0,6457.06385177991,0,0,0,1.225
1708.61833882307,46.3223936509618,3,7,46.3567317500699,166.884234300252,6.10076643288176,0,6460.08888153814,0,0,0,1.225
1708.86833882307,46.3277846984435,3,7,46.3896239098528,167.00264607547,6.10174536569139,0,6463.11423932883,0,0,0,1.225
1709.11833882307,46.333171925851,3,7,46.4224980360139,167.12099292965,6.10272425884432,0,6466.13992514469,0,0,0,1.225
1709.36833882307,46.3385553406828,3,7,46.4553541666245,167.239274999848,6.10370311235147,0,6469.16593897987,0,0,0,1.225
1709.61833882307,46.3439349504124,3,7,46.4881923396271,167.357492422657,6.10468192622648,0,6472.19228083071,0,0,0,1.225
1709.86833882307,46.3493107624885,3,7,46.5210125928363,167.475645334211,6.10566070047935,0,6475.21895069066,0,0,0,1.225
1710.11833882307,46.3546827843358,3,7,46.5538149639397,167.593733870183,6.106639435121,0,6478.2459485539,0,0,0,1.225
1710.36833882307,46.360051023354,3,7,46.5865994904979,167.711758165792,6.10761813016416,0,6481.27327441605,0,0,0,1.225
1710.61833882307,46.365415486919,3,7,46.6193662099455,167.829718355804,6.10859678561974,0,6484.30092827129,0,0,0,1.225
1710.86833882307,46.3707761823823,3,7,46.6521151595915,167.947614574529,6.10957540149957,0,6487.32891011454,0,0,0,1.225
1711.11833882307,46.3761331170713,3,7,46.68484637662,168.065446955832,6.11055397781456,0,6490.35721993998,0,0,0,1.225
1711.36833882307,46.3814862982896,3,7,46.7175598980909,168.183215633127,6.11153251457472,0,6493.38585774108,0,0,0,1.225
1711.61833882307,46.3868357333167,3,7,46.75025576094,168.300920739384,6.11251101179369,0,6496.41482351423,0,0,0,1.225
1711.86833882307,46.3921814294088,3,7,46.7829340019801,168.418562407128,6.11348946948146,0,6499.44411725288,0,0,0,1.225
1712.11833882307,46.3975233937979,3,7,46.8155946579012,168.536140768444,6.11446788764988,0,6502.47373895199,0,0,0,1.225
1712.36833882307,46.402861633693,3,7,46.8482377652713,168.653655954977,6.11544626630894,0,6505.50368860502,0,0,0,1.225
1712.61833882307,46.4081961562795,3,7,46.880863360537,168.771108097933,6.11642460547137,0,6508.53396620766,0,0,0,1.225
1712.86833882307,46.4135269687192,3,7,46.9134714800237,168.888497328085,6.11740290514717,0,6511.56457175338,0,0,0,1.225
1713.11833882307,46.4188540781513,3,7,46.9460621599365,169.005823775771,6.11838116534818,0,6514.59550523714,0,0,0,1.225
1713.36833882307,46.4241774916914,3,7,46.9786354363606,169.123087570898,6.11935938608531,0,6517.62676665317,0,0,0,1.225
1713.61833882307,46.4294972164322,3,7,47.011191345262,169.240288842943,6.12033756736946,0,6520.65835599569,0,0,0,1.225
1713.86833882307,46.4348132594438,3,7,47.0437299224879,169.357427720957,6.12131570921247,0,6523.69027325966,0,0,0,1.225
1714.11833882307,46.4401256277732,3,7,47.0762512037672,169.474504333562,6.12229381162615,0,6526.72251844006,0,0,0,1.225
1714.36833882307,46.4454343284449,3,7,47.1087552247112,169.59151880896,6.12327187461779,0,6529.75509152822,0,0,0,1.225
1714.61833882307,46.4507393684608,3,7,47.141242020814,169.70847127493,6.12424989820283,0,6532.78799252201,0,0,0,1.225
1714.86833882307,46.4560407548002,3,7,47.1737116274532,169.825361858831,6.12522788238948,0,6535.82122141352,0,0,0,1.225
1715.11833882307,46.4613384944201,3,7,47.2061640798901,169.942190687604,6.12620582718955,0,6538.85477819771,0,0,0,1.225
1715.36833882307,46.4666325942554,3,7,47.2385994132707,170.058957887774,6.12718373261578,0,6541.8886628703,0,0,0,1.225
1715.61833882307,46.4719230612186,3,7,47.2710176626258,170.175663585453,6.12816159867543,0,6544.92287542265,0,0,0,1.225
1715.86833882307,46.4772099022002,3,7,47.3034188628718,170.292307906338,6.12913942538216,0,6547.95741585121,0,0,0,1.225
1716.11833882307,46.4824931240687,3,7,47.335803048811,170.40889097572,6.13011721274688,0,6550.99228415024,0,0,0,1.225
1716.36833882307,46.4877727336708,3,7,47.3681702551324,170.525412918477,6.13109496077959,0,6554.02748031329,0,0,0,1.225
1716.61833882307,46.4930487378314,3,7,47.4005205164118,170.641873859082,6.13207266949121,0,6557.06300433465,0,0,0,1.225
1716.86833882307,46.4983211433536,3,7,47.4328538671127,170.758273921606,6.13305033889174,0,6560.09885620786,0,0,0,1.225
1717.11833882307,46.5035899570192,3,7,47.4651703415867,170.874613229712,6.134027968993,0,6563.13503592794,0,0,0,1.225
1717.36833882307,46.5088551855882,3,7,47.4974699740738,170.990891906666,6.13500555980681,0,6566.17154348991,0,0,0,1.225
1717.61833882307,46.5141168357993,3,7,47.5297527987031,171.107110075331,6.13598311134137,0,6569.20837888588,0,0,0,1.225
1717.86833882307,46.51937491437,3,7,47.5620188494934,171.223267858176,6.13696062361032,0,6572.24554211234,0,0,0,1.225
1718.11833882307,46.5246294279966,3,7,47.5942681603533,171.339365377272,6.13793809662184,0,6575.28303316139,0,0,0,1.225
1718.36833882307,46.5298803833541,3,7,47.6265007650822,171.455402754296,6.13891553038866,0,6578.32085202881,0,0,0,1.225
1718.61833882307,46.5351277870968,3,7,47.6587166973703,171.571380110533,6.13989292491988,0,6581.35899870745,0,0,0,1.225
1718.86833882307,46.5403716458576,3,7,47.6909159907994,171.687297566878,6.1408702802255,0,6584.39747319089,0,0,0,1.225
1719.11833882307,46.5456119662492,3,7,47.7230986788434,171.803155243836,6.14184759632008,0,6587.43627547637,0,0,0,1.225
1719.36833882307,46.5508487548629,3,7,47.7552647948685,171.918953261527,6.14282487320997,0,6590.47540555457,0,0,0,1.225
1719.61833882307,46.5560820182699,3,7,47.787414372134,172.034691739682,6.14380211090793,0,6593.51486342126,0,0,0,1.225
1719.86833882307,46.5613117630206,3,7,47.8195474437925,172.150370797653,6.14477930942394,0,6596.55464907006,0,0,0,1.225
1720.11833882307,46.5665379956448,3,7,47.8516640428906,172.265990554406,6.14575646876801,0,6599.59476249456,0,0,0,1.225
1720.36833882307,46.5717607226522,3,7,47.8837642023693,172.381551128529,6.14673358895197,0,6602.63520368983,0,0,0,1.225
1720.61833882307,46.5769799505321,3,7,47.9158479550642,172.497052638231,6.14771066998492,0,6605.67597264877,0,0,0,1.225
1720.86833882307,46.5821956857535,3,7,47.9479153337066,172.612495201344,6.14868771187957,0,6608.71706936716,0,0,0,1.225
1721.11833882307,46.5874079347655,3,7,47.9799663709233,172.727878935324,6.14966471464322,0,6611.75849383645,0,0,0,1.225
1721.36833882307,46.592616703997,3,7,48.0120010992373,172.843203957254,6.15064167828859,0,6614.80024605245,0,0,0,1.225
1721.61833882307,46.597821999857,3,7,48.0440195510684,172.958470383846,6.15161860282569,0,6617.84232600878,0,0,0,1.225
1721.86833882307,46.6030238287346,3,7,48.0760217587335,173.073678331441,6.15259548826452,0,6620.88473369909,0,0,0,1.225
1722.11833882307,46.6082221969994,3,7,48.108007754447,173.188827916009,6.15357233461418,0,6623.92746911627,0,0,0,1.225
1722.36833882307,46.613417111001,3,7,48.1399775703215,173.303919253158,6.15454914188922,0,6626.97053225761,0,0,0,1.225
1722.61833882307,46.6186085770696,3,7,48.171931238368,173.418952458125,6.15552591009509,0,6630.01392311311,0,0,0,1.225
1722.86833882307,46.6237966015158,3,7,48.2038687904964,173.533927645787,6.15650263924454,0,6633.0576416786,0,0,0,1.225
1723.11833882307,46.6289811906309,3,7,48.2357902585159,173.648844930657,6.15747932934937,0,6636.1016879492,0,0,0,1.225
1723.36833882307,46.6341623506866,3,7,48.2676956741357,173.763704426889,6.15845598041687,0,6639.14606191637,0,0,0,1.225
1723.61833882307,46.6393400879357,3,7,48.2995850689651,173.878506248275,6.15943259245796,0,6642.19076357451,0,0,0,1.225
1723.86833882307,46.6445144086115,3,7,48.3314584745142,173.993250508251,6.16040916548445,0,6645.23579291872,0,0,0,1.225
1724.11833882307,46.6496853189285,3,7,48.3633159221939,174.107937319898,6.16138569950454,0,6648.28114994123,0,0,0,1.225
1724.36833882307,46.654852825082,3,7,48.395157443317,174.222566795941,6.16236219452912,0,6651.32683463643,0,0,0,1.225
1724.61833882307,46.6600169332484,3,7,48.4269830690981,174.337139048753,6.16333865057004,0,6654.37284699945,0,0,0,1.225
1724.86833882307,46.6651776495854,3,7,48.4587928306542,174.451654190355,6.16431506763456,0,6657.41918702179,0,0,0,1.225
1725.11833882307,46.6703349802316,3,7,48.4905867590052,174.566112332419,6.16529144573633,0,6660.46585470003,0,0,0,1.225
1725.36833882307,46.6754889313073,3,7,48.522364885074,174.680513586266,6.16626778488171,0,6663.51285002496,0,0,0,1.225
1725.61833882307,46.680639508914,3,7,48.5541272396874,174.794858062875,6.16724408508344,0,6666.56017299245,0,0,0,1.225
1725.86833882307,46.6857867191347,3,7,48.5858738535761,174.909145872874,6.16822034634879,0,6669.60782359401,0,0,0,1.225
1726.11833882307,46.690930568034,3,7,48.6176047573754,175.023377126552,6.1691965686914,0,6672.65580182624,0,0,0,1.225
1726.36833882307,46.696071061658,3,7,48.6493199816254,175.137551933851,6.17017275211947,0,6675.70410768139,0,0,0,1.225
1726.61833882307,46.7012082060347,3,7,48.6810195567715,175.251670404377,6.17114889664208,0,6678.75274115244,0,0,0,1.225
1726.86833882307,46.7063420071737,3,7,48.7127035131648,175.365732647393,6.17212500227197,0,6681.80170223527,0,0,0,1.225
1727.11833882307,46.7114724710667,3,7,48.7443718810625,175.479738771825,6.1731010690155,0,6684.8509909207,0,0,0,1.225
1727.36833882307,46.716599603687,3,7,48.7760246906284,175.593688886262,6.17407709688632,0,6687.90060720534,0,0,0,1.225
1727.61833882307,46.7217234109904,3,7,48.8076619719331,175.707583098959,6.1750530858917,0,6690.95055108073,0,0,0,1.225
1727.86833882307,46.7268438989142,3,7,48.8392837549546,175.821421517836,6.17602903604075,0,6694.00082253987,0,0,0,1.225
1728.11833882307,46.7319610733784,3,7,48.8708900695784,175.935204250482,6.17700494734618,0,6697.05142157866,0,0,0,1.225
1728.36833882307,46.737074940285,3,7,48.9024809455983,176.048931404154,6.17798081981709,0,6700.10234819011,0,0,0,1.225
1728.61833882307,46.7421855055183,3,7,48.9340564127166,176.16260308578,6.1789566534635,0,6703.15360236795,0,0,0,1.225
1728.86833882307,46.7472927749451,3,7,48.9656165005442,176.276219401959,6.17993244829358,0,6706.20518410447,0,0,0,1.225
1729.11833882307,46.7523967544146,3,7,48.9971612386016,176.389780458966,6.18090820431735,0,6709.2570933934,0,0,0,1.225
1729.36833882307,46.7574974497586,3,7,49.0286906563186,176.503286362747,6.18188392154661,0,6712.30933022994,0,0,0,1.225
1729.61833882307,46.7625948667913,3,7,49.0602047830354,176.616737218927,6.18285959998866,0,6715.36189460565,0,0,0,1.225
1729.86833882307,46.76768901131,3,7,49.0917036480023,176.730133132808,6.18383523965531,0,6718.41478651576,0,0,0,1.225
1730.11833882307,46.7727798890944,3,7,49.1231872803805,176.84347420937,6.18481084055475,0,6721.46800595255,0,0,0,1.225
1730.36833882307,46.7778675059071,3,7,49.1546557092423,176.956760553272,6.18578640269789,0,6724.52155291051,0,0,0,1.225
1730.61833882307,46.7829518674937,3,7,49.1861089635717,177.069992268858,6.18676192609291,0,6727.57542738194,0,0,0,1.225
1730.86833882307,46.7880329795829,3,7,49.2175470722643,177.183169460152,6.18773741075256,0,6730.62962936281,0,0,0,1.225
1731.11833882307,46.793110847886,3,7,49.2489700641284,177.296292230862,6.18871285668229,0,6733.68415884323,0,0,0,1.225
1731.36833882307,46.7981854780979,3,7,49.2803779678845,177.409360684384,6.18968826389391,0,6736.73901581844,0,0,0,1.225
1731.61833882307,46.8032568758964,3,7,49.3117708121665,177.522374923799,6.19066363239835,0,6739.79420028293,0,0,0,1.225
1731.86833882307,46.8083250469426,3,7,49.3431486255213,177.635335051877,6.19163896220289,0,6742.84971222832,0,0,0,1.225
1732.11833882307,46.8133899968811,3,7,49.3745114364098,177.748241171075,6.19261425331752,0,6745.90555164837,0,0,0,1.225
1732.36833882307,46.8184517313396,3,7,49.4058592732069,177.861093383545,6.19358950575315,0,6748.96171853761,0,0,0,1.225
1732.61833882307,46.8235102559295,3,7,49.4371921642021,177.973891791128,6.19456471951617,0,6752.01821288691,0,0,0,1.225
1732.86833882307,46.8285655762457,3,7,49.4685101375995,178.086636495358,6.19553989461929,0,6755.07503469226,0,0,0,1.225
1733.11833882307,46.8336176978665,3,7,49.4998132215184,178.199327597466,6.19651503107161,0,6758.13218394672,0,0,0,1.225
1733.36833882307,46.8386666263542,3,7,49.5311014439937,178.311965198377,6.19749012888133,0,6761.18966064263,0,0,0,1.225
1733.61833882307,46.8437123672545,3,7,49.5623748329761,178.424549398714,6.19846518805844,0,6764.2474647738,0,0,0,1.225
1733.86833882307,46.8487549260971,3,7,49.5936334163327,178.537080298798,6.19944020861294,0,6767.30559633404,0,0,0,1.225
1734.11833882307,46.8537943083956,3,7,49.624877221847,178.649557998649,6.20041519055394,0,6770.36405531644,0,0,0,1.225
1734.36833882307,46.8588305196473,3,7,49.6561062772193,178.761982597989,6.20139013388871,0,6773.42284171262,0,0,0,1.225
1734.61833882307,46.8638635653338,3,7,49.6873206100674,178.874354196243,6.20236503863089,0,6776.48195551932,0,0,0,1.225
1734.86833882307,46.8688934509205,3,7,49.7185202479265,178.986672892536,6.20333990478593,0,6779.54139672671,0,0,0,1.225
1735.11833882307,46.8739201818571,3,7,49.74970521825,179.0989387857,6.20431473236476,0,6782.60116532935,0,0,0,1.225
1735.36833882307,46.8789437635774,3,7,49.7808755484092,179.211151974273,6.20528952137465,0,6785.66126131888,0,0,0,1.225
1735.61833882307,46.8839642014995,3,7,49.8120312656943,179.323312556499,6.20626427182924,0,6788.72168469205,0,0,0,1.225
1735.86833882307,46.8889815010258,3,7,49.8431723973143,179.435420630332,6.2072389837349,0,6791.78243543979,0,0,0,1.225
1736.11833882307,46.8939956675432,3,7,49.8742989703976,179.547476293431,6.20821365710071,0,6794.8435135552,0,0,0,1.225
1736.36833882307,46.8990067064228,3,7,49.9054110119921,179.659479643172,6.2091882919367,0,6797.90491903212,0,0,0,1.225
1736.61833882307,46.9040146230204,3,7,49.9365085490657,179.771430776636,6.21016288825103,0,6800.96665186295,0,0,0,1.225
1736.86833882307,46.9090194226764,3,7,49.9675916085065,179.883329790623,6.21113744605464,0,6804.02871204226,0,0,0,1.225
1737.11833882307,46.9140211107158,3,7,49.9986602171232,179.995176781644,6.21211196535569,0,6807.09109956245,0,0,0,1.225
1737.36833882307,46.9190196924482,3,7,50.0297144016455,180.106971845924,6.21308644616147,0,6810.15381441519,0,0,0,1.225
1737.61833882307,46.924015173168,3,7,50.0607541887243,180.218715079408,6.21406088848471,0,6813.21685659652,0,0,0,1.225
1737.86833882307,46.9290075581545,3,7,50.091779604932,180.330406577755,6.2150352923336,0,6816.28022609885,0,0,0,1.225
1738.11833882307,46.9339968526718,3,7,50.122790676763,180.442046436347,6.2160096577154,0,6819.34392291387,0,0,0,1.225
1738.36833882307,46.9389830619691,3,7,50.1537874306336,180.553634750281,6.21698398464014,0,6822.40794703544,0,0,0,1.225
1738.61833882307,46.9439661912803,3,7,50.1847698928831,180.665171614379,6.21795827311689,0,6825.47229845671,0,0,0,1.225
1738.86833882307,46.9489462458247,3,7,50.2157380897731,180.776657123183,6.21893252315476,0,6828.53697717082,0,0,0,1.225
1739.11833882307,46.9539232308066,3,7,50.2466920474888,180.88809137096,6.21990673476103,0,6831.60198316947,0,0,0,1.225
1739.36833882307,46.9588971514153,3,7,50.2776317921384,180.999474451698,6.22088090794841,0,6834.66731644873,0,0,0,1.225
1739.61833882307,46.9638680128256,3,7,50.3085573497543,181.110806459115,6.22185504272329,0,6837.73297699957,0,0,0,1.225
1739.86833882307,46.9688358201976,3,7,50.3394687462926,181.222087486653,6.22282913909476,0,6840.79896481515,0,0,0,1.225
1740.11833882307,46.9738005786765,3,7,50.370366007634,181.333317627483,6.22380319707372,0,6843.86527989009,0,0,0,1.225
1740.36833882307,46.9787622933931,3,7,50.4012491595838,181.444496974502,6.22477721666655,0,6846.93192221538,0,0,0,1.225
1740.61833882307,46.9837209694637,3,7,50.4321182278723,181.55562562034,6.22575119788235,0,6849.99889178419,0,0,0,1.225
1740.86833882307,46.9886766119902,3,7,50.4629732381549,181.666703657358,6.22672514073111,0,6853.06618859042,0,0,0,1.225
1741.11833882307,46.9936292260599,3,7,50.4938142160129,181.777731177647,6.22769904522102,0,6856.13381262652,0,0,0,1.225
1741.36833882307,46.9985788167457,3,7,50.5246411869533,181.888708273032,6.22867291136299,0,6859.20176388712,0,0,0,1.225
1741.61833882307,47.0035253891066,3,7,50.5554541764091,181.999635035073,6.22964673916158,0,6862.27004236177,0,0,0,1.225
1741.86833882307,47.0084689481869,3,7,50.5862532097402,182.110511555065,6.23062052863042,0,6865.33864804731,0,0,0,1.225
1742.11833882307,47.0134094990171,3,7,50.6170383122329,182.221337924038,6.23159427977316,0,6868.40758093254,0,0,0,1.225
1742.36833882307,47.0183470466132,3,7,50.6478095091007,182.332114232762,6.23256799260344,0,6871.47684101431,0,0,0,1.225
1742.61833882307,47.0232815959775,3,7,50.6785668254843,182.442840571744,6.2335416671267,0,6874.5464282829,0,0,0,1.225
1742.86833882307,47.028213152098,3,7,50.7093102864523,182.553517031228,6.23451530335478,0,6877.61634273369,0,0,0,1.225
1743.11833882307,47.033141719949,3,7,50.7400399170011,182.664143701204,6.23548890129223,0,6880.68658435625,0,0,0,1.225
1743.36833882307,47.0380673044906,3,7,50.7707557420551,182.774720671398,6.23646246095177,0,6883.75715314669,0,0,0,1.225
1743.61833882307,47.0429899106693,3,7,50.8014577864676,182.885248031283,6.23743598233887,0,6886.82804909532,0,0,0,1.225
1743.86833882307,47.0479095434176,3,7,50.8321460750203,182.995725870073,6.23840946546443,0,6889.89927219681,0,0,0,1.225
1744.11833882307,47.0528262076545,3,7,50.8628206324241,183.106154276727,6.23938291033573,0,6892.97082244291,0,0,0,1.225
1744.36833882307,47.0577399082852,3,7,50.8934814833194,183.21653333995,6.24035631696188,0,6896.04269982684,0,0,0,1.225
1744.61833882307,47.062650650201,3,7,50.9241286522759,183.326863148193,6.24132968535287,0,6899.11490434255,0,0,0,1.225
1744.86833882307,47.0675584382802,3,7,50.9547621637936,183.437143789657,6.24230301551506,0,6902.18743598109,0,0,0,1.225
1745.11833882307,47.072463277387,3,7,50.9853820423022,183.547375352288,6.24327630745574,0,6905.26029473424,0,0,0,1.225
1745.36833882307,47.0773651723724,3,7,51.0159883121622,183.657557923784,6.24424956118764,0,6908.33348059812,0,0,0,1.225
1745.61833882307,47.082264128074,3,7,51.0465809976647,183.767691591593,6.24522277671713,0,6911.4069935638,0,0,0,1.225
1745.86833882307,47.0871601493159,3,7,51.0771601230319,183.877776442915,6.24619595405238,0,6914.48083362378,0,0,0,1.225
1746.11833882307,47.092053240909,3,7,51.107725712417,183.987812564701,6.24716909320341,0,6917.55500077203,0,0,0,1.225
1746.36833882307,47.0969434076509,3,7,51.1382777899051,184.097800043658,6.24814219417476,0,6920.62949499817,0,0,0,1.225
1746.61833882307,47.1018306543259,3,7,51.1688163795127,184.207738966246,6.24911525698008,0,6923.70431629907,0,0,0,1.225
1746.86833882307,47.1067149857053,3,7,51.1993415051887,184.317629418679,6.25008828162481,0,6926.77946466508,0,0,0,1.225
1747.11833882307,47.1115964065471,3,7,51.2298531908142,184.427471486931,6.25106126811806,0,6929.85494008945,0,0,0,1.225
1747.36833882307,47.1164749215963,3,7,51.2603514602028,184.53726525673,6.25203421646711,0,6932.93074256397,0,0,0,1.225
1747.61833882307,47.121350535585,3,7,51.2908363371013,184.647010813565,6.25300712668104,0,6936.00687208192,0,0,0,1.225
1747.86833882307,47.1262232532322,3,7,51.3213078451891,184.756708242681,6.25397999876895,0,6939.08332863656,0,0,0,1.225
1748.11833882307,47.131093079244,3,7,51.3517660080795,184.866357629086,6.25495283273995,0,6942.16011222114,0,0,0,1.225
1748.36833882307,47.1359600183138,3,7,51.3822108493191,184.975959057549,6.25592562860038,0,6945.23722282676,0,0,0,1.225
1748.61833882307,47.140824075122,3,7,51.4126423923885,185.085512612599,6.25689838635753,0,6948.31466044523,0,0,0,1.225
1748.86833882307,47.1456852543362,3,7,51.4430606607025,185.195018378529,6.25787110602414,0,6951.39242507274,0,0,0,1.225
1749.11833882307,47.1505435606115,3,7,51.4734656776103,185.304476439397,6.25884378760293,0,6954.47051669747,0,0,0,1.225
1749.36833882307,47.1553989985901,3,7,51.5038574663957,185.413886879024,6.25981643110754,0,6957.54893531635,0,0,0,1.225
1749.61833882307,47.1602515729018,3,7,51.5342360502774,185.523249780999,6.26078903654252,0,6960.62768091901,0,0,0,1.225
1749.86833882307,47.1651012881637,3,7,51.5646014524095,185.632565228674,6.26176160391606,0,6963.70675349803,0,0,0,1.225
1750.11833882307,47.1699481489804,3,7,51.5949536958811,185.741833305172,6.26273413323815,0,6966.78615304741,0,0,0,1.225
1750.36833882307,47.1747921599439,3,7,51.6252928037174,185.851054093383,6.263706624517,0,6969.86587955972,0,0,0,1.225
1750.61833882307,47.1796333256341,3,7,51.6556187988792,185.960227675965,6.26467907775987,0,6972.94593302681,0,0,0,1.225
1750.86833882307,47.1844716506181,3,7,51.6859317042637,186.069354135349,6.26565149297403,0,6976.02631344051,0,0,0,1.225
1751.11833882307,47.1893071394511,3,7,51.7162315427042,186.178433553735,6.2666238701695,0,6979.10702079486,0,0,0,1.225
1751.36833882307,47.1941397966756,3,7,51.746518336971,186.287466013096,6.26759620935263,0,6982.18805508098,0,0,0,1.225
1751.61833882307,47.1989696268222,3,7,51.776792109771,186.396451595176,6.26856851053344,0,6985.26941629291,0,0,0,1.225
1751.86833882307,47.2037966344091,3,7,51.8070528837485,186.505390381494,6.26954077371829,0,6988.35110442177,0,0,0,1.225
1752.11833882307,47.2086208239424,3,7,51.8373006814848,186.614282453345,6.27051299891536,0,6991.43311946015,0,0,0,1.225
1752.36833882307,47.2134421999162,3,7,51.8675355254993,186.723127891797,6.27148518613376,0,6994.51546140137,0,0,0,1.225
1752.61833882307,47.2182607668123,3,7,51.8977574382488,186.831926777696,6.27245733538075,0,6997.59813023729,0,0,0,1.225
1752.86833882307,47.2230765291008,3,7,51.9279664421285,186.940679191662,6.27342944666361,0,7000.68112595978,0,0,0,1.225
1753.11833882307,47.2278894912396,3,7,51.9581625594717,187.049385214098,6.27440151999235,0,7003.7644485629,0,0,0,1.225
1753.36833882307,47.2326996576747,3,7,51.9883458125504,187.158044925181,6.27537355537333,0,7006.84809803778,0,0,0,1.225
1753.61833882307,47.2375070328404,3,7,52.0185162235754,187.266658404871,6.27634555281566,0,7009.93207437777,0,0,0,1.225
1753.86833882307,47.242311621159,3,7,52.0486738146964,187.375225732907,6.27731751232568,0,7013.01637757401,0,0,0,1.225
1754.11833882307,47.2471134270411,3,7,52.0788186080024,187.483746988809,6.27828943391251,0,7016.10100761984,0,0,0,1.225
1754.36833882307,47.2519124548855,3,7,52.108950625522,187.592222251879,6.2792613175834,0,7019.18596450715,0,0,0,1.225
1754.61833882307,47.2567087090793,3,7,52.1390698892234,187.700651601204,6.28023316334657,0,7022.27124822855,0,0,0,1.225
1754.86833882307,47.261502193998,3,7,52.1691764210148,187.809035115653,6.28120497120835,0,7025.3568587752,0,0,0,1.225
1755.11833882307,47.2662929140054,3,7,52.1992702427444,187.91737287388,6.28217674117968,0,7028.44279614192,0,0,0,1.225
1755.36833882307,47.2710808734539,3,7,52.229351376201,188.025664954324,6.28314847326601,0,7031.52906031913,0,0,0,1.225
1755.61833882307,47.2758660766841,3,7,52.259419843114,188.13391143521,6.28412016747643,0,7034.6156513002,0,0,0,1.225
1755.86833882307,47.2806485280254,3,7,52.2894756651535,188.242112394553,6.28509182381913,0,7037.70256907776,0,0,0,1.225
1756.11833882307,47.2854282317956,3,7,52.3195188639308,188.350267910151,6.28606344229865,0,7040.78981364153,0,0,0,1.225
1756.36833882307,47.2902051923012,3,7,52.3495494609984,188.458378059594,6.28703502292683,0,7043.87738498706,0,0,0,1.225
1756.61833882307,47.2949794138372,3,7,52.3795674778503,188.566442920261,6.2880065657082,0,7046.96528310407,0,0,0,1.225
1756.86833882307,47.2997509006874,3,7,52.4095729359224,188.67446256932,6.28897807065186,0,7050.05350798593,0,0,0,1.225
1757.11833882307,47.3045196571244,3,7,52.4395658565922,188.782437083732,6.2899495377651,0,7053.14205962456,0,0,0,1.225
1757.36833882307,47.3092856874093,3,7,52.4695462611797,188.890366540247,6.29092096705699,0,7056.23093801334,0,0,0,1.225
1757.61833882307,47.3140489957923,3,7,52.4995141709471,188.998251015409,6.29189235853391,0,7059.32014314345,0,0,0,1.225
1757.86833882307,47.3188095865122,3,7,52.5294696070992,189.106090585557,6.29286371220405,0,7062.40967500756,0,0,0,1.225
1758.11833882307,47.3235674637971,3,7,52.5594125907836,189.213885326821,6.29383502807377,0,7065.49953359686,0,0,0,1.225
1758.36833882307,47.3283226318635,3,7,52.5893431430911,189.321635315128,6.29480630615126,0,7068.58971890402,0,0,0,1.225
1758.61833882307,47.3330750949173,3,7,52.6192612850554,189.429340626199,6.29577754644561,0,7071.68023092241,0,0,0,1.225
1758.86833882307,47.3378248571532,3,7,52.6491670376539,189.537001335554,6.29674874896318,0,7074.77106964325,0,0,0,1.225
1759.11833882307,47.342571922755,3,7,52.6790604218076,189.644617518507,6.29771991371126,0,7077.86223505848,0,0,0,1.225
1759.36833882307,47.3473162958956,3,7,52.7089414583812,189.752189250172,6.29869104069621,0,7080.95372715932,0,0,0,1.225
1759.61833882307,47.3520579807371,3,7,52.7388101681836,189.859716605461,6.29966212992986,0,7084.04554594133,0,0,0,1.225
1759.86833882307,47.3567969814307,3,7,52.7686665719681,189.967199659085,6.30063318141492,0,7087.13769139285,0,0,0,1.225
1760.11833882307,47.3615333021168,3,7,52.7985106904323,190.074638485556,6.30160419516142,0,7090.23016350799,0,0,0,1.225
1760.36833882307,47.3662669469252,3,7,52.8283425442184,190.182033159186,6.30257517117661,0,7093.32296227871,0,0,0,1.225
1760.61833882307,47.3709979199748,3,7,52.8581621539137,190.289383754089,6.30354610946779,0,7096.41608769697,0,0,0,1.225
1760.86833882307,47.375726225374,3,7,52.8879695400505,190.396690344182,6.30451701004131,0,7099.50953975399,0,0,0,1.225
1761.11833882307,47.3804518672203,3,7,52.9177647231065,190.503953003183,6.30548787290627,0,7102.6033184432,0,0,0,1.225
1761.36833882307,47.385174849601,3,7,52.9475477235046,190.611171804616,6.30645869806904,0,7105.69742375583,0,0,0,1.225
1761.61833882307,47.3898951765926,3,7,52.9773185616137,190.718346821809,6.3074294855378,0,7108.79185568458,0,0,0,1.225
1761.86833882307,47.3946128522612,3,7,53.0070772577484,190.825478127894,6.308400235318,0,7111.88661421995,0,0,0,1.225
1762.11833882307,47.3993278806622,3,7,53.0368238321696,190.932565795811,6.30937094741967,0,7114.98169935611,0,0,0,1.225
1762.36833882307,47.4040402658409,3,7,53.0665583050843,191.039609898303,6.31034162184733,0,7118.07711108284,0,0,0,1.225
1762.61833882307,47.4087500118319,3,7,53.096280696646,191.146610507926,6.311312258611,0,7121.17284939431,0,0,0,1.225
1762.86833882307,47.4134571226596,3,7,53.125991026955,191.253567697038,6.31228285771704,0,7124.26891428177,0,0,0,1.225
1763.11833882307,47.4181616023381,3,7,53.1556893160585,191.36048153781,6.31325341917272,0,7127.3653057372,0,0,0,1.225
1763.36833882307,47.4228634548711,3,7,53.1853755839504,191.467352102222,6.31422394298352,0,7130.46202375113,0,0,0,1.225
1763.61833882307,47.4275626842522,3,7,53.2150498505724,191.574179462061,6.31519442915942,0,7133.55906831773,0,0,0,1.225
1763.86833882307,47.4322592944645,3,7,53.2447121358133,191.680963688928,6.3161648777068,0,7136.65643942827,0,0,0,1.225
1764.11833882307,47.4369532894813,3,7,53.2743624595096,191.787704854235,6.31713528863293,0,7139.75413707474,0,0,0,1.225
1764.36833882307,47.4416446732656,3,7,53.3040008414458,191.894403029205,6.31810566194326,0,7142.85216124768,0,0,0,1.225
1764.61833882307,47.4463334497701,3,7,53.3336273013541,192.001058284875,6.31907599764691,0,7145.95051194054,0,0,0,1.225
1764.86833882307,47.4510196229377,3,7,53.3632418589154,192.107670692095,6.32004629575113,0,7149.04918914533,0,0,0,1.225
1765.11833882307,47.4557031967012,3,7,53.3928445337585,192.21424032153,6.32101655626138,0,7152.14819285259,0,0,0,1.225
1765.36833882307,47.4603841749833,3,7,53.422435345461,192.32076724366,6.32198677918677,0,7155.24752305579,0,0,0,1.225
1765.61833882307,47.4650625616969,3,7,53.4520143135494,192.427251528778,6.32295696453366,0,7158.34717974621,0,0,0,1.225
1765.86833882307,47.4697383607449,3,7,53.481581457499,192.533693246997,6.32392711230841,0,7161.44716291513,0,0,0,1.225
1766.11833882307,47.4744115760203,3,7,53.5111367967343,192.640092468243,6.32489722251739,0,7164.54747255384,0,0,0,1.225
1766.36833882307,47.4790822114061,3,7,53.540680350629,192.746449262264,6.32586729517152,0,7167.64810865727,0,0,0,1.225
1766.61833882307,47.4837502707759,3,7,53.5702121385065,192.852763698624,6.32683733027352,0,7170.74907121379,0,0,0,1.225
1766.86833882307,47.488415757993,3,7,53.5997321796399,192.959035846704,6.32780732783249,0,7173.85036021689,0,0,0,1.225
1767.11833882307,47.4930786769114,3,7,53.6292404932518,193.065265775707,6.32877728785661,0,7176.95197565932,0,0,0,1.225
1767.36833882307,47.497739031375,3,7,53.6587370985154,193.171453554655,6.32974721035043,0,7180.05391753093,0,0,0,1.225
1767.61833882307,47.5023968252184,3,7,53.6882220145537,193.277599252393,6.33071709532123,0,7183.15618582374,0,0,0,1.225
1767.86833882307,47.5070520622662,3,7,53.7176952604404,193.383702937585,6.33168694277629,0,7186.25878052978,0,0,0,1.225
1768.11833882307,47.5117047463336,3,7,53.7471568551994,193.489764678718,6.33265675272469,0,7189.36170164255,0,0,0,1.225
1768.36833882307,47.5163548812263,3,7,53.7766068178059,193.595784544101,6.33362652517098,0,7192.4649491519,0,0,0,1.225
1768.61833882307,47.5210024707401,3,7,53.8060451671855,193.701762601868,6.33459626012336,0,7195.5685230506,0,0,0,1.225
1768.86833882307,47.5256475186617,3,7,53.8354719222153,193.807698919975,6.33556595758637,0,7198.67242332851,0,0,0,1.225
1769.11833882307,47.530290028768,3,7,53.8648871017236,193.913593566205,6.33653561757001,0,7201.77664997985,0,0,0,1.225
1769.36833882307,47.5349300048267,3,7,53.8942907244899,194.019446608164,6.33750524007974,0,7204.88120299523,0,0,0,1.225
1769.61833882307,47.539567450596,3,7,53.9236828092457,194.125258113285,6.33847482512283,0,7207.98608236669,0,0,0,1.225
1769.86833882307,47.5442023698246,3,7,53.9530633746741,194.231028148827,6.33944437270566,0,7211.09128808555,0,0,0,1.225
1770.11833882307,47.548834766252,3,7,53.9824324394101,194.336756781877,6.34041388283367,0,7214.19682014242,0,0,0,1.225
1770.36833882307,47.5534646436084,3,7,54.0117900220412,194.442444079348,6.34138335551688,0,7217.30267853153,0,0,0,1.225
1770.61833882307,47.5580920056146,3,7,54.0411361411068,194.548090107984,6.34235279075983,0,7220.40886324277,0,0,0,1.225
1770.86833882307,47.5627168559823,3,7,54.070470815099,194.653694934356,6.3433221885698,0,7223.5153742682,0,0,0,1.225
1771.11833882307,47.5673391984139,3,7,54.0997940624625,194.759258624865,6.34429154895315,0,7226.62221159915,0,0,0,1.225
1771.36833882307,47.5719590366026,3,7,54.1291059015948,194.864781245741,6.34526087191716,0,7229.72937522769,0,0,0,1.225
1771.61833882307,47.5765763742324,3,7,54.1584063508465,194.970262863048,6.3462301574682,0,7232.83686514517,0,0,0,1.225
1771.86833882307,47.5811912149784,3,7,54.1876954285213,195.075703542677,6.34719940561445,0,7235.94468134438,0,0,0,1.225
1772.11833882307,47.5858035625064,3,7,54.216973152876,195.181103350354,6.34816861636045,0,7239.05282381523,0,0,0,1.225
1772.36833882307,47.5904134204732,3,7,54.2462395421212,195.286462351636,6.34913778971531,0,7242.16129255123,0,0,0,1.225
1772.61833882307,47.5950207925267,3,7,54.275494614421,195.391780611916,6.35010692568267,0,7245.27008754157,0,0,0,1.225
1772.86833882307,47.5996256823055,3,7,54.3047383878933,195.497058196416,6.3510760242707,0,7248.37920877905,0,0,0,1.225
1773.11833882307,47.6042280934396,3,7,54.33397088061,195.602295170196,6.35204508548668,0,7251.48865625575,0,0,0,1.225
1773.36833882307,47.6088280295499,3,7,54.363192110597,195.707491598149,6.35301410933607,0,7254.59842996231,0,0,0,1.225
1773.61833882307,47.6134254942483,3,7,54.3924020958348,195.812647545005,6.35398309582615,0,7257.70852989083,0,0,0,1.225
1773.86833882307,47.618020491138,3,7,54.4216008542579,195.917763075329,6.35495204496237,0,7260.81895603192,0,0,0,1.225
1774.11833882307,47.6226130238133,3,7,54.4507884037559,196.022838253521,6.35592095675383,0,7263.92970837916,0,0,0,1.225
1774.36833882307,47.6272030958598,3,7,54.4799647621728,196.127873143822,6.35688983120508,0,7267.04078692244,0,0,0,1.225
1774.61833882307,47.631790710854,3,7,54.5091299473076,196.232867810307,6.35785866832157,0,7270.15219165242,0,0,0,1.225
1774.86833882307,47.636375872364,3,7,54.5382839769146,196.337822316892,6.35882746811239,0,7273.26392256265,0,0,0,1.225
1775.11833882307,47.6409585839491,3,7,54.567426868703,196.442736727331,6.35979623058392,0,7276.37597964451,0,0,0,1.225
1775.36833882307,47.6455388491597,3,7,54.5965586403377,196.547611105216,6.36076495574162,0,7279.48836288865,0,0,0,1.225
1775.61833882307,47.6501166715378,3,7,54.625679309439,196.65244551398,6.36173364359183,0,7282.60107228645,0,0,0,1.225
1775.86833882307,47.6546920546167,3,7,54.6547888935828,196.757240016898,6.36270229414004,0,7285.71410782857,0,0,0,1.225
1776.11833882307,47.659265001921,3,7,54.6838874103011,196.861994677084,6.36367090739532,0,7288.82746950858,0,0,0,1.225
1776.36833882307,47.6638355169669,3,7,54.7129748770817,196.966709557494,6.36463948336132,0,7291.94115731568,0,0,0,1.225
1776.61833882307,47.668403603262,3,7,54.7420513113687,197.071384720927,6.36560802204804,0,7295.05517124417,0,0,0,1.225
1776.86833882307,47.6729692643052,3,7,54.7711167305625,197.176020230025,6.3665765234573,0,7298.16951128182,0,0,0,1.225
1777.11833882307,47.6775325035871,3,7,54.8001711520198,197.280616147271,6.36754498760001,0,7301.28417742365,0,0,0,1.225
1777.36833882307,47.68209332459,3,7,54.8292145930542,197.385172534995,6.368513414478,0,7304.39916965742,0,0,0,1.225
1777.61833882307,47.6866517307874,3,7,54.8582470709357,197.489689455369,6.36948180410218,0,7307.51448797818,0,0,0,1.225
1777.86833882307,47.6912077256448,3,7,54.8872686028916,197.59416697041,6.37045015647527,0,7310.63013237441,0,0,0,1.225
1778.11833882307,47.6957613126189,3,7,54.916279206106,197.698605141982,6.37141847160547,0,7313.74610283897,0,0,0,1.225
1778.36833882307,47.7003124951585,3,7,54.9452788977203,197.803004031793,6.37238674949822,0,7316.86239936255,0,0,0,1.225
1778.61833882307,47.7048612767038,3,7,54.9742676948332,197.9073637014,6.37335499016081,0,7319.97902193729,0,0,0,1.225
1778.86833882307,47.7094076606868,3,7,55.003245614501,198.011684212204,6.37432319359777,0,7323.09597055313,0,0,0,1.225
1779.11833882307,47.7139516505314,3,7,55.0322126737375,198.115965625455,6.37529135981822,0,7326.21324520367,0,0,0,1.225
1779.36833882307,47.7184932496529,3,7,55.0611688895145,198.220208002252,6.37625948882578,0,7329.33084587816,0,0,0,1.225
1779.61833882307,47.7230324614587,3,7,55.0901142787615,198.324411403541,6.37722758062773,0,7332.44877256873,0,0,0,1.225
1779.86833882307,47.7275692893481,3,7,55.1190488583663,198.428575890119,6.37819563522862,0,7335.56702526536,0,0,0,1.225
1780.11833882307,47.7321037367119,3,7,55.1479726451747,198.532701522629,6.37916365263754,0,7338.68560396164,0,0,0,1.225
1780.36833882307,47.7366358069332,3,7,55.176885655991,198.636788361568,6.38013163285996,0,7341.80450864828,0,0,0,1.225
1780.61833882307,47.7411655033866,3,7,55.2057879075781,198.740836467281,6.38109957590132,0,7344.92373931598,0,0,0,1.225
1780.86833882307,47.7456928294391,3,7,55.2346794166574,198.844845899967,6.38206748176708,0,7348.04329595544,0,0,0,1.225
1781.11833882307,47.7502177884492,3,7,55.2635601999091,198.948816719673,6.38303535046271,0,7351.16317855736,0,0,0,1.225
1781.36833882307,47.7547403837677,3,7,55.2924302739723,199.0527489863,6.3840031819982,0,7354.28338711609,0,0,0,1.225
1781.61833882307,47.7592606187373,3,7,55.3212896554453,199.156642759603,6.38497097637537,0,7357.40392161943,0,0,0,1.225
1781.86833882307,47.7637784966928,3,7,55.3501383608856,199.260498099188,6.38593873360242,0,7360.52478206028,0,0,0,1.225
1782.11833882307,47.768294020961,3,7,55.3789764068098,199.364315064515,6.3869064536857,0,7363.64596843007,0,0,0,1.225
1782.36833882307,47.7728071948609,3,7,55.4078038096943,199.4680937149,6.38787413663067,0,7366.76748071952,0,0,0,1.225
1782.61833882307,47.7773180217036,3,7,55.436620585975,199.57183410951,6.38884178244462,0,7369.8893189208,0,0,0,1.225
1782.86833882307,47.7818265047922,3,7,55.4654267520474,199.675536307371,6.38980939113026,0,7373.01148302246,0,0,0,1.225
1783.11833882307,47.7863326474222,3,7,55.4942223242672,199.779200367362,6.39077696269669,0,7376.13397301812,0,0,0,1.225
1783.36833882307,47.7908364528811,3,7,55.5230073189498,199.882826348219,6.39174449714847,0,7379.25678889779,0,0,0,1.225
1783.61833882307,47.7953379244489,3,7,55.5517817523711,199.986414308536,6.39271199449286,0,7382.37993065364,0,0,0,1.225
1783.86833882307,47.7998370653976,3,7,55.5805456407669,200.089964306761,6.39367945473441,0,7385.50339827568,0,0,0,1.225
1784.11833882307,47.8043338789915,3,7,55.6092990003338,200.193476401202,6.3946468778795,0,7388.62719175536,0,0,0,1.225
1784.36833882307,47.8088283684874,3,7,55.6380418472288,200.296950650024,6.39561426393448,0,7391.75131108416,0,0,0,1.225
1784.61833882307,47.8133205371343,3,7,55.6667741975695,200.40038711125,6.3965816129039,0,7394.87575625207,0,0,0,1.225
1784.86833882307,47.8178103881735,3,7,55.6954960674345,200.503785842764,6.39754892479687,0,7398.00052725274,0,0,0,1.225
1785.11833882307,47.8222979248387,3,7,55.7242074728633,200.607146902308,6.39851619961519,0,7401.12562407401,0,0,0,1.225
1785.36833882307,47.8267831503562,3,7,55.7529084298565,200.710470347483,6.39948343736796,0,7404.25104670952,0,0,0,1.225
1785.61833882307,47.8312660679446,3,7,55.7815989543758,200.813756235753,6.40045063805974,0,7407.3767951493,0,0,0,1.225
1785.86833882307,47.8357466808148,3,7,55.8102790623444,200.91700462444,6.40141780169688,0,7410.50286938482,0,0,0,1.225
1786.11833882307,47.8402249921704,3,7,55.8389487696469,201.020215570729,6.40238492828303,0,7413.62926940538,0,0,0,1.225
1786.36833882307,47.8447010052076,3,7,55.8676080921296,201.123389131667,6.40335201782727,0,7416.75599520462,0,0,0,1.225
1786.61833882307,47.8491747231147,3,7,55.8962570456003,201.226525364161,6.40431907033417,0,7419.88304677259,0,0,0,1.225
1786.86833882307,47.853646149073,3,7,55.924895645829,201.329624324984,6.40528608580917,0,7423.01042410003,0,0,0,1.225
1787.11833882307,47.8581152862562,3,7,55.9535239085473,201.43268607077,6.40625306425682,0,7426.13812717697,0,0,0,1.225
1787.36833882307,47.8625821378306,3,7,55.9821418494493,201.535710658017,6.4072200056853,0,7429.26615599636,0,0,0,1.225
1787.61833882307,47.8670467069552,3,7,56.0107494841911,201.638698143088,6.40818691009918,0,7432.39451054823,0,0,0,1.225
1787.86833882307,47.8715089967815,3,7,56.0393468283911,201.741648582208,6.4091537775048,0,7435.52319082408,0,0,0,1.225
1788.11833882307,47.8759690104539,3,7,56.0679338976305,201.84456203147,6.41012060790672,0,7438.65219681394,0,0,0,1.225
1788.36833882307,47.8804267511092,3,7,56.0965107074528,201.94743854683,6.41108740131131,0,7441.7815285093,0,0,0,1.225
1788.61833882307,47.8848822218773,3,7,56.1250772733644,202.050278184112,6.41205415772492,0,7444.91118590167,0,0,0,1.225
1788.86833882307,47.8893354258806,3,7,56.1536336108345,202.153080999004,6.41302087715121,0,7448.04116898035,0,0,0,1.225
1789.11833882307,47.8937863662343,3,7,56.1821797352954,202.255847047063,6.41398755959926,0,7451.17147773905,0,0,0,1.225
1789.36833882307,47.8982350460464,3,7,56.2107156621422,202.358576383712,6.4149542050709,0,7454.30211216562,0,0,0,1.225
1789.61833882307,47.9026814684179,3,7,56.2392414067336,202.461269064241,6.41592081357339,0,7457.43307225229,0,0,0,1.225
1789.86833882307,47.9071256364423,3,7,56.2677569843915,202.563925143809,6.41688738511311,0,7460.56435799057,0,0,0,1.225
1790.11833882307,47.9115675532062,3,7,56.2962624104011,202.666544677444,6.41785391969461,0,7463.69596937053,0,0,0,1.225
1790.36833882307,47.9160072217892,3,7,56.3247577000114,202.769127720041,6.41882041732333,0,7466.82790638293,0,0,0,1.225
1790.61833882307,47.9204446452635,3,7,56.353242868435,202.871674326366,6.41978687800747,0,7469.96016902076,0,0,0,1.225
1790.86833882307,47.9248798266944,3,7,56.3817179308485,202.974184551055,6.42075330174885,0,7473.09275727189,0,0,0,1.225
1791.11833882307,47.9293127691402,3,7,56.4101829023922,203.076658448612,6.42171968855564,0,7476.2256711293,0,0,0,1.225
1791.36833882307,47.9337434756521,3,7,56.4386377981705,203.179096073414,6.42268603843149,0,7479.35891058231,0,0,0,1.225
1791.61833882307,47.9381719492744,3,7,56.4670826332522,203.281497479708,6.42365235138277,0,7482.49247562246,0,0,0,1.225
1791.86833882307,47.9425981930444,3,7,56.4955174226702,203.383862721613,6.42461862741493,0,7485.62636624054,0,0,0,1.225
1792.11833882307,47.9470222099922,3,7,56.5239421814219,203.486191853119,6.42558486653434,0,7488.76058242808,0,0,0,1.225
1792.36833882307,47.9514440031414,3,7,56.5523569244691,203.588484928089,6.42655106874463,0,7491.89512417442,0,0,0,1.225
1792.61833882307,47.9558635755084,3,7,56.5807616667383,203.690742000258,6.42751723405308,0,7495.02999147183,0,0,0,1.225
1792.86833882307,47.9602809301028,3,7,56.6091564231209,203.792963123235,6.42848336246334,0,7498.16518430964,0,0,0,1.225
1793.11833882307,47.9646960699273,3,7,56.6375412084731,203.895148350503,6.42944945398267,0,7501.30070268013,0,0,0,1.225
1793.36833882307,47.9691089979779,3,7,56.6659160376159,203.997297735417,6.43041550861653,0,7504.4365465741,0,0,0,1.225
1793.61833882307,47.9735197172435,3,7,56.6942809253357,204.099411331208,6.43138152636857,0,7507.5727159809,0,0,0,1.225
1793.86833882307,47.9779282307065,3,7,56.7226358863839,204.201489190982,6.43234750724423,0,7510.70921089136,0,0,0,1.225
1794.11833882307,47.9823345413423,3,7,56.7509809354773,204.303531367718,6.4333134512508,0,7513.84603129773,0,0,0,1.225
1794.36833882307,47.9867386521197,3,7,56.7793160872982,204.405537914273,6.4342793583919,0,7516.98317718939,0,0,0,1.225
1794.61833882307,47.9911405660008,3,7,56.8076413564943,204.50750888338,6.43524522867301,0,7520.12064855715,0,0,0,1.225
1794.86833882307,47.9955402859408,3,7,56.8359567576792,204.609444327645,6.43621106210139,0,7523.25844539329,0,0,0,1.225
1795.11833882307,47.9999378148883,3,7,56.864262305432,204.711344299555,6.43717685868069,0,7526.39656768716,0,0,0,1.225
1795.36833882307,48.0043331557853,3,7,56.8925580142979,204.813208851472,6.43814261841635,0,7529.53501542961,0,0,0,1.225
1795.61833882307,48.0087263115671,3,7,56.9208438987879,204.915038035636,6.43910834131293,0,7532.67378861073,0,0,0,1.225
1795.86833882307,48.0131172851623,3,7,56.9491199733793,205.016831904166,6.4400740273768,0,7535.81288722207,0,0,0,1.225
1796.11833882307,48.0175060794931,3,7,56.9773862525156,205.118590509056,6.44103967661431,0,7538.95231125519,0,0,0,1.225
1796.36833882307,48.0218926974749,3,7,57.0056427506064,205.220313902183,6.44200528902729,0,7542.09206069801,0,0,0,1.225
1796.61833882307,48.0262771420167,3,7,57.0338894820279,205.3220021353,6.44297086462484,0,7545.23213554428,0,0,0,1.225
1796.86833882307,48.0306594160207,3,7,57.0621264611229,205.423655260042,6.44393640340877,0,7548.37253578192,0,0,0,1.225
1797.11833882307,48.035039522383,3,7,57.0903537022007,205.525273327922,6.44490190538727,0,7551.51326140396,0,0,0,1.225
1797.36833882307,48.0394174639928,3,7,57.1185712195374,205.626856390335,6.44586737056397,0,7554.65431239979,0,0,0,1.225
1797.61833882307,48.043793243733,3,7,57.146779027376,205.728404498554,6.44683279894343,0,7557.7956887595,0,0,0,1.225
1797.86833882307,48.0481668644801,3,7,57.1749771399265,205.829917703735,6.44779819053201,0,7560.93739047468,0,0,0,1.225
1798.11833882307,48.052538329104,3,7,57.2031655713657,205.931396056917,6.44876354533517,0,7564.07941753617,0,0,0,1.225
1798.36833882307,48.0569076404683,3,7,57.231344335838,206.032839609017,6.44972886335654,0,7567.22176993337,0,0,0,1.225
1798.61833882307,48.0612748014302,3,7,57.2595134474547,206.134248410837,6.45069414460249,0,7570.36444765784,0,0,0,1.225
1798.86833882307,48.0656398148404,3,7,57.2876729202947,206.235622513061,6.45165938907667,0,7573.50745069899,0,0,0,1.225
1799.11833882307,48.0700026835434,3,7,57.3158227684043,206.336961966255,6.45262459678634,0,7576.65077904913,0,0,0,1.225
1799.36833882307,48.0743634103773,3,7,57.3439630057974,206.438266820871,6.45358976773423,0,7579.79443269692,0,0,0,1.225
1799.61833882307,48.0787219981737,3,7,57.3720936464556,206.53953712724,6.45455490192762,0,7582.93841163469,0,0,0,1.225
1799.86833882307,48.0830784497583,3,7,57.4002147043284,206.640772935582,6.45551999936924,0,7586.0827158511,0,0,0,1.225
1800.11833882307,48.0874327679502,3,7,57.428326193333,206.741974295999,6.45648506006637,0,7589.22734533847,0,0,0,1.225
1800.36833882307,48.0917858821781,3,7,57.4075172032718,206.667061931778,-16.0149567557291,0,0,10389.682476472,0,0,1.225
1800.61833882307,48.0961435420464,3,7,57.3282063198834,206.38154275158,-20.3842095995806,0,0,13891.7730983709,0,0,1.225
1800.86833882307,48.1005077819981,3,7,57.2393147920884,206.061533251518,-20.3521183497151,0,0,13873.5853987392,0,0,1.225
1801.11833882307,48.1048788047204,3,7,57.1504252801325,205.741531008477,-20.3200743214338,0,0,13855.4236915176,0,0,1.225
1801.36833882307,48.1092566311824,3,7,57.0615375866877,205.421535312076,-20.2880774507039,0,0,13837.2879428217,0,0,1.225
1801.61833882307,48.1136412824655,3,7,56.9726515134753,205.101545448511,-20.2561276735714,0,0,13819.1781188074,0,0,1.225
1801.86833882307,48.1180327797649,3,7,56.8837668612581,204.781560700529,-20.2242249261662,0,0,13801.0941856734,0,0,1.225
1802.11833882307,48.12243114439,3,7,56.7948834298324,204.461580347397,-20.1923691446918,0,0,13783.0361096544,0,0,1.225
1802.36833882307,48.1268363977654,3,7,56.7060010180203,204.141603664873,-20.1605602654354,0,0,13765.0038570283,0,0,1.225
1802.61833882307,48.1312485614318,3,7,56.6171194236617,203.821629925182,-20.1287982247595,0,0,13746.9973941102,0,0,1.225
1802.86833882307,48.1356676570471,3,7,56.5282384436062,203.501658396982,-20.0970829591106,0,0,13729.0166872586,0,0,1.225
1803.11833882307,48.1400937063868,3,7,56.4393578737052,203.181688345339,-20.0654144050068,0,0,13711.0617028662,0,0,1.225
1803.36833882307,48.1445267313457,3,7,56.3504775088034,202.861719031692,-20.0337924990536,0,0,13693.1324073723,0,0,1.225
1803.61833882307,48.148966753938,3,7,56.2615971427306,202.54174971383,-20.0022171779292,0,0,13675.2287672509,0,0,1.225
1803.86833882307,48.1534137962988,3,7,56.1727165682935,202.221779645857,-19.9706883783902,0,0,13657.3507490157,0,0,1.225
1804.11833882307,48.1578678806848,3,7,56.083835577267,201.901808078161,-19.9392060372766,0,0,13639.4983192237,0,0,1.225
1804.36833882307,48.1623290294755,3,7,55.9949539603858,201.581834257389,-19.9077700915004,0,0,13621.6714444664,0,0,1.225
1804.61833882307,48.1667972651738,3,7,55.9060715073357,201.261857426409,-19.8763804780574,0,0,13603.8700913792,0,0,1.225
1804.86833882307,48.1712726104074,3,7,55.817188006745,200.941876824282,-19.8450371340205,0,0,13586.0942266358,0,0,1.225
1805.11833882307,48.1757550879293,3,7,55.7283032461753,200.621891686231,-19.8137399965362,0,0,13568.3438169462,0,0,1.225
1805.36833882307,48.1802447206192,3,7,55.6394170121132,200.301901243607,-19.7824890028378,0,0,13550.6188290661,0,0,1.225
1805.61833882307,48.1847415314846,3,7,55.5505290899607,199.981904723858,-19.7512840902264,0,0,13532.9192297828,0,0,1.225
1805.86833882307,48.1892455436613,3,7,55.4616392640263,199.661901350495,-19.7201251960896,0,0,13515.2449859297,0,0,1.225
1806.11833882307,48.1937567804148,3,7,55.3727473175161,199.341890343058,-19.6890122578889,0,0,13497.5960643763,0,0,1.225
1806.36833882307,48.1982752651413,3,7,55.2838530325241,199.021870917087,-19.6579452131609,0,0,13479.9724320293,0,0,1.225
1806.61833882307,48.2028010213688,3,7,55.194956190023,198.701842284083,-19.6269239995272,0,0,13462.3740558401,0,0,1.225
1806.86833882307,48.207334072758,3,7,55.1060565698545,198.381803651476,-19.59594855468,0,0,13444.8009027942,0,0,1.225
1807.11833882307,48.2118744431036,3,7,55.0171539507201,198.061754222592,-19.5650188163909,0,0,13427.2529399173,0,0,1.225
1807.36833882307,48.216422156335,3,7,54.9282481101711,197.741693196616,-19.5341347225121,0,0,13409.7301342771,0,0,1.225
1807.61833882307,48.2209772365178,3,7,54.8393388245987,197.421619768555,-19.5032962109699,0,0,13392.2324529773,0,0,1.225
1807.86833882307,48.2255397078548,3,7,54.7504258692246,197.101533129209,-19.4725032197657,0,0,13374.7598631594,0,0,1.225
1808.11833882307,48.2301095946871,3,7,54.6615090180903,196.781432465125,-19.4417556869848,0,0,13357.3123320088,0,0,1.225
1808.36833882307,48.234686921495,3,7,54.5725880440476,196.461316958571,-19.4110535507816,0,0,13339.8898267437,0,0,1.225
1808.61833882307,48.2392717128995,3,7,54.4836627187479,196.141185787493,-19.3803967493941,0,0,13322.4923146263,0,0,1.225
1808.86833882307,48.2438639936633,3,7,54.3947328126323,195.821038125476,-19.3497852211322,0,0,13305.1197629538,0,0,1.225
1809.11833882307,48.2484637886919,3,7,54.3057980949205,195.500873141714,-19.3192189043866,0,0,13287.7721390655,0,0,1.225
1809.36833882307,48.2530711230351,3,7,54.2168583336011,195.180690000964,-19.288697737622,0,0,13270.4494103367,0,0,1.225
1809.61833882307,48.2576860218876,3,7,54.1279132954201,194.860487863513,-19.2582216593801,0,0,13253.1515441824,0,0,1.225
1809.86833882307,48.2623085105907,3,7,54.0389627458707,194.540265885135,-19.2277906082782,0,0,13235.8785080551,0,0,1.225
1810.11833882307,48.2669386146336,3,7,53.950006449182,194.220023217055,-19.1974045230136,0,0,13218.6302694488,0,0,1.225
1810.36833882307,48.271576359654,3,7,53.8610441683081,193.899759005909,-19.1670633423564,0,0,13201.4067958933,0,0,1.225
1810.61833882307,48.2762217714401,3,7,53.772075664917,193.579472393701,-19.1367670051532,0,0,13184.2080549571,0,0,1.225
1810.86833882307,48.2808748759313,3,7,53.6831006993792,193.259162517765,-19.1065154503294,0,0,13167.0340142493,0,0,1.225
1811.11833882307,48.2855356992199,3,7,53.5941190307564,192.938828510723,-19.0763086168818,0,0,13149.8846414135,0,0,1.225
1811.36833882307,48.2902042675519,3,7,53.5051304167899,192.618469500444,-19.0461464438904,0,0,13132.7599041378,0,0,1.225
1811.61833882307,48.2948806073287,3,7,53.4161346138889,192.29808461,-19.0160288705019,0,0,13115.6597701411,0,0,1.225
1811.86833882307,48.2995647451084,3,7,53.3271313771188,191.977672957628,-18.9859558359476,0,0,13098.5842071874,0,0,1.225
1812.11833882307,48.304256707607,3,7,53.2381204601892,191.657233656681,-18.9559272795295,0,0,13081.5331830754,0,0,1.225
1812.36833882307,48.3089565216995,3,7,53.149101615442,191.336765815591,-18.9259431406235,0,0,13064.5066656403,0,0,1.225
1812.61833882307,48.3136642144218,3,7,53.0600745938389,191.01626853782,-18.8960033586873,0,0,13047.5046227606,0,0,1.225
1812.86833882307,48.3183798129717,3,7,52.9710391449494,190.695740921818,-18.8661078732484,0,0,13030.5270223484,0,0,1.225
1813.11833882307,48.3231033447105,3,7,52.8819950169382,190.375182060978,-18.836256623913,0,0,13013.5738323563,0,0,1.225
1813.36833882307,48.3278348371641,3,7,52.7929419565524,190.054591043589,-18.8064495503595,0,0,12996.6450207731,0,0,1.225
1813.61833882307,48.3325743180247,3,7,52.703879709109,189.733966952792,-18.7766865923459,0,0,12979.7405556284,0,0,1.225
1813.86833882307,48.3373218151522,3,7,52.614808018482,189.413308866535,-18.7469676896999,0,0,12962.8604049859,0,0,1.225
1814.11833882307,48.3420773565755,3,7,52.5257266270892,189.092615857521,-18.7172927823303,0,0,12946.004536952,0,0,1.225
1814.36833882307,48.3468409704941,3,7,52.4366352758792,188.771886993165,-18.687661810216,0,0,12929.172919667,0,0,1.225
1814.61833882307,48.3516126852797,3,7,52.3475337043176,188.451121335543,-18.6580747134112,0,0,12912.3655213093,0,0,1.225
1814.86833882307,48.3563925294774,3,7,52.2584216503743,188.130317941347,-18.6285314320476,0,0,12895.5823100976,0,0,1.225
1815.11833882307,48.3611805318073,3,7,52.1692988505089,187.809475861832,-18.5990319063303,0,0,12878.8232542873,0,0,1.225
1815.36833882307,48.3659767211664,3,7,52.0801650396578,187.488594142768,-18.5695760765384,0,0,12862.0883221706,0,0,1.225
1815.61833882307,48.3707811266295,3,7,51.9910199512195,187.16767182439,-18.5401638830253,0,0,12845.3774820777,0,0,1.225
1815.86833882307,48.3755937774515,3,7,51.9018633170409,186.846707941347,-18.5107952662183,0,0,12828.6907023758,0,0,1.225
1816.11833882307,48.3804147030683,3,7,51.8126948674027,186.52570152265,-18.4814701666237,0,0,12812.0279514734,0,0,1.225
1816.36833882307,48.385243933099,3,7,51.7235143310054,186.204651591619,-18.4521885248141,0,0,12795.3891978102,0,0,1.225
1816.61833882307,48.390081497347,3,7,51.6343214349541,185.883557165835,-18.4229502814433,0,0,12778.7744098692,0,0,1.225
1816.86833882307,48.3949274258022,3,7,51.5451159047439,185.562417257078,-18.3937553772357,0,0,12762.183556168,0,0,1.225
1817.11833882307,48.3997817486422,3,7,51.4558974642453,185.241230871283,-18.3646037529907,0,0,12745.6166052621,0,0,1.225
1817.36833882307,48.4046444962341,3,7,51.3666658356885,184.919997008479,-18.3354953495809,0,0,12729.0735257444,0,0,1.225
1817.61833882307,48.4095156991363,3,7,51.2774207396482,184.598714662734,-18.3064301079557,0,0,12712.5542862471,0,0,1.225
1817.86833882307,48.4143953881002,3,7,51.1881618950283,184.277382822102,-18.2774079691317,0,0,12696.0588554345,0,0,1.225
1818.11833882307,48.4192835940719,3,7,51.0988890190462,183.956000468566,-18.2484288742053,0,0,12679.5872020133,0,0,1.225
1818.36833882307,48.4241803481941,3,7,51.0096018272164,183.634566577979,-18.219492764345,0,0,12663.1392947262,0,0,1.225
1818.61833882307,48.4290856818075,3,7,50.9203000333352,183.313080120007,-18.190599580792,0,0,12646.7151023522,0,0,1.225
1818.86833882307,48.4339996264531,3,7,50.8309833494638,182.99154005807,-18.1617492648602,0,0,12630.3145937072,0,0,1.225
1819.11833882307,48.4389222138737,3,7,50.7416514859121,182.669945349283,-18.1329417579391,0,0,12613.9377376457,0,0,1.225
1819.36833882307,48.4438534760158,3,7,50.652304151222,182.348294944399,-18.1041770014881,0,0,12597.584503057,0,0,1.225
1819.61833882307,48.4487934450315,3,7,50.5629410521508,182.026587787743,-18.075454937044,0,0,12581.2548588704,0,0,1.225
1819.86833882307,48.4537421532806,3,7,50.4735618936534,181.704822817152,-18.0467755062127,0,0,12564.9487740493,0,0,1.225
1820.11833882307,48.4586996333321,3,7,50.3841663788659,181.382998963917,-18.0181386506765,0,0,12548.6662175967,0,0,1.225
1820.36833882307,48.4636659179664,3,7,50.2947542090875,181.061115152715,-17.9895443121877,0,0,12532.4071585501,0,0,1.225
1820.61833882307,48.4686410401772,3,7,50.2053250837631,180.739170301547,-17.9609924325714,0,0,12516.1715659839,0,0,1.225
1820.86833882307,48.4736250331736,3,7,50.1158787004653,180.417163321675,-17.9324829537309,0,0,12499.9594090137,0,0,1.225
1821.11833882307,48.4786179303817,3,7,50.0264147548764,180.095093117555,-17.9040158176331,0,0,12483.7706567847,0,0,1.225
1821.36833882307,48.4836197654474,3,7,49.9369329407696,179.772958586771,-17.8755909663259,0,0,12467.6052784855,0,0,1.225
1821.61833882307,48.4886305722376,3,7,49.8474329499911,179.450758619968,-17.8472083419247,0,0,12451.4632433374,0,0,1.225
1821.86833882307,48.4936503848428,3,7,49.7579144724407,179.128492100787,-17.8188678866172,0,0,12435.3445205984,0,0,1.225
1822.11833882307,48.498679237579,3,7,49.6683771960531,178.806157905791,-17.790569542668,0,0,12419.2490795667,0,0,1.225
1822.36833882307,48.5037171649901,3,7,49.5788208067783,178.483754904402,-17.7623132524086,0,0,12403.1768895728,0,0,1.225
1822.61833882307,48.5087642018496,3,7,49.4892449885626,178.161281958825,-17.7340989582462,0,0,12387.1279199866,0,0,1.225
1822.86833882307,48.5138203831633,3,7,49.3996494233284,177.838737923982,-17.7059266026581,0,0,12371.1021402129,0,0,1.225
1823.11833882307,48.5188857441711,3,7,49.3100337909541,177.516121647435,-17.6777961281941,0,0,12355.0995196935,0,0,1.225
1823.36833882307,48.5239603203493,3,7,49.2203977692543,177.193431969316,-17.6497074774779,0,0,12339.1200279081,0,0,1.225
1823.61833882307,48.5290441474133,3,7,49.130741033959,176.870667722252,-17.6216605932013,0,0,12323.1636343698,0,0,1.225
1823.86833882307,48.5341372613192,3,7,49.0410632586928,176.547827731294,-17.5936554181299,0,0,12307.2303086297,0,0,1.225
1824.11833882307,48.5392396982667,3,7,48.951364114954,176.224910813834,-17.5656918951026,0,0,12291.3200202767,0,0,1.225
1824.36833882307,48.5443514947012,3,7,48.861643272093,175.901915779535,-17.5377699670253,0,0,12275.432738932,0,0,1.225
1824.61833882307,48.549472687316,3,7,48.7719003972912,175.578841430248,-17.5098895768815,0,0,12259.5684342582,0,0,1.225
1824.86833882307,48.5546033130553,3,7,48.6821351555388,175.25568655994,-17.4820506677206,0,0,12243.7270759494,0,0,1.225
1825.11833882307,48.559743409116,3,7,48.5923472096126,174.932449954605,-17.4542531826664,0,0,12227.9086337386,0,0,1.225
1825.36833882307,48.5648930129504,3,7,48.502536220054,174.609130392195,-17.4264970649128,0,0,12212.1130773937,0,0,1.225
1825.61833882307,48.5700521622689,3,7,48.4127018451459,174.285726642525,-17.3987822577265,0,0,12196.3403767201,0,0,1.225
1825.86833882307,48.5752208950424,3,7,48.3228437408898,173.962237467203,-17.3711087044421,0,0,12180.590501557,0,0,1.225
1826.11833882307,48.5803992495047,3,7,48.2329615609826,173.638661619537,-17.3434763484693,0,0,12164.8634217821,0,0,1.225
1826.36833882307,48.5855872641552,3,7,48.1430549567929,173.314997844455,-17.3158851332837,0,0,12149.159107306,0,0,1.225
1826.61833882307,48.5907849777619,3,7,48.0531235773373,172.991244878414,-17.2883350024376,0,0,12133.477528079,0,0,1.225
1826.86833882307,48.5959924293633,3,7,47.963167069256,172.667401449321,-17.2608258995479,0,0,12117.818654083,0,0,1.225
1827.11833882307,48.601209658272,3,7,47.873185076788,172.343466276437,-17.2333577683094,0,0,12102.1824553411,0,0,1.225
1827.36833882307,48.6064367040766,3,7,47.7831772417469,172.019438070289,-17.205930552479,0,0,12086.5689019058,0,0,1.225
1827.61833882307,48.6116736066451,3,7,47.6931432034952,171.695315532583,-17.1785441958928,0,0,12070.9779638718,0,0,1.225
1827.86833882307,48.6169204061273,3,7,47.6030825989191,171.371097356109,-17.1511986424503,0,0,12055.4096113644,0,0,1.225
1828.11833882307,48.622177142958,3,7,47.5129950624024,171.046782224649,-17.1238938361257,0,0,12039.8638145477,0,0,1.225
1828.36833882307,48.6274438578595,3,7,47.4228802258003,170.722368812881,-17.0966297209607,0,0,12024.3405436192,0,0,1.225
1828.61833882307,48.6327205918448,3,7,47.3327377184132,170.397855786288,-17.0694062410685,0,0,12008.8397688135,0,0,1.225
1828.86833882307,48.6380073862204,3,7,47.2425671669594,170.073241801054,-17.0422233406334,0,0,11993.3614604011,0,0,1.225
1829.11833882307,48.6433042825895,3,7,47.1523681955481,169.748525503973,-17.015080963909,0,0,11977.9055886875,0,0,1.225
1829.36833882307,48.6486113228548,3,7,47.0621404256516,169.423705532346,-16.9879790552168,0,0,11962.4721240123,0,0,1.225
1829.61833882307,48.6539285492217,3,7,46.9718834760776,169.098780513879,-16.9609175589512,0,0,11947.0610367527,0,0,1.225
1829.86833882307,48.6592560042014,3,7,46.8815969629404,168.773749066585,-16.9338964195758,0,0,11931.6722973209,0,0,1.225
1830.11833882307,48.664593730614,3,7,46.7912804996324,168.448609798677,-16.9069155816214,0,0,11916.3058761626,0,0,1.225
1830.36833882307,48.6699417715919,3,7,46.7009336967951,168.123361308462,-16.8799749896916,0,0,11900.9617437612,0,0,1.225
1830.61833882307,48.6753001705828,3,7,46.6105561622892,167.798002184241,-16.8530745884582,0,0,11885.6398706345,0,0,1.225
1830.86833882307,48.6806689713529,3,7,46.5201475011648,167.472531004193,-16.8262143226621,0,0,11870.340227335,0,0,1.225
1831.11833882307,48.6860482179909,3,7,46.4297073156313,167.146946336273,-16.7993941371142,0,0,11855.0627844512,0,0,1.225
1831.36833882307,48.6914379549104,3,7,46.3392352050262,166.821246738094,-16.7726139766946,0,0,11839.8075126065,0,0,1.225
1831.61833882307,48.696838226854,3,7,46.248730765784,166.495430756822,-16.7458737863535,0,0,11824.57438246,0,0,1.225
1831.86833882307,48.7022490788969,3,7,46.1581935914049,166.169496929058,-16.7191735111064,0,0,11809.3633647033,0,0,1.225
1832.11833882307,48.7076705564495,3,7,46.0676232724223,165.84344378072,-16.6925130960453,0,0,11794.1744300684,0,0,1.225
1832.36833882307,48.7131027052622,3,7,45.9770193963705,165.517269826934,-16.6658924863232,0,0,11779.0075493165,0,0,1.225
1832.61833882307,48.7185455714278,3,7,45.8863815477518,165.190973571907,-16.6393116271665,0,0,11763.862693247,0,0,1.225
1832.86833882307,48.7239992013863,3,7,45.7957093080029,164.86455350881,-16.6127704638702,0,0,11748.7398326942,0,0,1.225
1833.11833882307,48.7294636419277,3,7,45.7050022554609,164.538008119659,-16.5862689417963,0,0,11733.6389385259,0,0,1.225
1833.36833882307,48.7349389401963,3,7,45.6142599653293,164.211335875185,-16.559807006377,0,0,11718.5599816459,0,0,1.225
1833.61833882307,48.7404251436942,3,7,45.5234820096427,163.884535234714,-16.5333846031126,0,0,11703.5029329926,0,0,1.225
1833.86833882307,48.7459223002856,3,7,45.432667957232,163.557604646035,-16.5070016775726,0,0,11688.4677635397,0,0,1.225
1834.11833882307,48.7514304582001,3,7,45.3418173736878,163.230542545276,-16.4806581753928,0,0,11673.4544442938,0,0,1.225
1834.36833882307,48.7569496660374,3,7,45.2509298213245,162.903347356768,-16.4543540422787,0,0,11658.4629462976,0,0,1.225
1834.61833882307,48.7624799727706,3,7,45.1600048591435,162.576017492917,-16.4280892240081,0,0,11643.4932406312,0,0,1.225
1834.86833882307,48.768021427751,3,7,45.0690420427954,162.248551354063,-16.4018636664182,0,0,11628.5452984029,0,0,1.225
1835.11833882307,48.7735740807118,3,7,44.9780409245422,161.920947328352,-16.3756773154223,0,0,11613.6190907616,0,0,1.225
1835.36833882307,48.7791379817722,3,7,44.8870010532191,161.593203791589,-16.3495301169969,0,0,11598.714588887,0,0,1.225
1835.61833882307,48.7847131814424,3,7,44.7959219741948,161.265319107101,-16.3234220171903,0,0,11583.8317639964,0,0,1.225
1835.86833882307,48.7902997306269,3,7,44.7048032293323,160.937291625596,-16.2973529621154,0,0,11568.9705873389,0,0,1.225
1836.11833882307,48.7958976806298,3,7,44.6136443569487,160.609119685015,-16.2713228979551,0,0,11554.1310302,0,0,1.225
1836.36833882307,48.8015070831588,3,7,44.5224448917742,160.280801610387,-16.2453317709578,0,0,11539.3130638976,0,0,1.225
1836.61833882307,48.8071279903297,3,7,44.4312043649109,159.952335713679,-16.2193795274416,0,0,11524.5166597856,0,0,1.225
1836.86833882307,48.8127604546713,3,7,44.3399223037904,159.623720293645,-16.1934661137911,0,0,11509.7417892519,0,0,1.225
1837.11833882307,48.8184045291297,3,7,44.2485982321316,159.294953635674,-16.167591476461,0,0,11494.98842372,0,0,1.225
1837.36833882307,48.8240602670732,3,7,44.1572316698975,158.966034011631,-16.1417555619678,0,0,11480.2565346437,0,0,1.225
1837.61833882307,48.8297277222972,3,7,44.0658221332506,158.636959679702,-16.1159583169024,0,0,11465.5460935166,0,0,1.225
1837.86833882307,48.8354069490288,3,7,43.9743691345092,158.307728884233,-16.0901996879161,0,0,11450.857071861,0,0,1.225
1838.11833882307,48.8410980019319,3,7,43.8828721821015,157.978339855566,-16.0644796217325,0,0,11436.1894412373,0,0,1.225
1838.36833882307,48.8468009361123,3,7,43.7913307805203,157.648790809873,-16.0387980651403,0,0,11421.5431732385,0,0,1.225
1838.61833882307,48.8525158071225,3,7,43.6997444302757,157.319079948992,-16.0131549649946,0,0,11406.9182394912,0,0,1.225
1838.86833882307,48.8582426709672,3,7,43.6081126278483,156.989205460254,-15.9875502682194,0,0,11392.3146116576,0,0,1.225
1839.11833882307,48.8639815841081,3,7,43.5164348656413,156.659165516309,-15.9619839218044,0,0,11377.7322614331,0,0,1.225
1839.36833882307,48.8697326034697,3,7,43.4247106319311,156.328958274952,-15.9364558728057,0,0,11363.1711605464,0,0,1.225
1839.61833882307,48.8754957864445,3,7,43.3329394108184,155.998581878946,-15.9109660683462,0,0,11348.6312807604,0,0,1.225
1839.86833882307,48.8812711908982,3,7,43.2411206821779,155.66803445584,-15.885514455616,0,0,11334.1125938725,0,0,1.225
1840.11833882307,48.8870588751757,3,7,43.1492539216068,155.337314117784,-15.8601009818722,0,0,11319.6150717141,0,0,1.225
1840.36833882307,48.8928588981064,3,7,43.0573386003736,155.006418961345,-15.8347255944377,0,0,11305.13868615,0,0,1.225
1840.61833882307,48.8986713190103,3,7,42.9653741853651,154.675347067314,-15.8093882407015,0,0,11290.6834090782,0,0,1.225
1840.86833882307,48.9044961977032,3,7,42.8733601390331,154.344096500519,-15.7840888681194,0,0,11276.2492124313,0,0,1.225
1841.11833882307,48.9103335945034,3,7,42.7812959193401,154.012665309624,-15.7588274242148,0,0,11261.8360681763,0,0,1.225
1841.36833882307,48.9161835702371,3,7,42.6891809797043,153.681051526936,-15.7336038565741,0,0,11247.4439483116,0,0,1.225
1841.61833882307,48.9220461862445,3,7,42.5970147689435,153.349253168197,-15.7084181128525,0,0,11233.0728248712,0,0,1.225
1841.86833882307,48.9279215043865,3,7,42.5047967312183,153.017268232386,-15.6832701407716,0,0,11218.7226699231,0,0,1.225
1842.11833882307,48.9338095870504,3,7,42.4125263059743,152.685094701508,-15.6581598881162,0,0,11204.3934555666,0,0,1.225
1842.36833882307,48.9397104971566,3,7,42.3202029278836,152.352730540381,-15.6330873027382,0,0,11190.0851539355,0,0,1.225
1842.61833882307,48.9456242981649,3,7,42.2278260267851,152.020173696426,-15.6080523325581,0,0,11175.7977371994,0,0,1.225
1842.86833882307,48.9515510540814,3,7,42.1353950276237,151.687422099445,-15.583054925557,0,0,11161.5311775572,0,0,1.225
1843.11833882307,48.9574908294647,3,7,42.0429093503894,151.354473661402,-15.5580950297863,0,0,11147.2854472449,0,0,1.225
1843.36833882307,48.9634436894331,3,7,41.9503684100542,151.021326276195,-15.5331725933597,0,0,11133.0605185294,0,0,1.225
1843.61833882307,48.9694096996712,3,7,41.8577716165089,150.687977819432,-15.5082875644594,0,0,11118.8563637131,0,0,1.225
1843.86833882307,48.9753889264372,3,7,41.7651183744985,150.354426148195,-15.4834398913304,0,0,11104.6729551299,0,0,1.225
1844.11833882307,48.9813814365697,3,7,41.6724080835566,150.020669100804,-15.4586295222834,0,0,11090.5102651471,0,0,1.225
1844.36833882307,48.9873872974954,3,7,41.5796401379386,149.686704496579,-15.433856405697,0,0,11076.3682661673,0,0,1.225
1844.61833882307,48.9934065772358,3,7,41.4868139265544,149.352530135596,-15.4091204900114,0,0,11062.2469306234,0,0,1.225
1844.86833882307,48.9994393444152,3,7,41.393928832899,149.018143798437,-15.3844217237342,0,0,11048.1462309834,0,0,1.225
1845.11833882307,49.0054856682681,3,7,41.300984234983,148.683543245939,-15.3597600554376,0,0,11034.066139748,0,0,1.225
1845.36833882307,49.0115456186469,3,7,41.2079795052611,148.34872621894,-15.3351354337592,0,0,11020.0066294514,0,0,1.225
1845.61833882307,49.0176192660297,3,7,41.1149140105598,148.013690438015,-15.310547807399,0,0,11005.9676726588,0,0,1.225
1845.86833882307,49.0237066815286,3,7,41.0217871120043,147.678433603215,-15.2859971251255,0,0,10991.9492419714,0,0,1.225
1846.11833882307,49.0298079368973,3,7,40.928598164943,147.342953393795,-15.2614833357707,0,0,10977.9513100222,0,0,1.225
1846.36833882307,49.0359231045395,3,7,40.8353465188723,147.00724746794,-15.2370063882286,0,0,10963.9738494753,0,0,1.225
1846.61833882307,49.0420522575175,3,7,40.7420315173587,146.671313462491,-15.212566231462,0,0,10950.0168330309,0,0,1.225
1846.86833882307,49.0481954695607,3,7,40.6486524979606,146.335148992658,-15.1881628144956,0,0,10936.08023342,0,0,1.225
1847.11833882307,49.0543528150737,3,7,40.5552087921482,145.998751651733,-15.1637960864191,0,0,10922.1640234068,0,0,1.225
1847.36833882307,49.0605243691458,3,7,40.461699725222,145.662119010799,-15.1394659963876,0,0,10908.2681757893,0,0,1.225
1847.61833882307,49.0667102075596,3,7,40.3681246162307,145.32524861843,-15.115172493618,0,0,10894.3926633963,0,0,1.225
1847.86833882307,49.0729104068002,3,7,40.2744827778865,144.988138000391,-15.0909155273944,0,0,10880.5374590912,0,0,1.225
1848.11833882307,49.0791250440643,3,7,40.18077351648,144.650784659328,-15.0666950470631,0,0,10866.7025357693,0,0,1.225
1848.36833882307,49.0853541972698,3,7,40.086996131793,144.313186074455,-15.0425110020351,0,0,10852.8878663583,0,0,1.225
1848.61833882307,49.0915979450651,3,7,39.99314991701,143.975339701236,-15.0183633417851,0,0,10839.093423819,0,0,1.225
1848.86833882307,49.0978563668394,3,7,39.899234158628,143.637242971061,-14.9942520158534,0,0,10825.3191811456,0,0,1.225
1849.11833882307,49.1041295427319,3,7,39.8052481363651,143.298893290914,-14.9701769738413,0,0,10811.5651113628,0,0,1.225
1849.36833882307,49.1104175536423,3,7,39.7111911230674,142.960288043043,-14.946138165416,0,0,10797.8311875294,0,0,1.225
1849.61833882307,49.1167204812409,3,7,39.6170623846135,142.621424584608,-14.9221355403088,0,0,10784.117382737,0,0,1.225
1849.86833882307,49.1230384079793,3,7,39.5228611798184,142.282300247346,-14.898169048311,0,0,10770.423670107,0,0,1.225
1850.11833882307,49.1293714171006,3,7,39.4285867603355,141.942912337208,-14.8742386392823,0,0,10756.7500227967,0,0,1.225
1850.36833882307,49.1357195926504,3,7,39.3342383705557,141.603258134,-14.8503442631445,0,0,10743.0964139947,0,0,1.225
1850.61833882307,49.142083019488,3,7,39.2398152475064,141.263334891023,-14.8264858698794,0,0,10729.4628169196,0,0,1.225
1850.86833882307,49.148461783297,3,7,39.1453166207477,140.923139834692,-14.8026634095368,0,0,10715.8492048256,0,0,1.225
1851.11833882307,49.1548559705973,3,7,39.0507417122664,140.582670164159,-14.7788768322271,0,0,10702.2555509972,0,0,1.225
1851.36833882307,49.1612656687566,3,7,38.9560897363693,140.241923050929,-14.7551260881237,0,0,10688.6818287511,0,0,1.225
1851.61833882307,49.1676909660017,3,7,38.8613598995732,139.900895638464,-14.7314111274663,0,0,10675.1280114386,0,0,1.225
1851.86833882307,49.174131951431,3,7,38.7665514004941,139.559585041779,-14.7077319005521,0,0,10661.5940724386,0,0,1.225
1852.11833882307,49.1805887150266,3,7,38.6716634297334,139.21798834704,-14.6840883577484,0,0,10648.0799851681,0,0,1.225
1852.36833882307,49.1870613476666,3,7,38.5766951697624,138.876102611145,-14.6604804494777,0,0,10634.5857230699,0,0,1.225
1852.61833882307,49.1935499411382,3,7,38.4816457948052,138.533924861299,-14.6369081262314,0,0,10621.1112596237,0,0,1.225
1852.86833882307,49.2000545881498,3,7,38.3865144707181,138.191452094585,-14.6133713385616,0,0,10607.6565683394,0,0,1.225
1853.11833882307,49.2065753823451,3,7,38.2913003548683,137.848681277526,-14.5898700370822,0,0,10594.2216227587,0,0,1.225
1853.36833882307,49.2131124183158,3,7,38.1960025960093,137.505609345633,-14.5664041724699,0,0,10580.8063964549,0,0,1.225
1853.61833882307,49.2196657916155,3,7,38.1006203341542,137.162233202955,-14.5429736954666,0,0,10567.4108630354,0,0,1.225
1853.86833882307,49.2262355987735,3,7,38.0051527004468,136.818549721609,-14.5195785568712,0,0,10554.0349961355,0,0,1.225
1854.11833882307,49.232821937309,3,7,37.9095988170301,136.474555741309,-14.4962187075512,0,0,10540.6787694268,0,0,1.225
1854.36833882307,49.2394249057457,3,7,37.8139577969125,136.130248068885,-14.4728940984328,0,0,10527.3421566102,0,0,1.225
1854.61833882307,49.246044603626,3,7,37.7182287438308,135.785623477791,-14.4496046805052,0,0,10514.0251314188,0,0,1.225
1854.86833882307,49.2526811315264,3,7,37.6224107521117,135.440678707602,-14.4263504048185,0,0,10500.7276676164,0,0,1.225
1855.11833882307,49.2593345910726,3,7,37.5265029065297,135.095410463507,-14.4031312224893,0,0,10487.449739002,0,0,1.225
1855.36833882307,49.266005084955,3,7,37.4305042821626,134.749815415785,-14.3799470846907,0,0,10474.1913194021,0,0,1.225
1855.61833882307,49.2726927169447,3,7,37.3344139442439,134.403890199278,-14.3567979426603,0,0,10460.9523826765,0,0,1.225
1855.86833882307,49.2793975919092,3,7,37.2382309480131,134.057631412847,-14.3336837476982,0,0,10447.7329027174,0,0,1.225
1856.11833882307,49.2861198158295,3,7,37.1419543385623,133.711035618824,-14.3106044511651,0,0,10434.5328534475,0,0,1.225
1856.36833882307,49.2928594958163,3,7,37.0455831506798,133.364099342447,-14.2875600044863,0,0,10421.3522088232,0,0,1.225
1856.61833882307,49.2996167401275,3,7,36.9491164086914,133.016819071289,-14.2645503591439,0,0,10408.1909428286,0,0,1.225
1856.86833882307,49.3063916581854,3,7,36.8525531262974,132.66919125467,-14.2415754666845,0,0,10395.0490294816,0,0,1.225
1857.11833882307,49.3131843605945,3,7,36.7558923064074,132.321212303067,-14.2186352787157,0,0,10381.926442831,0,0,1.225
1857.36833882307,49.3199949591597,3,7,36.6591329409714,131.972878587497,-14.1957297469094,0,0,10368.8231569594,0,0,1.225
1857.61833882307,49.3268235669048,3,7,36.5622740108071,131.624186438905,-14.1728588229935,0,0,10355.7391459764,0,0,1.225
1857.86833882307,49.3336702980912,3,7,36.4653144854243,131.275132147528,-14.1500224587612,0,0,10342.6743840261,0,0,1.225
1858.11833882307,49.3405352682375,3,7,36.3682533228459,130.925711962245,-14.1272206060648,0,0,10329.6288452822,0,0,1.225
1858.36833882307,49.3474185941386,3,7,36.2710894694241,130.575922089927,-14.1044532168207,0,0,10316.6025039518,0,0,1.225
1858.61833882307,49.3543203938861,3,7,36.1738218596545,130.225758694756,-14.0817202430035,0,0,10303.5953342713,0,0,1.225
1858.86833882307,49.3612407868887,3,7,36.0764494159847,129.875217897545,-14.0590216366486,0,0,10290.6073105078,0,0,1.225
1859.11833882307,49.3681798938928,3,7,35.9789710486206,129.524295775034,-14.0363573498539,0,0,10277.6384069608,0,0,1.225
1859.36833882307,49.375137837004,3,7,35.8813856553272,129.172988359178,-14.0137273347796,0,0,10264.6885979621,0,0,1.225
1859.61833882307,49.3821147397087,3,7,35.7836921212263,128.821291636415,-13.9911315436443,0,0,10251.7578578728,0,0,1.225
1859.86833882307,49.3891107268964,3,7,35.6858893185895,128.469201546922,-13.9685699287265,0,0,10238.8461610841,0,0,1.225
1860.11833882307,49.396125924882,3,7,35.5879761066269,128.116713983857,-13.9460424423687,0,0,10225.9534820211,0,0,1.225
1860.36833882307,49.4031604614294,3,7,35.4899513312714,127.763824792577,-13.9235490369715,0,0,10213.0797951376,0,0,1.225
1860.61833882307,49.4102144657743,3,7,35.3918138249584,127.41052976985,-13.901089664997,0,0,10200.2250749195,0,0,1.225
1860.86833882307,49.4172880686491,3,7,35.2935624064011,127.056824663044,-13.8786642789669,0,0,10187.3892958826,0,0,1.225
1861.11833882307,49.424381402307,3,7,35.1951958803601,126.702705169297,-13.8562728314655,0,0,10174.5724325756,0,0,1.225
1861.36833882307,49.4314946005472,3,7,35.0967130374095,126.348166934674,-13.8339152751337,0,0,10161.7744595747,0,0,1.225
1861.61833882307,49.4386277987403,3,7,34.9981126536963,125.993205553307,-13.8115915626772,0,0,10148.995351491,0,0,1.225
1861.86833882307,49.4457811338552,3,7,34.899393490696,125.637816566506,-13.7893016468579,0,0,10136.2350829628,0,0,1.225
1862.11833882307,49.452954744485,3,7,34.8005542949619,125.281995461863,-13.7670454805002,0,0,10123.4936286613,0,0,1.225
1862.36833882307,49.4601487708748,3,7,34.7015937978697,124.925737672331,-13.7448230164878,0,0,10110.7709632876,0,0,1.225
1862.61833882307,49.4673633549495,3,7,34.6025107153554,124.569038575279,-13.7226342077638,0,0,10098.0670615734,0,0,1.225
1862.86833882307,49.4745986403424,3,7,34.5033037476487,124.211893491535,-13.7004790073324,0,0,10085.3818982816,0,0,1.225
1863.11833882307,49.4818547724245,3,7,34.4039715789996,123.854297684399,-13.6783573682569,0,0,10072.7154482052,0,0,1.225
1863.36833882307,49.4891318983338,3,7,34.304512877399,123.496246358636,-13.6562692436605,0,0,10060.067686168,0,0,1.225
1863.61833882307,49.4964301670064,3,7,34.2049262942933,123.137734659456,-13.6342145867261,0,0,10047.4385870243,0,0,1.225
1863.86833882307,49.5037497292072,3,7,34.1052104642924,122.778757671453,-13.6121933506965,0,0,10034.8281256592,0,0,1.225
1864.11833882307,49.5110907375621,3,7,34.0053640048712,122.419310417536,-13.5902054888738,0,0,10022.2362769878,0,0,1.225
1864.36833882307,49.5184533465902,3,7,33.9053855160639,122.05938785783,-13.56825095462,0,0,10009.6630159562,0,0,1.225
1864.61833882307,49.5258377127374,3,7,33.805273580152,121.698984888547,-13.5463297013548,0,0,9997.10831753959,0,0,1.225
1864.86833882307,49.5332439944104,3,7,33.7050267613444,121.33809634084,-13.5244416825603,0,0,9984.57215674581,0,0,1.225
1865.11833882307,49.5406723520114,3,7,33.6046436054507,120.976716979622,-13.502586851775,0,0,9972.05450861076,0,0,1.225
1865.36833882307,49.5481229479739,3,7,33.5041226395464,120.614841502367,-13.4807651625988,0,0,9959.5553482024,0,0,1.225
1865.61833882307,49.5555959467994,3,7,33.4034623716306,120.25246453787,-13.4589765686887,0,0,9947.07465061748,0,0,1.225
1865.86833882307,49.563091515094,3,7,33.3026612902757,119.889580644993,-13.4372210237625,0,0,9934.6123909841,0,0,1.225
1866.11833882307,49.5706098216073,3,7,33.2017178642686,119.526184311367,-13.4154984815964,0,0,9922.16854446032,0,0,1.225
1866.36833882307,49.5781510372714,3,7,33.1006305422432,119.162269952076,-13.3938088960258,0,0,9909.74308623449,0,0,1.225
1866.61833882307,49.5857153352406,3,7,32.9993977523051,118.797831908299,-13.3721522209435,0,0,9897.33599152386,0,0,1.225
1866.86833882307,49.5933028909325,3,7,32.8980179016461,118.432864445926,-13.3505284103035,0,0,9884.94723557786,0,0,1.225
1867.11833882307,49.6009138820701,3,7,32.7964893761501,118.06736175414,-13.3289374181168,0,0,9872.57679367447,0,0,1.225
1867.36833882307,49.6085484887244,3,7,32.6948105399891,117.701317943961,-13.307379198453,0,0,9860.22464112172,0,0,1.225
1867.61833882307,49.616206893359,3,7,32.59297973521,117.334727046756,-13.2858537054422,0,0,9847.89075325916,0,0,1.225
1867.86833882307,49.6238892808744,3,7,32.4909952813103,116.967583012717,-13.2643608932713,0,0,9835.57510545496,0,0,1.225
1868.11833882307,49.6315958386548,3,7,32.3888554748044,116.599879709296,-13.2429007161859,0,0,9823.2776731074,0,0,1.225
1868.36833882307,49.639326756615,3,7,32.286558588778,116.231610919601,-13.2214731284903,0,0,9810.99843164488,0,0,1.225
1868.61833882307,49.6470822272489,3,7,32.1841028724328,115.862770340758,-13.2000780845469,0,0,9798.73735652559,0,0,1.225
1868.86833882307,49.6548624456794,3,7,32.0814865506184,115.493351582226,-13.1787155387765,0,0,9786.49442323752,0,0,1.225
1869.11833882307,49.6626676097091,3,7,31.9787078233533,115.123348164072,-13.1573854456578,0,0,9774.26960729849,0,0,1.225
1869.36833882307,49.6704979198723,3,7,31.8757648653339,114.752753515202,-13.1360877597283,0,0,9762.06288425635,0,0,1.225
1869.61833882307,49.6783535794888,3,7,31.7726558254299,114.381560971548,-13.1148224355834,0,0,9749.87422968881,0,0,1.225
1869.86833882307,49.6862347947188,3,7,31.6693788261683,114.009763774206,-13.0935894278755,0,0,9737.7036192024,0,0,1.225
1870.11833882307,49.6941417746186,3,7,31.565931963203,113.637355067531,-13.0723886913161,0,0,9725.55102843426,0,0,1.225
1870.36833882307,49.7020747311989,3,7,31.4623133047709,113.264327897175,-13.0512201806739,0,0,9713.41643305077,0,0,1.225
1870.61833882307,49.7100338794836,3,7,31.3585208911342,112.890675208083,-13.030083850776,0,0,9701.29980874823,0,0,1.225
1870.86833882307,49.7180194375708,3,7,31.2545527340079,112.516389842428,-13.0089796565069,0,0,9689.20113125239,0,0,1.225
1871.11833882307,49.7260316266946,3,7,31.150406815972,112.141464537499,-12.9879075528079,0,0,9677.1203763179,0,0,1.225
1871.36833882307,49.7340706712898,3,7,31.0460810898683,111.765891923526,-12.9668674946793,0,0,9665.05751972998,0,0,1.225
1871.61833882307,49.7421367990565,3,7,30.9415734781817,111.389664521454,-12.9458594371783,0,0,9653.01253730297,0,0,1.225
1871.86833882307,49.7502302410286,3,7,30.8368818724035,111.012774740653,-12.9248833354191,0,0,9640.98540488001,0,0,1.225
1872.11833882307,49.7583512316419,3,7,30.7320041323791,110.635214876565,-12.9039391445738,0,0,9628.97609833448,0,0,1.225
1872.36833882307,49.766500008806,3,7,30.6269380856372,110.256977108294,-12.8830268198724,0,0,9616.98459356934,0,0,1.225
1872.61833882307,49.7746768139766,3,7,30.5216815267006,109.878053496122,-12.8621463166005,0,0,9605.01086651566,0,0,1.225
1872.86833882307,49.7828818922306,3,7,30.4162322163785,109.498435978963,-12.8412975901024,0,0,9593.05489313502,0,0,1.225
1873.11833882307,49.7911154923435,3,7,30.3105878810391,109.118116371741,-12.8204805957785,0,0,9581.11664941754,0,0,1.225
1873.36833882307,49.7993778668677,3,7,30.2047462118617,108.737086362702,-12.7996952890876,0,0,9569.19611138369,0,0,1.225
1873.61833882307,49.8076692722147,3,7,30.0987048640688,108.355337510648,-12.7789416255437,0,0,9557.29325508161,0,0,1.225
1873.86833882307,49.8159899687377,3,7,29.9924614561352,107.972861242087,-12.758219560719,0,0,9545.40805658985,0,0,1.225
1874.11833882307,49.8243402208185,3,7,29.8860135689759,107.589648848313,-12.7375290502423,0,0,9533.54049201576,0,0,1.225
1874.36833882307,49.8327202969549,3,7,29.7793587451107,107.205691482399,-12.7168700497987,0,0,9521.69053749549,0,0,1.225
1874.61833882307,49.8411304698521,3,7,29.6724944878042,106.820980156095,-12.6962425151303,0,0,9509.85816919458,0,0,1.225
1874.86833882307,49.8495710165162,3,7,29.5654182601816,106.435505736654,-12.6756464020366,0,0,9498.04336330816,0,0,1.225
1875.11833882307,49.8580422183498,3,7,29.4581274843188,106.049258943548,-12.6550816663723,0,0,9486.24609605931,0,0,1.225
1875.36833882307,49.8665443612515,3,7,29.3506195403056,105.6622303451,-12.6345482640493,0,0,9474.46634370059,0,0,1.225
1875.61833882307,49.8750777357172,3,7,29.242891765282,105.274410355015,-12.6140461510363,0,0,9462.70408251397,0,0,1.225
1875.86833882307,49.8836426369453,3,7,29.134941452445,104.885789228802,-12.5935752833579,0,0,9450.95928880987,0,0,1.225
1876.11833882307,49.8922393649444,3,7,29.0267658500269,104.496357060097,-12.5731356170957,0,0,9439.231938928,0,0,1.225
1876.36833882307,49.9008682246443,3,7,28.918362160242,104.106103776871,-12.5527271083859,0,0,9427.52200923596,0,0,1.225
1876.61833882307,49.9095295260104,3,7,28.8097275382025,103.715019137529,-12.5323497134227,0,0,9415.82947613146,0,0,1.225
1876.86833882307,49.9182235841619,3,7,28.7008590908007,103.323092726882,-12.5120033884557,0,0,9404.15431604031,0,0,1.225
1877.11833882307,49.9269507194927,3,7,28.5917538755571,102.930313952006,-12.4916880897902,0,0,9392.49650541701,0,0,1.225
1877.36833882307,49.9357112577973,3,7,28.4824088994337,102.536672037961,-12.4714037737886,0,0,9380.85602074566,0,0,1.225
1877.61833882307,49.9445055303988,3,7,28.3728211176096,102.142156023395,-12.4511503968679,0,0,9369.23283853798,0,0,1.225
1877.86833882307,49.953333874283,3,7,28.2629874322192,101.746754755989,-12.4309279155016,0,0,9357.62693533483,0,0,1.225
1878.11833882307,49.9621966322344,3,7,28.1529046910501,101.35045688778,-12.4107362862192,0,0,9346.03828770597,0,0,1.225
1878.36833882307,49.9710941529788,3,7,28.0425696862002,100.953250870321,-12.3905754656053,0,0,9334.46687224924,0,0,1.225
1878.61833882307,49.9800267913283,3,7,27.931979152692,100.555124949691,-12.3704454103006,0,0,9322.91266559145,0,0,1.225
1878.86833882307,49.9889949083324,3,7,27.8211297670421,100.156067161351,-12.3503460770021,0,0,9311.37564438844,0,0,1.225
1879.11833882307,49.9979988714331,3,7,27.7100181457849,99.7560653248257,-12.3302774224603,0,0,9299.85578532305,0,0,1.225
1879.36833882307,50.0070390546256,3,7,27.5986408439481,99.3551070382133,-12.3102394034836,0,0,9288.35306510844,0,0,1.225
1879.61833882307,50.0161158386239,3,7,27.4869943534781,98.9531796725212,-12.2902319769339,0,0,9276.86746048485,0,0,1.225
1879.86833882307,50.0252296110315,3,7,27.3750751016134,98.5502703658081,-12.2702550997294,0,0,9265.39894822158,0,0,1.225
1880.11833882307,50.0343807665186,3,7,27.262879449204,98.1463660171344,-12.2503087288435,0,0,9253.94750511635,0,0,1.225
1880.36833882307,50.0435697070047,3,7,27.1504036889747,97.741453280309,-12.2303928213043,0,0,9242.51310799488,0,0,1.225
1880.61833882307,50.0527968418468,3,7,27.0376440437294,97.3355185574259,-12.2105073341963,0,0,9231.09573371204,0,0,1.225
1880.86833882307,50.0620625880352,3,7,26.9245966644944,96.9285479921799,-12.190652224657,0,0,9219.69535914952,0,0,1.225
1881.11833882307,50.0713673703948,3,7,26.8112576285983,96.5205274629538,-12.1708274498806,0,0,9208.31196121855,0,0,1.225
1881.36833882307,50.0807116217938,3,7,26.6976229376853,96.1114425756671,-12.151032967116,0,0,9196.94551685849,0,0,1.225
1881.61833882307,50.0900957833597,3,7,26.5836885156598,95.7012786563754,-12.1312687336663,0,0,9185.59600303627,0,0,1.225
1881.86833882307,50.0995203047027,3,7,26.4694502065586,95.290020743611,-12.1115347068901,0,0,9174.26339674753,0,0,1.225
1882.11833882307,50.1089856441469,3,7,26.3549037723478,94.8776535804521,-12.0918308442006,0,0,9162.94767501591,0,0,1.225
1882.36833882307,50.1184922689695,3,7,26.2400448906418,94.4641616063104,-12.0721571030656,0,0,9151.64881489325,0,0,1.225
1882.61833882307,50.1280406556493,3,7,26.1248691523398,94.0495289484235,-12.0525134410072,0,0,9140.36679345904,0,0,1.225
1882.86833587825,50.1376261333644,3,8,26.0641437972566,93.8309176701238,-0.624286637502672,11.3223265314012,0,0.114709967345505,0,0,1.225
1883.11832998862,50.1472186531361,3,8,26.058996752393,93.8123883086148,-0.448859215612695,11.3178551956872,140.030041639648,0,0,0,1.225
1883.36832409898,50.1568128114189,3,8,26.054952600224,93.7978293608066,-0.394187610568343,11.314342583332,183.612419470268,0,0,0,1.225
1883.61831820935,50.1664083694014,3,8,26.0513574463615,93.7848868069013,-0.355150850064602,11.3112204133016,214.704140174917,0,0,0,1.225
1883.86831231971,50.1760051863795,3,8,26.0480972650185,93.7731501540667,-0.324279837240905,11.3083895187978,239.276107986257,0,0,0,1.225
1884.11830643008,50.1856031523607,3,8,26.0451079539655,93.7623886342759,-0.298626014099305,11.3057941388953,259.684710245839,0,0,0,1.225
1884.36830054044,50.1952021763205,3,8,26.0423468470563,93.7524486494027,-0.276663664228686,11.3033971550397,277.148883154303,0,0,0,1.225
1884.61829465081,50.20480218048,3,8,26.0397829490411,93.7432186165479,-0.257481996310131,11.3011716005528,292.396070536275,0,0,0,1.225
1884.86828876117,50.2144030969719,3,8,26.0373924767005,93.7346129161218,-0.240485924807341,11.2990967830957,305.901428288647,0,0,0,1.225
1885.11828287154,50.2240048656899,3,8,26.0351564788341,93.7265633238028,-0.225261480975704,11.297156214623,317.995404284309,0,0,0,1.225
1885.3682769819,50.2336074328044,3,8,26.0330594305362,93.7190139499303,-0.211507062840548,11.2953363885638,328.918684463227,0,0,0,1.225
1885.61827109227,50.2432107496858,3,8,26.0310883410796,93.7119180278866,-0.198994978944555,11.2936260036848,338.852923606858,0,0,0,1.225
1885.86826520263,50.2528147720948,3,8,26.0292321563594,93.705235762894,-0.187548413192846,11.2920154441609,347.939150533221,0,0,0,1.225
1886.118259313,50.2624194595556,3,8,26.0274813413998,93.6989328290394,-0.177026866628497,11.2904964162819,356.289398655236,0,0,0,1.225
1886.36825342336,50.2720247748579,3,8,26.025827578596,93.6929792829455,-0.167316550034724,11.2890616858468,363.994380318064,0,0,0,1.225
1886.61824753373,50.2816306836546,3,8,26.024263543428,93.6873487563408,-0.158323813621976,11.2877048829633,371.128734441099,0,0,0,1.225
1886.86824164409,50.2912371541311,3,8,26.0227827338051,93.6820178416984,-0.149970517224761,11.2864203535137,377.754723810148,0,0,0,1.225
1887.11823575446,50.3008441567293,3,8,26.0213793376009,93.6769656153634,-0.14219068366565,11.2852030438554,383.924907301504,0,0,0,1.225
1887.36822986482,50.3104516639148,3,8,26.0200481280506,93.6721732609821,-0.134928025874153,11.2840484097678,389.684114171438,0,0,0,1.225
1887.61822397519,50.3200596499789,3,8,26.0187843799027,93.6676237676496,-0.12813408428841,11.2829523434645,395.070930916055,0,0,0,1.225
1887.86821808555,50.3296680908668,3,8,26.0175838013179,93.6633016847444,-0.12176680008496,11.28191111431,400.118840073102,0,0,0,1.225
1888.11821219592,50.3392769640303,3,8,26.0164424779071,93.6591929204656,-0.115789405791444,11.2809213201042,404.857105583438,0,0,0,1.225
1888.36820630628,50.3488862482978,3,8,26.015356826264,93.6552845745504,-0.110169551105402,11.2799798466307,409.311470352091,0,0,0,1.225
1888.61820041665,50.3584959237602,3,8,26.0143235550184,93.6515647980662,-0.104878605737203,11.2790838337531,413.504712478749,0,0,0,1.225
1888.86819452701,50.3681059716705,3,8,26.0133396319163,93.6480226748986,-0.0998910973722743,11.2782306467571,417.457093624169,0,0,0,1.225
1889.11818863738,50.3777163743532,3,8,26.0124022557795,93.6446481208062,-0.095184254094909,11.2774178519414,421.186723994687,0,0,0,1.225
1889.36818274775,50.3873271151252,3,8,26.0115088324543,93.6414317968355,-0.0907376284893365,11.2766431956808,424.709862138054,0,0,0,1.225
1889.61817685811,50.3969381782225,3,8,26.0106569540488,93.6383650345758,-0.0865327863005311,11.2759045863535,428.041163217763,0,0,0,1.225
1889.86817096848,50.4065495487362,3,8,26.0098443809039,93.635439771254,-0.0825530466022787,11.2752000786473,431.193886186522,0,0,0,1.225
1890.11816507884,50.4161612125533,3,8,26.0090690258521,93.6326484930675,-0.07878326344191,11.274527859859,434.180067866252,0,0,0,1.225
1890.36815918921,50.4257731563033,3,8,26.0083289404058,93.6299841854611,-0.0752096411466784,11.2738862378725,437.010670172836,0,0,0,1.225
1890.61815329957,50.4353853673095,3,8,26.0076223025813,93.6274402892926,-0.0718195771655126,11.273273630562,439.695705375376,0,0,0,1.225
1890.86814740994,50.4449978335448,3,8,26.0069474061175,93.625010662023,-0.0686015275968297,11.2726885564094,442.244343260189,0,0,0,1.225
1891.1181415203,50.4546105435907,3,8,26.0063026508932,93.6226895432156,-0.0655448915192297,11.2721296261643,444.66500329846,0,0,0,1.225
1891.36813563067,50.4642234866,3,8,26.0056865343752,93.6204715237506,-0.0626399110206659,11.271595535403,446.965434294741,0,0,0,1.225
1891.61812974103,50.4738366522627,3,8,26.0050976439604,93.6183515182573,-0.0598775843887687,11.2710850578652,449.152783540841,0,0,0,1.225
1891.8681238514,50.4834500307734,3,8,26.0045346500961,93.616324740346,-0.0572495904134095,11.2705970394675,451.233657109788,0,0,0,1.225
1892.11811796176,50.493063612803,3,8,26.0039963000794,93.6143866802859,-0.0547482221129896,11.2701303929091,453.214172636898,0,0,0,1.225
1892.36811207213,50.5026773894704,3,8,26.0034814124525,93.6125330848289,-0.052366328479704,11.269684092796,455.100005708541,0,0,0,1.225
1892.61810618249,50.5122913523183,3,8,26.0029888719228,93.6107599389219,-0.0500972631023402,11.2692571712223,456.896430769032,0,0,0,1.225
1892.86810029286,50.5219054932888,3,8,26.0025176247467,93.6090634490882,-0.0479348386881975,11.2688487137544,458.608357326011,0,0,0,1.225
1893.11809440322,50.531519804702,3,8,26.0020666745245,93.6074400282881,-0.04587328668762,11.2684578557736,460.24036208952,0,0,0,1.225
1893.36808851359,50.5411342792358,3,8,26.0016350783597,93.605886282095,-0.0439072213276359,11.2680837791364,461.796717597808,0,0,0,1.225
1893.61808262395,50.5507489099063,3,8,26.0012219433459,93.6043989960451,-0.0420316074880753,11.2677257091188,463.281417781681,0,0,0,1.225
1893.86807673432,50.5603636900506,3,8,26.0008264233435,93.6029751240365,-0.0402417319285724,11.2673829116139,464.698200859317,0,0,0,1.225
1894.11807084468,50.5699786133095,3,8,26.0004477160192,93.6016117776692,-0.0385331774426188,11.2670546905575,466.05056989949,0,0,0,1.225
1894.36806495505,50.5795936736126,3,8,26.00008506012,93.600306216432,-0.0369017995935047,11.2667403855579,467.3418113283,0,0,0,1.225
1894.61805906541,50.589208865163,3,8,25.9997377329589,93.5990558386521,-0.0353437057131372,11.2664393697108,468.575011633736,0,0,0,1.225
1894.86805317578,50.5988241824239,3,8,25.9994050480929,93.5978581731345,-0.0338552359067956,11.26615104758,469.753072472841,0,0,0,1.225
1895.11804728614,50.6084396201055,3,8,25.9990863531736,93.596710871425,-0.0324329458309888,11.2658748533296,470.878724367046,0,0,0,1.225
1895.36804139651,50.6180551731529,3,8,25.9987810279557,93.5956117006405,-0.0310735910475042,11.2656102489931,471.954539142594,0,0,0,1.225
1895.61803550687,50.6276708367343,3,8,25.9984884824484,93.5945585368142,-0.0297741127822043,11.2653567228667,472.982941252658,0,0,0,1.225
1895.86802961724,50.6372866062309,3,8,25.9982081551974,93.5935493587107,-0.0285316249328157,11.2651137880162,473.966218105262,0,0,0,1.225
1896.1180237276,50.6469024772259,3,8,25.9979395116858,93.5925822420688,-0.0273434021992894,11.2648809808879,474.906529497724,0,0,0,1.225
1896.36801783797,50.656518445495,3,8,25.997682042844,93.5916553542382,-0.0262068692155375,11.2646578600135,475.805916254166,0,0,0,1.225
1896.61801194833,50.6661345069978,3,8,25.9974352636593,93.5907669491734,-0.0251195905877305,11.2644440048026,476.666308141609,0,0,0,1.225
1896.8680060587,50.6757506578686,3,8,25.9971987118773,93.5899153627583,-0.0240792617400175,11.2642390144139,477.48953114364,0,0,0,1.225
1897.11800016906,50.6853668944084,3,8,25.9969719467874,93.5890990084345,-0.0230837004960449,11.2640425067008,478.27731414867,0,0,0,1.225
1897.36799427943,50.6949832130774,3,8,25.9967545480853,93.588316373107,-0.0221308393210111,11.2638541172232,479.031295112734,0,0,0,1.225
1897.6179883898,50.7045996104871,3,8,25.9965461148079,93.5875660133084,-0.0212187181642296,11.2636734983222,479.753026744627,0,0,0,1.225
1897.86798250016,50.714216083394,3,8,25.9963462643336,93.5868465516008,-0.0203454778446724,11.2635003182522,480.443981759182,0,0,0,1.225
1898.11797661053,50.7238326286928,3,8,25.9961546314434,93.5861566731962,-0.0195093539337928,11.2633342603653,481.105557735074,0,0,0,1.225
1898.36797072089,50.7334492434099,3,8,25.9959708674393,93.5854951227814,-0.0187086710824176,11.2631750223459,481.739081619518,0,0,0,1.225
1898.61796483126,50.7430659246975,3,8,25.9957946393142,93.5848607015312,-0.0179418377644265,11.26302231549,482.345813901566,0,0,0,1.225
1898.86795894162,50.7526826698284,3,8,25.9956256289712,93.5842522642964,-0.0172073413903767,11.2628758640271,482.926952491293,0,0,0,1.225
1899.11795305199,50.76229947619,3,8,25.9954635324874,93.5836687169546,-0.0165037437656067,11.2627354044814,483.483636325143,0,0,0,1.225
1899.36794716235,50.7719163412799,3,8,25.9953080594202,93.5831090139128,-0.0158296768600766,11.2626006850693,484.016948723495,0,0,0,1.225
1899.61794127272,50.7815332627002,3,8,25.9951589321528,93.5825721557501,-0.0151838388706183,11.2624714651314,484.5279205158,0,0,0,1.225
1899.86793538308,50.7911502381536,3,8,25.9950158852758,93.5820571869928,-0.0145649905408057,11.2623475145957,485.017532961025,0,0,0,1.225
1900.11792949345,50.8007672654388,3,8,25.9948786650033,93.5815631940119,-0.013971951729805,11.2622286134707,485.486720470216,0,0,0,1.225
1900.36792360381,50.810384342446,3,8,25.9947470286209,93.5810893030352,-0.0134035982006462,11.2621145513666,485.936373154749,0,0,0,1.225
1900.61791771418,50.8200014671534,3,8,25.9946207439629,93.5806346782664,-0.012858858617228,11.2620051270411,486.36733920873,0,0,0,1.225
1900.86791182454,50.8296186376229,3,8,25.9944995889183,93.5801985201057,-0.0123367117323211,11.2619001479712,486.780427139672,0,0,0,1.225
1901.11790593491,50.839235851997,3,8,25.994383350962,93.5797800634632,-0.0118361837483804,11.2617994299462,487.176407861922,0,0,0,1.225
1901.36790004527,50.848853108495,3,8,25.9942718267115,93.5793785761614,-0.0113563458447973,11.2617027966828,487.556016657873,0,0,0,1.225
1901.61789415564,50.8584704054095,3,8,25.9941648215057,93.5789933574204,-0.0108963118552233,11.26161007946,487.919955020009,0,0,0,1.225
1901.867888266,50.8680877411038,3,8,25.9940621490057,93.5786237364206,-0.0104552360822303,11.2615211167729,488.268892383899,0,0,0,1.225
1902.11788237637,50.8777051140087,3,8,25.9939636308163,93.5782690709389,-0.0100323112465784,11.2614357540034,488.603467754287,0,0,0,1.225
1902.36787648673,50.8873225226191,3,8,25.9938690961261,93.5779287460539,-0.00962676655222114,11.261353843109,488.924291239329,0,0,0,1.225
1902.6178705971,50.8969399654923,3,8,25.9937783813654,93.5776021729154,-0.00923786586795495,11.2612752423257,489.231945492197,0,0,0,1.225
1902.86786470746,50.9065574412442,3,8,25.9936913298821,93.5772887875756,-0.00886490601093486,11.2611998158865,489.526987071845,0,0,0,1.225
1903.11785881783,50.916174948548,3,8,25.9936077916325,93.576988049877,-0.00850721512910014,11.2611274337536,489.809947725256,0,0,0,1.225
1903.36785292819,50.9257924861306,3,8,25.9935276228878,93.5766994423961,-0.00816415117250508,11.2610579713639,490.081335599142,0,0,0,1.225
1903.61784703856,50.9354100527714,3,8,25.9934506859546,93.5764224694366,-0.00783510045423702,11.2609913093859,490.341636380529,0,0,0,1.225
1903.86784114892,50.9450276472995,3,8,25.9933768489091,93.5761566560727,-0.00751947628477794,11.26092733349,490.591314379089,0,0,0,1.225
1904.11783525929,50.9546452685915,3,8,25.9933059853436,93.5759015472371,-0.00721671768458439,11.2608659341283,490.830813547393,0,0,0,1.225
1904.36782936965,50.9642629155703,3,8,25.9932379741258,93.5756567068529,-0.00692628816601795,11.2608070063256,491.060558446144,0,0,0,1.225
1904.61782348002,50.9738805872021,3,8,25.9931726991684,93.5754217170063,-0.00664767457803244,11.2607504494799,491.280955159638,0,0,0,1.225
1904.86781759038,50.9834982824955,3,8,25.9931100492107,93.5751961771585,-0.00638038601498189,11.260696167173,491.492392160342,0,0,0,1.225
1905.11781170075,50.9931160004993,3,8,25.9930499176092,93.5749797033932,-0.0061239527797722,11.2606440669887,491.695241130386,0,0,0,1.225
1905.36780581111,51.0027337403009,3,8,25.9929922021391,93.5747719277009,-0.00587792540385746,11.2605940603411,491.889857737956,0,0,0,1.225
1905.61779992148,51.0123515010246,3,8,25.992936804804,93.5745724972943,-0.00564187371521335,11.2605460623089,492.076582375651,0,0,0,1.225
1905.86779403185,51.0219692818304,3,8,25.9928836316546,93.5743810739566,-0.0054153859554243,11.260499991479,492.255740859883,0,0,0,1.225
1906.11778814221,51.0315870819122,3,8,25.9928325926162,93.5741973334185,-0.00519806794201921,11.2604557697962,492.427645094398,0,0,0,1.225
1906.36778225258,51.0412049004966,3,8,25.9927836013233,93.5740209647639,-0.00498954227014359,11.2604133224204,492.592593702623,0,0,0,1.225
1906.61777636294,51.0508227368415,3,8,25.9927365749618,93.5738516698627,-0.00478944755811599,11.2603725775893,492.750872625197,0,0,0,1.225
1906.86777047331,51.0604405902346,3,8,25.992691434119,93.5736891628284,-0.00459743772618167,11.2603334664887,492.902755691208,0,0,0,1.225
1907.11776458367,51.0700584599927,3,8,25.9926481026392,93.5735331695011,-0.00441318131528505,11.2602959231272,493.048505157682,0,0,0,1.225
1907.36775869404,51.0796763454598,3,8,25.9926065074867,93.573383426952,-0.00423636083449187,11.2602598842173,493.188372226389,0,0,0,1.225
1907.6177528044,51.0892942460067,3,8,25.9925665786143,93.5732396830114,-0.0040666721427456,11.2602252890616,493.32259753342,0,0,0,1.225
1907.86774691477,51.0989121610294,3,8,25.9925282488379,93.5731016958166,-0.00390382386041053,11.260192079444,493.451411615151,0,0,0,1.225
1908.11774102513,51.1085300899482,3,8,25.9924914537167,93.57296923338,-0.00374753680764553,11.2601601995256,493.575035352962,0,0,0,1.225
1908.3677351355,51.118148032207,3,8,25.9924561314379,93.5728420731765,-0.00359754347074546,11.2601295957454,493.693680395776,0,0,0,1.225
1908.61772924586,51.1277659872718,3,8,25.9924222227078,93.572720001748,-0.00345358749213003,11.2601002167252,493.807549563878,0,0,0,1.225
1908.86772335623,51.1373839546303,3,8,25.9923896706461,93.5726028143259,-0.0033154231876181,11.2600720131785,493.916837231077,0,0,0,1.225
1909.11771746659,51.1470019337906,3,8,25.9923584206862,93.5724903144702,-0.00318281508098278,11.2600449378236,494.021729693234,0,0,0,1.225
1909.36771157696,51.1566199242808,3,8,25.9923284204786,93.572382313723,-0.00305553746442782,11.2600189453003,494.122405516203,0,0,0,1.225
1909.61770568732,51.1662379256478,3,8,25.9922996197995,93.5722786312784,-0.00293337397930059,11.2599939920905,494.219035867752,0,0,0,1.225
1909.86769979769,51.1758559374568,3,8,25.9922719704626,93.5721790936654,-0.00281611721249437,11.2599700364416,494.311784837079,0,0,0,1.225
1910.11769390805,51.1854739592905,3,8,25.9922454262348,93.5720835344453,-0.00270356831399679,11.2599470382937,494.400809737556,0,0,0,1.225
1910.36768801842,51.1950919907482,3,8,25.9922199427559,93.5719917939212,-0.00259553663308338,11.2599249592099,494.486261394692,0,0,0,1.225
1910.61768212878,51.2047100314453,3,8,25.9921954774613,93.5719037188607,-0.0024918393674717,11.2599037623093,494.568284423864,0,0,0,1.225
1910.86767623915,51.2143280810128,3,8,25.9921719895082,93.5718191622296,-0.00239230123089324,11.2598834122029,494.647017493434,0,0,0,1.225
1911.11767034951,51.2239461390963,3,8,25.9921494397049,93.5717379829376,-0.002296754134308,11.2598638749325,494.722593577078,0,0,0,1.225
1911.36766445988,51.2335642053558,3,8,25.9921277904428,93.5716600455942,-0.00220503688212609,11.2598451179118,494.795140194212,0,0,0,1.225
1911.61765857024,51.2431822794648,3,8,25.992107005632,93.5715852202753,-0.00211699488207208,11.2598271098704,494.864779639628,0,0,0,1.225
1911.86765268061,51.2528003611098,3,8,25.9920870506386,93.5715133822991,-0.00203247986619097,11.2598098207996,494.93162920431,0,0,0,1.225
1912.11764679097,51.2624184499901,3,8,25.9920678922256,93.5714444120123,-0.00195134962686107,11.2597932219011,494.99580138435,0,0,0,1.225
1912.36764090134,51.2720365458169,3,8,25.9920494984956,93.5713781945842,-0.00187346776144741,11.2597772855374,495.057404083043,0,0,0,1.225
1912.6176350117,51.2816546483128,3,8,25.9920318388362,93.5713146198104,-0.00179870343127992,11.2597619851846,495.116540801617,0,0,0,1.225
1912.86762912207,51.2912727572118,3,8,25.9920148838677,93.5712535819238,-0.00172693112858994,11.2597472953867,495.173310823681,0,0,0,1.225
1913.11762323243,51.3008908722584,3,8,25.9919986053928,93.5711949794141,-0.00165803045345139,11.2597331917124,495.227809391754,0,0,0,1.225
1913.3676173428,51.3105089932073,3,8,25.9919829763485,93.5711387148548,-0.00159188590459208,11.2597196507132,495.280127872779,0,0,0,1.225
1913.61761145316,51.3201271198231,3,8,25.9919679707602,93.5710846947368,-0.00152838667270611,11.2597066498838,495.330353921709,0,0,0,1.225
1913.86760556353,51.3297452518798,3,8,25.9919535636972,93.5710328293098,-0.00146742644786389,11.2596941676232,495.37857163389,0,0,0,1.225
1914.1175996739,51.3393633891603,3,8,25.9919397312303,93.5709830324292,-0.00140890323283394,11.2596821831985,495.424861692787,0,0,0,1.225
1914.36759378426,51.3489815314562,3,8,25.9919264503918,93.5709352214104,-0.00135271916527247,11.2596706767096,495.469301510675,0,0,0,1.225
1914.61758789463,51.3585996785677,3,8,25.9919136991356,93.5708893168882,-0.00129878034696174,11.2596596290552,495.511965363766,0,0,0,1.225
1914.86758200499,51.3682178303027,3,8,25.9919014563008,93.5708452426828,-0.0012469966805519,11.2596490219008,495.552924521386,0,0,0,1.225
1915.11757611536,51.3778359864768,3,8,25.9918897015751,93.5708029256705,-0.00119728171335162,11.2596388376475,495.592247369572,0,0,0,1.225
1915.36757022572,51.3874541469132,3,8,25.9918784154612,93.5707622956605,-0.00114955248748529,11.259629059402,495.62999952964,0,0,0,1.225
1915.61756433609,51.3970723114418,3,8,25.9918675792433,93.5707232852759,-0.0011037293959621,11.2596196709487,495.666243972067,0,0,0,1.225
1915.86755844645,51.4066904798995,3,8,25.9918571749558,93.5706858298409,-0.00105973604715813,11.2596106567217,495.7010411237,0,0,0,1.225
1916.11755255682,51.4163086521298,3,8,25.991847185353,93.5706498672707,-0.00101749913111749,11.259602001779,495.734448973561,0,0,0,1.225
1916.36754666718,51.4259268279824,3,8,25.9918375938799,93.5706153379678,-0.000976948294721202,11.2595936917772,495.766523171597,0,0,0,1.225
1916.61754077755,51.4355450073127,3,8,25.9918283846449,93.5705821847215,-0.000938016020494226,11.2595857129472,495.797317124575,0,0,0,1.225
1916.86753488791,51.4451631899823,3,8,25.9918195423921,93.5705503526116,-0.000900637511096869,11.2595780520713,495.826882087466,0,0,0,1.225
1917.11752899828,51.4547813758581,3,8,25.9918110524767,93.5705197889162,-0.000864750578818593,11.2595706964609,495.855267250869,0,0,0,1.225
1917.36752310864,51.4643995648124,3,8,25.9918029008398,93.5704904430234,-0.000830295537800351,11.2595636339351,495.882519826297,0,0,0,1.225
1917.61751721901,51.4740177567224,3,8,25.991795073985,93.570462266346,-0.000797215104442571,11.2595568528005,495.908685124948,0,0,0,1.225
1917.86751132937,51.4836359514704,3,8,25.9917875589557,93.5704352122405,-0.000765454298722656,11.2595503418314,495.933806635786,0,0,0,1.225
1918.11750543974,51.4932541489434,3,8,25.9917803433135,93.5704092359286,-0.000734960349605305,11.259544090251,495.957926100383,0,0,0,1.225
1918.3674995501,51.5028723490329,3,8,25.9917734151174,93.5703842944227,-0.00070568260704683,11.2595380877134,495.981083582523,0,0,0,1.225
1918.61749366047,51.5124905516345,3,8,25.9917667629037,93.5703603464533,-0.000677572455136365,11.2595323242864,496.003317536922,0,0,0,1.225
1918.86748777083,51.5221087566482,3,8,25.9917603756669,93.5703373524007,-0.000650583230239413,11.2595267904348,496.024664873982,0,0,0,1.225
1919.1174818812,51.5317269639779,3,8,25.9917542428412,93.5703152742284,-0.00062467014096043,11.2595214770042,496.045161023118,0,0,0,1.225
1919.36747599156,51.5413451735315,3,8,25.9917483542832,93.5702940754194,-0.000599790193562498,11.2595163752064,496.064839991751,0,0,0,1.225
1919.61747010193,51.5509633852202,3,8,25.9917427002544,93.5702737209159,-0.000575902118069142,11.2595114766038,496.083734423773,0,0,0,1.225
1919.86746421229,51.5605815989591,3,8,25.9917372714056,93.57025417706,-0.000552966299141107,11.2595067730962,496.10187565423,0,0,0,1.225
1920.11745832266,51.5701998146666,3,8,25.9917320587606,93.5702354115382,-0.00053094471036381,11.2595022569067,496.119293761296,0,0,0,1.225
1920.36745243302,51.5798180322642,3,8,25.991727053702,93.5702173933272,-0.000509800848080049,11.2594979205691,496.136017618632,0,0,0,1.225
1920.61744654339,51.5894362516767,3,8,25.9917222479562,93.5702000926422,-0.000489499671589317,11.259493756915,496.15207494268,0,0,0,1.225
1920.86744065375,51.5990544728317,3,8,25.9917176335799,93.5701834808876,-0.000470007543119731,11.2594897590625,496.167492340159,0,0,0,1.225
1921.11743476412,51.60867269566,3,8,25.9917132029469,93.5701675306089,-0.000451292172120176,11.2594859204041,496.182295352124,0,0,0,1.225
1921.36742887448,51.6182909200948,3,8,25.9917089487354,93.5701522154474,-0.000433322560234578,11.2594822345962,496.196508497505,0,0,0,1.225
1921.61742298485,51.6279091460723,3,8,25.9917048639157,93.5701375100964,-0.000416068949914238,11.2594786955483,496.210155313748,0,0,0,1.225
1921.86741709521,51.6375273735309,3,8,25.9917009417385,93.5701233902586,-0.000399502773712315,11.2594752974128,496.223258396936,0,0,0,1.225
1922.11741120558,51.6471456024118,3,8,25.9916971757239,93.5701098326062,-0.000383596607898497,11.2594720345756,496.235839438465,0,0,0,1.225
1922.36740531595,51.6567638326582,3,8,25.9916935596506,93.5700968147421,-0.000368324124254651,11.2594689016464,496.247919263201,0,0,0,1.225
1922.61739942631,51.6663820642159,3,8,25.9916900875451,93.5700843151624,-0.000353660048691836,11.2594658934498,496.259517862185,0,0,0,1.225
1922.86739353668,51.6760002970326,3,8,25.9916867536725,93.5700723132208,-0.000339580116456634,11.2594630050172,496.270654428093,0,0,0,1.225
1923.11738764704,51.6856185310581,3,8,25.9916835525263,93.5700607890946,-0.00032606103279458,11.2594602315778,496.281347386343,0,0,0,1.225
1923.36738175741,51.6952367662445,3,8,25.9916804788198,93.5700497237513,-0.000313080434295724,11.259457568551,496.291614425665,0,0,0,1.225
1923.61737586777,51.7048550025454,3,8,25.9916775274771,93.5700390989174,-0.000300616850694953,11.2594550115393,496.301472528326,0,0,0,1.225
1923.86736997814,51.7144732399165,3,8,25.9916746936244,93.5700288970479,-0.000288649669855624,11.2594525563199,496.310937997825,0,0,0,1.225
1924.1173640885,51.7240914783151,3,8,25.9916719725826,93.5700191012974,-0.000277159102525809,11.2594501988389,496.320026486776,0,0,0,1.225
1924.36735819887,51.7337097177005,3,8,25.9916693598588,93.5700096954917,-0.000266126150277856,11.2594479352037,496.328753022261,0,0,0,1.225
1924.61735230923,51.7433279580332,3,8,25.9916668511393,93.5700006641015,-0.000255532572538424,11.2594457616769,496.337132031921,0,0,0,1.225
1924.8673464196,51.7529461992757,3,8,25.9916644422824,93.5699919922166,-0.000245360857938732,11.2594436746701,496.345177366601,0,0,0,1.225
1925.11734052996,51.7625644413916,3,8,25.9916621293113,93.5699836655208,-0.000235594192936246,11.2594416707379,496.352902325194,0,0,0,1.225
1925.36733464033,51.7721826843462,3,8,25.9916599084079,93.5699756702685,-0.00022621643680299,11.2594397465723,496.360319674397,0,0,0,1.225
1925.61732875069,51.7818009281062,3,8,25.9916577759061,93.5699679932619,-0.000217212091156751,11.259437898997,496.367441672841,0,0,0,1.225
1925.86732286106,51.7914191726394,3,8,25.9916557282858,93.569960621829,-0.000208566277223182,11.2594361249622,496.374280089056,0,0,0,1.225
1926.11731697142,51.8010374179151,3,8,25.9916537621675,93.569953543803,-0.000200264709914588,11.2594344215399,496.380846221979,0,0,0,1.225
1926.36731108179,51.8106556639037,3,8,25.9916518743059,93.5699467475014,-0.000192293673272989,11.2594327859185,496.387150920388,0,0,0,1.225
1926.61730519215,51.820273910577,3,8,25.9916500615854,93.5699402217075,-0.000184639999551255,11.2594312153986,496.393204599435,0,0,0,1.225
1926.86729930252,51.8298921579075,3,8,25.9916483210143,93.5699339556514,-0.000177291045110923,11.2594297073881,496.399017259725,0,0,0,1.225
1927.11729341288,51.8395104058692,3,8,25.99164664972,93.569927938992,-0.000170234671777119,11.2594282593984,496.404598502046,0,0,0,1.225
1927.36728752325,51.8491286544369,3,8,25.9916450449446,93.5699221618005,-0.000163459224100655,11.2594268690399,496.409957545378,0,0,0,1.225
1927.61728163361,51.8587469035865,3,8,25.9916435040398,93.5699166145434,-0.000156953512759359,11.2594255340183,496.415103239998,0,0,0,1.225
1927.86727574398,51.8683651532949,3,8,25.991642024463,93.5699112880668,-0.000150706793411823,11.2594242521305,496.420044084226,0,0,0,1.225
1928.11726985434,51.8779834035398,3,8,25.9916406037727,93.5699061735817,-0.000144708750780874,11.2594230212614,496.424788237004,0,0,0,1.225
1928.36726396471,51.8876016542998,3,8,25.9916392396247,93.5699012626489,-0.000138949480918009,11.25942183938,496.429343531922,0,0,0,1.225
1928.61725807507,51.8972199055545,3,8,25.9916379297682,93.5698965471654,-0.000133419473922586,11.2594207045361,496.433717490902,0,0,0,1.225
1928.86725218544,51.9068381572842,3,8,25.9916366720419,93.5698920193509,-0.000128109600299086,11.2594196148572,496.437917334965,0,0,0,1.225
1929.1172462958,51.9164564094699,3,8,25.9916354643709,93.5698876717351,-0.000123011092994165,11.2594185685457,496.441949998469,0,0,0,1.225
1929.36724040617,51.9260746620936,3,8,25.9916343047624,93.5698834971448,-0.000118115535345568,11.2594175638751,496.445822138614,0,0,0,1.225
1929.61723451653,51.9356929151378,3,8,25.9916331913035,93.5698794886927,-0.000113414845620356,11.2594165991879,496.449540147688,0,0,0,1.225
1929.8672286269,51.9453111685857,3,8,25.9916321221572,93.5698756397659,-0.000108901264054298,11.2594156728926,496.453110163319,0,0,0,1.225
1930.11722273726,51.9549294224213,3,8,25.9916310955596,93.5698719440145,-0.000104567340573405,11.259414783461,496.456538078171,0,0,0,1.225
1930.36721684763,51.9645476766291,3,8,25.9916301098171,93.5698683953416,-0.000100405921378568,11.2594139294259,496.459829550578,0,0,0,1.225
1930.61721095799,51.9741659311944,3,8,25.9916291633036,93.5698649878931,-9.64101389408781e-05,11.2594131093783,496.462990012429,0,0,0,1.225
1930.86720506836,51.983784186103,3,8,25.9916282544577,93.5698617160478,-9.2573396994612e-05,11.2594123219654,496.466024681079,0,0,0,1.225
1931.11719917873,51.993402441341,3,8,25.9916273817801,93.5698585744085,-8.88893648527565e-05,11.2594115658884,496.468938563796,0,0,0,1.225
1931.36719328909,52.0030206968956,3,8,25.9916265438313,93.5698555577928,-8.53519617178546e-05,11.2594108399,496.471736470214,0,0,0,1.225
1931.61718739946,52.0126389527539,3,8,25.9916257392291,93.5698526612246,-8.19553505427717e-05,11.2594101428026,496.47442301716,0,0,0,1.225
1931.86718150982,52.0222572089041,3,8,25.9916249666461,93.569849879926,-7.86939259796069e-05,11.2594094734464,496.477002638201,0,0,0,1.225
1932.11717562019,52.0318754653344,3,8,25.9916242248081,93.5698472093092,-7.5562306421427e-05,11.2594088307272,496.479479589933,0,0,0,1.225
1932.36716973055,52.0414937220336,3,8,25.9916235124914,93.5698446449691,-7.25553242249682e-05,11.259408213585,496.481857959716,0,0,0,1.225
1932.61716384092,52.0511119789912,3,8,25.9916228285211,93.569842182676,-6.96680172976115e-05,11.2594076210017,496.484141672335,0,0,0,1.225
1932.86715795128,52.0607302361968,3,8,25.991622171769,93.5698398183684,-6.68956222760122e-05,11.2594070519999,496.486334495375,0,0,0,1.225
1933.11715206165,52.0703484936406,3,8,25.9916215411519,93.5698375481467,-6.42335642940432e-05,11.2594065056412,496.48844004734,0,0,0,1.225
1933.36714617201,52.079966751313,3,8,25.9916209356296,93.5698353682664,-6.16774515256984e-05,11.2594059810243,496.490461801951,0,0,0,1.225
1933.61714028238,52.089585009205,3,8,25.9916203542034,93.5698332751322,-5.92230667720683e-05,11.259405477284,496.492403094807,0,0,0,1.225
1933.86713439274,52.0992032673078,3,8,25.9916197959143,93.5698312652917,-5.6866360185211e-05,11.2594049935894,496.494267129146,0,0,0,1.225
1934.11712850311,52.1088215256131,3,8,25.9916192598417,93.56982933543,-5.46034444931927e-05,11.2594045291429,496.496056979606,0,0,0,1.225
1934.36712261347,52.1184397841127,3,8,25.9916187451012,93.5698274823642,-5.24305859049263e-05,11.2594040831782,496.497775599437,0,0,0,1.225
1934.61711672384,52.128058042799,3,8,25.9916182508439,93.5698257030382,-5.03441997899698e-05,11.2594036549601,496.499425823907,0,0,0,1.225
1934.8671108342,52.1376763016646,3,8,25.9916177762548,93.5698239945172,-4.83408440845343e-05,11.2594032437821,496.501010375522,0,0,0,1.225
1935.11710494457,52.1472945607022,3,8,25.991617320551,93.5698223539836,-4.64172145165245e-05,11.2594028489661,496.502531867793,0,0,0,1.225
1935.36709905493,52.1569128199051,3,8,25.991616882981,93.5698207787317,-4.45701377841675e-05,11.2594024698611,496.503992810647,0,0,0,1.225
1935.6170931653,52.1665310792666,3,8,25.9916164628232,93.5698192661636,-4.27965665536742e-05,11.2594021058417,496.505395614377,0,0,0,1.225
1935.86708727566,52.1761493387805,3,8,25.9916160593847,93.5698178137847,-4.10935755937961e-05,11.2594017563077,496.506742592695,0,0,0,1.225
1936.11708138603,52.1857675984407,3,8,25.991615672,93.5698164191998,-3.94583556365906e-05,11.2594014206826,496.508035967592,0,0,0,1.225
1936.36707549639,52.1953858582414,3,8,25.9916153000303,93.569815080109,-3.78882092845993e-05,11.2594010984128,496.509277872577,0,0,0,1.225
1936.61706960676,52.2050041181769,3,8,25.9916149428622,93.5698137943038,-3.63805466906458e-05,11.2594007889669,496.51047035609,0,0,0,1.225
1936.86706371712,52.214622378242,3,8,25.9916145999066,93.5698125596639,-3.49328810102555e-05,11.2594004918347,496.5116153851,0,0,0,1.225
1937.11705782749,52.2242406384314,3,8,25.9916142705981,93.569811374153,-3.35428240814535e-05,11.2594002065259,496.512714848529,0,0,0,1.225
1937.36705193785,52.2338588987402,3,8,25.9916139543934,93.5698102358162,-3.22080839235956e-05,11.2593999325703,496.513770559211,0,0,0,1.225
1937.61704604822,52.2434771591637,3,8,25.9916136507711,93.5698091427761,-3.09264585981344e-05,11.2593996695159,496.514784258772,0,0,0,1.225
1937.86704015858,52.2530954196973,3,8,25.9916133592306,93.5698080932303,-2.96958339348288e-05,11.2593994169289,496.515757619419,0,0,0,1.225
1938.11703426895,52.2627136803366,3,8,25.9916130792911,93.5698070854479,-2.85141808031959e-05,11.2593991743929,496.516692246086,0,0,0,1.225
1938.36702837931,52.2723319410774,3,8,25.9916128104909,93.5698061177671,-2.7379549882793e-05,11.2593989415079,496.517589680591,0,0,0,1.225
1938.61702248968,52.2819502019157,3,8,25.9916125523867,93.569805188592,-2.62900696168063e-05,11.2593987178897,496.518451403244,0,0,0,1.225
1938.86701660004,52.2915684628476,3,8,25.9916123045529,93.5698042963903,-2.52439439382607e-05,11.2593985031697,496.519278834635,0,0,0,1.225
1939.11701071041,52.3011867238694,3,8,25.9916120665808,93.5698034396908,-2.42394465855442e-05,11.2593982969938,496.520073340158,0,0,0,1.225
1939.36700482078,52.3108049849774,3,8,25.991611838078,93.5698026170807,-2.32749217845444e-05,11.2593980990219,496.520836229439,0,0,0,1.225
1939.61699893114,52.3204232461683,3,8,25.9916116186677,93.5698018272036,-2.23487776546574e-05,11.2593979089277,496.521568761586,0,0,0,1.225
1939.86699304151,52.3300415074388,3,8,25.991611407988,93.5698010687567,-2.14594880278191e-05,11.2593977263975,496.522272143708,0,0,0,1.225
1940.11698715187,52.3396597687856,3,8,25.9916112056915,93.5698003404896,-2.0605585399756e-05,11.2593975511305,496.522947536536,0,0,0,1.225
1940.36698126224,52.3492780302058,3,8,25.9916110114448,93.5697996412011,-1.9785661839501e-05,11.2593973828376,496.523596053667,0,0,0,1.225
1940.6169753726,52.3588962916965,3,8,25.9916108249273,93.5697989697383,-1.89983655787079e-05,11.2593972212413,496.524218764278,0,0,0,1.225
1940.86696948297,52.3685145532548,3,8,25.9916106458316,93.5697983249938,-1.82423971462079e-05,11.2593970660751,496.524816696195,0,0,0,1.225
1941.11696359333,52.378132814878,3,8,25.9916104738623,93.5697977059044,-1.75165107322838e-05,11.2593969170832,496.525390834782,0,0,0,1.225
1941.3669577037,52.3877510765636,3,8,25.9916103087359,93.5697971114493,-1.68195091863312e-05,11.2593967740198,496.525942126924,0,0,0,1.225
1941.61695181406,52.397369338309,3,8,25.9916101501801,93.5697965406483,-1.61502426525845e-05,11.2593966366491,496.526471482102,0,0,0,1.225
1941.86694592443,52.406987600112,3,8,25.9916099979333,93.56979599256,-1.55076074332216e-05,11.2593965047445,496.526979773284,0,0,0,1.225
1942.11694003479,52.4166058619702,3,8,25.9916098517446,93.5697954662807,-1.48905441693317e-05,11.2593963780885,496.527467838366,0,0,0,1.225
1942.36693414516,52.4262241238813,3,8,25.9916097113729,93.5697949609426,-1.42980351123668e-05,11.2593962564723,496.527936482337,0,0,0,1.225
1942.61692825552,52.4358423858434,3,8,25.9916095765868,93.5697944757123,-1.37291029872466e-05,11.2593961396953,496.528386478172,0,0,0,1.225
1942.86692236589,52.4454606478544,3,8,25.9916094471638,93.5697940097898,-1.31828098554636e-05,11.2593960275649,496.52881856773,0,0,0,1.225
1943.11691647625,52.4550789099122,3,8,25.9916093228908,93.5697935624068,-1.26582543865342e-05,11.2593959198964,496.529233463921,0,0,0,1.225
1943.36691058662,52.4646971720152,3,8,25.9916092035626,93.5697931328255,-1.21545718579991e-05,11.259395816512,496.529631850695,0,0,0,1.225
1943.61690469698,52.4743154341614,3,8,25.9916090889827,93.5697927203376,-1.16709318816329e-05,11.2593957172414,496.530014384842,0,0,0,1.225
1943.86689880735,52.4839336963492,3,8,25.9916089789619,93.5697923242629,-1.12065365844117e-05,11.2593956219209,496.530381697445,0,0,0,1.225
1944.11689291771,52.4935519585768,3,8,25.991608873319,93.5697919439484,-1.07606203811343e-05,11.2593955303932,496.530734394037,0,0,0,1.225
1944.36688702808,52.5031702208428,3,8,25.9916087718797,93.5697915787668,-1.03324474732524e-05,11.2593954425075,496.531073056604,0,0,0,1.225
1944.61688113844,52.5127884831456,3,8,25.9916086744767,93.569791228116,-9.92131230362949e-06,11.2593953581189,496.531398243199,0,0,0,1.225
1944.86687524881,52.5224067454836,3,8,25.9916085809494,93.5697908914179,-9.52653682799149e-06,11.2593952770881,496.531710490121,0,0,0,1.225
1945.11686935917,52.5320250078556,3,8,25.9916084911437,93.5697905681172,-9.14746983279034e-06,11.2593951992815,496.532010312449,0,0,0,1.225
1945.36686346954,52.5416432702602,3,8,25.9916084049114,93.5697902576809,-8.78348670782468e-06,11.259395124571,496.532298204214,0,0,0,1.225
1945.6168575799,52.551261532696,3,8,25.9916083221103,93.5697899595969,-8.43398626293349e-06,11.2593950528332,496.532574640933,0,0,0,1.225
1945.86685169027,52.5608797951618,3,8,25.9916082426039,93.569789673374,-8.09839345654443e-06,11.2593949839499,496.532840077425,0,0,0,1.225
1946.11684580063,52.5704980576565,3,8,25.9916081662611,93.5697893985399,-7.77615393857709e-06,11.2593949178075,496.53309495216,0,0,0,1.225
1946.366839911,52.5801163201789,3,8,25.991608092956,93.5697891346417,-7.46673655161234e-06,11.259394854297,496.533339685255,0,0,0,1.225
1946.61683402136,52.5897345827278,3,8,25.9916080225678,93.5697888812442,-7.16963128448105e-06,11.2593947933135,496.533574680099,0,0,0,1.225
1946.86682813173,52.5993528453023,3,8,25.9916079549804,93.5697886379294,-6.88434836274794e-06,11.2593947347567,496.533800324079,0,0,0,1.225
1947.11682224209,52.6089711079012,3,8,25.9916078900823,93.5697884042962,-6.61041711181644e-06,11.2593946785298,496.534016989475,0,0,0,1.225
1947.36681635246,52.6185893705237,3,8,25.9916078277665,93.5697881799595,-6.34738527479158e-06,11.2593946245402,496.534225034004,0,0,0,1.225
1947.61681046283,52.6282076331688,3,8,25.9916077679303,93.5697879645491,-6.09482014937515e-06,11.2593945726989,496.534424799903,0,0,0,1.225
1947.86680457319,52.6378258958356,3,8,25.991607710475,93.5697877577101,-5.85230472242218e-06,11.2593945229204,496.534616617012,0,0,0,1.225
1948.11679868356,52.6474441585233,3,8,25.9916076553059,93.5697875591012,-5.6194390342151e-06,11.2593944751226,496.53480080168,0,0,0,1.225
1948.36679279392,52.6570624212309,3,8,25.991607602332,93.5697873683951,-5.39583972370567e-06,11.2593944292267,496.534977657118,0,0,0,1.225
1948.61678690429,52.6666806839578,3,8,25.9916075514659,93.5697871852773,-5.1811370725876e-06,11.259394385157,496.535147475765,0,0,0,1.225
1948.86678101465,52.676298946703,3,8,25.9916075026238,93.5697870094457,-4.97497773384493e-06,11.2593943428408,496.535310537094,0,0,0,1.225
1949.11677512502,52.6859172094661,3,8,25.9916074557252,93.5697868406106,-4.77702177582455e-06,11.2593943022085,496.535467109973,0,0,0,1.225
1949.36676923538,52.6955354722461,3,8,25.9916074106926,93.5697866784935,-4.58694222747824e-06,11.2593942631929,496.535617453024,0,0,0,1.225
1949.61676334575,52.7051537350424,3,8,25.991607367452,93.5697865228271,-4.40442644263677e-06,11.2593942257297,496.535761813527,0,0,0,1.225
1949.86675745611,52.7147719978544,3,8,25.9916073259318,93.5697863733547,-4.22917268932445e-06,11.2593941897572,496.535900430143,0,0,0,1.225
1950.11675156648,52.7243902606815,3,8,25.9916072860638,93.5697862298298,-4.06089287830755e-06,11.2593941552161,496.536033530728,0,0,0,1.225
1950.36674567684,52.734008523523,3,8,25.9916072477822,93.5697860920158,-3.89930869765069e-06,11.2593941220494,496.53616133542,0,0,0,1.225
1950.61673978721,52.7436267863784,3,8,25.9916072110238,93.5697859596855,-3.74415434126528e-06,11.2593940902024,496.536284054452,0,0,0,1.225
1950.86673389757,52.7532450492472,3,8,25.991607175728,93.5697858326207,-3.59517332560304e-06,11.2593940596226,496.536401890695,0,0,0,1.225
1951.11672800794,52.7628633121287,3,8,25.9916071418366,93.5697857106118,-3.45212053606731e-06,11.2593940302595,496.536515038017,0,0,0,1.225
1951.3667221183,52.7724815750225,3,8,25.9916071092938,93.5697855934577,-3.31475972584366e-06,11.2593940020649,496.53662368328,0,0,0,1.225
1951.61671622867,52.7820998379282,3,8,25.9916070780459,93.5697854809651,-3.18286442541607e-06,11.2593939749921,496.53672800561,0,0,0,1.225
1951.86671033903,52.7917181008451,3,8,25.9916070480413,93.5697853729487,-3.05621748780882e-06,11.2593939489965,496.536828176756,0,0,0,1.225
1952.1167044494,52.801336363773,3,8,25.9916070192306,93.5697852692302,-2.93460995169135e-06,11.2593939240353,496.536924361996,0,0,0,1.225
1952.36669855976,52.8109546267113,3,8,25.9916069915663,93.5697851696388,-2.81784104137828e-06,11.2593939000673,496.537016720136,0,0,0,1.225
1952.61669267013,52.8205728896596,3,8,25.9916069650028,93.5697850740101,-2.70571862158741e-06,11.259393877053,496.537105403142,0,0,0,1.225
1952.86668678049,52.8301911526175,3,8,25.9916069394962,93.5697849821865,-2.59805737840754e-06,11.2593938549545,496.53719055759,0,0,0,1.225
1953.11668089086,52.8398094155847,3,8,25.9916069150046,93.5697848940166,-2.49468041095165e-06,11.2593938337353,496.537272323396,0,0,0,1.225
1953.36667500122,52.8494276785608,3,8,25.9916068914875,93.5697848093549,-2.39541650280852e-06,11.2593938133603,496.537350835988,0,0,0,1.225
1953.61666911159,52.8590459415454,3,8,25.9916068689061,93.569784728062,-2.30010239583307e-06,11.2593937937961,496.537426224493,0,0,0,1.225
1953.86666322195,52.8686642045382,3,8,25.9916068472233,93.5697846500038,-2.20858097111405e-06,11.2593937750104,496.537498613181,0,0,0,1.225
1954.11665733232,52.8782824675389,3,8,25.9916068264032,93.5697845750514,-2.12070124897413e-06,11.2593937569721,496.537568121472,0,0,0,1.225
1954.36665144268,52.8879007305471,3,8,25.9916068064115,93.5697845030815,-2.03631816159078e-06,11.2593937396516,496.537634864108,0,0,0,1.225
1954.61664555305,52.8975189935626,3,8,25.9916067872153,93.5697844339752,-1.95529255299632e-06,11.2593937230203,496.537698951153,0,0,0,1.225
1954.86663966341,52.907137256585,3,8,25.991606768783,93.5697843676187,-1.87749117907791e-06,11.2593937070508,496.537760487995,0,0,0,1.225
1955.11663377378,52.9167555196141,3,8,25.991606751084,93.5697843039026,-1.80278534330333e-06,11.2593936917166,496.537819576429,0,0,0,1.225
1955.36662788414,52.9263737826496,3,8,25.9916067340894,93.5697842427217,-1.73105248837427e-06,11.2593936769927,496.537876313385,0,0,0,1.225
1955.61662199451,52.9359920456913,3,8,25.9916067177709,93.5697841839752,-1.66217346767785e-06,11.2593936628545,496.537930793111,0,0,0,1.225
1955.86661610488,52.9456103087389,3,8,25.9916067021017,93.5697841275662,-1.5960352738351e-06,11.259393649279,496.537983104985,0,0,0,1.225
1956.11661021524,52.9552285717922,3,8,25.9916066870561,93.5697840734018,-1.53252921966865e-06,11.2593936362436,496.538033334968,0,0,0,1.225
1956.36660432561,52.9648468348509,3,8,25.991606672609,93.5697840213926,-1.47154934654951e-06,11.2593936237269,496.53808156688,0,0,0,1.225
1956.61659843597,52.9744650979149,3,8,25.9916066587369,93.5697839714528,-1.41299651721966e-06,11.2593936117083,496.538127879121,0,0,0,1.225
1956.86659254634,52.9840833609839,3,8,25.9916066454167,93.5697839235001,-1.35677295869526e-06,11.2593936001678,496.538172349034,0,0,0,1.225
1957.1165866567,52.9937016240578,3,8,25.9916066326265,93.5697838774555,-1.30278680984733e-06,11.2593935890866,496.538215049271,0,0,0,1.225
1957.36658076707,53.0033198871362,3,8,25.9916066203453,93.569783833243,-1.25094871071622e-06,11.2593935784463,496.538256050512,0,0,0,1.225
1957.61657487743,53.0129381502192,3,8,25.9916066085527,93.5697837907897,-1.20117339416488e-06,11.2593935682293,496.538295420198,0,0,0,1.225
1957.8665689878,53.0225564133064,3,8,25.9916065972293,93.5697837500256,-1.15337877636269e-06,11.2593935584189,496.538333223254,0,0,0,1.225
1958.11656309816,53.0321746763977,3,8,25.9916065863566,93.5697837108836,-1.10748550202744e-06,11.2593935489989,496.538369522449,0,0,0,1.225
1958.36655720853,53.0417929394929,3,8,25.9916065759164,93.569783673299,-1.06341876345753e-06,11.2593935399537,496.538404376946,0,0,0,1.225
1958.61655131889,53.051411202592,3,8,25.9916065658916,93.5697836372099,-1.02110511722559e-06,11.2593935312684,496.538437844841,0,0,0,1.225
1958.86654542926,53.0610294656946,3,8,25.9916065562658,93.5697836025568,-9.80475212726794e-07,11.2593935229286,496.538469980983,0,0,0,1.225
1959.11653953962,53.0706477288008,3,8,25.9916065470229,93.5697835692825,-9.41461745767634e-07,11.2593935149208,496.538500838609,0,0,0,1.225
1959.36653364999,53.0802659919103,3,8,25.9916065381479,93.5697835373323,-9.04000822840071e-07,11.2593935072315,496.538530468251,0,0,0,1.225
1959.61652776035,53.0898842550231,3,8,25.9916065296259,93.5697835066533,-8.68030824226387e-07,11.2593934998482,496.538558918647,0,0,0,1.225
1959.86652187072,53.0995025181389,3,8,25.9916065214431,93.5697834771951,-8.33491949241124e-07,11.2593934927587,496.5385862371,0,0,0,1.225
1960.11651598108,53.1091207812577,3,8,25.9916065135858,93.569783448909,-8.00327125747211e-07,11.2593934859513,496.538612468751,0,0,0,1.225
1960.36651009145,53.1187390443793,3,8,25.9916065060412,93.5697834217484,-7.68481782776929e-07,11.2593934794147,496.538637656764,0,0,0,1.225
1960.61650420181,53.1283573075037,3,8,25.9916064987968,93.5697833956685,-7.37904077910944e-07,11.2593934731383,496.538661842136,0,0,0,1.225
1960.86649831218,53.1379755706307,3,8,25.9916064918407,93.5697833706264,-7.08542623487988e-07,11.2593934671116,496.538685065521,0,0,0,1.225
1961.11649242254,53.1475938337603,3,8,25.9916064851613,93.5697833465806,-6.80349897290341e-07,11.2593934613246,496.538707364499,0,0,0,1.225
1961.36648653291,53.1572120968922,3,8,25.9916064787477,93.5697833234917,-6.53278377100279e-07,11.259393455768,496.538728776667,0,0,0,1.225
1961.61648064327,53.1668303600265,3,8,25.9916064725893,93.5697833013215,-6.27284633522661e-07,11.2593934504324,496.538749336363,0,0,0,1.225
1961.86647475364,53.176448623163,3,8,25.9916064666759,93.5697832800334,-6.02324782404279e-07,11.2593934453092,496.538769078309,0,0,0,1.225
1962.116468864,53.1860668863016,3,8,25.9916064609979,93.5697832595924,-5.78358122898377e-07,11.2593934403898,496.538788034691,0,0,0,1.225
1962.36646297437,53.1956851494424,3,8,25.9916064555458,93.5697832399647,-5.5534531843239e-07,11.2593934356661,496.538806236622,0,0,0,1.225
1962.61645708473,53.205303412585,3,8,25.9916064503106,93.5697832211181,-5.33248169328915e-07,11.2593934311304,496.538823714317,0,0,0,1.225
1962.8664511951,53.2149216757296,3,8,25.9916064452837,93.5697832030213,-5.12030067563776e-07,11.2593934267752,496.538840496733,0,0,0,1.225
1963.11644530546,53.224539938876,3,8,25.9916064404568,93.5697831856446,-4.91656451524082e-07,11.2593934225933,496.538856611203,0,0,0,1.225
1963.36643941583,53.2341582020242,3,8,25.991606435822,93.5697831689593,-4.7209321435501e-07,11.2593934185778,496.538872084707,0,0,0,1.225
1963.61643352619,53.243776465174,3,8,25.9916064313717,93.5697831529379,-4.5330875037109e-07,11.259393414722,496.53888694224,0,0,0,1.225
1963.86642763656,53.2533947283255,3,8,25.9916064270984,93.5697831375541,-4.35271681265883e-07,11.2593934110197,496.538901208623,0,0,0,1.225
1964.11642174693,53.2630129914785,3,8,25.9916064229951,93.5697831227823,-4.17952220386176e-07,11.2593934074647,496.538914907415,0,0,0,1.225
1964.36641585729,53.272631254633,3,8,25.9916064190551,93.5697831085983,-4.01321717973918e-07,11.2593934040511,496.538928061279,0,0,0,1.225
1964.61640996766,53.2822495177889,3,8,25.9916064152719,93.5697830949787,-3.85353343303312e-07,11.2593934007734,496.538940691431,0,0,0,1.225
1964.86640407802,53.2918677809462,3,8,25.9916064116392,93.569783081901,-3.700198108905e-07,11.259393397626,496.53895281946,0,0,0,1.225
1965.11639818839,53.3014860441048,3,8,25.991606408151,93.5697830693437,-3.5529679117904e-07,11.259393394604,496.538964464602,0,0,0,1.225
1965.36639229875,53.3111043072647,3,8,25.9916064048017,93.569783057286,-3.41159499854428e-07,11.2593933917021,496.538975646464,0,0,0,1.225
1965.61638640912,53.3207225704258,3,8,25.9916064015856,93.5697830457082,-3.27584971634413e-07,11.2593933889158,496.538986383208,0,0,0,1.225
1965.86638051948,53.330340833588,3,8,25.9916063984975,93.569783034591,-3.1455024123675e-07,11.2593933862403,496.538996693003,0,0,0,1.225
1966.11637462985,53.3399590967514,3,8,25.9916063955323,93.5697830239161,-3.02034162411445e-07,11.2593933836712,496.539006592571,0,0,0,1.225
1966.36636874021,53.3495773599159,3,8,25.991606392685,93.569783013666,-2.90016043666573e-07,11.2593933812044,496.539016098279,0,0,0,1.225
1966.61636285058,53.3591956230814,3,8,25.9916063899511,93.5697830038238,-2.78476330405368e-07,11.2593933788357,496.539025225592,0,0,0,1.225
1966.86635696094,53.3688138862478,3,8,25.9916063873259,93.5697829943732,-2.67395922789128e-07,11.2593933765613,496.539033989616,0,0,0,1.225
1967.11635107131,53.3784321494153,3,8,25.9916063848052,93.5697829852986,-2.56756175737217e-07,11.2593933743774,496.539042405103,0,0,0,1.225
1967.36634518167,53.3880504125836,3,8,25.9916063823847,93.5697829765851,-2.46540035822221e-07,11.2593933722804,496.539050485537,0,0,0,1.225
1967.61633929204,53.3976686757528,3,8,25.9916063800606,93.5697829682183,-2.36729994858665e-07,11.2593933702668,496.539058244771,0,0,0,1.225
1967.8663334024,53.4072869389229,3,8,25.991606377829,93.5697829601844,-2.27310591072362e-07,11.2593933683334,496.539065695028,0,0,0,1.225
1968.11632751277,53.4169052020937,3,8,25.9916063756862,93.5697829524702,-2.18265680552028e-07,11.2593933664768,496.539072849084,0,0,0,1.225
1968.36632162313,53.4265234652654,3,8,25.9916063736286,93.5697829450629,-2.09581165797669e-07,11.2593933646942,496.539079718081,0,0,0,1.225
1968.6163157335,53.4361417284378,3,8,25.9916063716529,93.5697829379504,-2.0124181241413e-07,11.2593933629825,496.539086314076,0,0,0,1.225
1968.86630984386,53.4457599916109,3,8,25.9916063697558,93.5697829311209,-1.93234432417547e-07,11.2593933613388,496.539092647497,0,0,0,1.225
1969.11630395423,53.4553782547847,3,8,25.9916063679342,93.5697829245631,-1.85545383065989e-07,11.2593933597606,496.539098729138,0,0,0,1.225
1969.36629806459,53.4649965179592,3,8,25.9916063661851,93.5697829182663,-1.78162613270752e-07,11.2593933582452,496.539104568523,0,0,0,1.225
1969.61629217496,53.4746147811342,3,8,25.9916063645056,93.56978291222,-1.71073389806035e-07,11.2593933567901,496.539110175732,0,0,0,1.225
1969.86628628532,53.4842330443099,3,8,25.9916063628929,93.5697829064143,-1.6426634372023e-07,11.2593933553929,496.539115559751,0,0,0,1.225
1970.11628039569,53.4938513074862,3,8,25.9916063613443,93.5697829008396,-1.57730560819793e-07,11.2593933540513,496.539120729212,0,0,0,1.225
1970.36627450605,53.5034695706631,3,8,25.9916063598574,93.5697828954868,-1.51454217395052e-07,11.259393352763,496.539125693476,0,0,0,1.225
1970.61626861642,53.5130878338405,3,8,25.9916063584297,93.5697828903469,-1.45427763526656e-07,11.259393351526,496.539130460088,0,0,0,1.225
1970.86626272678,53.5227060970184,3,8,25.9916063570588,93.5697828854115,-1.39641421916222e-07,11.2593933503383,496.539135036781,0,0,0,1.225
1971.11625683715,53.5323243601968,3,8,25.9916063557424,93.5697828806725,-1.34085187886334e-07,11.2593933491978,496.539139431472,0,0,0,1.225
1971.36625094751,53.5419426233757,3,8,25.9916063544784,93.5697828761221,-1.28749738896676e-07,11.2593933481027,496.539143651536,0,0,0,1.225
1971.61624505788,53.551560886555,3,8,25.9916063532646,93.5697828717527,-1.23626661923055e-07,11.2593933470511,496.539147703625,0,0,0,1.225
1971.86623916824,53.5611791497348,3,8,25.9916063520992,93.5697828675572,-1.18707543941283e-07,11.2593933460414,496.539151594391,0,0,0,1.225
1972.11623327861,53.570797412915,3,8,25.9916063509802,93.5697828635287,-1.13984199306202e-07,11.2593933450719,496.539155330311,0,0,0,1.225
1972.36622738898,53.5804156760956,3,8,25.9916063499057,93.5697828596604,-1.09448897130718e-07,11.2593933441409,496.539158917498,0,0,0,1.225
1972.61622149934,53.5900339392766,3,8,25.9916063488739,93.5697828559461,-1.05093906527737e-07,11.259393343247,496.539162362069,0,0,0,1.225
1972.86621560971,53.599652202458,3,8,25.9916063478832,93.5697828523795,-1.00912406126296e-07,11.2593933423887,496.539165669417,0,0,0,1.225
1973.11620972007,53.6092704656397,3,8,25.9916063469319,93.5697828489548,-9.68968924183316e-08,11.2593933415645,496.539168845481,0,0,0,1.225
1973.36620383044,53.6188887288218,3,8,25.9916063460185,93.5697828456665,-9.30412261699769e-08,11.2593933407731,496.539171895114,0,0,0,1.225
1973.6161979408,53.6285069920042,3,8,25.9916063451414,93.5697828425089,-8.93392681473629e-08,11.2593933400132,496.539174823169,0,0,0,1.225
1973.86619205117,53.6381252551869,3,8,25.9916063442992,93.569782839477,-8.57844243585572e-08,11.2593933392836,496.539177634865,0,0,0,1.225
1974.11618616153,53.6477435183699,3,8,25.9916063434905,93.5697828365658,-8.23710103277556e-08,11.2593933385829,496.539180334699,0,0,0,1.225
1974.3661802719,53.6573617815532,3,8,25.991606342714,93.5697828337704,-7.90933415791542e-08,11.2593933379102,496.539182927165,0,0,0,1.225
1974.61617438226,53.6669800447368,3,8,25.9916063419684,93.5697828310862,-7.59461883950132e-08,11.2593933372642,496.5391854164,0,0,0,1.225
1974.86616849263,53.6765983079207,3,8,25.9916063412524,93.5697828285088,-7.2924321057593e-08,11.2593933366439,496.53918780654,0,0,0,1.225
1975.11616260299,53.6862165711049,3,8,25.991606340565,93.569782826034,-7.00229646072181e-08,11.2593933360483,496.539190101359,0,0,0,1.225
1975.36615671336,53.6958348342892,3,8,25.9916063399049,93.5697828236576,-6.72366619471167e-08,11.2593933354764,496.53919230518,0,0,0,1.225
1975.61615082372,53.7054530974739,3,8,25.9916063392711,93.5697828213758,-6.45610928756777e-08,11.2593933349273,496.539194421418,0,0,0,1.225
1975.86614493409,53.7150713606587,3,8,25.9916063386625,93.5697828191848,-6.19923919493544e-08,11.2593933344,496.539196453125,0,0,0,1.225
1976.11613904445,53.7246896238438,3,8,25.9916063380781,93.569782817081,-5.95255568294392e-08,11.2593933338937,496.539198404265,0,0,0,1.225
1976.36613315482,53.7343078870291,3,8,25.9916063375169,93.5697828150609,-5.71569494514177e-08,11.2593933334075,496.539200277711,0,0,0,1.225
1976.61612726518,53.7439261502146,3,8,25.9916063369781,93.5697828131212,-5.48827043717429e-08,11.2593933329407,496.53920207652,0,0,0,1.225
1976.86612137555,53.7535444134002,3,8,25.9916063364607,93.5697828112586,-5.26989561468683e-08,11.2593933324924,496.539203803751,0,0,0,1.225
